date,method,source_occupied_km2,reference_date,net_change_method
2021-12-31,project_baseline,,2021-12-31,initial_reference
2022-02-23,project_baseline,,2022-02-23,baseline_derived
2022-02-24,upstream,57309.166,2022-02-24,baseline_derived
2022-02-25,upstream,73610.962,2022-02-25,upstream_endpoints
2022-02-26,upstream,81813.536,2022-02-26,upstream_endpoints
2022-02-27,upstream,85814.944,2022-02-27,upstream_endpoints
2022-02-28,upstream,85814.944,2022-02-28,upstream_endpoints
2022-03-01,upstream,87129.467,2022-03-01,upstream_endpoints
2022-03-02,upstream,87785.334,2022-03-02,upstream_endpoints
2022-03-03,upstream,92815.439,2022-03-03,upstream_endpoints
2022-03-04,upstream,92801.496,2022-03-04,upstream_endpoints
2022-03-05,upstream,97302.314,2022-03-05,upstream_endpoints
2022-03-06,upstream,97302.314,2022-03-06,upstream_endpoints
2022-03-07,upstream,97302.314,2022-03-07,upstream_endpoints
2022-03-08,upstream,97302.314,2022-03-08,upstream_endpoints
2022-03-09,upstream,103914.13,2022-03-09,upstream_endpoints
2022-03-10,upstream,104981.437,2022-03-10,upstream_endpoints
2022-03-11,upstream,105264.208,2022-03-11,upstream_endpoints
2022-03-12,upstream,105264.208,2022-03-12,upstream_endpoints
2022-03-13,upstream,105264.208,2022-03-13,upstream_endpoints
2022-03-14,upstream,105264.208,2022-03-14,upstream_endpoints
2022-03-15,upstream,114015.091,2022-03-15,upstream_endpoints
2022-03-16,upstream,112494.832,2022-03-16,upstream_endpoints
2022-03-17,upstream,112494.832,2022-03-17,upstream_endpoints
2022-03-18,upstream,112494.832,2022-03-18,upstream_endpoints
2022-03-19,upstream,112494.832,2022-03-19,upstream_endpoints
2022-03-20,upstream,112494.832,2022-03-20,upstream_endpoints
2022-03-21,upstream,112494.832,2022-03-21,upstream_endpoints
2022-03-22,upstream,112494.832,2022-03-22,upstream_endpoints
2022-03-23,upstream,143077.371,2022-03-23,upstream_endpoints
2022-03-24,upstream,142433.87,2022-03-24,upstream_endpoints
2022-03-25,upstream,141329.737,2022-03-25,upstream_endpoints
2022-03-26,upstream,155723.042,2022-03-26,upstream_endpoints
2022-03-27,upstream,155723.042,2022-03-27,upstream_endpoints
2022-03-28,upstream,155723.042,2022-03-28,upstream_endpoints
2022-03-29,upstream,155723.042,2022-03-29,upstream_endpoints
2022-03-30,upstream,157669.347,2022-03-30,upstream_endpoints
2022-03-31,upstream,157669.347,2022-03-31,upstream_endpoints
2022-04-01,upstream,157669.347,2022-04-01,upstream_endpoints
2022-04-02,upstream,156359.184,2022-04-02,upstream_endpoints
2022-04-03,upstream,156359.184,2022-04-03,upstream_endpoints
2022-04-04,upstream,156359.184,2022-04-04,upstream_endpoints
2022-04-05,upstream,157307.422,2022-04-05,upstream_endpoints
2022-04-06,upstream,125994.57,2022-04-06,upstream_endpoints
2022-04-07,upstream,125994.57,2022-04-07,upstream_endpoints
2022-04-08,upstream,125994.57,2022-04-08,upstream_endpoints
2022-04-09,upstream,125994.57,2022-04-09,upstream_endpoints
2022-04-10,upstream,126614.145,2022-04-10,upstream_endpoints
2022-04-11,upstream,126614.145,2022-04-11,upstream_endpoints
2022-04-12,upstream,126614.145,2022-04-12,upstream_endpoints
2022-04-13,upstream,126336.906,2022-04-13,upstream_endpoints
2022-04-14,upstream,126336.906,2022-04-14,upstream_endpoints
2022-04-15,upstream,126336.941,2022-04-15,upstream_endpoints
2022-04-16,upstream,126336.941,2022-04-16,upstream_endpoints
2022-04-17,upstream,125400.988,2022-04-17,upstream_endpoints
2022-04-18,upstream,125400.988,2022-04-18,upstream_endpoints
2022-04-19,upstream,125400.988,2022-04-19,upstream_endpoints
2022-04-20,upstream,125598.621,2022-04-20,upstream_endpoints
2022-04-21,upstream,125598.621,2022-04-21,upstream_endpoints
2022-04-22,upstream,125600.321,2022-04-22,upstream_endpoints
2022-04-23,upstream,125600.321,2022-04-23,upstream_endpoints
2022-04-24,upstream,126109.96,2022-04-24,upstream_endpoints
2022-04-25,upstream,126109.96,2022-04-25,upstream_endpoints
2022-04-26,upstream,126421.346,2022-04-26,upstream_endpoints
2022-04-27,upstream,126421.346,2022-04-27,upstream_endpoints
2022-04-28,upstream,126421.346,2022-04-28,upstream_endpoints
2022-04-29,upstream,126421.346,2022-04-29,upstream_endpoints
2022-04-30,upstream,126100.85,2022-04-30,upstream_endpoints
2022-05-01,upstream,126100.85,2022-05-01,upstream_endpoints
2022-05-02,upstream,125762.38,2022-05-02,upstream_endpoints
2022-05-03,upstream,125762.38,2022-05-03,upstream_endpoints
2022-05-04,upstream,125774.386,2022-05-04,upstream_endpoints
2022-05-05,upstream,125774.386,2022-05-05,upstream_endpoints
2022-05-06,upstream,125774.386,2022-05-06,upstream_endpoints
2022-05-07,upstream,125643.582,2022-05-07,upstream_endpoints
2022-05-08,upstream,125643.582,2022-05-08,upstream_endpoints
2022-05-09,upstream,125661.685,2022-05-09,upstream_endpoints
2022-05-10,upstream,125661.685,2022-05-10,upstream_endpoints
2022-05-11,upstream,125669.634,2022-05-11,upstream_endpoints
2022-05-12,upstream,125589.597,2022-05-12,upstream_endpoints
2022-05-13,upstream,125589.597,2022-05-13,upstream_endpoints
2022-05-14,upstream,125589.597,2022-05-14,upstream_endpoints
2022-05-15,upstream,125784.067,2022-05-15,upstream_endpoints
2022-05-16,upstream,125784.067,2022-05-16,upstream_endpoints
2022-05-17,upstream,125784.067,2022-05-17,upstream_endpoints
2022-05-18,upstream,125808.209,2022-05-18,upstream_endpoints
2022-05-19,upstream,125808.209,2022-05-19,upstream_endpoints
2022-05-20,upstream,125808.209,2022-05-20,upstream_endpoints
2022-05-21,upstream,126020.271,2022-05-21,upstream_endpoints
2022-05-22,upstream,126020.271,2022-05-22,upstream_endpoints
2022-05-23,upstream,126020.271,2022-05-23,upstream_endpoints
2022-05-24,upstream,126020.271,2022-05-24,upstream_endpoints
2022-05-25,upstream,126020.271,2022-05-25,upstream_endpoints
2022-05-26,upstream,126020.271,2022-05-26,upstream_endpoints
2022-05-27,upstream,126020.271,2022-05-27,upstream_endpoints
2022-05-28,upstream,126548.626,2022-05-28,upstream_endpoints
2022-05-29,upstream,126548.626,2022-05-29,upstream_endpoints
2022-05-30,upstream,126548.626,2022-05-30,upstream_endpoints
2022-05-31,upstream,126548.626,2022-05-31,upstream_endpoints
2022-06-01,upstream,126548.626,2022-06-01,upstream_endpoints
2022-06-02,upstream,126639.765,2022-06-02,upstream_endpoints
2022-06-03,upstream,126639.765,2022-06-03,upstream_endpoints
2022-06-04,upstream,126639.765,2022-06-04,upstream_endpoints
2022-06-05,upstream,126639.765,2022-06-05,upstream_endpoints
2022-06-06,upstream,126503.313,2022-06-06,upstream_endpoints
2022-06-07,upstream,126503.313,2022-06-07,upstream_endpoints
2022-06-08,upstream,126495.829,2022-06-08,upstream_endpoints
2022-06-09,upstream,126495.829,2022-06-09,upstream_endpoints
2022-06-10,upstream,126495.829,2022-06-10,upstream_endpoints
2022-06-11,upstream,126495.829,2022-06-11,upstream_endpoints
2022-06-12,upstream,126645.649,2022-06-12,upstream_endpoints
2022-06-13,upstream,126645.649,2022-06-13,upstream_endpoints
2022-06-14,upstream,126645.649,2022-06-14,upstream_endpoints
2022-06-15,upstream,126645.649,2022-06-15,upstream_endpoints
2022-06-16,upstream,126595.985,2022-06-16,upstream_endpoints
2022-06-17,upstream,126595.985,2022-06-17,upstream_endpoints
2022-06-18,upstream,126595.985,2022-06-18,upstream_endpoints
2022-06-19,upstream,126595.985,2022-06-19,upstream_endpoints
2022-06-20,upstream,126595.985,2022-06-20,upstream_endpoints
2022-06-21,upstream,126595.985,2022-06-21,upstream_endpoints
2022-06-22,upstream,126595.985,2022-06-22,upstream_endpoints
2022-06-23,upstream,126760.3,2022-06-23,upstream_endpoints
2022-06-24,upstream,126760.3,2022-06-24,upstream_endpoints
2022-06-25,upstream,126760.3,2022-06-25,upstream_endpoints
2022-06-26,upstream,126760.3,2022-06-26,upstream_endpoints
2022-06-27,upstream,126929.553,2022-06-27,upstream_endpoints
2022-06-28,upstream,126929.553,2022-06-28,upstream_endpoints
2022-06-29,upstream,126777.344,2022-06-29,upstream_endpoints
2022-06-30,upstream,126777.344,2022-06-30,upstream_endpoints
2022-07-01,upstream,126777.344,2022-07-01,upstream_endpoints
2022-07-02,upstream,126825.666,2022-07-02,upstream_endpoints
2022-07-03,upstream,126825.666,2022-07-03,upstream_endpoints
2022-07-04,upstream,126825.666,2022-07-04,upstream_endpoints
2022-07-05,upstream,126825.666,2022-07-05,upstream_endpoints
2022-07-06,upstream,127061.791,2022-07-06,upstream_endpoints
2022-07-07,upstream,127061.791,2022-07-07,upstream_endpoints
2022-07-08,upstream,126971.771,2022-07-08,upstream_endpoints
2022-07-09,upstream,126971.771,2022-07-09,upstream_endpoints
2022-07-10,upstream,126971.771,2022-07-10,upstream_endpoints
2022-07-11,upstream,126971.771,2022-07-11,upstream_endpoints
2022-07-12,upstream,126971.771,2022-07-12,upstream_endpoints
2022-07-13,upstream,126971.771,2022-07-13,upstream_endpoints
2022-07-14,upstream,126971.771,2022-07-14,upstream_endpoints
2022-07-15,upstream,126971.771,2022-07-15,upstream_endpoints
2022-07-16,upstream,126971.771,2022-07-16,upstream_endpoints
2022-07-17,upstream,126971.771,2022-07-17,upstream_endpoints
2022-07-18,upstream,126971.771,2022-07-18,upstream_endpoints
2022-07-19,upstream,126999.439,2022-07-19,upstream_endpoints
2022-07-20,upstream,126999.439,2022-07-20,upstream_endpoints
2022-07-21,upstream,126999.439,2022-07-21,upstream_endpoints
2022-07-22,upstream,126999.439,2022-07-22,upstream_endpoints
2022-07-23,upstream,126999.439,2022-07-23,upstream_endpoints
2022-07-24,upstream,127018.901,2022-07-24,upstream_endpoints
2022-07-25,upstream,127018.901,2022-07-25,upstream_endpoints
2022-07-26,upstream,127018.901,2022-07-26,upstream_endpoints
2022-07-27,upstream,127018.901,2022-07-27,upstream_endpoints
2022-07-28,upstream,127018.901,2022-07-28,upstream_endpoints
2022-07-29,upstream,127018.901,2022-07-29,upstream_endpoints
2022-07-30,upstream,127018.901,2022-07-30,upstream_endpoints
2022-07-31,upstream,127018.901,2022-07-31,upstream_endpoints
2022-08-01,upstream,127018.901,2022-08-01,upstream_endpoints
2022-08-02,upstream,127018.901,2022-08-02,upstream_endpoints
2022-08-03,upstream,127018.901,2022-08-03,upstream_endpoints
2022-08-04,upstream,127018.901,2022-08-04,upstream_endpoints
2022-08-05,upstream,127018.901,2022-08-05,upstream_endpoints
2022-08-06,upstream,127018.901,2022-08-06,upstream_endpoints
2022-08-07,upstream,127268.75,2022-08-07,upstream_endpoints
2022-08-08,upstream,127268.75,2022-08-08,upstream_endpoints
2022-08-09,upstream,127268.75,2022-08-09,upstream_endpoints
2022-08-10,upstream,127268.75,2022-08-10,upstream_endpoints
2022-08-11,upstream,127162.183,2022-08-11,upstream_endpoints
2022-08-12,upstream,127162.183,2022-08-12,upstream_endpoints
2022-08-13,upstream,127111.77,2022-08-13,upstream_endpoints
2022-08-14,upstream,127111.77,2022-08-14,upstream_endpoints
2022-08-15,upstream,127111.77,2022-08-15,upstream_endpoints
2022-08-16,upstream,127111.77,2022-08-16,upstream_endpoints
2022-08-17,upstream,127111.77,2022-08-17,upstream_endpoints
2022-08-18,upstream,127111.77,2022-08-18,upstream_endpoints
2022-08-19,upstream,127111.77,2022-08-19,upstream_endpoints
2022-08-20,upstream,127111.77,2022-08-20,upstream_endpoints
2022-08-21,upstream,127111.77,2022-08-21,upstream_endpoints
2022-08-22,upstream,127111.77,2022-08-22,upstream_endpoints
2022-08-23,upstream,127111.77,2022-08-23,upstream_endpoints
2022-08-24,upstream,127832.597,2022-08-24,upstream_endpoints
2022-08-25,upstream,127832.597,2022-08-25,upstream_endpoints
2022-08-26,upstream,127832.597,2022-08-26,upstream_endpoints
2022-08-27,upstream,127832.597,2022-08-27,upstream_endpoints
2022-08-28,upstream,127864.062,2022-08-28,upstream_endpoints
2022-08-29,upstream,127864.062,2022-08-29,upstream_endpoints
2022-08-30,upstream,127864.062,2022-08-30,upstream_endpoints
2022-08-31,upstream,127873.991,2022-08-31,upstream_endpoints
2022-09-01,upstream,127873.991,2022-09-01,upstream_endpoints
2022-09-02,upstream,127873.991,2022-09-02,upstream_endpoints
2022-09-03,upstream,127873.991,2022-09-03,upstream_endpoints
2022-09-04,upstream,127868.074,2022-09-04,upstream_endpoints
2022-09-05,upstream,127868.074,2022-09-05,upstream_endpoints
2022-09-06,upstream,127672.035,2022-09-06,upstream_endpoints
2022-09-07,upstream,127672.035,2022-09-07,upstream_endpoints
2022-09-08,upstream,127580.586,2022-09-08,upstream_endpoints
2022-09-09,upstream,127580.586,2022-09-09,upstream_endpoints
2022-09-10,upstream,127580.586,2022-09-10,upstream_endpoints
2022-09-11,upstream,127277.547,2022-09-11,upstream_endpoints
2022-09-12,upstream,127277.547,2022-09-12,upstream_endpoints
2022-09-13,upstream,127277.547,2022-09-13,upstream_endpoints
2022-09-14,upstream,127277.547,2022-09-14,upstream_endpoints
2022-09-15,upstream,127277.547,2022-09-15,upstream_endpoints
2022-09-16,upstream,127277.547,2022-09-16,upstream_endpoints
2022-09-17,upstream,127277.547,2022-09-17,upstream_endpoints
2022-09-18,upstream,127277.547,2022-09-18,upstream_endpoints
2022-09-19,upstream,127277.547,2022-09-19,upstream_endpoints
2022-09-20,upstream,118930.971,2022-09-20,upstream_endpoints
2022-09-21,upstream,118930.971,2022-09-21,upstream_endpoints
2022-09-22,upstream,118930.971,2022-09-22,upstream_endpoints
2022-09-23,upstream,118930.971,2022-09-23,upstream_endpoints
2022-09-24,upstream,118930.971,2022-09-24,upstream_endpoints
2022-09-25,upstream,118663.582,2022-09-25,upstream_endpoints
2022-09-26,upstream,118663.582,2022-09-26,upstream_endpoints
2022-09-27,upstream,118663.582,2022-09-27,upstream_endpoints
2022-09-28,upstream,118663.582,2022-09-28,upstream_endpoints
2022-09-29,upstream,118663.582,2022-09-29,upstream_endpoints
2022-09-30,upstream,118408.188,2022-09-30,upstream_endpoints
2022-10-01,upstream,118408.188,2022-10-01,upstream_endpoints
2022-10-02,upstream,118408.188,2022-10-02,upstream_endpoints
2022-10-03,upstream,117804.401,2022-10-03,upstream_endpoints
2022-10-04,upstream,117804.401,2022-10-04,upstream_endpoints
2022-10-05,upstream,117804.401,2022-10-05,upstream_endpoints
2022-10-06,upstream,117804.401,2022-10-06,upstream_endpoints
2022-10-07,upstream,115449.044,2022-10-07,upstream_endpoints
2022-10-08,upstream,115449.044,2022-10-08,upstream_endpoints
2022-10-09,upstream,114313.77,2022-10-09,upstream_endpoints
2022-10-10,upstream,114313.77,2022-10-10,upstream_endpoints
2022-10-11,upstream,114141.417,2022-10-11,upstream_endpoints
2022-10-12,upstream,114141.417,2022-10-12,upstream_endpoints
2022-10-13,upstream,114141.417,2022-10-13,upstream_endpoints
2022-10-14,upstream,114141.417,2022-10-14,upstream_endpoints
2022-10-15,upstream,114141.417,2022-10-15,upstream_endpoints
2022-10-16,upstream,114127.894,2022-10-16,upstream_endpoints
2022-10-17,upstream,114127.894,2022-10-17,upstream_endpoints
2022-10-18,upstream,114127.894,2022-10-18,upstream_endpoints
2022-10-19,upstream,114127.894,2022-10-19,upstream_endpoints
2022-10-20,upstream,114127.894,2022-10-20,upstream_endpoints
2022-10-21,upstream,114127.894,2022-10-21,upstream_endpoints
2022-10-22,upstream,114127.894,2022-10-22,upstream_endpoints
2022-10-23,upstream,114088.541,2022-10-23,upstream_endpoints
2022-10-24,upstream,114088.541,2022-10-24,upstream_endpoints
2022-10-25,upstream,114088.541,2022-10-25,upstream_endpoints
2022-10-26,upstream,114088.541,2022-10-26,upstream_endpoints
2022-10-27,upstream,114088.541,2022-10-27,upstream_endpoints
2022-10-28,upstream,114088.541,2022-10-28,upstream_endpoints
2022-10-29,upstream,114088.541,2022-10-29,upstream_endpoints
2022-10-30,upstream,114088.541,2022-10-30,upstream_endpoints
2022-10-31,upstream,114088.541,2022-10-31,upstream_endpoints
2022-11-01,upstream,114088.541,2022-11-01,upstream_endpoints
2022-11-02,upstream,114088.541,2022-11-02,upstream_endpoints
2022-11-03,upstream,114088.541,2022-11-03,upstream_endpoints
2022-11-04,upstream,114088.541,2022-11-04,upstream_endpoints
2022-11-05,upstream,114088.541,2022-11-05,upstream_endpoints
2022-11-06,upstream,114088.541,2022-11-06,upstream_endpoints
2022-11-07,upstream,114088.541,2022-11-07,upstream_endpoints
2022-11-08,upstream,114083.96,2022-11-08,upstream_endpoints
2022-11-09,upstream,114083.96,2022-11-09,upstream_endpoints
2022-11-10,upstream,113979.394,2022-11-10,upstream_endpoints
2022-11-11,upstream,113979.394,2022-11-11,upstream_endpoints
2022-11-12,upstream,113979.394,2022-11-12,upstream_endpoints
2022-11-13,upstream,113979.394,2022-11-13,upstream_endpoints
2022-11-14,upstream,114581.54,2022-11-14,upstream_endpoints
2022-11-15,upstream,114581.54,2022-11-15,upstream_endpoints
2022-11-16,upstream,110195.846,2022-11-16,upstream_endpoints
2022-11-17,upstream,110195.846,2022-11-17,upstream_endpoints
2022-11-18,upstream,110195.846,2022-11-18,upstream_endpoints
2022-11-19,upstream,110195.846,2022-11-19,upstream_endpoints
2022-11-20,upstream,110195.846,2022-11-20,upstream_endpoints
2022-11-21,upstream,110195.846,2022-11-21,upstream_endpoints
2022-11-22,upstream,110215.721,2022-11-22,upstream_endpoints
2022-11-23,upstream,110215.721,2022-11-23,upstream_endpoints
2022-11-24,upstream,110215.721,2022-11-24,upstream_endpoints
2022-11-25,upstream,110215.721,2022-11-25,upstream_endpoints
2022-11-26,upstream,110215.721,2022-11-26,upstream_endpoints
2022-11-27,upstream,110215.721,2022-11-27,upstream_endpoints
2022-11-28,upstream,110215.721,2022-11-28,upstream_endpoints
2022-11-29,upstream,110215.721,2022-11-29,upstream_endpoints
2022-11-30,upstream,110215.721,2022-11-30,upstream_endpoints
2022-12-01,upstream,110215.721,2022-12-01,upstream_endpoints
2022-12-02,upstream,110215.721,2022-12-02,upstream_endpoints
2022-12-03,upstream,110215.721,2022-12-03,upstream_endpoints
2022-12-04,upstream,110252.071,2022-12-04,upstream_endpoints
2022-12-05,upstream,110136.532,2022-12-05,upstream_endpoints
2022-12-06,upstream,110136.532,2022-12-06,upstream_endpoints
2022-12-07,upstream,110136.532,2022-12-07,upstream_endpoints
2022-12-08,upstream,110136.532,2022-12-08,upstream_endpoints
2022-12-09,upstream,110136.532,2022-12-09,upstream_endpoints
2022-12-10,upstream,110136.532,2022-12-10,upstream_endpoints
2022-12-11,upstream,110136.532,2022-12-11,upstream_endpoints
2022-12-12,upstream,110136.532,2022-12-12,upstream_endpoints
2022-12-13,upstream,110136.532,2022-12-13,upstream_endpoints
2022-12-14,upstream,110136.532,2022-12-14,upstream_endpoints
2022-12-15,upstream,110136.532,2022-12-15,upstream_endpoints
2022-12-16,upstream,110136.532,2022-12-16,upstream_endpoints
2022-12-17,upstream,110136.532,2022-12-17,upstream_endpoints
2022-12-18,upstream,110136.532,2022-12-18,upstream_endpoints
2022-12-19,upstream,110136.532,2022-12-19,upstream_endpoints
2022-12-20,upstream,110136.532,2022-12-20,upstream_endpoints
2022-12-21,upstream,110136.532,2022-12-21,upstream_endpoints
2022-12-22,upstream,110136.532,2022-12-22,upstream_endpoints
2022-12-23,upstream,110136.749,2022-12-23,upstream_endpoints
2022-12-24,upstream,110136.749,2022-12-24,upstream_endpoints
2022-12-25,upstream,110136.749,2022-12-25,upstream_endpoints
2022-12-26,upstream,110089.111,2022-12-26,upstream_endpoints
2022-12-27,upstream,110089.111,2022-12-27,upstream_endpoints
2022-12-28,upstream,110089.111,2022-12-28,upstream_endpoints
2022-12-29,upstream,110089.111,2022-12-29,upstream_endpoints
2022-12-30,upstream,110102.35,2022-12-30,upstream_endpoints
2022-12-31,upstream,110102.35,2022-12-31,upstream_endpoints
2023-01-01,upstream,110102.35,2023-01-01,upstream_endpoints
2023-01-02,upstream,110102.35,2023-01-02,upstream_endpoints
2023-01-03,upstream,110102.35,2023-01-03,upstream_endpoints
2023-01-04,upstream,110102.35,2023-01-04,upstream_endpoints
2023-01-05,upstream,110037.922,2023-01-05,upstream_endpoints
2023-01-06,upstream,109944.165,2023-01-06,upstream_endpoints
2023-01-07,upstream,109944.165,2023-01-07,upstream_endpoints
2023-01-08,upstream,109944.165,2023-01-08,upstream_endpoints
2023-01-09,upstream,109944.165,2023-01-09,upstream_endpoints
2023-01-10,upstream,110015.409,2023-01-10,upstream_endpoints
2023-01-11,upstream,110015.409,2023-01-11,upstream_endpoints
2023-01-12,upstream,110015.409,2023-01-12,upstream_endpoints
2023-01-13,upstream,110015.409,2023-01-13,upstream_endpoints
2023-01-14,upstream,110015.409,2023-01-14,upstream_endpoints
2023-01-15,upstream,110015.409,2023-01-15,upstream_endpoints
2023-01-16,upstream,110015.409,2023-01-16,upstream_endpoints
2023-01-17,upstream,110015.409,2023-01-17,upstream_endpoints
2023-01-18,upstream,110015.409,2023-01-18,upstream_endpoints
2023-01-19,upstream,110015.409,2023-01-19,upstream_endpoints
2023-01-20,upstream,110062.22,2023-01-20,upstream_endpoints
2023-01-21,upstream,110062.22,2023-01-21,upstream_endpoints
2023-01-22,upstream,110062.22,2023-01-22,upstream_endpoints
2023-01-23,upstream,110062.22,2023-01-23,upstream_endpoints
2023-01-24,upstream,110062.22,2023-01-24,upstream_endpoints
2023-01-25,upstream,110101.661,2023-01-25,upstream_endpoints
2023-01-26,upstream,110101.661,2023-01-26,upstream_endpoints
2023-01-27,upstream,110101.661,2023-01-27,upstream_endpoints
2023-01-28,upstream,110101.661,2023-01-28,upstream_endpoints
2023-01-29,upstream,110101.661,2023-01-29,upstream_endpoints
2023-01-30,upstream,110101.661,2023-01-30,upstream_endpoints
2023-01-31,upstream,110101.661,2023-01-31,upstream_endpoints
2023-02-01,upstream,110056.23,2023-02-01,upstream_endpoints
2023-02-02,upstream,110056.23,2023-02-02,upstream_endpoints
2023-02-03,upstream,110056.23,2023-02-03,upstream_endpoints
2023-02-04,upstream,110056.23,2023-02-04,upstream_endpoints
2023-02-05,upstream,110056.23,2023-02-05,upstream_endpoints
2023-02-06,upstream,110056.23,2023-02-06,upstream_endpoints
2023-02-07,upstream,110056.23,2023-02-07,upstream_endpoints
2023-02-08,upstream,110056.23,2023-02-08,upstream_endpoints
2023-02-09,upstream,110255.52,2023-02-09,upstream_endpoints
2023-02-10,upstream,110255.52,2023-02-10,upstream_endpoints
2023-02-11,upstream,110255.52,2023-02-11,upstream_endpoints
2023-02-12,upstream,110255.52,2023-02-12,upstream_endpoints
2023-02-13,upstream,110473.514,2023-02-13,upstream_endpoints
2023-02-14,upstream,110473.514,2023-02-14,upstream_endpoints
2023-02-15,upstream,110473.514,2023-02-15,upstream_endpoints
2023-02-16,upstream,110473.514,2023-02-16,upstream_endpoints
2023-02-17,upstream,110473.514,2023-02-17,upstream_endpoints
2023-02-18,upstream,110438.663,2023-02-18,upstream_endpoints
2023-02-19,upstream,110438.663,2023-02-19,upstream_endpoints
2023-02-20,upstream,110448.077,2023-02-20,upstream_endpoints
2023-02-21,upstream,110448.077,2023-02-21,upstream_endpoints
2023-02-22,upstream,110448.077,2023-02-22,upstream_endpoints
2023-02-23,upstream,110448.077,2023-02-23,upstream_endpoints
2023-02-24,upstream,110448.077,2023-02-24,upstream_endpoints
2023-02-25,upstream,110448.077,2023-02-25,upstream_endpoints
2023-02-26,upstream,110448.077,2023-02-26,upstream_endpoints
2023-02-27,upstream,110468.548,2023-02-27,upstream_endpoints
2023-02-28,upstream,110468.548,2023-02-28,upstream_endpoints
2023-03-01,upstream,110468.548,2023-03-01,upstream_endpoints
2023-03-02,upstream,110468.548,2023-03-02,upstream_endpoints
2023-03-03,upstream,110468.548,2023-03-03,upstream_endpoints
2023-03-04,upstream,110468.548,2023-03-04,upstream_endpoints
2023-03-05,upstream,110497.431,2023-03-05,upstream_endpoints
2023-03-06,upstream,110497.431,2023-03-06,upstream_endpoints
2023-03-07,upstream,110497.431,2023-03-07,upstream_endpoints
2023-03-08,upstream,110502.721,2023-03-08,upstream_endpoints
2023-03-09,upstream,110509.838,2023-03-09,upstream_endpoints
2023-03-10,upstream,110509.838,2023-03-10,upstream_endpoints
2023-03-11,upstream,110509.838,2023-03-11,upstream_endpoints
2023-03-12,upstream,110509.838,2023-03-12,upstream_endpoints
2023-03-13,upstream,110509.838,2023-03-13,upstream_endpoints
2023-03-14,upstream,110509.696,2023-03-14,upstream_endpoints
2023-03-15,upstream,110663.849,2023-03-15,upstream_endpoints
2023-03-16,upstream,110764.769,2023-03-16,upstream_endpoints
2023-03-17,upstream,110764.769,2023-03-17,upstream_endpoints
2023-03-18,upstream,110788.388,2023-03-18,upstream_endpoints
2023-03-19,upstream,110788.388,2023-03-19,upstream_endpoints
2023-03-20,upstream,110788.388,2023-03-20,upstream_endpoints
2023-03-21,upstream,110793.379,2023-03-21,upstream_endpoints
2023-03-22,upstream,110789.251,2023-03-22,upstream_endpoints
2023-03-23,upstream,110826.918,2023-03-23,upstream_endpoints
2023-03-24,upstream,110858.67,2023-03-24,upstream_endpoints
2023-03-25,upstream,110858.67,2023-03-25,upstream_endpoints
2023-03-26,upstream,110858.67,2023-03-26,upstream_endpoints
2023-03-27,upstream,110858.67,2023-03-27,upstream_endpoints
2023-03-28,upstream,110864.864,2023-03-28,upstream_endpoints
2023-03-29,upstream,110864.864,2023-03-29,upstream_endpoints
2023-03-30,upstream,110864.864,2023-03-30,upstream_endpoints
2023-03-31,upstream,110862.955,2023-03-31,upstream_endpoints
2023-04-01,upstream,110862.955,2023-04-01,upstream_endpoints
2023-04-02,upstream,110862.955,2023-04-02,upstream_endpoints
2023-04-03,upstream,110862.955,2023-04-03,upstream_endpoints
2023-04-04,upstream,110862.955,2023-04-04,upstream_endpoints
2023-04-05,upstream,110862.955,2023-04-05,upstream_endpoints
2023-04-06,upstream,110868.826,2023-04-06,upstream_endpoints
2023-04-07,upstream,110868.826,2023-04-07,upstream_endpoints
2023-04-08,upstream,110871.519,2023-04-08,upstream_endpoints
2023-04-09,upstream,110871.519,2023-04-09,upstream_endpoints
2023-04-10,upstream,110871.519,2023-04-10,upstream_endpoints
2023-04-11,upstream,110871.519,2023-04-11,upstream_endpoints
2023-04-12,upstream,110871.519,2023-04-12,upstream_endpoints
2023-04-13,upstream,110868.243,2023-04-13,upstream_endpoints
2023-04-14,upstream,110868.243,2023-04-14,upstream_endpoints
2023-04-15,upstream,110868.671,2023-04-15,upstream_endpoints
2023-04-16,upstream,110868.671,2023-04-16,upstream_endpoints
2023-04-17,upstream,110868.671,2023-04-17,upstream_endpoints
2023-04-18,upstream,110847.324,2023-04-18,upstream_endpoints
2023-04-19,upstream,110847.324,2023-04-19,upstream_endpoints
2023-04-20,upstream,110847.324,2023-04-20,upstream_endpoints
2023-04-21,upstream,110847.324,2023-04-21,upstream_endpoints
2023-04-22,upstream,110847.324,2023-04-22,upstream_endpoints
2023-04-23,upstream,110847.324,2023-04-23,upstream_endpoints
2023-04-24,upstream,110849.756,2023-04-24,upstream_endpoints
2023-04-25,upstream,110849.756,2023-04-25,upstream_endpoints
2023-04-26,upstream,110849.756,2023-04-26,upstream_endpoints
2023-04-27,upstream,110864.243,2023-04-27,upstream_endpoints
2023-04-28,upstream,110864.243,2023-04-28,upstream_endpoints
2023-04-29,upstream,110864.243,2023-04-29,upstream_endpoints
2023-04-30,upstream,110795.994,2023-04-30,upstream_endpoints
2023-05-01,upstream,110795.994,2023-05-01,upstream_endpoints
2023-05-02,upstream,110795.994,2023-05-02,upstream_endpoints
2023-05-03,upstream,110795.994,2023-05-03,upstream_endpoints
2023-05-04,upstream,110795.994,2023-05-04,upstream_endpoints
2023-05-05,upstream,110795.994,2023-05-05,upstream_endpoints
2023-05-06,upstream,110795.994,2023-05-06,upstream_endpoints
2023-05-07,upstream,110795.994,2023-05-07,upstream_endpoints
2023-05-08,upstream,110795.994,2023-05-08,upstream_endpoints
2023-05-09,upstream,110795.994,2023-05-09,upstream_endpoints
2023-05-10,upstream,110811.726,2023-05-10,upstream_endpoints
2023-05-11,upstream,110811.726,2023-05-11,upstream_endpoints
2023-05-12,upstream,110811.726,2023-05-12,upstream_endpoints
2023-05-13,upstream,110811.726,2023-05-13,upstream_endpoints
2023-05-14,upstream,110811.726,2023-05-14,upstream_endpoints
2023-05-15,upstream,110811.726,2023-05-15,upstream_endpoints
2023-05-16,upstream,110811.726,2023-05-16,upstream_endpoints
2023-05-17,upstream,110811.726,2023-05-17,upstream_endpoints
2023-05-18,upstream,110819.074,2023-05-18,upstream_endpoints
2023-05-19,upstream,110819.074,2023-05-19,upstream_endpoints
2023-05-20,upstream,110819.074,2023-05-20,upstream_endpoints
2023-05-21,upstream,110820.745,2023-05-21,upstream_endpoints
2023-05-22,upstream,110820.745,2023-05-22,upstream_endpoints
2023-05-23,upstream,110747.998,2023-05-23,upstream_endpoints
2023-05-24,upstream,107396.598,2023-05-24,upstream_endpoints
2023-05-25,upstream,107396.598,2023-05-25,upstream_endpoints
2023-05-26,upstream,107396.594,2023-05-26,upstream_endpoints
2023-05-27,upstream,107396.594,2023-05-27,upstream_endpoints
2023-05-28,upstream,107396.594,2023-05-28,upstream_endpoints
2023-05-29,upstream,107396.594,2023-05-29,upstream_endpoints
2023-05-30,upstream,107396.594,2023-05-30,upstream_endpoints
2023-05-31,upstream,107396.594,2023-05-31,upstream_endpoints
2023-06-01,upstream,107396.594,2023-06-01,upstream_endpoints
2023-06-02,upstream,107396.594,2023-06-02,upstream_endpoints
2023-06-03,upstream,107396.594,2023-06-03,upstream_endpoints
2023-06-04,upstream,107396.594,2023-06-04,upstream_endpoints
2023-06-05,upstream,107396.594,2023-06-05,upstream_endpoints
2023-06-06,upstream,107404.084,2023-06-06,upstream_endpoints
2023-06-07,upstream,107385.377,2023-06-07,upstream_endpoints
2023-06-08,upstream,107385.377,2023-06-08,upstream_endpoints
2023-06-09,upstream,107385.37,2023-06-09,upstream_endpoints
2023-06-10,upstream,107366.808,2023-06-10,upstream_endpoints
2023-06-11,upstream,107366.808,2023-06-11,upstream_endpoints
2023-06-12,upstream,107366.808,2023-06-12,upstream_endpoints
2023-06-13,upstream,107328.443,2023-06-13,upstream_endpoints
2023-06-14,upstream,107328.443,2023-06-14,upstream_endpoints
2023-06-15,upstream,107328.759,2023-06-15,upstream_endpoints
2023-06-16,upstream,107328.633,2023-06-16,upstream_endpoints
2023-06-17,upstream,107328.633,2023-06-17,upstream_endpoints
2023-06-18,upstream,107328.633,2023-06-18,upstream_endpoints
2023-06-19,upstream,107328.633,2023-06-19,upstream_endpoints
2023-06-20,upstream,107249.075,2023-06-20,upstream_endpoints
2023-06-21,upstream,107249.075,2023-06-21,upstream_endpoints
2023-06-22,upstream,107424.482,2023-06-22,upstream_endpoints
2023-06-23,upstream,107424.482,2023-06-23,upstream_endpoints
2023-06-24,upstream,107424.501,2023-06-24,upstream_endpoints
2023-06-25,upstream,107239.982,2023-06-25,upstream_endpoints
2023-06-26,upstream,107239.982,2023-06-26,upstream_endpoints
2023-06-27,upstream,107239.982,2023-06-27,upstream_endpoints
2023-06-28,upstream,107250.522,2023-06-28,upstream_endpoints
2023-06-29,upstream,107250.522,2023-06-29,upstream_endpoints
2023-06-30,upstream,107250.522,2023-06-30,upstream_endpoints
2023-07-01,upstream,107250.522,2023-07-01,upstream_endpoints
2023-07-02,upstream,107250.522,2023-07-02,upstream_endpoints
2023-07-03,upstream,107250.522,2023-07-03,upstream_endpoints
2023-07-04,upstream,107196.328,2023-07-04,upstream_endpoints
2023-07-05,upstream,107196.328,2023-07-05,upstream_endpoints
2023-07-06,upstream,107225.201,2023-07-06,upstream_endpoints
2023-07-07,upstream,107225.201,2023-07-07,upstream_endpoints
2023-07-08,upstream,107213.9,2023-07-08,upstream_endpoints
2023-07-09,upstream,107213.9,2023-07-09,upstream_endpoints
2023-07-10,upstream,107213.9,2023-07-10,upstream_endpoints
2023-07-11,upstream,107213.9,2023-07-11,upstream_endpoints
2023-07-12,upstream,107213.9,2023-07-12,upstream_endpoints
2023-07-13,upstream,107227.581,2023-07-13,upstream_endpoints
2023-07-14,upstream,107227.581,2023-07-14,upstream_endpoints
2023-07-15,upstream,107227.581,2023-07-15,upstream_endpoints
2023-07-16,upstream,107227.581,2023-07-16,upstream_endpoints
2023-07-17,upstream,107227.581,2023-07-17,upstream_endpoints
2023-07-18,upstream,107227.581,2023-07-18,upstream_endpoints
2023-07-19,upstream,107227.581,2023-07-19,upstream_endpoints
2023-07-20,upstream,107227.581,2023-07-20,upstream_endpoints
2023-07-21,upstream,107227.581,2023-07-21,upstream_endpoints
2023-07-22,upstream,107227.581,2023-07-22,upstream_endpoints
2023-07-23,upstream,107227.581,2023-07-23,upstream_endpoints
2023-07-24,upstream,107227.581,2023-07-24,upstream_endpoints
2023-07-25,upstream,107262.362,2023-07-25,upstream_endpoints
2023-07-26,upstream,107262.362,2023-07-26,upstream_endpoints
2023-07-27,upstream,107262.362,2023-07-27,upstream_endpoints
2023-07-28,upstream,107268.316,2023-07-28,upstream_endpoints
2023-07-29,upstream,107248.949,2023-07-29,upstream_endpoints
2023-07-30,upstream,107248.949,2023-07-30,upstream_endpoints
2023-07-31,upstream,107248.949,2023-07-31,upstream_endpoints
2023-08-01,upstream,107248.949,2023-08-01,upstream_endpoints
2023-08-02,upstream,107248.949,2023-08-02,upstream_endpoints
2023-08-03,upstream,107248.949,2023-08-03,upstream_endpoints
2023-08-04,upstream,107248.949,2023-08-04,upstream_endpoints
2023-08-05,upstream,107248.949,2023-08-05,upstream_endpoints
2023-08-06,upstream,107248.949,2023-08-06,upstream_endpoints
2023-08-07,upstream,107248.949,2023-08-07,upstream_endpoints
2023-08-08,upstream,107156.653,2023-08-08,upstream_endpoints
2023-08-09,upstream,107156.653,2023-08-09,upstream_endpoints
2023-08-10,upstream,107156.653,2023-08-10,upstream_endpoints
2023-08-11,upstream,107213.369,2023-08-11,upstream_endpoints
2023-08-12,upstream,107213.388,2023-08-12,upstream_endpoints
2023-08-13,upstream,107213.388,2023-08-13,upstream_endpoints
2023-08-14,upstream,107213.388,2023-08-14,upstream_endpoints
2023-08-15,upstream,107213.388,2023-08-15,upstream_endpoints
2023-08-16,upstream,107156.132,2023-08-16,upstream_endpoints
2023-08-17,upstream,107156.132,2023-08-17,upstream_endpoints
2023-08-18,upstream,107156.132,2023-08-18,upstream_endpoints
2023-08-19,upstream,107156.132,2023-08-19,upstream_endpoints
2023-08-20,upstream,107156.132,2023-08-20,upstream_endpoints
2023-08-21,upstream,107156.132,2023-08-21,upstream_endpoints
2023-08-22,upstream,107141.032,2023-08-22,upstream_endpoints
2023-08-23,upstream,107141.032,2023-08-23,upstream_endpoints
2023-08-24,upstream,107141.032,2023-08-24,upstream_endpoints
2023-08-25,upstream,107141.032,2023-08-25,upstream_endpoints
2023-08-26,upstream,107151.983,2023-08-26,upstream_endpoints
2023-08-27,upstream,107151.983,2023-08-27,upstream_endpoints
2023-08-28,upstream,107151.983,2023-08-28,upstream_endpoints
2023-08-29,upstream,107145.151,2023-08-29,upstream_endpoints
2023-08-30,upstream,107145.151,2023-08-30,upstream_endpoints
2023-08-31,upstream,107119.633,2023-08-31,upstream_endpoints
2023-09-01,upstream,107119.633,2023-09-01,upstream_endpoints
2023-09-02,upstream,107119.633,2023-09-02,upstream_endpoints
2023-09-03,upstream,107119.633,2023-09-03,upstream_endpoints
2023-09-04,upstream,107119.633,2023-09-04,upstream_endpoints
2023-09-05,upstream,107031.918,2023-09-05,upstream_endpoints
2023-09-06,upstream,107031.918,2023-09-06,upstream_endpoints
2023-09-07,upstream,107031.918,2023-09-07,upstream_endpoints
2023-09-08,upstream,107031.918,2023-09-08,upstream_endpoints
2023-09-09,upstream,107031.918,2023-09-09,upstream_endpoints
2023-09-10,upstream,107031.918,2023-09-10,upstream_endpoints
2023-09-11,upstream,107031.918,2023-09-11,upstream_endpoints
2023-09-12,upstream,107031.918,2023-09-12,upstream_endpoints
2023-09-13,upstream,107020.164,2023-09-13,upstream_endpoints
2023-09-14,upstream,107013.083,2023-09-14,upstream_endpoints
2023-09-15,upstream,107031.151,2023-09-15,upstream_endpoints
2023-09-16,upstream,107029.001,2023-09-16,upstream_endpoints
2023-09-17,upstream,107029.001,2023-09-17,upstream_endpoints
2023-09-18,upstream,107029.001,2023-09-18,upstream_endpoints
2023-09-19,upstream,107029.001,2023-09-19,upstream_endpoints
2023-09-20,upstream,107029.001,2023-09-20,upstream_endpoints
2023-09-21,upstream,107029.001,2023-09-21,upstream_endpoints
2023-09-22,upstream,107029.001,2023-09-22,upstream_endpoints
2023-09-23,upstream,107029.001,2023-09-23,upstream_endpoints
2023-09-24,upstream,107029.001,2023-09-24,upstream_endpoints
2023-09-25,upstream,107029.001,2023-09-25,upstream_endpoints
2023-09-26,upstream,107029.001,2023-09-26,upstream_endpoints
2023-09-27,upstream,107029.001,2023-09-27,upstream_endpoints
2023-09-28,upstream,107029.001,2023-09-28,upstream_endpoints
2023-09-29,upstream,107029.001,2023-09-29,upstream_endpoints
2023-09-30,upstream,107029.001,2023-09-30,upstream_endpoints
2023-10-01,upstream,107029.001,2023-10-01,upstream_endpoints
2023-10-02,upstream,107029.001,2023-10-02,upstream_endpoints
2023-10-03,upstream,107029.001,2023-10-03,upstream_endpoints
2023-10-04,upstream,107029.001,2023-10-04,upstream_endpoints
2023-10-05,upstream,107029.001,2023-10-05,upstream_endpoints
2023-10-06,upstream,107029.001,2023-10-06,upstream_endpoints
2023-10-07,upstream,107029.001,2023-10-07,upstream_endpoints
2023-10-08,upstream,107029.001,2023-10-08,upstream_endpoints
2023-10-09,upstream,107029.001,2023-10-09,upstream_endpoints
2023-10-10,upstream,107029.001,2023-10-10,upstream_endpoints
2023-10-11,upstream,107029.001,2023-10-11,upstream_endpoints
2023-10-12,upstream,107029.001,2023-10-12,upstream_endpoints
2023-10-13,upstream,107029.001,2023-10-13,upstream_endpoints
2023-10-14,upstream,107029.001,2023-10-14,upstream_endpoints
2023-10-15,upstream,107029.001,2023-10-15,upstream_endpoints
2023-10-16,upstream,107029.001,2023-10-16,upstream_endpoints
2023-10-17,upstream,107029.001,2023-10-17,upstream_endpoints
2023-10-18,upstream,107029.001,2023-10-18,upstream_endpoints
2023-10-19,upstream,107029.001,2023-10-19,upstream_endpoints
2023-10-20,upstream,107029.001,2023-10-20,upstream_endpoints
2023-10-21,upstream,107029.001,2023-10-21,upstream_endpoints
2023-10-22,upstream,107029.001,2023-10-22,upstream_endpoints
2023-10-23,upstream,107029,2023-10-23,upstream_endpoints
2023-10-24,carried_forward,750858.212,2023-10-23,carried_forward_endpoint
2023-10-25,carried_forward,750858.212,2023-10-23,carried_forward_endpoint
2023-10-26,carried_forward,750869.531,2023-10-23,carried_forward_endpoint
2023-10-27,carried_forward,750860.062,2023-10-23,carried_forward_endpoint
2023-10-28,carried_forward,750860.062,2023-10-23,carried_forward_endpoint
2023-10-29,carried_forward,750860.062,2023-10-23,carried_forward_endpoint
2023-10-30,carried_forward,750860.062,2023-10-23,carried_forward_endpoint
2023-10-31,upstream,107002.013,2023-10-31,carried_forward_endpoint
2023-11-01,upstream,107002.013,2023-11-01,upstream_endpoints
2023-11-02,upstream,107002.013,2023-11-02,upstream_endpoints
2023-11-03,upstream,107002.013,2023-11-03,upstream_endpoints
2023-11-04,upstream,107002.013,2023-11-04,upstream_endpoints
2023-11-05,upstream,107002.013,2023-11-05,upstream_endpoints
2023-11-06,upstream,107002.013,2023-11-06,upstream_endpoints
2023-11-07,upstream,107002.013,2023-11-07,upstream_endpoints
2023-11-08,upstream,107002.013,2023-11-08,upstream_endpoints
2023-11-09,upstream,107002.013,2023-11-09,upstream_endpoints
2023-11-10,upstream,107002.013,2023-11-10,upstream_endpoints
2023-11-11,upstream,107002.013,2023-11-11,upstream_endpoints
2023-11-12,upstream,107002.013,2023-11-12,upstream_endpoints
2023-11-13,upstream,107002.013,2023-11-13,upstream_endpoints
2023-11-14,upstream,107002.013,2023-11-14,upstream_endpoints
2023-11-15,upstream,107009.417,2023-11-15,upstream_endpoints
2023-11-16,upstream,107009.417,2023-11-16,upstream_endpoints
2023-11-17,upstream,107009.417,2023-11-17,upstream_endpoints
2023-11-18,upstream,107009.417,2023-11-18,upstream_endpoints
2023-11-19,upstream,107009.417,2023-11-19,upstream_endpoints
2023-11-20,upstream,107009.417,2023-11-20,upstream_endpoints
2023-11-21,upstream,107338.335,2023-11-21,upstream_endpoints
2023-11-22,upstream,107343.127,2023-11-22,upstream_endpoints
2023-11-23,upstream,107343.127,2023-11-23,upstream_endpoints
2023-11-24,upstream,107343.127,2023-11-24,upstream_endpoints
2023-11-25,upstream,107345.931,2023-11-25,upstream_endpoints
2023-11-26,upstream,107331.602,2023-11-26,upstream_endpoints
2023-11-27,upstream,107331.602,2023-11-27,upstream_endpoints
2023-11-28,upstream,107394.719,2023-11-28,upstream_endpoints
2023-11-29,upstream,107394.719,2023-11-29,upstream_endpoints
2023-11-30,upstream,107394.719,2023-11-30,upstream_endpoints
2023-12-01,upstream,107394.719,2023-12-01,upstream_endpoints
2023-12-02,upstream,107399.741,2023-12-02,upstream_endpoints
2023-12-03,upstream,107399.741,2023-12-03,upstream_endpoints
2023-12-04,upstream,107399.741,2023-12-04,upstream_endpoints
2023-12-05,upstream,107426.92,2023-12-05,upstream_endpoints
2023-12-06,upstream,107426.92,2023-12-06,upstream_endpoints
2023-12-07,upstream,107426.92,2023-12-07,upstream_endpoints
2023-12-08,upstream,107426.92,2023-12-08,upstream_endpoints
2023-12-09,upstream,107427.468,2023-12-09,upstream_endpoints
2023-12-10,upstream,107427.468,2023-12-10,upstream_endpoints
2023-12-11,upstream,107427.468,2023-12-11,upstream_endpoints
2023-12-12,upstream,107428.284,2023-12-12,upstream_endpoints
2023-12-13,upstream,107428.284,2023-12-13,upstream_endpoints
2023-12-14,upstream,107428.284,2023-12-14,upstream_endpoints
2023-12-15,upstream,107499.675,2023-12-15,upstream_endpoints
2023-12-16,upstream,107499.675,2023-12-16,upstream_endpoints
2023-12-17,upstream,107499.675,2023-12-17,upstream_endpoints
2023-12-18,upstream,107499.675,2023-12-18,upstream_endpoints
2023-12-19,upstream,107493.887,2023-12-19,upstream_endpoints
2023-12-20,upstream,107493.887,2023-12-20,upstream_endpoints
2023-12-21,upstream,107493.887,2023-12-21,upstream_endpoints
2023-12-22,upstream,107493.887,2023-12-22,upstream_endpoints
2023-12-23,upstream,107493.887,2023-12-23,upstream_endpoints
2023-12-24,upstream,107493.887,2023-12-24,upstream_endpoints
2023-12-25,upstream,107493.887,2023-12-25,upstream_endpoints
2023-12-26,upstream,107493.887,2023-12-26,upstream_endpoints
2023-12-27,upstream,107493.887,2023-12-27,upstream_endpoints
2023-12-28,upstream,107496.135,2023-12-28,upstream_endpoints
2023-12-29,upstream,107499.713,2023-12-29,upstream_endpoints
2023-12-30,upstream,107499.713,2023-12-30,upstream_endpoints
2023-12-31,upstream,107499.713,2023-12-31,upstream_endpoints
2024-01-01,upstream,107499.713,2024-01-01,upstream_endpoints
2024-01-02,upstream,107499.713,2024-01-02,upstream_endpoints
2024-01-03,upstream,107499.713,2024-01-03,upstream_endpoints
2024-01-04,upstream,107499.713,2024-01-04,upstream_endpoints
2024-01-05,upstream,107499.713,2024-01-05,upstream_endpoints
2024-01-06,upstream,107499.713,2024-01-06,upstream_endpoints
2024-01-07,upstream,107499.713,2024-01-07,upstream_endpoints
2024-01-08,upstream,107499.713,2024-01-08,upstream_endpoints
2024-01-09,upstream,107499.713,2024-01-09,upstream_endpoints
2024-01-10,upstream,107499.713,2024-01-10,upstream_endpoints
2024-01-11,upstream,107499.713,2024-01-11,upstream_endpoints
2024-01-12,upstream,107499.713,2024-01-12,upstream_endpoints
2024-01-13,upstream,107499.713,2024-01-13,upstream_endpoints
2024-01-14,upstream,107499.713,2024-01-14,upstream_endpoints
2024-01-15,upstream,107499.713,2024-01-15,upstream_endpoints
2024-01-16,upstream,107499.713,2024-01-16,upstream_endpoints
2024-01-17,upstream,107499.713,2024-01-17,upstream_endpoints
2024-01-18,upstream,107499.713,2024-01-18,upstream_endpoints
2024-01-19,upstream,107499.713,2024-01-19,upstream_endpoints
2024-01-20,upstream,107499.713,2024-01-20,upstream_endpoints
2024-01-21,upstream,107499.713,2024-01-21,upstream_endpoints
2024-01-22,upstream,107499.713,2024-01-22,upstream_endpoints
2024-01-23,upstream,107539.075,2024-01-23,upstream_endpoints
2024-01-24,upstream,107539.075,2024-01-24,upstream_endpoints
2024-01-25,upstream,107539.075,2024-01-25,upstream_endpoints
2024-01-26,upstream,107539.075,2024-01-26,upstream_endpoints
2024-01-27,upstream,107539.075,2024-01-27,upstream_endpoints
2024-01-28,upstream,107539.075,2024-01-28,upstream_endpoints
2024-01-29,upstream,107539.075,2024-01-29,upstream_endpoints
2024-01-30,upstream,107555.795,2024-01-30,upstream_endpoints
2024-01-31,upstream,107555.795,2024-01-31,upstream_endpoints
2024-02-01,upstream,107555.795,2024-02-01,upstream_endpoints
2024-02-02,upstream,107555.795,2024-02-02,upstream_endpoints
2024-02-03,upstream,107555.795,2024-02-03,upstream_endpoints
2024-02-04,upstream,107555.795,2024-02-04,upstream_endpoints
2024-02-05,upstream,107556.158,2024-02-05,upstream_endpoints
2024-02-06,upstream,107556.158,2024-02-06,upstream_endpoints
2024-02-07,upstream,107556.259,2024-02-07,upstream_endpoints
2024-02-08,upstream,107557.089,2024-02-08,upstream_endpoints
2024-02-09,upstream,107557.982,2024-02-09,upstream_endpoints
2024-02-10,upstream,107557.982,2024-02-10,upstream_endpoints
2024-02-11,upstream,107557.982,2024-02-11,upstream_endpoints
2024-02-12,upstream,107557.982,2024-02-12,upstream_endpoints
2024-02-13,upstream,107563.313,2024-02-13,upstream_endpoints
2024-02-14,upstream,107563.687,2024-02-14,upstream_endpoints
2024-02-15,upstream,107564.03,2024-02-15,upstream_endpoints
2024-02-16,upstream,107567.444,2024-02-16,upstream_endpoints
2024-02-17,upstream,107570.968,2024-02-17,upstream_endpoints
2024-02-18,upstream,107570.968,2024-02-18,upstream_endpoints
2024-02-19,upstream,107570.968,2024-02-19,upstream_endpoints
2024-02-20,upstream,107610.747,2024-02-20,upstream_endpoints
2024-02-21,upstream,107628.25,2024-02-21,upstream_endpoints
2024-02-22,upstream,107628.25,2024-02-22,upstream_endpoints
2024-02-23,upstream,107638.139,2024-02-23,upstream_endpoints
2024-02-24,upstream,107652.932,2024-02-24,upstream_endpoints
2024-02-25,upstream,107652.933,2024-02-25,upstream_endpoints
2024-02-26,upstream,107652.933,2024-02-26,upstream_endpoints
2024-02-27,upstream,107657.031,2024-02-27,upstream_endpoints
2024-02-28,upstream,107666.225,2024-02-28,upstream_endpoints
2024-02-29,upstream,107666.225,2024-02-29,upstream_endpoints
2024-03-01,upstream,107666.185,2024-03-01,upstream_endpoints
2024-03-02,upstream,107666.185,2024-03-02,upstream_endpoints
2024-03-03,upstream,107666.185,2024-03-03,upstream_endpoints
2024-03-04,upstream,107666.185,2024-03-04,upstream_endpoints
2024-03-05,upstream,107666.185,2024-03-05,upstream_endpoints
2024-03-06,upstream,107666.185,2024-03-06,upstream_endpoints
2024-03-07,upstream,107681.916,2024-03-07,upstream_endpoints
2024-03-08,upstream,107681.916,2024-03-08,upstream_endpoints
2024-03-09,upstream,107681.916,2024-03-09,upstream_endpoints
2024-03-10,upstream,107681.916,2024-03-10,upstream_endpoints
2024-03-11,upstream,107681.916,2024-03-11,upstream_endpoints
2024-03-12,upstream,107681.916,2024-03-12,upstream_endpoints
2024-03-13,upstream,107700.824,2024-03-13,upstream_endpoints
2024-03-14,upstream,91081.867,2024-03-14,upstream_endpoints
2024-03-15,upstream,91081.867,2024-03-15,upstream_endpoints
2024-03-16,upstream,91081.867,2024-03-16,upstream_endpoints
2024-03-17,upstream,91081.867,2024-03-17,upstream_endpoints
2024-03-18,upstream,91081.867,2024-03-18,upstream_endpoints
2024-03-19,upstream,91081.867,2024-03-19,upstream_endpoints
2024-03-20,upstream,91081.867,2024-03-20,upstream_endpoints
2024-03-21,upstream,91081.867,2024-03-21,upstream_endpoints
2024-03-22,upstream,91118.664,2024-03-22,upstream_endpoints
2024-03-23,upstream,91117.358,2024-03-23,upstream_endpoints
2024-03-24,upstream,91117.358,2024-03-24,upstream_endpoints
2024-03-25,upstream,91117.358,2024-03-25,upstream_endpoints
2024-03-26,upstream,91137.27,2024-03-26,upstream_endpoints
2024-03-27,upstream,91137.27,2024-03-27,upstream_endpoints
2024-03-28,upstream,91137.27,2024-03-28,upstream_endpoints
2024-03-29,upstream,91137.27,2024-03-29,upstream_endpoints
2024-03-30,upstream,91137.27,2024-03-30,upstream_endpoints
2024-03-31,upstream,91137.27,2024-03-31,upstream_endpoints
2024-04-01,upstream,91137.27,2024-04-01,upstream_endpoints
2024-04-02,upstream,91137.27,2024-04-02,upstream_endpoints
2024-04-03,upstream,91137.27,2024-04-03,upstream_endpoints
2024-04-04,upstream,91137.27,2024-04-04,upstream_endpoints
2024-04-05,upstream,91137.276,2024-04-05,upstream_endpoints
2024-04-06,upstream,91137.276,2024-04-06,upstream_endpoints
2024-04-07,upstream,91137.276,2024-04-07,upstream_endpoints
2024-04-08,upstream,91137.276,2024-04-08,upstream_endpoints
2024-04-09,upstream,91191.329,2024-04-09,upstream_endpoints
2024-04-10,upstream,91191.329,2024-04-10,upstream_endpoints
2024-04-11,upstream,91209.21,2024-04-11,upstream_endpoints
2024-04-12,upstream,91209.21,2024-04-12,upstream_endpoints
2024-04-13,upstream,91209.21,2024-04-13,upstream_endpoints
2024-04-14,upstream,91209.21,2024-04-14,upstream_endpoints
2024-04-15,upstream,91209.21,2024-04-15,upstream_endpoints
2024-04-16,upstream,91209.21,2024-04-16,upstream_endpoints
2024-04-17,upstream,91209.21,2024-04-17,upstream_endpoints
2024-04-18,upstream,91215.748,2024-04-18,upstream_endpoints
2024-04-19,upstream,91215.748,2024-04-19,upstream_endpoints
2024-04-20,upstream,91223.839,2024-04-20,upstream_endpoints
2024-04-21,upstream,91223.839,2024-04-21,upstream_endpoints
2024-04-22,upstream,91223.839,2024-04-22,upstream_endpoints
2024-04-23,upstream,91223.839,2024-04-23,upstream_endpoints
2024-04-24,upstream,91252.105,2024-04-24,upstream_endpoints
2024-04-25,upstream,91252.829,2024-04-25,upstream_endpoints
2024-04-26,upstream,91252.829,2024-04-26,upstream_endpoints
2024-04-27,upstream,91252.829,2024-04-27,upstream_endpoints
2024-04-28,upstream,91252.829,2024-04-28,upstream_endpoints
2024-04-29,upstream,91252.829,2024-04-29,upstream_endpoints
2024-04-30,upstream,91252.829,2024-04-30,upstream_endpoints
2024-05-01,upstream,91407.897,2024-05-01,upstream_endpoints
2024-05-02,upstream,91407.897,2024-05-02,upstream_endpoints
2024-05-03,upstream,91417.38,2024-05-03,upstream_endpoints
2024-05-04,upstream,91425.174,2024-05-04,upstream_endpoints
2024-05-05,upstream,91425.174,2024-05-05,upstream_endpoints
2024-05-06,upstream,91425.174,2024-05-06,upstream_endpoints
2024-05-07,upstream,91425.174,2024-05-07,upstream_endpoints
2024-05-08,upstream,91443.327,2024-05-08,upstream_endpoints
2024-05-09,upstream,91443.327,2024-05-09,upstream_endpoints
2024-05-10,upstream,91443.327,2024-05-10,upstream_endpoints
2024-05-11,upstream,91497.476,2024-05-11,upstream_endpoints
2024-05-12,upstream,91497.476,2024-05-12,upstream_endpoints
2024-05-13,upstream,91578.2,2024-05-13,upstream_endpoints
2024-05-14,upstream,91675.816,2024-05-14,upstream_endpoints
2024-05-15,upstream,91684.306,2024-05-15,upstream_endpoints
2024-05-16,upstream,91756.249,2024-05-16,upstream_endpoints
2024-05-17,upstream,91756.246,2024-05-17,upstream_endpoints
2024-05-18,upstream,91756.246,2024-05-18,upstream_endpoints
2024-05-19,upstream,91756.246,2024-05-19,upstream_endpoints
2024-05-20,upstream,91756.246,2024-05-20,upstream_endpoints
2024-05-21,upstream,91804.763,2024-05-21,upstream_endpoints
2024-05-22,upstream,91804.764,2024-05-22,upstream_endpoints
2024-05-23,upstream,91804.764,2024-05-23,upstream_endpoints
2024-05-24,upstream,91806.42,2024-05-24,upstream_endpoints
2024-05-25,upstream,91806.42,2024-05-25,upstream_endpoints
2024-05-26,upstream,91806.42,2024-05-26,upstream_endpoints
2024-05-27,upstream,91806.42,2024-05-27,upstream_endpoints
2024-05-28,upstream,91818.685,2024-05-28,upstream_endpoints
2024-05-29,upstream,91798.24,2024-05-29,upstream_endpoints
2024-05-30,upstream,91798.24,2024-05-30,upstream_endpoints
2024-05-31,upstream,91798.24,2024-05-31,upstream_endpoints
2024-06-01,upstream,91798.24,2024-06-01,upstream_endpoints
2024-06-02,upstream,91798.24,2024-06-02,upstream_endpoints
2024-06-03,upstream,91798.24,2024-06-03,upstream_endpoints
2024-06-04,upstream,91798.24,2024-06-04,upstream_endpoints
2024-06-05,upstream,91808.612,2024-06-05,upstream_endpoints
2024-06-06,upstream,91808.612,2024-06-06,upstream_endpoints
2024-06-07,upstream,91808.612,2024-06-07,upstream_endpoints
2024-06-08,upstream,91808.612,2024-06-08,upstream_endpoints
2024-06-09,upstream,91808.612,2024-06-09,upstream_endpoints
2024-06-10,upstream,91808.612,2024-06-10,upstream_endpoints
2024-06-11,upstream,91808.612,2024-06-11,upstream_endpoints
2024-06-12,upstream,91808.62,2024-06-12,upstream_endpoints
2024-06-13,upstream,91808.62,2024-06-13,upstream_endpoints
2024-06-14,upstream,91894.041,2024-06-14,upstream_endpoints
2024-06-15,upstream,91850.209,2024-06-15,upstream_endpoints
2024-06-16,upstream,91850.206,2024-06-16,upstream_endpoints
2024-06-17,upstream,91850.206,2024-06-17,upstream_endpoints
2024-06-18,upstream,91850.206,2024-06-18,upstream_endpoints
2024-06-19,upstream,91852.74,2024-06-19,upstream_endpoints
2024-06-20,upstream,91852.74,2024-06-20,upstream_endpoints
2024-06-21,upstream,91852.74,2024-06-21,upstream_endpoints
2024-06-22,upstream,91852.74,2024-06-22,upstream_endpoints
2024-06-23,upstream,91852.74,2024-06-23,upstream_endpoints
2024-06-24,upstream,91852.74,2024-06-24,upstream_endpoints
2024-06-25,upstream,91852.692,2024-06-25,upstream_endpoints
2024-06-26,upstream,91852.692,2024-06-26,upstream_endpoints
2024-06-27,upstream,91852.692,2024-06-27,upstream_endpoints
2024-06-28,upstream,91852.692,2024-06-28,upstream_endpoints
2024-06-29,upstream,91852.692,2024-06-29,upstream_endpoints
2024-06-30,upstream,91852.692,2024-06-30,upstream_endpoints
2024-07-01,upstream,91852.692,2024-07-01,upstream_endpoints
2024-07-02,upstream,91852.692,2024-07-02,upstream_endpoints
2024-07-03,upstream,91852.692,2024-07-03,upstream_endpoints
2024-07-04,upstream,91852.692,2024-07-04,upstream_endpoints
2024-07-05,upstream,91852.692,2024-07-05,upstream_endpoints
2024-07-06,upstream,91974.594,2024-07-06,upstream_endpoints
2024-07-07,upstream,91974.594,2024-07-07,upstream_endpoints
2024-07-08,upstream,91974.594,2024-07-08,upstream_endpoints
2024-07-09,upstream,91974.594,2024-07-09,upstream_endpoints
2024-07-10,upstream,91985.64,2024-07-10,upstream_endpoints
2024-07-11,upstream,91985.64,2024-07-11,upstream_endpoints
2024-07-12,upstream,91985.64,2024-07-12,upstream_endpoints
2024-07-13,upstream,91985.64,2024-07-13,upstream_endpoints
2024-07-14,upstream,91985.64,2024-07-14,upstream_endpoints
2024-07-15,upstream,91985.64,2024-07-15,upstream_endpoints
2024-07-16,upstream,91985.64,2024-07-16,upstream_endpoints
2024-07-17,upstream,91985.64,2024-07-17,upstream_endpoints
2024-07-18,upstream,91985.64,2024-07-18,upstream_endpoints
2024-07-19,upstream,92062.97,2024-07-19,upstream_endpoints
2024-07-20,upstream,92062.97,2024-07-20,upstream_endpoints
2024-07-21,upstream,92062.97,2024-07-21,upstream_endpoints
2024-07-22,upstream,92062.97,2024-07-22,upstream_endpoints
2024-07-23,upstream,92162.83,2024-07-23,upstream_endpoints
2024-07-24,upstream,92229.495,2024-07-24,upstream_endpoints
2024-07-25,upstream,92334.671,2024-07-25,upstream_endpoints
2024-07-26,upstream,92334.671,2024-07-26,upstream_endpoints
2024-07-27,upstream,92343.095,2024-07-27,upstream_endpoints
2024-07-28,upstream,92377.652,2024-07-28,upstream_endpoints
2024-07-29,upstream,92377.652,2024-07-29,upstream_endpoints
2024-07-30,upstream,92377.652,2024-07-30,upstream_endpoints
2024-07-31,upstream,92391.507,2024-07-31,upstream_endpoints
2024-08-01,upstream,92405.903,2024-08-01,upstream_endpoints
2024-08-02,upstream,92405.903,2024-08-02,upstream_endpoints
2024-08-03,upstream,92417.424,2024-08-03,upstream_endpoints
2024-08-04,upstream,92417.424,2024-08-04,upstream_endpoints
2024-08-05,upstream,92417.424,2024-08-05,upstream_endpoints
2024-08-06,upstream,92417.424,2024-08-06,upstream_endpoints
2024-08-07,upstream,92430.405,2024-08-07,upstream_endpoints
2024-08-08,upstream,92437.058,2024-08-08,upstream_endpoints
2024-08-09,upstream,92468.192,2024-08-09,upstream_endpoints
2024-08-10,upstream,92468.198,2024-08-10,upstream_endpoints
2024-08-11,upstream,92468.198,2024-08-11,upstream_endpoints
2024-08-12,upstream,93095.374,2024-08-12,upstream_endpoints
2024-08-13,upstream,93095.374,2024-08-13,upstream_endpoints
2024-08-14,upstream,93333.261,2024-08-14,upstream_endpoints
2024-08-15,upstream,93495.321,2024-08-15,upstream_endpoints
2024-08-16,upstream,93574.083,2024-08-16,upstream_endpoints
2024-08-17,upstream,93643.431,2024-08-17,upstream_endpoints
2024-08-18,upstream,93643.431,2024-08-18,upstream_endpoints
2024-08-19,upstream,93738.885,2024-08-19,upstream_endpoints
2024-08-20,upstream,93738.885,2024-08-20,upstream_endpoints
2024-08-21,upstream,93751.49,2024-08-21,upstream_endpoints
2024-08-22,upstream,93771.056,2024-08-22,upstream_endpoints
2024-08-23,upstream,93805.742,2024-08-23,upstream_endpoints
2024-08-24,upstream,93817.56,2024-08-24,upstream_endpoints
2024-08-25,upstream,93817.56,2024-08-25,upstream_endpoints
2024-08-26,upstream,93817.56,2024-08-26,upstream_endpoints
2024-08-27,upstream,93847.864,2024-08-27,upstream_endpoints
2024-08-28,upstream,93854.855,2024-08-28,upstream_endpoints
2024-08-29,upstream,93881.889,2024-08-29,upstream_endpoints
2024-08-30,upstream,93935.914,2024-08-30,upstream_endpoints
2024-08-31,upstream,93961.125,2024-08-31,upstream_endpoints
2024-09-01,upstream,93961.125,2024-09-01,upstream_endpoints
2024-09-02,upstream,93961.125,2024-09-02,upstream_endpoints
2024-09-03,upstream,93961.125,2024-09-03,upstream_endpoints
2024-09-04,upstream,94048.23,2024-09-04,upstream_endpoints
2024-09-05,upstream,94048.23,2024-09-05,upstream_endpoints
2024-09-06,upstream,94048.23,2024-09-06,upstream_endpoints
2024-09-07,upstream,94048.23,2024-09-07,upstream_endpoints
2024-09-08,upstream,94048.23,2024-09-08,upstream_endpoints
2024-09-09,upstream,94048.23,2024-09-09,upstream_endpoints
2024-09-10,upstream,94048.23,2024-09-10,upstream_endpoints
2024-09-11,upstream,94195.977,2024-09-11,upstream_endpoints
2024-09-12,upstream,94195.977,2024-09-12,upstream_endpoints
2024-09-13,upstream,94117.475,2024-09-13,upstream_endpoints
2024-09-14,upstream,94019.707,2024-09-14,upstream_endpoints
2024-09-15,upstream,94019.707,2024-09-15,upstream_endpoints
2024-09-16,upstream,93994.67,2024-09-16,upstream_endpoints
2024-09-17,upstream,94051.403,2024-09-17,upstream_endpoints
2024-09-18,upstream,94101.199,2024-09-18,upstream_endpoints
2024-09-19,upstream,94118.739,2024-09-19,upstream_endpoints
2024-09-20,upstream,94118.739,2024-09-20,upstream_endpoints
2024-09-21,upstream,94118.739,2024-09-21,upstream_endpoints
2024-09-22,upstream,94118.739,2024-09-22,upstream_endpoints
2024-09-23,upstream,94118.739,2024-09-23,upstream_endpoints
2024-09-24,upstream,94188.579,2024-09-24,upstream_endpoints
2024-09-25,upstream,94188.579,2024-09-25,upstream_endpoints
2024-09-26,upstream,94216.898,2024-09-26,upstream_endpoints
2024-09-27,upstream,94216.898,2024-09-27,upstream_endpoints
2024-09-28,upstream,94216.898,2024-09-28,upstream_endpoints
2024-09-29,upstream,94216.898,2024-09-29,upstream_endpoints
2024-09-30,upstream,94216.898,2024-09-30,upstream_endpoints
2024-10-01,upstream,94216.898,2024-10-01,upstream_endpoints
2024-10-02,upstream,94287.101,2024-10-02,upstream_endpoints
2024-10-03,upstream,94350.143,2024-10-03,upstream_endpoints
2024-10-04,upstream,94352.799,2024-10-04,upstream_endpoints
2024-10-05,upstream,94356.097,2024-10-05,upstream_endpoints
2024-10-06,upstream,94356.097,2024-10-06,upstream_endpoints
2024-10-07,upstream,94356.097,2024-10-07,upstream_endpoints
2024-10-08,upstream,94356.097,2024-10-08,upstream_endpoints
2024-10-09,upstream,94356.097,2024-10-09,upstream_endpoints
2024-10-10,upstream,94564.361,2024-10-10,upstream_endpoints
2024-10-11,upstream,94564.361,2024-10-11,upstream_endpoints
2024-10-12,upstream,94564.361,2024-10-12,upstream_endpoints
2024-10-13,upstream,94564.361,2024-10-13,upstream_endpoints
2024-10-14,upstream,94454.574,2024-10-14,upstream_endpoints
2024-10-15,upstream,94449.562,2024-10-15,upstream_endpoints
2024-10-16,upstream,94409.047,2024-10-16,upstream_endpoints
2024-10-17,upstream,94441.663,2024-10-17,upstream_endpoints
2024-10-18,upstream,94441.663,2024-10-18,upstream_endpoints
2024-10-19,upstream,94486.292,2024-10-19,upstream_endpoints
2024-10-20,upstream,94486.292,2024-10-20,upstream_endpoints
2024-10-21,upstream,94486.292,2024-10-21,upstream_endpoints
2024-10-22,upstream,94505.475,2024-10-22,upstream_endpoints
2024-10-23,upstream,94492.222,2024-10-23,upstream_endpoints
2024-10-24,upstream,94511.417,2024-10-24,upstream_endpoints
2024-10-25,upstream,94535.765,2024-10-25,upstream_endpoints
2024-10-26,upstream,94535.765,2024-10-26,upstream_endpoints
2024-10-27,upstream,94535.765,2024-10-27,upstream_endpoints
2024-10-28,upstream,94535.765,2024-10-28,upstream_endpoints
2024-10-29,upstream,94693.861,2024-10-29,upstream_endpoints
2024-10-30,upstream,94719.455,2024-10-30,upstream_endpoints
2024-10-31,upstream,94719.455,2024-10-31,upstream_endpoints
2024-11-01,upstream,94842.078,2024-11-01,upstream_endpoints
2024-11-02,upstream,94810.078,2024-11-02,upstream_endpoints
2024-11-03,upstream,94810.078,2024-11-03,upstream_endpoints
2024-11-04,upstream,94810.078,2024-11-04,upstream_endpoints
2024-11-05,upstream,94924.923,2024-11-05,upstream_endpoints
2024-11-06,upstream,94924.923,2024-11-06,upstream_endpoints
2024-11-07,upstream,94982.631,2024-11-07,upstream_endpoints
2024-11-08,upstream,94982.631,2024-11-08,upstream_endpoints
2024-11-09,upstream,95067.706,2024-11-09,upstream_endpoints
2024-11-10,upstream,95067.706,2024-11-10,upstream_endpoints
2024-11-11,upstream,95067.706,2024-11-11,upstream_endpoints
2024-11-12,upstream,95067.706,2024-11-12,upstream_endpoints
2024-11-13,upstream,95105.324,2024-11-13,upstream_endpoints
2024-11-14,upstream,95148.927,2024-11-14,upstream_endpoints
2024-11-15,upstream,95148.927,2024-11-15,upstream_endpoints
2024-11-16,upstream,95204.799,2024-11-16,upstream_endpoints
2024-11-17,upstream,95204.799,2024-11-17,upstream_endpoints
2024-11-18,upstream,95208.92,2024-11-18,upstream_endpoints
2024-11-19,upstream,95208.92,2024-11-19,upstream_endpoints
2024-11-20,upstream,95215.022,2024-11-20,upstream_endpoints
2024-11-21,upstream,95233.679,2024-11-21,upstream_endpoints
2024-11-22,upstream,95233.679,2024-11-22,upstream_endpoints
2024-11-23,upstream,95333.341,2024-11-23,upstream_endpoints
2024-11-24,upstream,95333.341,2024-11-24,upstream_endpoints
2024-11-25,upstream,95333.341,2024-11-25,upstream_endpoints
2024-11-26,upstream,95333.341,2024-11-26,upstream_endpoints
2024-11-27,upstream,95464.997,2024-11-27,upstream_endpoints
2024-11-28,upstream,95484.286,2024-11-28,upstream_endpoints
2024-11-29,upstream,95484.286,2024-11-29,upstream_endpoints
2024-11-30,upstream,95493.207,2024-11-30,upstream_endpoints
2024-12-01,upstream,95493.207,2024-12-01,upstream_endpoints
2024-12-02,upstream,95514.201,2024-12-02,upstream_endpoints
2024-12-03,upstream,95554.662,2024-12-03,upstream_endpoints
2024-12-04,upstream,95554.662,2024-12-04,upstream_endpoints
2024-12-05,upstream,95561.498,2024-12-05,upstream_endpoints
2024-12-06,upstream,95561.498,2024-12-06,upstream_endpoints
2024-12-07,upstream,95613.112,2024-12-07,upstream_endpoints
2024-12-08,upstream,95613.112,2024-12-08,upstream_endpoints
2024-12-09,upstream,95613.112,2024-12-09,upstream_endpoints
2024-12-10,upstream,95613.112,2024-12-10,upstream_endpoints
2024-12-11,upstream,95547.854,2024-12-11,upstream_endpoints
2024-12-12,upstream,95557.142,2024-12-12,upstream_endpoints
2024-12-13,upstream,95570.276,2024-12-13,upstream_endpoints
2024-12-14,upstream,95570.276,2024-12-14,upstream_endpoints
2024-12-15,upstream,95570.276,2024-12-15,upstream_endpoints
2024-12-16,upstream,95550.93,2024-12-16,upstream_endpoints
2024-12-17,upstream,95550.93,2024-12-17,upstream_endpoints
2024-12-18,upstream,95503.627,2024-12-18,upstream_endpoints
2024-12-19,upstream,95560.44,2024-12-19,upstream_endpoints
2024-12-20,upstream,95560.44,2024-12-20,upstream_endpoints
2024-12-21,upstream,95564.558,2024-12-21,upstream_endpoints
2024-12-22,upstream,95564.558,2024-12-22,upstream_endpoints
2024-12-23,upstream,95672.672,2024-12-23,upstream_endpoints
2024-12-24,upstream,95672.672,2024-12-24,upstream_endpoints
2024-12-25,upstream,95648.621,2024-12-25,upstream_endpoints
2024-12-26,upstream,95680.419,2024-12-26,upstream_endpoints
2024-12-27,upstream,95706.671,2024-12-27,upstream_endpoints
2024-12-28,upstream,95706.671,2024-12-28,upstream_endpoints
2024-12-29,upstream,95707.75,2024-12-29,upstream_endpoints
2024-12-30,upstream,95707.75,2024-12-30,upstream_endpoints
2024-12-31,upstream,95707.75,2024-12-31,upstream_endpoints
2025-01-01,upstream,95707.75,2025-01-01,upstream_endpoints
2025-01-02,upstream,95707.75,2025-01-02,upstream_endpoints
2025-01-03,upstream,95757.342,2025-01-03,upstream_endpoints
2025-01-04,upstream,95736.323,2025-01-04,upstream_endpoints
2025-01-05,upstream,95736.323,2025-01-05,upstream_endpoints
2025-01-06,upstream,95853.292,2025-01-06,upstream_endpoints
2025-01-07,upstream,95853.292,2025-01-07,upstream_endpoints
2025-01-08,upstream,95857.369,2025-01-08,upstream_endpoints
2025-01-09,upstream,95896.063,2025-01-09,upstream_endpoints
2025-01-10,upstream,95871.877,2025-01-10,upstream_endpoints
2025-01-11,upstream,95871.877,2025-01-11,upstream_endpoints
2025-01-12,upstream,95871.877,2025-01-12,upstream_endpoints
2025-01-13,upstream,95871.877,2025-01-13,upstream_endpoints
2025-01-14,upstream,95897.617,2025-01-14,upstream_endpoints
2025-01-15,upstream,95921.89,2025-01-15,upstream_endpoints
2025-01-16,upstream,95921.89,2025-01-16,upstream_endpoints
2025-01-17,upstream,95926.565,2025-01-17,upstream_endpoints
2025-01-18,upstream,95912.971,2025-01-18,upstream_endpoints
2025-01-19,upstream,95912.971,2025-01-19,upstream_endpoints
2025-01-20,upstream,95912.971,2025-01-20,upstream_endpoints
2025-01-21,upstream,95948.731,2025-01-21,upstream_endpoints
2025-01-22,upstream,95948.817,2025-01-22,upstream_endpoints
2025-01-23,upstream,95994.517,2025-01-23,upstream_endpoints
2025-01-24,upstream,95994.517,2025-01-24,upstream_endpoints
2025-01-25,upstream,95994.517,2025-01-25,upstream_endpoints
2025-01-26,upstream,95994.517,2025-01-26,upstream_endpoints
2025-01-27,upstream,95994.517,2025-01-27,upstream_endpoints
2025-01-28,upstream,96057.03,2025-01-28,upstream_endpoints
2025-01-29,upstream,96057.252,2025-01-29,upstream_endpoints
2025-01-30,upstream,96057.252,2025-01-30,upstream_endpoints
2025-01-31,upstream,96064.841,2025-01-31,upstream_endpoints
2025-02-01,upstream,96137.1,2025-02-01,upstream_endpoints
2025-02-02,upstream,96137.1,2025-02-02,upstream_endpoints
2025-02-03,upstream,96137.1,2025-02-03,upstream_endpoints
2025-02-04,upstream,96137.1,2025-02-04,upstream_endpoints
2025-02-05,upstream,96151.579,2025-02-05,upstream_endpoints
2025-02-06,upstream,96178.494,2025-02-06,upstream_endpoints
2025-02-07,upstream,96178.494,2025-02-07,upstream_endpoints
2025-02-08,upstream,96199.307,2025-02-08,upstream_endpoints
2025-02-09,upstream,96199.307,2025-02-09,upstream_endpoints
2025-02-10,upstream,96199.307,2025-02-10,upstream_endpoints
2025-02-11,upstream,96214.344,2025-02-11,upstream_endpoints
2025-02-12,upstream,96213.696,2025-02-12,upstream_endpoints
2025-02-13,upstream,96219.084,2025-02-13,upstream_endpoints
2025-02-14,upstream,96219.084,2025-02-14,upstream_endpoints
2025-02-15,upstream,96227.934,2025-02-15,upstream_endpoints
2025-02-16,upstream,96227.934,2025-02-16,upstream_endpoints
2025-02-17,upstream,96227.934,2025-02-17,upstream_endpoints
2025-02-18,upstream,96227.934,2025-02-18,upstream_endpoints
2025-02-19,upstream,96264.618,2025-02-19,upstream_endpoints
2025-02-20,upstream,96264.618,2025-02-20,upstream_endpoints
2025-02-21,upstream,96264.618,2025-02-21,upstream_endpoints
2025-02-22,upstream,96267.326,2025-02-22,upstream_endpoints
2025-02-23,upstream,96267.326,2025-02-23,upstream_endpoints
2025-02-24,upstream,96267.326,2025-02-24,upstream_endpoints
2025-02-25,upstream,96267.326,2025-02-25,upstream_endpoints
2025-02-26,upstream,96267.307,2025-02-26,upstream_endpoints
2025-02-27,upstream,96267.307,2025-02-27,upstream_endpoints
2025-02-28,upstream,96267.307,2025-02-28,upstream_endpoints
2025-03-01,upstream,96234.415,2025-03-01,upstream_endpoints
2025-03-02,upstream,96234.415,2025-03-02,upstream_endpoints
2025-03-03,upstream,96234.415,2025-03-03,upstream_endpoints
2025-03-04,upstream,96234.415,2025-03-04,upstream_endpoints
2025-03-05,upstream,96250.291,2025-03-05,upstream_endpoints
2025-03-06,upstream,96253.543,2025-03-06,upstream_endpoints
2025-03-07,upstream,96253.543,2025-03-07,upstream_endpoints
2025-03-08,upstream,96255.309,2025-03-08,upstream_endpoints
2025-03-09,upstream,96264.006,2025-03-09,upstream_endpoints
2025-03-10,upstream,96265.607,2025-03-10,upstream_endpoints
2025-03-11,upstream,96265.607,2025-03-11,upstream_endpoints
2025-03-12,upstream,96020.187,2025-03-12,upstream_endpoints
2025-03-13,upstream,95934.793,2025-03-13,upstream_endpoints
2025-03-14,upstream,95942.948,2025-03-14,upstream_endpoints
2025-03-15,upstream,95941.867,2025-03-15,upstream_endpoints
2025-03-16,upstream,95941.867,2025-03-16,upstream_endpoints
2025-03-17,upstream,95913.859,2025-03-17,upstream_endpoints
2025-03-18,upstream,95913.859,2025-03-18,upstream_endpoints
2025-03-19,upstream,95931.427,2025-03-19,upstream_endpoints
2025-03-20,upstream,95931.427,2025-03-20,upstream_endpoints
2025-03-21,upstream,95931.427,2025-03-21,upstream_endpoints
2025-03-22,upstream,95984.442,2025-03-22,upstream_endpoints
2025-03-23,upstream,95984.442,2025-03-23,upstream_endpoints
2025-03-24,upstream,95984.442,2025-03-24,upstream_endpoints
2025-03-25,upstream,95990.72,2025-03-25,upstream_endpoints
2025-03-26,upstream,95990.72,2025-03-26,upstream_endpoints
2025-03-27,upstream,95990.72,2025-03-27,upstream_endpoints
2025-03-28,upstream,95986.655,2025-03-28,upstream_endpoints
2025-03-29,upstream,95986.655,2025-03-29,upstream_endpoints
2025-03-30,upstream,95986.655,2025-03-30,upstream_endpoints
2025-03-31,upstream,95986.655,2025-03-31,upstream_endpoints
2025-04-01,upstream,95986.655,2025-04-01,upstream_endpoints
2025-04-02,upstream,95986.655,2025-04-02,upstream_endpoints
2025-04-03,upstream,95986.655,2025-04-03,upstream_endpoints
2025-04-04,upstream,96002.498,2025-04-04,upstream_endpoints
2025-04-05,upstream,96002.498,2025-04-05,upstream_endpoints
2025-04-06,upstream,96002.498,2025-04-06,upstream_endpoints
2025-04-07,upstream,96002.498,2025-04-07,upstream_endpoints
2025-04-08,upstream,95994.391,2025-04-08,upstream_endpoints
2025-04-09,upstream,95994.391,2025-04-09,upstream_endpoints
2025-04-10,upstream,96037.604,2025-04-10,upstream_endpoints
2025-04-11,upstream,96031.728,2025-04-11,upstream_endpoints
2025-04-12,upstream,96031.728,2025-04-12,upstream_endpoints
2025-04-13,upstream,96031.728,2025-04-13,upstream_endpoints
2025-04-14,upstream,96031.728,2025-04-14,upstream_endpoints
2025-04-15,upstream,96050.387,2025-04-15,upstream_endpoints
2025-04-16,upstream,96050.387,2025-04-16,upstream_endpoints
2025-04-17,upstream,96066.038,2025-04-17,upstream_endpoints
2025-04-18,upstream,96066.038,2025-04-18,upstream_endpoints
2025-04-19,upstream,96066.038,2025-04-19,upstream_endpoints
2025-04-20,upstream,96066.038,2025-04-20,upstream_endpoints
2025-04-21,upstream,96066.038,2025-04-21,upstream_endpoints
2025-04-22,upstream,96066.038,2025-04-22,upstream_endpoints
2025-04-23,upstream,96092.34,2025-04-23,upstream_endpoints
2025-04-24,upstream,96034.193,2025-04-24,upstream_endpoints
2025-04-25,upstream,96046.814,2025-04-25,upstream_endpoints
2025-04-26,upstream,96046.814,2025-04-26,upstream_endpoints
2025-04-27,upstream,96046.814,2025-04-27,upstream_endpoints
2025-04-28,upstream,96046.814,2025-04-28,upstream_endpoints
2025-04-29,upstream,96077.939,2025-04-29,upstream_endpoints
2025-04-30,upstream,96077.939,2025-04-30,upstream_endpoints
2025-05-01,upstream,96090.512,2025-05-01,upstream_endpoints
2025-05-02,upstream,96090.512,2025-05-02,upstream_endpoints
2025-05-03,upstream,96117.337,2025-05-03,upstream_endpoints
2025-05-04,upstream,96117.337,2025-05-04,upstream_endpoints
2025-05-05,upstream,96117.337,2025-05-05,upstream_endpoints
2025-05-06,upstream,96201.105,2025-05-06,upstream_endpoints
2025-05-07,upstream,96201.105,2025-05-07,upstream_endpoints
2025-05-08,upstream,96201.105,2025-05-08,upstream_endpoints
2025-05-09,upstream,96201.105,2025-05-09,upstream_endpoints
2025-05-10,upstream,96201.105,2025-05-10,upstream_endpoints
2025-05-11,upstream,96201.105,2025-05-11,upstream_endpoints
2025-05-12,upstream,96201.105,2025-05-12,upstream_endpoints
2025-05-13,upstream,96201.105,2025-05-13,upstream_endpoints
2025-05-14,upstream,96201.105,2025-05-14,upstream_endpoints
2025-05-15,upstream,96262.862,2025-05-15,upstream_endpoints
2025-05-16,upstream,96262.862,2025-05-16,upstream_endpoints
2025-05-17,upstream,96262.862,2025-05-17,upstream_endpoints
2025-05-18,upstream,96262.862,2025-05-18,upstream_endpoints
2025-05-19,upstream,96262.862,2025-05-19,upstream_endpoints
2025-05-20,upstream,96443.216,2025-05-20,upstream_endpoints
2025-05-21,upstream,96443.216,2025-05-21,upstream_endpoints
2025-05-22,upstream,96443.216,2025-05-22,upstream_endpoints
2025-05-23,upstream,96443.216,2025-05-23,upstream_endpoints
2025-05-24,upstream,96443.216,2025-05-24,upstream_endpoints
2025-05-25,upstream,96443.216,2025-05-25,upstream_endpoints
2025-05-26,upstream,96518.886,2025-05-26,upstream_endpoints
2025-05-27,upstream,96518.886,2025-05-27,upstream_endpoints
2025-05-28,upstream,96518.886,2025-05-28,upstream_endpoints
2025-05-29,upstream,96518.886,2025-05-29,upstream_endpoints
2025-05-30,upstream,96518.886,2025-05-30,upstream_endpoints
2025-05-31,upstream,96518.886,2025-05-31,upstream_endpoints
2025-06-01,upstream,96518.886,2025-06-01,upstream_endpoints
2025-06-02,upstream,96650.3,2025-06-02,upstream_endpoints
2025-06-03,upstream,96667.167,2025-06-03,upstream_endpoints
2025-06-04,upstream,96681.086,2025-06-04,upstream_endpoints
2025-06-05,upstream,96681.086,2025-06-05,upstream_endpoints
2025-06-06,upstream,96755.784,2025-06-06,upstream_endpoints
2025-06-07,upstream,96785.45,2025-06-07,upstream_endpoints
2025-06-08,upstream,96882.343,2025-06-08,upstream_endpoints
2025-06-09,upstream,96882.343,2025-06-09,upstream_endpoints
2025-06-10,upstream,96961.874,2025-06-10,upstream_endpoints
2025-06-11,upstream,97054.182,2025-06-11,upstream_endpoints
2025-06-12,upstream,97054.182,2025-06-12,upstream_endpoints
2025-06-13,upstream,97080.682,2025-06-13,upstream_endpoints
2025-06-14,upstream,97091.85,2025-06-14,upstream_endpoints
2025-06-15,upstream,97091.85,2025-06-15,upstream_endpoints
2025-06-16,upstream,97091.85,2025-06-16,upstream_endpoints
2025-06-17,upstream,97091.85,2025-06-17,upstream_endpoints
2025-06-18,upstream,97167.995,2025-06-18,upstream_endpoints
2025-06-19,upstream,97184.213,2025-06-19,upstream_endpoints
2025-06-20,upstream,97184.213,2025-06-20,upstream_endpoints
2025-06-21,upstream,97208.237,2025-06-21,upstream_endpoints
2025-06-22,upstream,97231.85,2025-06-22,upstream_endpoints
2025-06-23,upstream,97231.85,2025-06-23,upstream_endpoints
2025-06-24,upstream,97231.85,2025-06-24,upstream_endpoints
2025-06-25,upstream,97231.934,2025-06-25,upstream_endpoints
2025-06-26,upstream,97231.934,2025-06-26,upstream_endpoints
2025-06-27,upstream,97333.646,2025-06-27,upstream_endpoints
2025-06-28,upstream,97333.646,2025-06-28,upstream_endpoints
2025-06-29,upstream,97393.08,2025-06-29,upstream_endpoints
2025-06-30,upstream,97393.08,2025-06-30,upstream_endpoints
2025-07-01,upstream,97393.08,2025-07-01,upstream_endpoints
2025-07-02,upstream,97383.022,2025-07-02,upstream_endpoints
2025-07-03,upstream,97396.549,2025-07-03,upstream_endpoints
2025-07-04,upstream,97396.549,2025-07-04,upstream_endpoints
2025-07-05,upstream,97396.549,2025-07-05,upstream_endpoints
2025-07-06,upstream,97396.549,2025-07-06,upstream_endpoints
2025-07-07,upstream,97396.549,2025-07-07,upstream_endpoints
2025-07-08,upstream,97602.815,2025-07-08,upstream_endpoints
2025-07-09,upstream,97611.358,2025-07-09,upstream_endpoints
2025-07-10,upstream,97574.337,2025-07-10,upstream_endpoints
2025-07-11,upstream,97574.337,2025-07-11,upstream_endpoints
2025-07-12,upstream,97574.337,2025-07-12,upstream_endpoints
2025-07-13,upstream,97576.834,2025-07-13,upstream_endpoints
2025-07-14,upstream,97576.834,2025-07-14,upstream_endpoints
2025-07-15,upstream,97576.834,2025-07-15,upstream_endpoints
2025-07-16,upstream,97576.834,2025-07-16,upstream_endpoints
2025-07-17,upstream,97576.467,2025-07-17,upstream_endpoints
2025-07-18,upstream,97614.537,2025-07-18,upstream_endpoints
2025-07-19,upstream,97614.537,2025-07-19,upstream_endpoints
2025-07-20,upstream,97614.537,2025-07-20,upstream_endpoints
2025-07-21,upstream,97614.537,2025-07-21,upstream_endpoints
2025-07-22,upstream,97696.732,2025-07-22,upstream_endpoints
2025-07-23,upstream,97712.89,2025-07-23,upstream_endpoints
2025-07-24,upstream,97712.89,2025-07-24,upstream_endpoints
2025-07-25,upstream,97712.89,2025-07-25,upstream_endpoints
2025-07-26,upstream,97712.89,2025-07-26,upstream_endpoints
2025-07-27,upstream,97712.89,2025-07-27,upstream_endpoints
2025-07-28,upstream,97712.89,2025-07-28,upstream_endpoints
2025-07-29,upstream,97795.289,2025-07-29,upstream_endpoints
2025-07-30,upstream,97795.289,2025-07-30,upstream_endpoints
2025-07-31,upstream,97795.289,2025-07-31,upstream_endpoints
2025-08-01,upstream,97826.217,2025-08-01,upstream_endpoints
2025-08-02,upstream,97826.217,2025-08-02,upstream_endpoints
2025-08-03,upstream,97826.217,2025-08-03,upstream_endpoints
2025-08-04,upstream,97826.217,2025-08-04,upstream_endpoints
2025-08-05,upstream,97826.217,2025-08-05,upstream_endpoints
2025-08-06,upstream,97826.217,2025-08-06,upstream_endpoints
2025-08-07,upstream,97907.405,2025-08-07,upstream_endpoints
2025-08-08,upstream,97907.405,2025-08-08,upstream_endpoints
2025-08-09,upstream,97907.405,2025-08-09,upstream_endpoints
2025-08-10,upstream,97907.405,2025-08-10,upstream_endpoints
2025-08-11,upstream,97907.405,2025-08-11,upstream_endpoints
2025-08-12,upstream,97907.405,2025-08-12,upstream_endpoints
2025-08-13,upstream,97994.103,2025-08-13,upstream_endpoints
2025-08-14,upstream,98019.712,2025-08-14,upstream_endpoints
2025-08-15,upstream,98052.922,2025-08-15,upstream_endpoints
2025-08-16,upstream,98052.922,2025-08-16,upstream_endpoints
2025-08-17,upstream,98106.213,2025-08-17,upstream_endpoints
2025-08-18,upstream,98106.213,2025-08-18,upstream_endpoints
2025-08-19,upstream,98109.588,2025-08-19,upstream_endpoints
2025-08-20,upstream,98125.062,2025-08-20,upstream_endpoints
2025-08-21,upstream,98216.192,2025-08-21,upstream_endpoints
2025-08-22,upstream,98214.131,2025-08-22,upstream_endpoints
2025-08-23,upstream,98214.131,2025-08-23,upstream_endpoints
2025-08-24,upstream,98214.131,2025-08-24,upstream_endpoints
2025-08-25,upstream,98214.131,2025-08-25,upstream_endpoints
2025-08-26,upstream,98214.131,2025-08-26,upstream_endpoints
2025-08-27,upstream,98214.131,2025-08-27,upstream_endpoints
2025-08-28,upstream,98275.885,2025-08-28,upstream_endpoints
2025-08-29,upstream,98275.885,2025-08-29,upstream_endpoints
2025-08-30,upstream,98311.519,2025-08-30,upstream_endpoints
2025-08-31,upstream,98311.519,2025-08-31,upstream_endpoints
2025-09-01,upstream,98311.519,2025-09-01,upstream_endpoints
2025-09-02,upstream,98306.119,2025-09-02,upstream_endpoints
2025-09-03,upstream,98197.621,2025-09-03,upstream_endpoints
2025-09-04,upstream,98201.322,2025-09-04,upstream_endpoints
2025-09-05,upstream,98226.007,2025-09-05,upstream_endpoints
2025-09-06,upstream,98267.052,2025-09-06,upstream_endpoints
2025-09-07,upstream,98267.052,2025-09-07,upstream_endpoints
2025-09-08,upstream,98267.052,2025-09-08,upstream_endpoints
2025-09-09,upstream,98267.052,2025-09-09,upstream_endpoints
2025-09-10,upstream,98328.92,2025-09-10,upstream_endpoints
2025-09-11,upstream,98330.087,2025-09-11,upstream_endpoints
2025-09-12,upstream,98330.087,2025-09-12,upstream_endpoints
2025-09-13,upstream,98361.721,2025-09-13,upstream_endpoints
2025-09-14,upstream,98361.721,2025-09-14,upstream_endpoints
2025-09-15,upstream,98361.721,2025-09-15,upstream_endpoints
2025-09-16,upstream,98383.594,2025-09-16,upstream_endpoints
2025-09-17,upstream,98429.568,2025-09-17,upstream_endpoints
2025-09-18,upstream,98429.568,2025-09-18,upstream_endpoints
2025-09-19,upstream,98487.302,2025-09-19,upstream_endpoints
2025-09-20,upstream,98487.302,2025-09-20,upstream_endpoints
2025-09-21,upstream,98487.302,2025-09-21,upstream_endpoints
2025-09-22,upstream,98487.302,2025-09-22,upstream_endpoints
2025-09-23,upstream,98586.901,2025-09-23,upstream_endpoints
2025-09-24,upstream,98586.901,2025-09-24,upstream_endpoints
2025-09-25,upstream,98625.95,2025-09-25,upstream_endpoints
2025-09-26,upstream,98625.95,2025-09-26,upstream_endpoints
2025-09-27,upstream,98625.95,2025-09-27,upstream_endpoints
2025-09-28,upstream,98625.95,2025-09-28,upstream_endpoints
2025-09-29,upstream,98625.95,2025-09-29,upstream_endpoints
2025-09-30,upstream,98625.95,2025-09-30,upstream_endpoints
2025-10-01,upstream,98695.309,2025-10-01,upstream_endpoints
2025-10-02,upstream,98695.309,2025-10-02,upstream_endpoints
2025-10-03,upstream,98695.309,2025-10-03,upstream_endpoints
2025-10-04,upstream,98789.383,2025-10-04,upstream_endpoints
2025-10-05,upstream,98815.951,2025-10-05,upstream_endpoints
2025-10-06,upstream,98815.951,2025-10-06,upstream_endpoints
2025-10-07,upstream,98821.968,2025-10-07,upstream_endpoints
2025-10-08,upstream,98824.307,2025-10-08,upstream_endpoints
2025-10-09,upstream,98824.307,2025-10-09,upstream_endpoints
2025-10-10,upstream,98884.476,2025-10-10,upstream_endpoints
2025-10-11,upstream,98757.434,2025-10-11,upstream_endpoints
2025-10-12,upstream,98757.434,2025-10-12,upstream_endpoints
2025-10-13,upstream,98757.434,2025-10-13,upstream_endpoints
2025-10-14,upstream,98757.434,2025-10-14,upstream_endpoints
2025-10-15,upstream,98809.695,2025-10-15,upstream_endpoints
2025-10-16,upstream,98809.695,2025-10-16,upstream_endpoints
2025-10-17,upstream,98841.776,2025-10-17,upstream_endpoints
2025-10-18,upstream,98838.744,2025-10-18,upstream_endpoints
2025-10-19,upstream,98838.744,2025-10-19,upstream_endpoints
2025-10-20,upstream,98838.744,2025-10-20,upstream_endpoints
2025-10-21,upstream,98891.889,2025-10-21,upstream_endpoints
2025-10-22,upstream,98798.319,2025-10-22,upstream_endpoints
2025-10-23,upstream,98798.319,2025-10-23,upstream_endpoints
2025-10-24,upstream,98798.319,2025-10-24,upstream_endpoints
2025-10-25,upstream,98814.291,2025-10-25,upstream_endpoints
2025-10-26,upstream,98814.291,2025-10-26,upstream_endpoints
2025-10-27,upstream,98814.291,2025-10-27,upstream_endpoints
2025-10-28,upstream,98907.811,2025-10-28,upstream_endpoints
2025-10-29,upstream,98907.811,2025-10-29,upstream_endpoints
2025-10-30,upstream,98932.468,2025-10-30,upstream_endpoints
2025-10-31,upstream,98976.97,2025-10-31,upstream_endpoints
2025-11-01,upstream,98982.939,2025-11-01,upstream_endpoints
2025-11-02,upstream,98982.939,2025-11-02,upstream_endpoints
2025-11-03,upstream,98982.939,2025-11-03,upstream_endpoints
2025-11-04,upstream,99053.341,2025-11-04,upstream_endpoints
2025-11-05,upstream,99056.878,2025-11-05,upstream_endpoints
2025-11-06,upstream,99056.878,2025-11-06,upstream_endpoints
2025-11-07,upstream,98938.634,2025-11-07,upstream_endpoints
2025-11-08,upstream,98978.755,2025-11-08,upstream_endpoints
2025-11-09,upstream,98978.755,2025-11-09,upstream_endpoints
2025-11-10,upstream,98978.755,2025-11-10,upstream_endpoints
2025-11-11,upstream,98978.755,2025-11-11,upstream_endpoints
2025-11-12,upstream,99078.337,2025-11-12,upstream_endpoints
2025-11-13,upstream,99105.012,2025-11-13,upstream_endpoints
2025-11-14,upstream,99105.012,2025-11-14,upstream_endpoints
2025-11-15,upstream,99105.012,2025-11-15,upstream_endpoints
2025-11-16,upstream,99105.012,2025-11-16,upstream_endpoints
2025-11-17,upstream,99105.012,2025-11-17,upstream_endpoints
2025-11-18,upstream,99105.012,2025-11-18,upstream_endpoints
2025-11-19,upstream,99250.628,2025-11-19,upstream_endpoints
2025-11-20,upstream,99386.868,2025-11-20,upstream_endpoints
2025-11-21,upstream,99392.527,2025-11-21,upstream_endpoints
2025-11-22,upstream,99463.708,2025-11-22,upstream_endpoints
2025-11-23,upstream,99463.708,2025-11-23,upstream_endpoints
2025-11-24,upstream,99463.708,2025-11-24,upstream_endpoints
2025-11-25,upstream,99481.608,2025-11-25,upstream_endpoints
2025-11-26,upstream,99481.608,2025-11-26,upstream_endpoints
2025-11-27,upstream,99561.119,2025-11-27,upstream_endpoints
2025-11-28,upstream,99561.119,2025-11-28,upstream_endpoints
2025-11-29,upstream,99561.119,2025-11-29,upstream_endpoints
2025-11-30,upstream,99561.119,2025-11-30,upstream_endpoints
2025-12-01,upstream,99561.119,2025-12-01,upstream_endpoints
2025-12-02,upstream,99553.725,2025-12-02,upstream_endpoints
2025-12-03,upstream,99553.725,2025-12-03,upstream_endpoints
2025-12-04,upstream,99567.87,2025-12-04,upstream_endpoints
2025-12-05,upstream,99605.942,2025-12-05,upstream_endpoints
2025-12-06,upstream,99633.163,2025-12-06,upstream_endpoints
2025-12-07,upstream,99633.163,2025-12-07,upstream_endpoints
2025-12-08,upstream,99633.163,2025-12-08,upstream_endpoints
2025-12-09,upstream,99633.163,2025-12-09,upstream_endpoints
2025-12-10,upstream,99633.163,2025-12-10,upstream_endpoints
2025-12-11,upstream,99656.613,2025-12-11,upstream_endpoints
2025-12-12,upstream,99703.262,2025-12-12,upstream_endpoints
2025-12-13,upstream,99703.262,2025-12-13,upstream_endpoints
2025-12-14,upstream,99703.262,2025-12-14,upstream_endpoints
2025-12-15,upstream,99703.262,2025-12-15,upstream_endpoints
2025-12-16,upstream,99662.8,2025-12-16,upstream_endpoints
2025-12-17,upstream,99662.8,2025-12-17,upstream_endpoints
2025-12-18,upstream,99662.8,2025-12-18,upstream_endpoints
2025-12-19,upstream,99715.107,2025-12-19,upstream_endpoints
2025-12-20,upstream,99715.107,2025-12-20,upstream_endpoints
2025-12-21,upstream,99715.107,2025-12-21,upstream_endpoints
2025-12-22,upstream,99732.801,2025-12-22,upstream_endpoints
2025-12-23,upstream,99742.671,2025-12-23,upstream_endpoints
2025-12-24,upstream,99742.671,2025-12-24,upstream_endpoints
2025-12-25,upstream,99753.985,2025-12-25,upstream_endpoints
2025-12-26,upstream,99753.985,2025-12-26,upstream_endpoints
2025-12-27,upstream,99753.985,2025-12-27,upstream_endpoints
2025-12-28,upstream,99855.156,2025-12-28,upstream_endpoints
2025-12-29,upstream,99855.156,2025-12-29,upstream_endpoints
2025-12-30,upstream,99855.156,2025-12-30,upstream_endpoints
2025-12-31,upstream,99855.156,2025-12-31,upstream_endpoints
2026-01-01,upstream,99855.156,2026-01-01,upstream_endpoints
2026-01-02,upstream,99855.156,2026-01-02,upstream_endpoints
2026-01-03,upstream,99875.269,2026-01-03,upstream_endpoints
2026-01-04,upstream,99875.269,2026-01-04,upstream_endpoints
2026-01-05,upstream,99875.269,2026-01-05,upstream_endpoints
2026-01-06,upstream,99857.429,2026-01-06,upstream_endpoints
2026-01-07,upstream,99857.429,2026-01-07,upstream_endpoints
2026-01-08,upstream,99797.824,2026-01-08,upstream_endpoints
2026-01-09,upstream,99797.824,2026-01-09,upstream_endpoints
2026-01-10,upstream,99797.824,2026-01-10,upstream_endpoints
2026-01-11,upstream,99797.824,2026-01-11,upstream_endpoints
2026-01-12,upstream,99797.824,2026-01-12,upstream_endpoints
2026-01-13,upstream,99797.824,2026-01-13,upstream_endpoints
2026-01-14,upstream,99940.72,2026-01-14,upstream_endpoints
2026-01-15,upstream,99940.72,2026-01-15,upstream_endpoints
2026-01-16,upstream,99940.72,2026-01-16,upstream_endpoints
2026-01-17,upstream,99940.72,2026-01-17,upstream_endpoints
2026-01-18,upstream,99940.72,2026-01-18,upstream_endpoints
2026-01-19,upstream,99940.72,2026-01-19,upstream_endpoints
2026-01-20,upstream,99953.514,2026-01-20,upstream_endpoints
2026-01-21,upstream,99970.288,2026-01-21,upstream_endpoints
2026-01-22,upstream,99970.288,2026-01-22,upstream_endpoints
2026-01-23,upstream,99970.288,2026-01-23,upstream_endpoints
2026-01-24,upstream,99970.288,2026-01-24,upstream_endpoints
2026-01-25,upstream,99970.288,2026-01-25,upstream_endpoints
2026-01-26,upstream,99970.288,2026-01-26,upstream_endpoints
2026-01-27,upstream,100072.152,2026-01-27,upstream_endpoints
2026-01-28,upstream,100070.076,2026-01-28,upstream_endpoints
2026-01-29,upstream,100070.076,2026-01-29,upstream_endpoints
2026-01-30,upstream,100070.076,2026-01-30,upstream_endpoints
2026-01-31,upstream,100070.076,2026-01-31,upstream_endpoints
2026-02-01,upstream,100070.076,2026-02-01,upstream_endpoints
2026-02-02,upstream,100070.076,2026-02-02,upstream_endpoints
2026-02-03,upstream,100070.076,2026-02-03,upstream_endpoints
2026-02-04,upstream,100131.357,2026-02-04,upstream_endpoints
2026-02-05,upstream,100131.357,2026-02-05,upstream_endpoints
2026-02-06,upstream,100235.87,2026-02-06,upstream_endpoints
2026-02-07,upstream,100235.87,2026-02-07,upstream_endpoints
2026-02-08,upstream,100235.87,2026-02-08,upstream_endpoints
2026-02-09,upstream,100235.87,2026-02-09,upstream_endpoints
2026-02-10,upstream,100235.87,2026-02-10,upstream_endpoints
2026-02-11,upstream,100235.87,2026-02-11,upstream_endpoints
2026-02-12,upstream,100235.87,2026-02-12,upstream_endpoints
2026-02-13,upstream,100228.645,2026-02-13,upstream_endpoints
2026-02-14,upstream,100228.645,2026-02-14,upstream_endpoints
2026-02-15,upstream,100228.645,2026-02-15,upstream_endpoints
2026-02-16,upstream,100228.645,2026-02-16,upstream_endpoints
2026-02-17,upstream,100093.428,2026-02-17,upstream_endpoints
2026-02-18,upstream,100093.428,2026-02-18,upstream_endpoints
2026-02-19,upstream,100093.428,2026-02-19,upstream_endpoints
2026-02-20,upstream,100093.428,2026-02-20,upstream_endpoints
2026-02-21,upstream,100135,2026-02-21,upstream_endpoints
2026-02-22,upstream,100135,2026-02-22,upstream_endpoints
2026-02-23,upstream,100135,2026-02-23,upstream_endpoints
2026-02-24,upstream,100078.349,2026-02-24,upstream_endpoints
2026-02-25,upstream,100078.349,2026-02-25,upstream_endpoints
2026-02-26,upstream,100078.349,2026-02-26,upstream_endpoints
2026-02-27,upstream,100078.349,2026-02-27,upstream_endpoints
2026-02-28,upstream,100078.349,2026-02-28,upstream_endpoints
2026-03-01,upstream,100078.349,2026-03-01,upstream_endpoints
2026-03-02,upstream,100078.349,2026-03-02,upstream_endpoints
2026-03-03,upstream,100078.349,2026-03-03,upstream_endpoints
2026-03-04,upstream,100078.349,2026-03-04,upstream_endpoints
2026-03-05,upstream,100078.349,2026-03-05,upstream_endpoints
2026-03-06,upstream,100078.349,2026-03-06,upstream_endpoints
2026-03-07,upstream,100144.871,2026-03-07,upstream_endpoints
2026-03-08,upstream,100144.871,2026-03-08,upstream_endpoints
2026-03-09,upstream,100164.682,2026-03-09,upstream_endpoints
2026-03-10,upstream,100118.721,2026-03-10,upstream_endpoints
2026-03-11,upstream,100118.721,2026-03-11,upstream_endpoints
2026-03-12,upstream,100148.59,2026-03-12,upstream_endpoints
2026-03-13,upstream,100148.59,2026-03-13,upstream_endpoints
2026-03-14,upstream,100148.59,2026-03-14,upstream_endpoints
2026-03-15,upstream,100148.59,2026-03-15,upstream_endpoints
2026-03-16,upstream,100148.59,2026-03-16,upstream_endpoints
2026-03-17,upstream,100148.59,2026-03-17,upstream_endpoints
2026-03-18,upstream,100012.134,2026-03-18,upstream_endpoints
2026-03-19,upstream,100012.134,2026-03-19,upstream_endpoints
2026-03-20,upstream,100012.134,2026-03-20,upstream_endpoints
2026-03-21,upstream,100012.134,2026-03-21,upstream_endpoints
2026-03-22,upstream,100012.134,2026-03-22,upstream_endpoints
2026-03-23,upstream,100012.134,2026-03-23,upstream_endpoints
2026-03-24,upstream,100004.831,2026-03-24,upstream_endpoints
2026-03-25,upstream,100004.831,2026-03-25,upstream_endpoints
2026-03-26,upstream,100004.831,2026-03-26,upstream_endpoints
2026-03-27,upstream,100004.831,2026-03-27,upstream_endpoints
2026-03-28,upstream,100004.831,2026-03-28,upstream_endpoints
2026-03-29,upstream,100004.831,2026-03-29,upstream_endpoints
2026-03-30,upstream,100004.831,2026-03-30,upstream_endpoints
2026-03-31,upstream,100004.831,2026-03-31,upstream_endpoints
2026-04-01,upstream,100004.831,2026-04-01,upstream_endpoints
2026-04-02,upstream,100067.67,2026-04-02,upstream_endpoints
2026-04-03,upstream,100060.942,2026-04-03,upstream_endpoints
2026-04-04,upstream,100060.942,2026-04-04,upstream_endpoints
2026-04-05,upstream,100060.942,2026-04-05,upstream_endpoints
2026-04-06,upstream,100060.942,2026-04-06,upstream_endpoints
2026-04-07,upstream,100060.942,2026-04-07,upstream_endpoints
2026-04-08,upstream,100060.942,2026-04-08,upstream_endpoints
2026-04-09,upstream,100060.942,2026-04-09,upstream_endpoints
2026-04-10,upstream,100060.942,2026-04-10,upstream_endpoints
2026-04-11,upstream,100060.942,2026-04-11,upstream_endpoints
2026-04-12,upstream,100060.942,2026-04-12,upstream_endpoints
2026-04-13,upstream,100060.942,2026-04-13,upstream_endpoints
2026-04-14,upstream,100060.942,2026-04-14,upstream_endpoints
2026-04-15,upstream,100064.53,2026-04-15,upstream_endpoints
2026-04-16,upstream,100064.53,2026-04-16,upstream_endpoints
2026-04-17,upstream,100064.53,2026-04-17,upstream_endpoints
2026-04-18,upstream,100064.53,2026-04-18,upstream_endpoints
2026-04-19,upstream,100064.53,2026-04-19,upstream_endpoints
2026-04-20,upstream,100064.53,2026-04-20,upstream_endpoints
2026-04-21,upstream,100064.53,2026-04-21,upstream_endpoints
2026-04-22,upstream,100064.53,2026-04-22,upstream_endpoints
2026-04-23,upstream,100064.53,2026-04-23,upstream_endpoints
2026-04-24,upstream,100064.53,2026-04-24,upstream_endpoints
2026-04-25,upstream,100064.53,2026-04-25,upstream_endpoints
2026-04-26,upstream,100064.53,2026-04-26,upstream_endpoints
2026-04-27,upstream,100064.53,2026-04-27,upstream_endpoints
2026-04-28,upstream,100064.53,2026-04-28,upstream_endpoints
2026-04-29,upstream,100171.419,2026-04-29,upstream_endpoints
2026-04-30,upstream,100308.78,2026-04-30,upstream_endpoints
2026-05-01,upstream,100308.78,2026-05-01,upstream_endpoints
2026-05-02,upstream,100336.498,2026-05-02,upstream_endpoints
2026-05-03,upstream,100336.498,2026-05-03,upstream_endpoints
2026-05-04,upstream,100336.498,2026-05-04,upstream_endpoints
2026-05-05,upstream,100254.114,2026-05-05,upstream_endpoints
2026-05-06,upstream,100287.644,2026-05-06,upstream_endpoints
2026-05-07,upstream,100287.644,2026-05-07,upstream_endpoints
2026-05-08,upstream,100287.644,2026-05-08,upstream_endpoints
2026-05-09,upstream,100287.644,2026-05-09,upstream_endpoints
2026-05-10,upstream,100287.644,2026-05-10,upstream_endpoints
2026-05-11,upstream,100287.644,2026-05-11,upstream_endpoints
2026-05-12,upstream,100287.644,2026-05-12,upstream_endpoints
2026-05-13,upstream,100287.644,2026-05-13,upstream_endpoints
2026-05-14,upstream,100287.644,2026-05-14,upstream_endpoints
2026-05-15,upstream,100287.644,2026-05-15,upstream_endpoints
2026-05-16,upstream,100287.644,2026-05-16,upstream_endpoints
2026-05-17,upstream,100287.644,2026-05-17,upstream_endpoints
2026-05-18,upstream,100311.463,2026-05-18,upstream_endpoints
2026-05-19,upstream,100311.463,2026-05-19,upstream_endpoints
2026-05-20,upstream,100311.463,2026-05-20,upstream_endpoints
2026-05-21,upstream,100311.463,2026-05-21,upstream_endpoints
2026-05-22,upstream,100449.709,2026-05-22,upstream_endpoints
2026-05-23,upstream,100449.709,2026-05-23,upstream_endpoints
2026-05-24,upstream,100449.709,2026-05-24,upstream_endpoints
2026-05-25,upstream,100449.709,2026-05-25,upstream_endpoints
2026-05-26,upstream,100449.709,2026-05-26,upstream_endpoints
2026-05-27,upstream,100448.788,2026-05-27,upstream_endpoints
2026-05-28,upstream,100473.23,2026-05-28,upstream_endpoints
2026-05-29,upstream,100473.23,2026-05-29,upstream_endpoints
2026-05-30,upstream,100473.23,2026-05-30,upstream_endpoints
2026-05-31,upstream,100473.23,2026-05-31,upstream_endpoints
2026-06-01,upstream,100486.844,2026-06-01,upstream_endpoints
2026-06-02,upstream,100486.844,2026-06-02,upstream_endpoints
2026-06-03,upstream,100501.23,2026-06-03,upstream_endpoints
2026-06-04,upstream,100501.23,2026-06-04,upstream_endpoints
2026-06-05,upstream,100501.23,2026-06-05,upstream_endpoints
2026-06-06,upstream,100501.23,2026-06-06,upstream_endpoints
2026-06-07,upstream,100501.23,2026-06-07,upstream_endpoints
2026-06-08,upstream,100501.23,2026-06-08,upstream_endpoints
2026-06-09,upstream,100501.23,2026-06-09,upstream_endpoints
2026-06-10,upstream,100501.23,2026-06-10,upstream_endpoints
2026-06-11,upstream,100500.214,2026-06-11,upstream_endpoints
2026-06-12,upstream,100500.214,2026-06-12,upstream_endpoints
2026-06-13,upstream,100628.638,2026-06-13,upstream_endpoints
2026-06-14,upstream,100628.638,2026-06-14,upstream_endpoints
2026-06-15,upstream,100628.638,2026-06-15,upstream_endpoints
2026-06-16,upstream,100641.542,2026-06-16,upstream_endpoints
2026-06-17,upstream,100561.999,2026-06-17,upstream_endpoints
2026-06-18,upstream,100561.999,2026-06-18,upstream_endpoints
2026-06-19,upstream,100571.036,2026-06-19,upstream_endpoints
2026-06-20,upstream,100571.036,2026-06-20,upstream_endpoints
2026-06-21,upstream,100571.036,2026-06-21,upstream_endpoints
2026-06-22,upstream,100571.036,2026-06-22,upstream_endpoints
2026-06-23,upstream,100571.036,2026-06-23,upstream_endpoints
2026-06-24,upstream,100626.3,2026-06-24,upstream_endpoints
2026-06-25,upstream,100626.3,2026-06-25,upstream_endpoints
2026-06-26,upstream,100679.98,2026-06-26,upstream_endpoints
2026-06-27,upstream,100679.98,2026-06-27,upstream_endpoints
2026-06-28,upstream,100679.98,2026-06-28,upstream_endpoints
2026-06-29,upstream,100736.141,2026-06-29,upstream_endpoints
2026-06-30,upstream,100736.141,2026-06-30,upstream_endpoints
2026-07-01,upstream,100785.792,2026-07-01,upstream_endpoints
2026-07-02,upstream,100842.031,2026-07-02,upstream_endpoints
2026-07-03,upstream,100910.898,2026-07-03,upstream_endpoints
2026-07-04,upstream,100910.898,2026-07-04,upstream_endpoints
2026-07-05,upstream,100910.898,2026-07-05,upstream_endpoints
2026-07-06,upstream,100910.898,2026-07-06,upstream_endpoints
2026-07-07,upstream,100910.898,2026-07-07,upstream_endpoints
2026-07-08,upstream,100904.643,2026-07-08,upstream_endpoints
2026-07-09,upstream,100907.052,2026-07-09,upstream_endpoints
2026-07-10,upstream,100905.42,2026-07-10,upstream_endpoints
2026-07-11,upstream,100883.594,2026-07-11,upstream_endpoints
2026-07-12,upstream,100883.594,2026-07-12,upstream_endpoints
2026-07-13,upstream,100883.594,2026-07-13,upstream_endpoints
2026-07-14,upstream,100883.594,2026-07-14,upstream_endpoints
2026-07-15,upstream,101017.832,2026-07-15,upstream_endpoints
2026-07-16,upstream,101022.499,2026-07-16,upstream_endpoints
2026-07-17,upstream,101033.313,2026-07-17,upstream_endpoints
2026-07-18,upstream,101033.313,2026-07-18,upstream_endpoints
2026-07-19,upstream,101055.049,2026-07-19,upstream_endpoints
2026-07-20,upstream,101055.049,2026-07-20,upstream_endpoints
2026-07-21,upstream,101055.049,2026-07-21,upstream_endpoints
2026-07-22,upstream,101055.049,2026-07-22,upstream_endpoints
2026-07-23,upstream,101055.049,2026-07-23,upstream_endpoints
2026-07-24,upstream,101055.049,2026-07-24,upstream_endpoints
2026-07-25,upstream,101055.049,2026-07-25,upstream_endpoints
2026-07-26,upstream,101055.049,2026-07-26,upstream_endpoints
2026-07-27,upstream,101055.049,2026-07-27,upstream_endpoints
2026-07-28,upstream,101055.049,2026-07-28,upstream_endpoints
2026-07-29,upstream,101030.522,2026-07-29,upstream_endpoints
2026-07-30,upstream,101056.673,2026-07-30,upstream_endpoints
2026-07-31,upstream,101056.673,2026-07-31,upstream_endpoints
2026-08-01,upstream,101056.673,2026-08-01,upstream_endpoints
2026-08-02,upstream,101056.673,2026-08-02,upstream_endpoints
2026-08-03,upstream,101056.673,2026-08-03,upstream_endpoints
2026-08-04,upstream,101056.673,2026-08-04,upstream_endpoints
2026-08-05,upstream,101056.673,2026-08-05,upstream_endpoints
2026-08-06,upstream,101056.673,2026-08-06,upstream_endpoints
2026-08-07,upstream,101056.673,2026-08-07,upstream_endpoints
2026-08-08,upstream,101118.602,2026-08-08,upstream_endpoints
2026-08-09,upstream,101118.602,2026-08-09,upstream_endpoints
2026-08-10,upstream,101118.602,2026-08-10,upstream_endpoints
2026-08-11,upstream,101118.602,2026-08-11,upstream_endpoints
2026-08-12,upstream,101131.747,2026-08-12,upstream_endpoints
2026-08-13,upstream,101178.022,2026-08-13,upstream_endpoints
2026-08-14,upstream,101189.12,2026-08-14,upstream_endpoints
2026-08-15,upstream,101189.12,2026-08-15,upstream_endpoints
2026-08-16,upstream,101189.12,2026-08-16,upstream_endpoints
2026-08-17,upstream,101189.12,2026-08-17,upstream_endpoints
2026-08-18,upstream,101207.208,2026-08-18,upstream_endpoints
2026-08-19,upstream,101011.466,2026-08-19,upstream_endpoints
2026-08-20,upstream,101011.466,2026-08-20,upstream_endpoints
2026-08-21,upstream,101011.466,2026-08-21,upstream_endpoints
2026-08-22,upstream,101011.466,2026-08-22,upstream_endpoints
2026-08-23,upstream,101011.466,2026-08-23,upstream_endpoints
2026-08-24,upstream,101011.466,2026-08-24,upstream_endpoints
2026-08-25,upstream,101011.466,2026-08-25,upstream_endpoints
2026-08-26,upstream,101011.466,2026-08-26,upstream_endpoints
2026-08-27,upstream,101011.466,2026-08-27,upstream_endpoints
2026-08-28,upstream,101011.466,2026-08-28,upstream_endpoints
2026-08-29,upstream,101011.466,2026-08-29,upstream_endpoints
2026-08-30,upstream,101011.466,2026-08-30,upstream_endpoints
2026-08-31,upstream,101011.466,2026-08-31,upstream_endpoints
2026-09-01,upstream,101011.466,2026-09-01,upstream_endpoints
2026-09-02,upstream,101011.466,2026-09-02,upstream_endpoints
