{
"type": "FeatureCollection",
"crs": { "type": "name", "properties": { "name": "urn:ogc:def:crs:OGC:1.3:CRS84" } },
"features": [
{ "type": "Feature", "properties": { "shapeName": "Avtonomna Respublika Krym", "shapeISO": "", "shapeID": "82583831B17032883652392", "shapeGroup": "UKR", "shapeType": "ADM1" }, "geometry": { "type": "MultiPolygon", "coordinates": [ [ [ [ 33.615847431, 46.134595645 ], [ 33.617197273, 46.121587787 ], [ 33.62037, 46.114310999 ], [ 33.634843, 46.096851 ], [ 33.642151449, 46.084284664 ], [ 33.642654999, 46.079706 ], [ 33.640091, 46.076119 ], [ 33.635794999, 46.074218999 ], [ 33.636164537, 46.077415444 ], [ 33.640808175, 46.081085281 ], [ 33.638160117, 46.081075051 ], [ 33.625333971, 46.070339073 ], [ 33.614722, 46.052798 ], [ 33.622471493, 46.006352552 ], [ 33.631261774, 45.983837482 ], [ 33.632029001, 45.966408999 ], [ 33.630646413, 45.957845728 ], [ 33.620033, 45.950178999 ], [ 33.618293579, 45.946668145 ], [ 33.62420478, 45.943383868 ], [ 33.634977181, 45.942192647 ], [ 33.639070981, 45.943130979 ], [ 33.637844976, 45.947401228 ], [ 33.639462508, 45.949597578 ], [ 33.655478628, 45.954856644 ], [ 33.681524512, 45.953837447 ], [ 33.690982223, 45.956423853 ], [ 33.722885377, 45.950996523 ], [ 33.740698, 45.952226999 ], [ 33.745507205, 45.951002046 ], [ 33.747138967, 45.948097669 ], [ 33.751380033, 45.949823322 ], [ 33.759239515, 45.934905209 ], [ 33.75954898, 45.931448106 ], [ 33.756686436, 45.930857956 ], [ 33.75696717, 45.927977101 ], [ 33.728720075, 45.927714071 ], [ 33.720111356, 45.924066873 ], [ 33.703473001, 45.910838 ], [ 33.694779, 45.9063975 ], [ 33.686262665, 45.910012615 ], [ 33.693312621, 45.911679167 ], [ 33.687965573, 45.912309898 ], [ 33.679111999, 45.906155001 ], [ 33.676319, 45.898169 ], [ 33.681370999, 45.876966 ], [ 33.680954, 45.869051 ], [ 33.68585964, 45.860132852 ], [ 33.686802999, 45.854182001 ], [ 33.683041948, 45.843105484 ], [ 33.681532789, 45.843635242 ], [ 33.680935006, 45.842330735 ], [ 33.678638999, 45.844093001 ], [ 33.682461, 45.849811 ], [ 33.659754001, 45.863941 ], [ 33.656321447, 45.869526715 ], [ 33.658850068, 45.871469221 ], [ 33.651087046, 45.873998235 ], [ 33.639505242, 45.872831926 ], [ 33.634183335, 45.880486014 ], [ 33.617738812, 45.886804971 ], [ 33.621495662, 45.886703295 ], [ 33.620690486, 45.888164412 ], [ 33.622064872, 45.886704715 ], [ 33.621409131, 45.887852639 ], [ 33.618825, 45.889503 ], [ 33.613597362, 45.890283335 ], [ 33.595748217, 45.88386198 ], [ 33.580097844, 45.867702587 ], [ 33.574254647, 45.867844452 ], [ 33.576884842, 45.870203791 ], [ 33.566744967, 45.86859774 ], [ 33.551727619, 45.848901331 ], [ 33.547008292, 45.837748149 ], [ 33.543466337, 45.83563631 ], [ 33.537802708, 45.834758 ], [ 33.540120438, 45.837598579 ], [ 33.534596739, 45.838884219 ], [ 33.535578001, 45.844998999 ], [ 33.526673685, 45.848035544 ], [ 33.510913578, 45.841032311 ], [ 33.502603407, 45.840295751 ], [ 33.497616867, 45.848543529 ], [ 33.494854503, 45.848974539 ], [ 33.493832475, 45.850932953 ], [ 33.496714262, 45.857667258 ], [ 33.48892426, 45.853825216 ], [ 33.482650001, 45.853289999 ], [ 33.427946605, 45.835293996 ], [ 33.418510901, 45.830219244 ], [ 33.410535541, 45.822055802 ], [ 33.384501995, 45.803888583 ], [ 33.379237128, 45.798353281 ], [ 33.351638414, 45.783906309 ], [ 33.319298001, 45.771136 ], [ 33.298600001, 45.76646 ], [ 33.262257999, 45.754555 ], [ 33.238337397, 45.750890434 ], [ 33.223685143, 45.752566838 ], [ 33.203985891, 45.759268246 ], [ 33.187733, 45.767861999 ], [ 33.17842006, 45.775617751 ], [ 33.172359979, 45.782636202 ], [ 33.168796349, 45.789975452 ], [ 33.172344395, 45.799830511 ], [ 33.175466, 45.802021 ], [ 33.178878183, 45.800191915 ], [ 33.183161996, 45.805679632 ], [ 33.182356524, 45.80747499 ], [ 33.178551027, 45.807341447 ], [ 33.17314286, 45.804230691 ], [ 33.17115496, 45.800199497 ], [ 33.166362643, 45.783889952 ], [ 33.157472752, 45.738904003 ], [ 33.15315304, 45.731908538 ], [ 33.139587708, 45.71979306 ], [ 33.126833286, 45.71840934 ], [ 33.12366702, 45.715303545 ], [ 33.114698722, 45.711879755 ], [ 33.098957034, 45.713346692 ], [ 33.096155793, 45.714762402 ], [ 33.079144347, 45.706493752 ], [ 33.068208501, 45.704866187 ], [ 33.050780999, 45.694675 ], [ 33.038980282, 45.692274431 ], [ 33.0324698, 45.688628164 ], [ 33.024368062, 45.688539282 ], [ 33.015145919, 45.684368948 ], [ 33.007822768, 45.678680209 ], [ 33.002202586, 45.677945898 ], [ 32.999628067, 45.67914141 ], [ 32.992601281, 45.674840458 ], [ 32.982144149, 45.672412542 ], [ 32.966130434, 45.662211511 ], [ 32.956296087, 45.661077749 ], [ 32.948062161, 45.655621219 ], [ 32.941797051, 45.654275647 ], [ 32.933705692, 45.647968315 ], [ 32.922920719, 45.645135436 ], [ 32.918008618, 45.64156502 ], [ 32.898310791, 45.632788996 ], [ 32.828040096, 45.591716597 ], [ 32.821904195, 45.586507686 ], [ 32.82150475, 45.583617374 ], [ 32.83974896, 45.583398219 ], [ 32.843559498, 45.580773395 ], [ 32.845096831, 45.577012414 ], [ 32.845271645, 45.571054442 ], [ 32.842104927, 45.565213284 ], [ 32.835392535, 45.55902274 ], [ 32.82754453, 45.555431768 ], [ 32.829204615, 45.554048392 ], [ 32.830461381, 45.555087136 ], [ 32.833358006, 45.554266958 ], [ 32.834570739, 45.555619186 ], [ 32.83102025, 45.555169499 ], [ 32.837393725, 45.55785378 ], [ 32.829648644, 45.547671015 ], [ 32.825309826, 45.548473938 ], [ 32.823067581, 45.552764456 ], [ 32.82581935, 45.554725277 ], [ 32.819412501, 45.558907688 ], [ 32.815303815, 45.558040246 ], [ 32.810181768, 45.554247278 ], [ 32.804046788, 45.553251238 ], [ 32.798799351, 45.55556252 ], [ 32.799520906, 45.559054532 ], [ 32.792665823, 45.562177293 ], [ 32.790003884, 45.56164262 ], [ 32.784792899, 45.55996831 ], [ 32.783081549, 45.557556115 ], [ 32.771700393, 45.555941316 ], [ 32.746241162, 45.545929071 ], [ 32.734983585, 45.539996059 ], [ 32.72443869, 45.53098682 ], [ 32.711299846, 45.52847884 ], [ 32.709380595, 45.526143346 ], [ 32.713487735, 45.524110503 ], [ 32.710175076, 45.521686367 ], [ 32.713802384, 45.519904589 ], [ 32.712334763, 45.516719154 ], [ 32.705055033, 45.514055489 ], [ 32.699435054, 45.514123394 ], [ 32.69685731, 45.510091219 ], [ 32.689704571, 45.509448351 ], [ 32.693503132, 45.51477899 ], [ 32.696988202, 45.516793553 ], [ 32.698714087, 45.515859788 ], [ 32.693976718, 45.51990059 ], [ 32.69538097, 45.522095366 ], [ 32.692456474, 45.522849625 ], [ 32.68190583, 45.516928784 ], [ 32.679969468, 45.517885521 ], [ 32.667571685, 45.514249212 ], [ 32.653645771, 45.5071436 ], [ 32.626482936, 45.497019768 ], [ 32.621143281, 45.494439182 ], [ 32.620417086, 45.492423694 ], [ 32.616993387, 45.492508367 ], [ 32.593115055, 45.483592903 ], [ 32.591557275, 45.480259226 ], [ 32.588018173, 45.481475592 ], [ 32.584299351, 45.480190895 ], [ 32.582592123, 45.477928749 ], [ 32.563754475, 45.469866284 ], [ 32.555239735, 45.462995105 ], [ 32.548713898, 45.460217985 ], [ 32.546982415, 45.45833969 ], [ 32.548506002, 45.456532 ], [ 32.544866371, 45.456930225 ], [ 32.539638893, 45.454597791 ], [ 32.538291013, 45.451562634 ], [ 32.540260525, 45.44973454 ], [ 32.531350318, 45.444473455 ], [ 32.525916001, 45.437511 ], [ 32.500591, 45.422379 ], [ 32.490217001, 45.409739999 ], [ 32.491319596, 45.406471296 ], [ 32.482617854, 45.404152834 ], [ 32.479924658, 45.395663179 ], [ 32.480395, 45.389932 ], [ 32.488872, 45.385998 ], [ 32.506001135, 45.383922955 ], [ 32.513705, 45.375552 ], [ 32.51499946, 45.367421777 ], [ 32.51295887, 45.361050085 ], [ 32.494952, 45.349693001 ], [ 32.494115952, 45.346775308 ], [ 32.515635999, 45.341531 ], [ 32.527531999, 45.34171 ], [ 32.537014, 45.338721 ], [ 32.542049644, 45.339178036 ], [ 32.547627033, 45.337682846 ], [ 32.549570571, 45.338590861 ], [ 32.551322221, 45.334743514 ], [ 32.57121656, 45.334647958 ], [ 32.572312375, 45.333883242 ], [ 32.570709053, 45.333053059 ], [ 32.579802614, 45.329116295 ], [ 32.583367022, 45.330019573 ], [ 32.596539972, 45.327988 ], [ 32.600225217, 45.33008994 ], [ 32.60453368, 45.326144472 ], [ 32.61694451, 45.325240911 ], [ 32.617654308, 45.322051647 ], [ 32.622474497, 45.319584166 ], [ 32.633217694, 45.320195792 ], [ 32.652296986, 45.315354192 ], [ 32.673044775, 45.321778707 ], [ 32.678340929, 45.326739729 ], [ 32.677646608, 45.329584283 ], [ 32.681134963, 45.332494153 ], [ 32.70988781, 45.342788538 ], [ 32.72918602, 45.35617606 ], [ 32.733876295, 45.356353466 ], [ 32.748178534, 45.363517729 ], [ 32.754700524, 45.365216246 ], [ 32.774610206, 45.366208277 ], [ 32.77814399, 45.367555675 ], [ 32.785649145, 45.365814852 ], [ 32.81668963, 45.366216809 ], [ 32.832155885, 45.368777147 ], [ 32.847930013, 45.367201715 ], [ 32.855198051, 45.36880323 ], [ 32.863431393, 45.366496594 ], [ 32.868415621, 45.36730859 ], [ 32.874759699, 45.365165824 ], [ 32.911040212, 45.360384841 ], [ 32.957267, 45.3418 ], [ 32.982713999, 45.329627915 ], [ 33.03231738, 45.294246906 ], [ 33.066673001, 45.274736 ], [ 33.098615281, 45.24685272 ], [ 33.108025499, 45.233972246 ], [ 33.115257842, 45.229503236 ], [ 33.123578971, 45.227234595 ], [ 33.136862961, 45.219211718 ], [ 33.148722, 45.203281 ], [ 33.16593438, 45.194318329 ], [ 33.171933901, 45.192711879 ], [ 33.185951932, 45.184291154 ], [ 33.206514885, 45.182623143 ], [ 33.228021606, 45.17429518 ], [ 33.254122804, 45.15119333 ], [ 33.259758958, 45.148004314 ], [ 33.267930755, 45.145934936 ], [ 33.268771005, 45.147018871 ], [ 33.282821335, 45.14814245 ], [ 33.287801388, 45.154596328 ], [ 33.294913837, 45.159151046 ], [ 33.29696457, 45.167048201 ], [ 33.303821495, 45.173159545 ], [ 33.316541795, 45.175100694 ], [ 33.332500376, 45.172825449 ], [ 33.350848955, 45.174940174 ], [ 33.357695145, 45.178293397 ], [ 33.362379, 45.182718 ], [ 33.379487175, 45.185892483 ], [ 33.375580727, 45.187240046 ], [ 33.375450492, 45.193308818 ], [ 33.382400535, 45.196755494 ], [ 33.390723388, 45.19795413 ], [ 33.40288858, 45.196422916 ], [ 33.413111308, 45.193392529 ], [ 33.435275, 45.183759 ], [ 33.460955518, 45.169407728 ], [ 33.493478329, 45.148246638 ], [ 33.520383999, 45.127020999 ], [ 33.548772632, 45.09875824 ], [ 33.567961529, 45.076208531 ], [ 33.582703795, 45.05024894 ], [ 33.602521, 45.00163 ], [ 33.60534759, 44.98020394 ], [ 33.599425154, 44.977367524 ], [ 33.598448506, 44.97509567 ], [ 33.609225568, 44.944570944 ], [ 33.613402249, 44.920023596 ], [ 33.613135854, 44.903762526 ], [ 33.607893775, 44.872160711 ], [ 33.598397583, 44.850417538 ], [ 33.593531288, 44.845970838 ], [ 33.587243579, 44.846293758 ], [ 33.573803493, 44.837772759 ], [ 33.567935223, 44.837738275 ], [ 33.560278, 44.841316 ], [ 33.553678, 44.839980999 ], [ 33.550078188, 44.834284053 ], [ 33.552062354, 44.819945431 ], [ 33.550348149, 44.810603042 ], [ 33.546898686, 44.804759728 ], [ 33.541365605, 44.801712678 ], [ 33.534131155, 44.791485993 ], [ 33.541231876, 44.763216703 ], [ 33.541609, 44.741083 ], [ 33.547719431, 44.729877739 ], [ 33.548902064, 44.721721978 ], [ 33.547063522, 44.714145618 ], [ 33.548728186, 44.693341852 ], [ 33.546392546, 44.672746664 ], [ 33.543694863, 44.659984437 ], [ 33.537325994, 44.647392114 ], [ 33.544006148, 44.640151871 ], [ 33.547472071, 44.643723334 ], [ 33.557224926, 44.645477745 ], [ 33.557215343, 44.639590999 ], [ 33.561145219, 44.639530463 ], [ 33.558288735, 44.634493686 ], [ 33.561460664, 44.635268109 ], [ 33.560213453, 44.629305391 ], [ 33.563186999, 44.629431 ], [ 33.564773646, 44.626802012 ], [ 33.566970684, 44.626463425 ], [ 33.571034381, 44.629981672 ], [ 33.573704078, 44.627875185 ], [ 33.572299211, 44.622466173 ], [ 33.56755364, 44.621508443 ], [ 33.567471327, 44.620298092 ], [ 33.573838591, 44.619937738 ], [ 33.576748151, 44.621304356 ], [ 33.5806796, 44.617490344 ], [ 33.586907026, 44.616543546 ], [ 33.584274264, 44.61589997 ], [ 33.590399993, 44.615677701 ], [ 33.590256723, 44.612763984 ], [ 33.58528006, 44.614107284 ], [ 33.587482324, 44.612774757 ], [ 33.595559578, 44.611422298 ], [ 33.60063549, 44.613995767 ], [ 33.601878773, 44.609870118 ], [ 33.600929503, 44.609174764 ], [ 33.59908271, 44.610887217 ], [ 33.598003096, 44.607863245 ], [ 33.594580791, 44.61049477 ], [ 33.575309508, 44.612009875 ], [ 33.575383888, 44.613134863 ], [ 33.574423499, 44.612037502 ], [ 33.571054299, 44.61493706 ], [ 33.569942969, 44.613571935 ], [ 33.567286873, 44.607375398 ], [ 33.573704615, 44.606628846 ], [ 33.577923124, 44.6024116 ], [ 33.571062311, 44.597909148 ], [ 33.573505378, 44.595063528 ], [ 33.568058806, 44.590742692 ], [ 33.573493127, 44.586642536 ], [ 33.580964, 44.574612 ], [ 33.578390102, 44.572907203 ], [ 33.570376133, 44.572417877 ], [ 33.553435122, 44.587344435 ], [ 33.547155507, 44.586919457 ], [ 33.543301012, 44.590536282 ], [ 33.541914366, 44.586150444 ], [ 33.53067752, 44.586073682 ], [ 33.533921618, 44.584103516 ], [ 33.529178, 44.581572 ], [ 33.531383566, 44.578118656 ], [ 33.528552501, 44.57626221 ], [ 33.535184101, 44.574036502 ], [ 33.533534856, 44.560481335 ], [ 33.536116695, 44.556894741 ], [ 33.534911799, 44.553051771 ], [ 33.536227979, 44.550535205 ], [ 33.528420001, 44.549193 ], [ 33.522464428, 44.551950649 ], [ 33.525419374, 44.553741016 ], [ 33.520901016, 44.561818216 ], [ 33.509528, 44.562992 ], [ 33.506523569, 44.567849047 ], [ 33.507917, 44.570952 ], [ 33.504003951, 44.573261938 ], [ 33.503253524, 44.576012921 ], [ 33.495957697, 44.571306003 ], [ 33.491231448, 44.573012696 ], [ 33.488758, 44.569587 ], [ 33.486072348, 44.568910983 ], [ 33.476552595, 44.575288117 ], [ 33.474339319, 44.567921925 ], [ 33.469457815, 44.570317263 ], [ 33.462641459, 44.569962697 ], [ 33.463306348, 44.571834771 ], [ 33.455432884, 44.571628676 ], [ 33.457316, 44.579758 ], [ 33.451620093, 44.586436551 ], [ 33.449239685, 44.586033348 ], [ 33.448857179, 44.582855652 ], [ 33.44743, 44.582893 ], [ 33.445455515, 44.570970215 ], [ 33.437819854, 44.575959516 ], [ 33.432775541, 44.584334286 ], [ 33.432981833, 44.588241279 ], [ 33.437417641, 44.590808664 ], [ 33.43844485, 44.597239955 ], [ 33.435957336, 44.598682236 ], [ 33.434023478, 44.594680529 ], [ 33.431456193, 44.596753034 ], [ 33.425940698, 44.598632119 ], [ 33.421876727, 44.593899269 ], [ 33.42430165, 44.594900634 ], [ 33.426984666, 44.593325654 ], [ 33.427214666, 44.582878616 ], [ 33.425023385, 44.581318274 ], [ 33.427949547, 44.581307347 ], [ 33.430393212, 44.579545945 ], [ 33.430270962, 44.576374039 ], [ 33.433676875, 44.576438876 ], [ 33.438452665, 44.572661849 ], [ 33.435424073, 44.570831118 ], [ 33.433813554, 44.572220312 ], [ 33.435208187, 44.573670476 ], [ 33.429044069, 44.574202508 ], [ 33.426357325, 44.573110369 ], [ 33.425379209, 44.578596769 ], [ 33.41884159, 44.583644428 ], [ 33.418846728, 44.587113517 ], [ 33.415925257, 44.587823669 ], [ 33.413903594, 44.58576792 ], [ 33.414950408, 44.581433032 ], [ 33.412860343, 44.578056282 ], [ 33.41513369, 44.575236009 ], [ 33.41224013, 44.572123581 ], [ 33.413917676, 44.569637555 ], [ 33.411648035, 44.563152641 ], [ 33.408458037, 44.577584596 ], [ 33.401561702, 44.570211571 ], [ 33.403025601, 44.582528477 ], [ 33.400608038, 44.58606968 ], [ 33.402380528, 44.590769 ], [ 33.397920669, 44.590685709 ], [ 33.393728267, 44.586279958 ], [ 33.386036207, 44.586260289 ], [ 33.378576789, 44.583240076 ], [ 33.3907731, 44.572406594 ], [ 33.392517192, 44.568981641 ], [ 33.399772322, 44.565108671 ], [ 33.402260984, 44.561245747 ], [ 33.400621672, 44.559438012 ], [ 33.407615669, 44.556951733 ], [ 33.409752182, 44.554226301 ], [ 33.414631203, 44.553161231 ], [ 33.416702243, 44.549390314 ], [ 33.425275115, 44.547750112 ], [ 33.424848513, 44.5466369 ], [ 33.428599036, 44.545889664 ], [ 33.428864811, 44.543614175 ], [ 33.435581731, 44.542264464 ], [ 33.435092373, 44.541173975 ], [ 33.439340431, 44.538486681 ], [ 33.458068066, 44.529468506 ], [ 33.463702163, 44.523755786 ], [ 33.468487593, 44.521891968 ], [ 33.469280629, 44.517111514 ], [ 33.47260344, 44.517441981 ], [ 33.474839289, 44.513977933 ], [ 33.479036577, 44.511938418 ], [ 33.477533336, 44.50967769 ], [ 33.481842371, 44.50855975 ], [ 33.482528932, 44.503065119 ], [ 33.487284244, 44.49785995 ], [ 33.489999661, 44.497556536 ], [ 33.495456578, 44.502508482 ], [ 33.500947802, 44.504033289 ], [ 33.510408836, 44.502771845 ], [ 33.513830442, 44.5007289 ], [ 33.521477295, 44.501857683 ], [ 33.525357048, 44.498495478 ], [ 33.538338077, 44.494792789 ], [ 33.548973725, 44.48874328 ], [ 33.554771347, 44.487770355 ], [ 33.575140888, 44.491929645 ], [ 33.584486753, 44.490141917 ], [ 33.593801078, 44.492463372 ], [ 33.592202707, 44.495283285 ], [ 33.597842379, 44.49768245 ], [ 33.597177802, 44.503319453 ], [ 33.59325427, 44.506988301 ], [ 33.592647191, 44.512045773 ], [ 33.582198163, 44.507869639 ], [ 33.578894605, 44.509656553 ], [ 33.580962412, 44.5121877 ], [ 33.580104, 44.516508 ], [ 33.583827, 44.514724 ], [ 33.592188, 44.518862 ], [ 33.593056957, 44.519959575 ], [ 33.589082813, 44.520739115 ], [ 33.589999797, 44.522875087 ], [ 33.600260677, 44.523213398 ], [ 33.599962628, 44.518662221 ], [ 33.605098471, 44.517490767 ], [ 33.609195087, 44.518412436 ], [ 33.607770432, 44.516841082 ], [ 33.621440922, 44.516346799 ], [ 33.621890602, 44.514748493 ], [ 33.616975467, 44.513174722 ], [ 33.616282288, 44.511228202 ], [ 33.610566092, 44.514227702 ], [ 33.611987808, 44.509666693 ], [ 33.61055346, 44.507489206 ], [ 33.599192773, 44.505762895 ], [ 33.603303907, 44.500145704 ], [ 33.601869429, 44.497317723 ], [ 33.598343215, 44.496067602 ], [ 33.595196137, 44.494673905 ], [ 33.596040548, 44.493548324 ], [ 33.600369178, 44.493635458 ], [ 33.61581694, 44.488447225 ], [ 33.619204409, 44.484656074 ], [ 33.630005332, 44.479448122 ], [ 33.63295579, 44.473120389 ], [ 33.635670377, 44.471994792 ], [ 33.637718465, 44.463797914 ], [ 33.639727699, 44.462995883 ], [ 33.643572128, 44.453150097 ], [ 33.641542881, 44.449504917 ], [ 33.642991617, 44.448627952 ], [ 33.642382308, 44.440461385 ], [ 33.649094723, 44.426699439 ], [ 33.666984001, 44.418471999 ], [ 33.675889, 44.417148999 ], [ 33.684046501, 44.4169015 ], [ 33.687133001, 44.418796 ], [ 33.694475, 44.418871 ], [ 33.704669, 44.421894 ], [ 33.707996, 44.420767 ], [ 33.709997, 44.414003 ], [ 33.71551, 44.412829 ], [ 33.7170805, 44.408937999 ], [ 33.720953001, 44.4057855 ], [ 33.726658, 44.393272 ], [ 33.738183001, 44.387391 ], [ 33.758578737, 44.390914381 ], [ 33.767577963, 44.387972333 ], [ 33.773007739, 44.388621734 ], [ 33.777203904, 44.386411331 ], [ 33.780460642, 44.388518647 ], [ 33.783566032, 44.387730376 ], [ 33.791127641, 44.389788716 ], [ 33.799591266, 44.395738634 ], [ 33.804768359, 44.393436754 ], [ 33.808356721, 44.395882752 ], [ 33.820356174, 44.395719781 ], [ 33.822334437, 44.399385763 ], [ 33.828012297, 44.400899004 ], [ 33.834867427, 44.40047989 ], [ 33.838997127, 44.404663117 ], [ 33.855570515, 44.404721489 ], [ 33.861518581, 44.40700519 ], [ 33.869321001, 44.403965 ], [ 33.880924172, 44.404490611 ], [ 33.895329432, 44.402221988 ], [ 33.898634853, 44.403267932 ], [ 33.901266718, 44.401339206 ], [ 33.936721, 44.394638001 ], [ 33.940491961, 44.391972971 ], [ 33.970478555, 44.391675661 ], [ 33.979588001, 44.39482 ], [ 33.983253511, 44.399852694 ], [ 33.989667999, 44.401178001 ], [ 33.995223932, 44.399820473 ], [ 33.998134359, 44.401574435 ], [ 34.001134219, 44.400290466 ], [ 34.001669226, 44.402409215 ], [ 34.009873398, 44.40310942 ], [ 34.018186831, 44.407810836 ], [ 34.02844085, 44.405366528 ], [ 34.034459813, 44.405569029 ], [ 34.040504711, 44.409699696 ], [ 34.043217249, 44.414611651 ], [ 34.047443572, 44.414930268 ], [ 34.052394269, 44.418204074 ], [ 34.056781436, 44.417948132 ], [ 34.064725163, 44.422595899 ], [ 34.070514772, 44.42266585 ], [ 34.073296202, 44.421180771 ], [ 34.094375183, 44.428396184 ], [ 34.10229, 44.426160001 ], [ 34.110414, 44.428953 ], [ 34.124127999, 44.427957 ], [ 34.128881956, 44.430544331 ], [ 34.128029397, 44.432269083 ], [ 34.130494, 44.433636 ], [ 34.13589268, 44.447290475 ], [ 34.1436557, 44.455336461 ], [ 34.149024344, 44.463461951 ], [ 34.15102136, 44.471333948 ], [ 34.155218123, 44.474669476 ], [ 34.160565006, 44.485968475 ], [ 34.168444698, 44.495512232 ], [ 34.171932883, 44.494812136 ], [ 34.169286387, 44.491205015 ], [ 34.175263693, 44.496835964 ], [ 34.183074071, 44.499159318 ], [ 34.190417933, 44.500344699 ], [ 34.199554468, 44.499205966 ], [ 34.206416339, 44.500978328 ], [ 34.206633075, 44.499222912 ], [ 34.203217155, 44.497543939 ], [ 34.207027056, 44.498961497 ], [ 34.206668657, 44.50126446 ], [ 34.211478267, 44.503373399 ], [ 34.231697604, 44.503823111 ], [ 34.2387517, 44.505906525 ], [ 34.250833806, 44.50682434 ], [ 34.260921097, 44.513356416 ], [ 34.271699292, 44.525430114 ], [ 34.276538613, 44.540277598 ], [ 34.291062413, 44.54568494 ], [ 34.295774369, 44.545334578 ], [ 34.298355586, 44.549673744 ], [ 34.303005235, 44.550549743 ], [ 34.306574953, 44.55317673 ], [ 34.314413215, 44.553735936 ], [ 34.337271666, 44.547568577 ], [ 34.347067998, 44.548831 ], [ 34.34639, 44.557542 ], [ 34.348513, 44.564782 ], [ 34.345607053, 44.568850663 ], [ 34.350321001, 44.579200001 ], [ 34.348495, 44.579951 ], [ 34.349387, 44.582969999 ], [ 34.352865043, 44.587273142 ], [ 34.361861541, 44.591710918 ], [ 34.370217, 44.591547 ], [ 34.375722766, 44.612259692 ], [ 34.380413052, 44.616495825 ], [ 34.385166282, 44.627473911 ], [ 34.399549684, 44.639564237 ], [ 34.403320328, 44.652859964 ], [ 34.411876648, 44.66386638 ], [ 34.416419, 44.673957 ], [ 34.419589333, 44.675721667 ], [ 34.421017784, 44.675102567 ], [ 34.420267999, 44.676771999 ], [ 34.422290639, 44.67677775 ], [ 34.431436, 44.686951 ], [ 34.440423001, 44.69312 ], [ 34.457143, 44.710442 ], [ 34.497068, 44.729926001 ], [ 34.502969041, 44.730887566 ], [ 34.517803, 44.736886999 ], [ 34.525445, 44.736663999 ], [ 34.533232, 44.738999001 ], [ 34.543439001, 44.747385001 ], [ 34.553849001, 44.753269999 ], [ 34.586426, 44.759602 ], [ 34.604519001, 44.772835 ], [ 34.622115001, 44.775866 ], [ 34.65032, 44.786697001 ], [ 34.669965, 44.787787999 ], [ 34.679745693, 44.791056899 ], [ 34.700437, 44.802786999 ], [ 34.708478, 44.804024 ], [ 34.729765, 44.812156 ], [ 34.747257001, 44.810461 ], [ 34.761815001, 44.816817 ], [ 34.778742, 44.819098 ], [ 34.789235001, 44.818083 ], [ 34.80681, 44.820181999 ], [ 34.834150001, 44.818982 ], [ 34.845283, 44.815189999 ], [ 34.8638224, 44.821738895 ], [ 34.873627623, 44.822408689 ], [ 34.884496089, 44.821171105 ], [ 34.885890547, 44.817983491 ], [ 34.89131, 44.816023 ], [ 34.896720001, 44.816026001 ], [ 34.898937, 44.818467999 ], [ 34.905282, 44.820876 ], [ 34.90775842, 44.819970742 ], [ 34.907283049, 44.81720842 ], [ 34.909685134, 44.816003696 ], [ 34.90998122, 44.821266328 ], [ 34.916995252, 44.821337893 ], [ 34.919214627, 44.822659268 ], [ 34.915318187, 44.826094894 ], [ 34.918832001, 44.830193 ], [ 34.933476, 44.831548999 ], [ 34.940564002, 44.836450001 ], [ 34.945515, 44.836259001 ], [ 34.952472, 44.838642 ], [ 34.958913266, 44.838213125 ], [ 34.962215803, 44.838956701 ], [ 34.963464001, 44.840866 ], [ 34.964526682, 44.839848418 ], [ 34.964663785, 44.841017112 ], [ 34.974767074, 44.839590163 ], [ 34.987605181, 44.835341971 ], [ 34.988766999, 44.830143 ], [ 34.992913001, 44.830808999 ], [ 35.001146409, 44.835657989 ], [ 35.00640875, 44.83252325 ], [ 35.016317085, 44.833501071 ], [ 35.023729, 44.830696999 ], [ 35.030529, 44.830231999 ], [ 35.036948, 44.826789999 ], [ 35.037192998, 44.824683001 ], [ 35.040401, 44.824153 ], [ 35.039519, 44.822387999 ], [ 35.041761, 44.82333 ], [ 35.041684, 44.821154999 ], [ 35.050947, 44.815261 ], [ 35.04744, 44.800965 ], [ 35.06438, 44.799156999 ], [ 35.074461, 44.796542999 ], [ 35.082269, 44.792334 ], [ 35.081632757, 44.793714515 ], [ 35.089239, 44.801499 ], [ 35.09643685, 44.80313177 ], [ 35.101321, 44.807207999 ], [ 35.109289, 44.807646999 ], [ 35.109994924, 44.811781603 ], [ 35.117422001, 44.818726001 ], [ 35.130196998, 44.823767 ], [ 35.128307, 44.830186 ], [ 35.136213, 44.858737001 ], [ 35.142512871, 44.867555017 ], [ 35.143893, 44.875260999 ], [ 35.157650427, 44.893788786 ], [ 35.167016152, 44.900997602 ], [ 35.176657644, 44.901725788 ], [ 35.187570156, 44.908796898 ], [ 35.199573179, 44.911641864 ], [ 35.20311848, 44.911107442 ], [ 35.20440303, 44.912601448 ], [ 35.213129774, 44.911336962 ], [ 35.223815219, 44.912252545 ], [ 35.22882, 44.915089 ], [ 35.2323305, 44.9150175 ], [ 35.232172, 44.916944999 ], [ 35.235560333, 44.916028668 ], [ 35.239688, 44.91823 ], [ 35.245016, 44.925203999 ], [ 35.243873, 44.925687 ], [ 35.246510499, 44.9266625 ], [ 35.248194, 44.932969 ], [ 35.253074, 44.937965999 ], [ 35.246373819, 44.948056501 ], [ 35.247848651, 44.954570305 ], [ 35.253891058, 44.960853372 ], [ 35.256127779, 44.960434167 ], [ 35.254809688, 44.961436309 ], [ 35.263348254, 44.966334967 ], [ 35.27374238, 44.969141338 ], [ 35.291055839, 44.967050498 ], [ 35.294206116, 44.965069895 ], [ 35.294457, 44.961558 ], [ 35.298870591, 44.966565883 ], [ 35.31372132, 44.970017115 ], [ 35.325492, 44.968256999 ], [ 35.327344625, 44.964796887 ], [ 35.335347967, 44.967320062 ], [ 35.342802967, 44.96649563 ], [ 35.353605541, 44.96278052 ], [ 35.355233828, 44.95928068 ], [ 35.353410918, 44.956541128 ], [ 35.366412829, 44.954308534 ], [ 35.369152735, 44.952012824 ], [ 35.375968102, 44.951032077 ], [ 35.380046292, 44.947249399 ], [ 35.383670333, 44.947292862 ], [ 35.384398001, 44.950365 ], [ 35.390897382, 44.954422407 ], [ 35.383981001, 44.955991999 ], [ 35.375767948, 44.954552795 ], [ 35.372904428, 44.955555293 ], [ 35.374442729, 44.954627754 ], [ 35.373215381, 44.95411293 ], [ 35.370377957, 44.954674978 ], [ 35.37163644, 44.955911864 ], [ 35.369595001, 44.955139001 ], [ 35.364206, 44.963112999 ], [ 35.364605448, 44.966672783 ], [ 35.362448318, 44.969545311 ], [ 35.353615, 44.975438 ], [ 35.357145868, 44.987352248 ], [ 35.365016952, 44.994484696 ], [ 35.37525549, 44.997586317 ], [ 35.382835707, 44.997959938 ], [ 35.388849401, 45.000782374 ], [ 35.401432499, 45.003533637 ], [ 35.425303, 45.013491001 ], [ 35.418200001, 45.016338 ], [ 35.416416, 45.02008 ], [ 35.412059001, 45.023045999 ], [ 35.399275, 45.024357999 ], [ 35.397008659, 45.030256906 ], [ 35.397919507, 45.02541227 ], [ 35.391111573, 45.024672802 ], [ 35.389046949, 45.026983675 ], [ 35.392911295, 45.02910071 ], [ 35.387268251, 45.029350443 ], [ 35.384144001, 45.032066001 ], [ 35.383184999, 45.039653 ], [ 35.391306999, 45.055713 ], [ 35.398649401, 45.06376095 ], [ 35.420122782, 45.081489036 ], [ 35.448065, 45.098209 ], [ 35.47420015, 45.109809581 ], [ 35.492882691, 45.115712646 ], [ 35.496952475, 45.115453889 ], [ 35.496688195, 45.117933782 ], [ 35.498716238, 45.117192747 ], [ 35.528811388, 45.125129163 ], [ 35.567570999, 45.130361 ], [ 35.604871139, 45.128466017 ], [ 35.670588693, 45.114119234 ], [ 35.713705927, 45.099224046 ], [ 35.764672873, 45.075729372 ], [ 35.778859715, 45.067296825 ], [ 35.787451275, 45.058331287 ], [ 35.809003665, 45.044467099 ], [ 35.816926415, 45.034319999 ], [ 35.812148952, 45.022333285 ], [ 35.819923089, 45.021430819 ], [ 35.832942155, 45.01371881 ], [ 35.835735124, 45.008127722 ], [ 35.830143667, 45.004197418 ], [ 35.836095549, 45.000063551 ], [ 35.840041728, 44.999422661 ], [ 35.864376, 45.003903 ], [ 35.878262056, 45.011442838 ], [ 35.893497178, 45.013775986 ], [ 35.899814497, 45.015555502 ], [ 35.902741976, 45.018243032 ], [ 35.911516445, 45.020243388 ], [ 35.930563261, 45.020447749 ], [ 35.94240368, 45.015162079 ], [ 35.953582998, 45.013185848 ], [ 35.984065031, 45.025837722 ], [ 35.991464883, 45.035874475 ], [ 36.001624561, 45.042010534 ], [ 36.016826078, 45.047372545 ], [ 36.033570941, 45.050495708 ], [ 36.081626099, 45.048311026 ], [ 36.159866081, 45.037455992 ], [ 36.200810748, 45.034371085 ], [ 36.21455933, 45.029036877 ], [ 36.22532606, 45.028229038 ], [ 36.23317941, 45.032406251 ], [ 36.236351442, 45.036274767 ], [ 36.245169058, 45.040548982 ], [ 36.247422981, 45.047760986 ], [ 36.259134, 45.051955999 ], [ 36.308305065, 45.058956917 ], [ 36.374534758, 45.059237287 ], [ 36.388143166, 45.066902986 ], [ 36.394599013, 45.067459025 ], [ 36.416816226, 45.076757595 ], [ 36.424503296, 45.078124591 ], [ 36.442947362, 45.087602336 ], [ 36.452648282, 45.096269648 ], [ 36.452844577, 45.104857776 ], [ 36.451279382, 45.10677585 ], [ 36.441680863, 45.111134013 ], [ 36.43810852, 45.115798276 ], [ 36.431453343, 45.117388528 ], [ 36.425211, 45.125908999 ], [ 36.424524862, 45.134115251 ], [ 36.421564413, 45.134851093 ], [ 36.420049, 45.137628 ], [ 36.418195401, 45.14900809 ], [ 36.419487037, 45.153137235 ], [ 36.416444657, 45.159375184 ], [ 36.416618247, 45.163679105 ], [ 36.409099086, 45.16779984 ], [ 36.405808748, 45.174058332 ], [ 36.406294754, 45.193213728 ], [ 36.403332934, 45.200630433 ], [ 36.402197, 45.21399 ], [ 36.409952148, 45.225895641 ], [ 36.421010325, 45.237149737 ], [ 36.419650174, 45.239648429 ], [ 36.42183127, 45.245313386 ], [ 36.433581484, 45.258473261 ], [ 36.437207641, 45.270267748 ], [ 36.436610707, 45.273450996 ], [ 36.427231041, 45.277162803 ], [ 36.42774848, 45.273659483 ], [ 36.430949891, 45.273879616 ], [ 36.429927964, 45.271262589 ], [ 36.433525533, 45.269445843 ], [ 36.432131145, 45.259151912 ], [ 36.41773515, 45.242479152 ], [ 36.413656705, 45.242971744 ], [ 36.418229167, 45.244809902 ], [ 36.424340436, 45.25137464 ], [ 36.424938137, 45.254680308 ], [ 36.42642399, 45.254617376 ], [ 36.417432935, 45.258519418 ], [ 36.408118788, 45.260156143 ], [ 36.417057816, 45.259182372 ], [ 36.426976662, 45.255423116 ], [ 36.428893885, 45.257887817 ], [ 36.424549864, 45.261634055 ], [ 36.423015627, 45.260988599 ], [ 36.420683584, 45.265426613 ], [ 36.429426069, 45.266094571 ], [ 36.417505847, 45.271553196 ], [ 36.415392536, 45.274704485 ], [ 36.418366071, 45.27544659 ], [ 36.416467213, 45.282905875 ], [ 36.422718816, 45.28959503 ], [ 36.433298737, 45.296164937 ], [ 36.479320343, 45.305435303 ], [ 36.484143982, 45.307812661 ], [ 36.480572062, 45.309008698 ], [ 36.48116461, 45.312205884 ], [ 36.49376161, 45.317661842 ], [ 36.48869707, 45.322455155 ], [ 36.488397203, 45.319909978 ], [ 36.477841952, 45.322024474 ], [ 36.473177881, 45.326912979 ], [ 36.470523611, 45.334863926 ], [ 36.470305216, 45.341792219 ], [ 36.47379737, 45.348302212 ], [ 36.475973398, 45.350482235 ], [ 36.482470157, 45.35188495 ], [ 36.482877153, 45.352857293 ], [ 36.478179706, 45.351774198 ], [ 36.476806515, 45.354675084 ], [ 36.477005973, 45.356216018 ], [ 36.479868394, 45.356185984 ], [ 36.477037779, 45.356442873 ], [ 36.479555184, 45.357046528 ], [ 36.478969994, 45.359159876 ], [ 36.481619553, 45.357637291 ], [ 36.481367757, 45.360338453 ], [ 36.483354272, 45.358413683 ], [ 36.484763849, 45.359142293 ], [ 36.482840226, 45.361044447 ], [ 36.487414687, 45.362506538 ], [ 36.490457477, 45.359554454 ], [ 36.491721581, 45.363571024 ], [ 36.493617631, 45.363789771 ], [ 36.49314858, 45.362588889 ], [ 36.495343542, 45.363757485 ], [ 36.498406272, 45.362692478 ], [ 36.501747098, 45.363518826 ], [ 36.504528331, 45.360620076 ], [ 36.509532718, 45.360487068 ], [ 36.517556448, 45.357181877 ], [ 36.519021722, 45.352378111 ], [ 36.534852139, 45.351431391 ], [ 36.537997251, 45.349704826 ], [ 36.536312922, 45.346255997 ], [ 36.541536325, 45.347637274 ], [ 36.544997298, 45.345529168 ], [ 36.547809998, 45.347013627 ], [ 36.55629039, 45.346842445 ], [ 36.565572609, 45.348789076 ], [ 36.581954063, 45.347289844 ], [ 36.588124374, 45.34840346 ], [ 36.596766177, 45.346302174 ], [ 36.603609962, 45.34844403 ], [ 36.608570763, 45.353631675 ], [ 36.607958669, 45.356116067 ], [ 36.609749047, 45.357495571 ], [ 36.610758022, 45.35647048 ], [ 36.60989927, 45.357626572 ], [ 36.614044683, 45.358745685 ], [ 36.61456721, 45.357721682 ], [ 36.61425981, 45.358781739 ], [ 36.620555298, 45.359936963 ], [ 36.623529983, 45.362538857 ], [ 36.629857811, 45.362116173 ], [ 36.624577402, 45.363227225 ], [ 36.626278873, 45.365266635 ], [ 36.627924548, 45.365007101 ], [ 36.628054624, 45.367039291 ], [ 36.631569678, 45.363840792 ], [ 36.628460545, 45.367205005 ], [ 36.628433654, 45.375017732 ], [ 36.638571909, 45.379131834 ], [ 36.641658277, 45.378883297 ], [ 36.646193107, 45.383025429 ], [ 36.640833746, 45.390189184 ], [ 36.63412163, 45.390939098 ], [ 36.628068351, 45.394061234 ], [ 36.607595, 45.409206001 ], [ 36.606020136, 45.413059334 ], [ 36.611856994, 45.417297024 ], [ 36.613510912, 45.422104372 ], [ 36.60476274, 45.42791568 ], [ 36.596032, 45.437766 ], [ 36.580970001, 45.440903 ], [ 36.57368181, 45.440477263 ], [ 36.567021549, 45.43652017 ], [ 36.567561839, 45.4282008 ], [ 36.559611, 45.424416 ], [ 36.553417228, 45.423511952 ], [ 36.528348991, 45.427379944 ], [ 36.516865377, 45.433332451 ], [ 36.506376876, 45.441520438 ], [ 36.499753035, 45.443961982 ], [ 36.493069659, 45.450185181 ], [ 36.476210055, 45.456340376 ], [ 36.468420675, 45.457428301 ], [ 36.458132999, 45.455855999 ], [ 36.446514989, 45.458782508 ], [ 36.442606621, 45.455495878 ], [ 36.442824463, 45.453119342 ], [ 36.435000916, 45.450195511 ], [ 36.433314856, 45.447061666 ], [ 36.421790002, 45.445093001 ], [ 36.413955215, 45.445782551 ], [ 36.386320787, 45.456679136 ], [ 36.369364565, 45.46861908 ], [ 36.357411, 45.470842 ], [ 36.345334253, 45.479411234 ], [ 36.344183587, 45.483511066 ], [ 36.340283145, 45.481660337 ], [ 36.342815066, 45.478332662 ], [ 36.339496648, 45.475073578 ], [ 36.325932877, 45.470431102 ], [ 36.310866025, 45.472743142 ], [ 36.300529976, 45.477172158 ], [ 36.295880241, 45.480910065 ], [ 36.290633, 45.480096 ], [ 36.284391194, 45.481467893 ], [ 36.28371, 45.480270001 ], [ 36.279327183, 45.480691533 ], [ 36.273976665, 45.478389484 ], [ 36.269762313, 45.478699227 ], [ 36.267286396, 45.477011583 ], [ 36.260523073, 45.47757385 ], [ 36.259108528, 45.476215503 ], [ 36.250081875, 45.47488531 ], [ 36.224873001, 45.473873 ], [ 36.213754578, 45.471099323 ], [ 36.204621484, 45.471686466 ], [ 36.199425998, 45.470314999 ], [ 36.192603445, 45.471947423 ], [ 36.176669311, 45.470631937 ], [ 36.139069146, 45.465946971 ], [ 36.096198333, 45.451083885 ], [ 36.082532001, 45.448095 ], [ 36.072645, 45.442034999 ], [ 36.069622879, 45.437365228 ], [ 36.075151418, 45.422102678 ], [ 36.071700743, 45.415455176 ], [ 36.073441729, 45.411352875 ], [ 36.072398294, 45.40687061 ], [ 36.065008247, 45.398079031 ], [ 36.048636921, 45.385766959 ], [ 36.027305318, 45.376107986 ], [ 36.005456842, 45.370916634 ], [ 35.988228019, 45.369891632 ], [ 35.961862083, 45.373341696 ], [ 35.938996753, 45.379985002 ], [ 35.910630732, 45.392295807 ], [ 35.882606267, 45.409229253 ], [ 35.859626757, 45.428029126 ], [ 35.850875521, 45.438056997 ], [ 35.845749902, 45.447465773 ], [ 35.846353, 45.450656 ], [ 35.859496762, 45.45368588 ], [ 35.868861, 45.458653 ], [ 35.872409988, 45.463251474 ], [ 35.872209027, 45.466729093 ], [ 35.862366093, 45.472145873 ], [ 35.856688, 45.472828 ], [ 35.8517659, 45.471733971 ], [ 35.850234026, 45.473406466 ], [ 35.844999731, 45.47302966 ], [ 35.831404419, 45.469485403 ], [ 35.820728839, 45.461150479 ], [ 35.818335978, 45.45390913 ], [ 35.820583386, 45.452155778 ], [ 35.820036102, 45.449854162 ], [ 35.822704955, 45.44825294 ], [ 35.826174941, 45.448995018 ], [ 35.828366711, 45.445662134 ], [ 35.825645242, 45.438134925 ], [ 35.819229127, 45.431615773 ], [ 35.810700046, 45.426203117 ], [ 35.798057355, 45.420928135 ], [ 35.789485322, 45.414088343 ], [ 35.772876276, 45.405752485 ], [ 35.772503171, 45.403518052 ], [ 35.761688007, 45.401085043 ], [ 35.755422587, 45.398216564 ], [ 35.755064446, 45.396691438 ], [ 35.753444468, 45.397043571 ], [ 35.751539482, 45.393994723 ], [ 35.748786797, 45.393832414 ], [ 35.749978311, 45.38990815 ], [ 35.747812844, 45.389513748 ], [ 35.748401168, 45.38788007 ], [ 35.762325082, 45.382649661 ], [ 35.761230166, 45.373361561 ], [ 35.750647879, 45.362375735 ], [ 35.728178947, 45.351787983 ], [ 35.725609879, 45.348512674 ], [ 35.729178466, 45.344969242 ], [ 35.728984948, 45.342630326 ], [ 35.7208, 45.334974 ], [ 35.716533696, 45.333125219 ], [ 35.706824, 45.333329999 ], [ 35.687620542, 45.330977707 ], [ 35.670299691, 45.32595362 ], [ 35.635540319, 45.321367692 ], [ 35.607492225, 45.314642051 ], [ 35.543436907, 45.290749952 ], [ 35.529757987, 45.283757158 ], [ 35.518300001, 45.284278 ], [ 35.488012998, 45.293902 ], [ 35.457385282, 45.306877703 ], [ 35.421919611, 45.325514878 ], [ 35.391576, 45.343793 ], [ 35.331923914, 45.387676014 ], [ 35.269746, 45.442932999 ], [ 35.238808, 45.474506 ], [ 35.20021, 45.518415 ], [ 35.112966202, 45.592926923 ], [ 35.086380759, 45.619085018 ], [ 35.060747, 45.647489999 ], [ 35.011268, 45.710057 ], [ 34.968018661, 45.772132197 ], [ 34.930293167, 45.83245214 ], [ 34.920628966, 45.832516724 ], [ 34.931874001, 45.812445 ], [ 34.940478001, 45.787122 ], [ 34.940221, 45.782807999 ], [ 34.945247774, 45.779770189 ], [ 34.952291284, 45.769881402 ], [ 34.958036, 45.766171 ], [ 34.960711593, 45.762053867 ], [ 34.965428664, 45.760248843 ], [ 34.969501785, 45.754724625 ], [ 34.982224228, 45.722364472 ], [ 34.989050003, 45.711573087 ], [ 34.999582149, 45.700625542 ], [ 35.006218634, 45.680542431 ], [ 35.008903279, 45.678519657 ], [ 35.008569788, 45.681532638 ], [ 35.017032008, 45.681745089 ], [ 35.029141486, 45.673641116 ], [ 35.051184443, 45.645493532 ], [ 35.056660001, 45.630872999 ], [ 35.062452, 45.622958 ], [ 35.063090555, 45.624646745 ], [ 35.06659519, 45.62563933 ], [ 35.072923842, 45.624256946 ], [ 35.081465243, 45.612754518 ], [ 35.086370345, 45.610736592 ], [ 35.088602879, 45.611277588 ], [ 35.087534733, 45.607611358 ], [ 35.092012107, 45.606757421 ], [ 35.085759257, 45.606064308 ], [ 35.091217601, 45.605301222 ], [ 35.089342001, 45.603538 ], [ 35.093036001, 45.603711 ], [ 35.092802176, 45.597346102 ], [ 35.101070783, 45.590045941 ], [ 35.129893825, 45.571860185 ], [ 35.136518529, 45.564473072 ], [ 35.143455, 45.551137 ], [ 35.150272695, 45.544417958 ], [ 35.160171, 45.540178 ], [ 35.179722001, 45.527280999 ], [ 35.213766515, 45.491806021 ], [ 35.224082949, 45.485248372 ], [ 35.255155755, 45.447204176 ], [ 35.275436145, 45.428624425 ], [ 35.286775356, 45.415209083 ], [ 35.29582136, 45.409472842 ], [ 35.306757266, 45.389249883 ], [ 35.31048022, 45.387722254 ], [ 35.311358885, 45.391875717 ], [ 35.315319953, 45.394585467 ], [ 35.323419859, 45.391245757 ], [ 35.343278125, 45.365542862 ], [ 35.347532163, 45.356781235 ], [ 35.352804172, 45.353386945 ], [ 35.360064999, 45.354597 ], [ 35.348449879, 45.361764098 ], [ 35.338779211, 45.374708095 ], [ 35.356253088, 45.36072753 ], [ 35.365079383, 45.35663877 ], [ 35.37580297, 45.345833761 ], [ 35.38502963, 45.341232201 ], [ 35.409413973, 45.307696668 ], [ 35.415851689, 45.301632923 ], [ 35.421390859, 45.299687137 ], [ 35.428925682, 45.303567251 ], [ 35.421266231, 45.300326282 ], [ 35.412998323, 45.304865679 ], [ 35.420703397, 45.306447412 ], [ 35.412352332, 45.310150562 ], [ 35.421627776, 45.31542459 ], [ 35.421051331, 45.312412733 ], [ 35.430229001, 45.31375 ], [ 35.432715613, 45.311977465 ], [ 35.437738194, 45.312176105 ], [ 35.436872639, 45.310100826 ], [ 35.442898659, 45.306311488 ], [ 35.455156599, 45.302019022 ], [ 35.459577, 45.304017 ], [ 35.474085001, 45.297923 ], [ 35.476742, 45.294916 ], [ 35.472492, 45.291155 ], [ 35.464926001, 45.278027 ], [ 35.468355325, 45.276051152 ], [ 35.470606176, 45.277778452 ], [ 35.472326596, 45.277137362 ], [ 35.48166937, 45.26850896 ], [ 35.480229259, 45.267190066 ], [ 35.472999272, 45.269080566 ], [ 35.468741048, 45.272075587 ], [ 35.462629783, 45.270271346 ], [ 35.463676, 45.263606 ], [ 35.468691001, 45.261557 ], [ 35.465475, 45.260018 ], [ 35.467128999, 45.258968 ], [ 35.473038001, 45.260301999 ], [ 35.470985999, 45.257822001 ], [ 35.458122001, 45.259775999 ], [ 35.460286864, 45.256515417 ], [ 35.454980001, 45.259108 ], [ 35.447988999, 45.257524999 ], [ 35.457672, 45.26116 ], [ 35.457383999, 45.263821 ], [ 35.453170001, 45.268212 ], [ 35.448101, 45.264905 ], [ 35.438436001, 45.263839 ], [ 35.410843998, 45.256932 ], [ 35.399007, 45.256635999 ], [ 35.383382141, 45.259441 ], [ 35.364837647, 45.243755886 ], [ 35.349687417, 45.251410892 ], [ 35.343752062, 45.248223582 ], [ 35.336903999, 45.250226999 ], [ 35.331385737, 45.25035224 ], [ 35.326382355, 45.248556198 ], [ 35.316310353, 45.249161697 ], [ 35.317781065, 45.250138353 ], [ 35.314610353, 45.251315697 ], [ 35.314023353, 45.255398697 ], [ 35.317382354, 45.255548698 ], [ 35.310555353, 45.256884697 ], [ 35.326899356, 45.257947697 ], [ 35.334328357, 45.262078698 ], [ 35.346684359, 45.263229698 ], [ 35.357079361, 45.266611697 ], [ 35.35250036, 45.268826697 ], [ 35.354232359, 45.269946697 ], [ 35.360178361, 45.272411697 ], [ 35.364551361, 45.272286698 ], [ 35.354382001, 45.281837 ], [ 35.341076471, 45.286343996 ], [ 35.322309, 45.290134999 ], [ 35.304482125, 45.297438548 ], [ 35.295036001, 45.298658999 ], [ 35.275941, 45.304816001 ], [ 35.265468, 45.312766 ], [ 35.260711506, 45.312800458 ], [ 35.254980759, 45.314936955 ], [ 35.241445881, 45.323994837 ], [ 35.215705112, 45.333353486 ], [ 35.20338721, 45.340782484 ], [ 35.19782089, 45.339987343 ], [ 35.164389758, 45.344545845 ], [ 35.158296243, 45.342137692 ], [ 35.154914924, 45.337962971 ], [ 35.152719237, 45.337972281 ], [ 35.149283015, 45.334367143 ], [ 35.145777993, 45.333272253 ], [ 35.138803812, 45.333786575 ], [ 35.124972999, 45.338127999 ], [ 35.097560217, 45.352877116 ], [ 35.080943432, 45.363834629 ], [ 35.062185453, 45.382408613 ], [ 35.042882001, 45.412756 ], [ 35.051539001, 45.394531999 ], [ 35.063199, 45.380287 ], [ 35.062598, 45.378893 ], [ 35.068493999, 45.373926001 ], [ 35.059982655, 45.362683317 ], [ 35.056420327, 45.363188948 ], [ 35.050587263, 45.360595878 ], [ 35.044239321, 45.360547338 ], [ 35.038012407, 45.358187654 ], [ 35.02687709, 45.357619228 ], [ 35.025064065, 45.358422979 ], [ 35.024843739, 45.361584374 ], [ 35.022476001, 45.362317999 ], [ 35.013590036, 45.361518763 ], [ 35.008442, 45.357023 ], [ 35.004830383, 45.359497397 ], [ 34.999245071, 45.357979744 ], [ 34.99325232, 45.360079571 ], [ 34.987785276, 45.35880368 ], [ 34.978042515, 45.359114438 ], [ 34.968984505, 45.36409122 ], [ 34.963399388, 45.373343106 ], [ 34.956608521, 45.376446316 ], [ 34.954472649, 45.379476275 ], [ 34.950375162, 45.37921413 ], [ 34.951301743, 45.382549174 ], [ 34.957559889, 45.381607016 ], [ 34.968780833, 45.386808293 ], [ 34.980200848, 45.395030876 ], [ 34.979749052, 45.398370341 ], [ 34.981959553, 45.396947793 ], [ 34.988975375, 45.398123634 ], [ 34.991566032, 45.39677143 ], [ 35.002810377, 45.396665969 ], [ 35.00670307, 45.406176622 ], [ 35.007478, 45.416344 ], [ 35.005177, 45.414168 ], [ 35.008918489, 45.423659439 ], [ 35.007492465, 45.42891112 ], [ 35.004749045, 45.430972833 ], [ 35.007, 45.432175 ], [ 35.009297001, 45.431138 ], [ 35.008363, 45.43343 ], [ 35.011202, 45.43588 ], [ 35.016109002, 45.436965 ], [ 35.018661123, 45.442362649 ], [ 35.025691999, 45.442866 ], [ 35.031943, 45.445369 ], [ 35.043549685, 45.454232102 ], [ 35.055416576, 45.458458591 ], [ 35.084714102, 45.465241287 ], [ 35.09657209, 45.476136563 ], [ 35.106230048, 45.481882578 ], [ 35.109558189, 45.486940463 ], [ 35.109291, 45.490791 ], [ 35.099765001, 45.491118999 ], [ 35.098569949, 45.493074168 ], [ 35.100661413, 45.495003379 ], [ 35.098523037, 45.49580908 ], [ 35.100425001, 45.496891999 ], [ 35.098097523, 45.499316983 ], [ 35.095315271, 45.499000271 ], [ 35.099464999, 45.503542 ], [ 35.094808227, 45.506225506 ], [ 35.094681001, 45.514679999 ], [ 35.091383, 45.516642 ], [ 35.092045, 45.518385999 ], [ 35.095383332, 45.518996369 ], [ 35.09287, 45.519407 ], [ 35.091582, 45.521792 ], [ 35.094181, 45.521693 ], [ 35.093793001, 45.522875999 ], [ 35.089527, 45.523136 ], [ 35.091774, 45.524573 ], [ 35.089616001, 45.528705 ], [ 35.087682001, 45.528072 ], [ 35.088854501, 45.5298 ], [ 35.087058001, 45.529440999 ], [ 35.086564001, 45.531503 ], [ 35.088744, 45.534227 ], [ 35.083012, 45.532229999 ], [ 35.083716001, 45.534501 ], [ 35.079655, 45.533761 ], [ 35.083258, 45.535756 ], [ 35.075291, 45.533978 ], [ 35.076611001, 45.537085 ], [ 35.072737001, 45.538155999 ], [ 35.0729445, 45.5404425 ], [ 35.070493, 45.541181999 ], [ 35.075188756, 45.540625241 ], [ 35.073741, 45.549606999 ], [ 35.070405, 45.548947 ], [ 35.074021, 45.550174 ], [ 35.070675, 45.550927 ], [ 35.073236001, 45.554514 ], [ 35.077695, 45.554338 ], [ 35.078253, 45.556884999 ], [ 35.076347, 45.558207 ], [ 35.073589001, 45.555942999 ], [ 35.070392, 45.557023999 ], [ 35.070092501, 45.561691 ], [ 35.06503, 45.561544999 ], [ 35.065828001, 45.562931 ], [ 35.069007001, 45.562463 ], [ 35.069497, 45.564047 ], [ 35.058387, 45.563843 ], [ 35.0559, 45.566411 ], [ 35.055892002, 45.569677 ], [ 35.052355, 45.568676999 ], [ 35.053469, 45.571832 ], [ 35.058831001, 45.573179999 ], [ 35.058007, 45.576257 ], [ 35.060329001, 45.57637 ], [ 35.057215, 45.578242999 ], [ 35.056974, 45.581175 ], [ 35.052798001, 45.581743999 ], [ 35.045948, 45.580105 ], [ 35.043568, 45.583632999 ], [ 35.041463, 45.582660999 ], [ 35.037264001, 45.586466 ], [ 35.037465999, 45.583165999 ], [ 35.035396, 45.582532 ], [ 35.031525, 45.58406 ], [ 35.030322, 45.582602999 ], [ 35.026021001, 45.583025 ], [ 35.023799, 45.585995999 ], [ 35.020195001, 45.5853 ], [ 35.026015, 45.588619 ], [ 35.025394, 45.591618 ], [ 35.02873, 45.592080999 ], [ 35.022451, 45.592694 ], [ 35.024901001, 45.592598 ], [ 35.025867, 45.594248999 ], [ 35.026848, 45.592912 ], [ 35.028904, 45.593226 ], [ 35.032618001, 45.596425 ], [ 35.030838, 45.599132 ], [ 35.036474501, 45.600913 ], [ 35.034130001, 45.604625999 ], [ 35.037446001, 45.605876 ], [ 35.033021, 45.607091 ], [ 35.037105, 45.606653999 ], [ 35.037111, 45.607781999 ], [ 35.031361001, 45.608645 ], [ 35.033553, 45.609716 ], [ 35.029399001, 45.610546999 ], [ 35.032251001, 45.614567999 ], [ 35.035863001, 45.614384 ], [ 35.037967001, 45.612392 ], [ 35.03737569, 45.619381241 ], [ 35.039359973, 45.616337697 ], [ 35.044111, 45.611939999 ], [ 35.046432001, 45.612113 ], [ 35.053153858, 45.608125267 ], [ 35.066154106, 45.589042664 ], [ 35.066460001, 45.583244999 ], [ 35.069962816, 45.584344014 ], [ 35.071650937, 45.58290174 ], [ 35.074559322, 45.566597179 ], [ 35.085792554, 45.556022943 ], [ 35.088542471, 45.542499072 ], [ 35.097192173, 45.529361346 ], [ 35.090506669, 45.541480388 ], [ 35.086915741, 45.555113592 ], [ 35.076590125, 45.566751669 ], [ 35.072263, 45.582691 ], [ 35.055450735, 45.605868372 ], [ 35.052467615, 45.609209 ], [ 35.046356753, 45.613155663 ], [ 35.042382803, 45.614361082 ], [ 35.039735953, 45.616761069 ], [ 35.02741535, 45.637411702 ], [ 35.013297241, 45.646196519 ], [ 34.997774608, 45.649406334 ], [ 34.9906997, 45.654511746 ], [ 34.983351651, 45.67061971 ], [ 34.984484882, 45.678969871 ], [ 34.981152928, 45.682555934 ], [ 34.967261819, 45.686959861 ], [ 34.949334111, 45.68324039 ], [ 34.936974445, 45.678578159 ], [ 34.924093867, 45.678537746 ], [ 34.913462644, 45.680824742 ], [ 34.902569311, 45.685197155 ], [ 34.890154032, 45.699173547 ], [ 34.873549669, 45.714178375 ], [ 34.862677213, 45.714456105 ], [ 34.844167455, 45.721985441 ], [ 34.852450888, 45.724730512 ], [ 34.852870128, 45.722102162 ], [ 34.86130089, 45.726449497 ], [ 34.869843212, 45.738693937 ], [ 34.879148343, 45.744517745 ], [ 34.879514419, 45.748689263 ], [ 34.877852761, 45.750186795 ], [ 34.866030243, 45.744171642 ], [ 34.809166926, 45.734951543 ], [ 34.787798, 45.733141999 ], [ 34.77792, 45.725067999 ], [ 34.763947001, 45.720802999 ], [ 34.751156, 45.722141 ], [ 34.745975, 45.721291 ], [ 34.737595, 45.715995 ], [ 34.720146, 45.711241 ], [ 34.719754001, 45.707266 ], [ 34.718099, 45.709977 ], [ 34.711242, 45.710577999 ], [ 34.696471001, 45.705431 ], [ 34.692015, 45.709629 ], [ 34.693206, 45.713485 ], [ 34.691595, 45.715822 ], [ 34.673831, 45.719138 ], [ 34.673515, 45.721657 ], [ 34.684198, 45.729463 ], [ 34.694035, 45.734064 ], [ 34.694621, 45.732301999 ], [ 34.69242, 45.730508999 ], [ 34.694789001, 45.731244 ], [ 34.695559, 45.733743 ], [ 34.701129, 45.737118999 ], [ 34.70721, 45.746497 ], [ 34.725219, 45.748746 ], [ 34.737507001, 45.747699 ], [ 34.739856, 45.744904999 ], [ 34.746021001, 45.752421999 ], [ 34.747711643, 45.766224216 ], [ 34.764233827, 45.772269135 ], [ 34.769532434, 45.780944347 ], [ 34.783623694, 45.792219132 ], [ 34.779857039, 45.796783501 ], [ 34.768873216, 45.802890258 ], [ 34.757471001, 45.80142 ], [ 34.762902, 45.79561 ], [ 34.761092551, 45.793834637 ], [ 34.75821542, 45.796928553 ], [ 34.754215155, 45.797236975 ], [ 34.754362959, 45.806749867 ], [ 34.745808001, 45.8107 ], [ 34.741936, 45.814511 ], [ 34.748142001, 45.815183999 ], [ 34.751144, 45.813464999 ], [ 34.749753, 45.812291 ], [ 34.757835999, 45.814938 ], [ 34.758576091, 45.810324233 ], [ 34.765635544, 45.80481114 ], [ 34.758802893, 45.81517924 ], [ 34.75104476, 45.822926215 ], [ 34.682826823, 45.806966393 ], [ 34.670138705, 45.801607825 ], [ 34.665259203, 45.796392481 ], [ 34.661291533, 45.795574748 ], [ 34.659773523, 45.797231751 ], [ 34.661928615, 45.80034317 ], [ 34.662110164, 45.806065962 ], [ 34.664281665, 45.807920462 ], [ 34.666591, 45.822465 ], [ 34.670930001, 45.827574 ], [ 34.674449001, 45.854983999 ], [ 34.687378, 45.861202999 ], [ 34.703968, 45.865138 ], [ 34.705053, 45.867984 ], [ 34.707782, 45.867572 ], [ 34.713481, 45.874337 ], [ 34.712984001, 45.868992 ], [ 34.715409001, 45.867335 ], [ 34.720672001, 45.869721999 ], [ 34.724392, 45.874303 ], [ 34.735267, 45.877846 ], [ 34.742391, 45.876746 ], [ 34.750969921, 45.87031832 ], [ 34.755743, 45.863414 ], [ 34.75873056, 45.864576952 ], [ 34.772365647, 45.87437137 ], [ 34.769118457, 45.876451564 ], [ 34.764958214, 45.884342202 ], [ 34.760700182, 45.899548832 ], [ 34.751345953, 45.897357259 ], [ 34.740004414, 45.887436666 ], [ 34.730228005, 45.8831129 ], [ 34.691098907, 45.876882948 ], [ 34.656435115, 45.866815108 ], [ 34.648304885, 45.861125706 ], [ 34.630403708, 45.852853435 ], [ 34.619630786, 45.844223595 ], [ 34.605675239, 45.839699884 ], [ 34.604308699, 45.838103931 ], [ 34.606334707, 45.833152026 ], [ 34.590742141, 45.824047833 ], [ 34.574468001, 45.818160999 ], [ 34.573474001, 45.816732 ], [ 34.576183, 45.814984999 ], [ 34.570252887, 45.810770485 ], [ 34.575482871, 45.813231308 ], [ 34.573594303, 45.810507267 ], [ 34.575307205, 45.810809524 ], [ 34.576966863, 45.815003646 ], [ 34.582431454, 45.815672738 ], [ 34.57919386, 45.812432109 ], [ 34.546817, 45.792930999 ], [ 34.523299, 45.786157999 ], [ 34.506653, 45.788315999 ], [ 34.502328001, 45.787299 ], [ 34.501788, 45.785823 ], [ 34.503977, 45.786252 ], [ 34.509659, 45.783411999 ], [ 34.511947, 45.784148999 ], [ 34.512141, 45.7829 ], [ 34.509346, 45.782078 ], [ 34.505131, 45.783278999 ], [ 34.503829, 45.781289 ], [ 34.494787, 45.781278 ], [ 34.501808, 45.782983 ], [ 34.503824998, 45.785407 ], [ 34.495640001, 45.784753999 ], [ 34.496758, 45.786688 ], [ 34.49518, 45.787171999 ], [ 34.483938, 45.785801 ], [ 34.482785001, 45.782997 ], [ 34.479621, 45.781635 ], [ 34.474177, 45.78201 ], [ 34.472282001, 45.783718 ], [ 34.475032, 45.786522 ], [ 34.478483, 45.786598 ], [ 34.478331001, 45.787892999 ], [ 34.473916501, 45.7900735 ], [ 34.470389001, 45.789893999 ], [ 34.475063001, 45.7903055 ], [ 34.47603877, 45.79254081 ], [ 34.471145001, 45.79616 ], [ 34.466009002, 45.7949915 ], [ 34.469833, 45.796668999 ], [ 34.46126, 45.799258 ], [ 34.460757, 45.802316 ], [ 34.473072001, 45.801725 ], [ 34.474271, 45.799045 ], [ 34.485877, 45.797332999 ], [ 34.487631, 45.798544999 ], [ 34.484458001, 45.801636 ], [ 34.489675, 45.806245 ], [ 34.492669, 45.802182999 ], [ 34.50125, 45.802667 ], [ 34.502962, 45.803844 ], [ 34.502788001, 45.808697 ], [ 34.505827, 45.809013999 ], [ 34.50882, 45.806203 ], [ 34.504962, 45.802744 ], [ 34.511211001, 45.804053 ], [ 34.515030752, 45.817027013 ], [ 34.521376335, 45.82178046 ], [ 34.531630347, 45.825800041 ], [ 34.554158995, 45.842101607 ], [ 34.555334013, 45.847660864 ], [ 34.553538034, 45.856069422 ], [ 34.555367301, 45.861761355 ], [ 34.587528173, 45.872096114 ], [ 34.60701847, 45.880017188 ], [ 34.61630674, 45.881362951 ], [ 34.624446529, 45.885176494 ], [ 34.627710682, 45.890505489 ], [ 34.632141154, 45.91363666 ], [ 34.616890001, 45.906152999 ], [ 34.616397001, 45.90295 ], [ 34.620188001, 45.897404 ], [ 34.618511, 45.892408 ], [ 34.614242951, 45.895277044 ], [ 34.611671502, 45.903656652 ], [ 34.612166001, 45.917308 ], [ 34.615627999, 45.922499999 ], [ 34.62169, 45.924286 ], [ 34.631359435, 45.923131869 ], [ 34.636790257, 45.918290761 ], [ 34.643256811, 45.927206978 ], [ 34.648886704, 45.93172464 ], [ 34.649960182, 45.93740997 ], [ 34.648323172, 45.940657944 ], [ 34.638258488, 45.950145221 ], [ 34.590784098, 45.967325008 ], [ 34.562806684, 45.986890569 ], [ 34.558349773, 45.988681912 ], [ 34.55381727, 45.987924624 ], [ 34.552107, 45.986202 ], [ 34.55546, 45.982954 ], [ 34.557851, 45.982227999 ], [ 34.564297, 45.983747 ], [ 34.563654001, 45.982536 ], [ 34.566386, 45.982622 ], [ 34.564135, 45.981712 ], [ 34.568098001, 45.981234999 ], [ 34.569382197, 45.979175416 ], [ 34.563561, 45.978990999 ], [ 34.562809001, 45.977555 ], [ 34.564958625, 45.976824332 ], [ 34.566916, 45.978288999 ], [ 34.566772723, 45.976386783 ], [ 34.558717307, 45.969488271 ], [ 34.556303999, 45.970017 ], [ 34.555239, 45.975875759 ], [ 34.55406756, 45.975204911 ], [ 34.554346281, 45.966240951 ], [ 34.561948868, 45.949589552 ], [ 34.56960098, 45.944043595 ], [ 34.573461009, 45.938983715 ], [ 34.584358, 45.920629999 ], [ 34.584531001, 45.916934 ], [ 34.587459001, 45.919154 ], [ 34.586286, 45.921652 ], [ 34.58967, 45.920362 ], [ 34.590248, 45.923721 ], [ 34.58622, 45.924948 ], [ 34.592604, 45.924893 ], [ 34.590028, 45.92015 ], [ 34.591978001, 45.916963 ], [ 34.589028, 45.91514 ], [ 34.587636001, 45.918454 ], [ 34.578214114, 45.911229471 ], [ 34.570844858, 45.908485697 ], [ 34.553391001, 45.918107999 ], [ 34.524842325, 45.928981721 ], [ 34.525516982, 45.926877445 ], [ 34.535053014, 45.923897875 ], [ 34.526619121, 45.910649503 ], [ 34.525041978, 45.902271029 ], [ 34.521087074, 45.894961395 ], [ 34.509216001, 45.880678 ], [ 34.498890999, 45.875081 ], [ 34.490487001, 45.872713999 ], [ 34.485583001, 45.872946 ], [ 34.485432002, 45.871936999 ], [ 34.493229, 45.870345 ], [ 34.488032999, 45.868004 ], [ 34.488533001, 45.86608 ], [ 34.4852, 45.866354999 ], [ 34.476204001, 45.861434 ], [ 34.474551018, 45.863449121 ], [ 34.4756835, 45.872352499 ], [ 34.472880001, 45.874159999 ], [ 34.481231001, 45.881564 ], [ 34.483921, 45.879047999 ], [ 34.483941, 45.880001999 ], [ 34.475533, 45.895663 ], [ 34.489977836, 45.917859536 ], [ 34.481932011, 45.927976352 ], [ 34.471197975, 45.936007465 ], [ 34.470693102, 45.939498223 ], [ 34.474594374, 45.944859319 ], [ 34.467147389, 45.936265701 ], [ 34.464432, 45.935477 ], [ 34.454379001, 45.941545 ], [ 34.440410001, 45.945429999 ], [ 34.436996, 45.942491 ], [ 34.443133001, 45.942227 ], [ 34.437600001, 45.939514 ], [ 34.439997, 45.93897 ], [ 34.446788001, 45.94156 ], [ 34.447887001, 45.940318999 ], [ 34.441303, 45.937657 ], [ 34.437486, 45.938353999 ], [ 34.428233, 45.934432 ], [ 34.437953, 45.936344999 ], [ 34.430130001, 45.933161999 ], [ 34.435779, 45.929183999 ], [ 34.434162, 45.920119 ], [ 34.435544, 45.913347999 ], [ 34.437787001, 45.914611 ], [ 34.436164, 45.9180855 ], [ 34.439776, 45.918397 ], [ 34.439896001, 45.909094 ], [ 34.434259001, 45.899793 ], [ 34.437903, 45.89749 ], [ 34.440024001, 45.891009 ], [ 34.434573002, 45.881275 ], [ 34.429718, 45.880635 ], [ 34.426151, 45.877851 ], [ 34.427426, 45.876314 ], [ 34.423712001, 45.874251999 ], [ 34.42, 45.874691 ], [ 34.422505, 45.875249 ], [ 34.434726, 45.889535 ], [ 34.430605999, 45.898129 ], [ 34.428992, 45.908918 ], [ 34.422723, 45.910057 ], [ 34.414892, 45.907787 ], [ 34.413175, 45.901459 ], [ 34.417183999, 45.900339001 ], [ 34.42004, 45.896866 ], [ 34.418891002, 45.889967 ], [ 34.415015, 45.888194999 ], [ 34.405602001, 45.888895 ], [ 34.40107, 45.884227 ], [ 34.399053, 45.888966001 ], [ 34.408828, 45.890497 ], [ 34.413824999, 45.893975 ], [ 34.412944001, 45.895761 ], [ 34.409847998, 45.895609 ], [ 34.406611999, 45.89961 ], [ 34.411937999, 45.904847 ], [ 34.404384999, 45.913175 ], [ 34.394677, 45.9107 ], [ 34.402539, 45.910581999 ], [ 34.397596, 45.906089001 ], [ 34.399867999, 45.91003 ], [ 34.396584, 45.908049 ], [ 34.393147, 45.901383 ], [ 34.395246, 45.901633 ], [ 34.394885999, 45.900729 ], [ 34.382696, 45.897981 ], [ 34.379174, 45.899177 ], [ 34.381944, 45.902005 ], [ 34.38215, 45.908407 ], [ 34.388283, 45.913081 ], [ 34.382485, 45.918276 ], [ 34.381195, 45.922241999 ], [ 34.385828001, 45.935469 ], [ 34.391457, 45.939317 ], [ 34.394042, 45.937489999 ], [ 34.392761998, 45.933929 ], [ 34.394757001, 45.936475999 ], [ 34.3968825, 45.93621 ], [ 34.387718001, 45.921988999 ], [ 34.390344, 45.917274 ], [ 34.401672, 45.917191999 ], [ 34.398099, 45.928104 ], [ 34.408077001, 45.925712 ], [ 34.41264, 45.920791 ], [ 34.418335001, 45.921215 ], [ 34.421040999, 45.923691999 ], [ 34.416234, 45.933029999 ], [ 34.407772, 45.938639 ], [ 34.408339, 45.943342 ], [ 34.409934, 45.943991 ], [ 34.410391001, 45.942148 ], [ 34.421097, 45.93954 ], [ 34.425621, 45.943491 ], [ 34.433928001, 45.944710999 ], [ 34.437466001, 45.946896999 ], [ 34.432998001, 45.953869 ], [ 34.426038001, 45.952819999 ], [ 34.424139, 45.954187999 ], [ 34.429418764, 45.956321243 ], [ 34.427762258, 45.959402701 ], [ 34.422328662, 45.960899485 ], [ 34.415013175, 45.966773988 ], [ 34.405738951, 45.970092246 ], [ 34.39278991, 45.985967277 ], [ 34.391492013, 45.992535731 ], [ 34.39379, 45.994188 ], [ 34.394569082, 45.998911778 ], [ 34.389797322, 46.006644993 ], [ 34.390704373, 46.009215696 ], [ 34.386364873, 46.010431085 ], [ 34.373466, 46.019532 ], [ 34.371551001, 46.019237999 ], [ 34.373986, 46.018206999 ], [ 34.373244, 46.016924 ], [ 34.366828001, 46.016585 ], [ 34.369501, 46.017756 ], [ 34.366539001, 46.019699 ], [ 34.365824001, 46.023731999 ], [ 34.369323001, 46.025012 ], [ 34.373629, 46.02304 ], [ 34.373695443, 46.023956503 ], [ 34.365200186, 46.027644361 ], [ 34.367362853, 46.025513195 ], [ 34.364700998, 46.026803 ], [ 34.356275466, 46.036852231 ], [ 34.347637132, 46.036387693 ], [ 34.347545, 46.038192 ], [ 34.337923001, 46.039668999 ], [ 34.323146, 46.038978999 ], [ 34.330042, 46.037814999 ], [ 34.337706, 46.039313999 ], [ 34.336738, 46.034512999 ], [ 34.340397001, 46.036694 ], [ 34.339811002, 46.038124 ], [ 34.343527001, 46.037972999 ], [ 34.345771501, 46.036054999 ], [ 34.344259, 46.033265 ], [ 34.346504, 46.031012 ], [ 34.340991, 46.028375 ], [ 34.336531, 46.0285 ], [ 34.333127, 46.026254 ], [ 34.335666501, 46.0295035 ], [ 34.3326185, 46.028939499 ], [ 34.330568001, 46.027296999 ], [ 34.3314445, 46.023391999 ], [ 34.329941001, 46.027064 ], [ 34.325476001, 46.026585 ], [ 34.322185, 46.029614 ], [ 34.319449, 46.028676 ], [ 34.319768002, 46.027269 ], [ 34.317145, 46.02862 ], [ 34.315342999, 46.027151 ], [ 34.319107499, 46.0255295 ], [ 34.316042, 46.025189999 ], [ 34.312676001, 46.0209895 ], [ 34.315072, 46.020562 ], [ 34.320150001, 46.025531 ], [ 34.3226175, 46.024523 ], [ 34.321998001, 46.022179 ], [ 34.327991, 46.024334999 ], [ 34.32531, 46.022895 ], [ 34.331903, 46.021069 ], [ 34.332587001, 46.019026999 ], [ 34.335535001, 46.019651 ], [ 34.337385, 46.015322999 ], [ 34.331056, 46.006624999 ], [ 34.331998001, 46.003237 ], [ 34.334795, 46.004797999 ], [ 34.335847001, 45.998545 ], [ 34.331226, 45.995676 ], [ 34.329231, 45.990599999 ], [ 34.321, 45.988545999 ], [ 34.322243, 45.994766999 ], [ 34.31249, 45.999033 ], [ 34.309591001, 46.005977 ], [ 34.306212, 46.006351999 ], [ 34.308005001, 45.998327 ], [ 34.305799001, 45.996999 ], [ 34.29757, 45.997203 ], [ 34.293857, 45.999066999 ], [ 34.299408998, 45.997774999 ], [ 34.305263, 45.999862 ], [ 34.306422001, 46.002371 ], [ 34.302177, 46.002114 ], [ 34.297467, 46.00395 ], [ 34.290594998, 46.002014 ], [ 34.289535543, 46.000480779 ], [ 34.283813, 46.002995 ], [ 34.276863001, 46.012126 ], [ 34.275067001, 46.020722 ], [ 34.280191001, 46.037898 ], [ 34.283258, 46.038933 ], [ 34.281827, 46.0369 ], [ 34.284574001, 46.03835 ], [ 34.285715001, 46.042275999 ], [ 34.279175, 46.050621999 ], [ 34.27508, 46.051375 ], [ 34.269968001, 46.049703999 ], [ 34.26658, 46.046535999 ], [ 34.269931, 46.048551999 ], [ 34.272474001, 46.045801 ], [ 34.282445, 46.042851 ], [ 34.275781, 46.041311 ], [ 34.268821, 46.041947999 ], [ 34.265576, 46.040465999 ], [ 34.262263, 46.037431 ], [ 34.269219, 46.035685999 ], [ 34.268195, 46.034618 ], [ 34.260074999, 46.036713999 ], [ 34.258329, 46.035166 ], [ 34.259338, 46.029685 ], [ 34.261703, 46.028201 ], [ 34.261848998, 46.022893 ], [ 34.269996001, 46.017953 ], [ 34.257428001, 46.02041 ], [ 34.255788366, 46.023564027 ], [ 34.25753, 46.026950999 ], [ 34.256208, 46.032769 ], [ 34.253031001, 46.027679 ], [ 34.253177001, 46.030282 ], [ 34.250043, 46.028329999 ], [ 34.252642999, 46.024164 ], [ 34.250697, 46.020355999 ], [ 34.248497001, 46.020284 ], [ 34.244834001, 46.016434999 ], [ 34.238959001, 46.015830999 ], [ 34.236816, 46.013031 ], [ 34.238996, 46.007656 ], [ 34.240875001, 46.007811 ], [ 34.238349, 46.001483 ], [ 34.236503001, 46.002549999 ], [ 34.235748001, 46.001483 ], [ 34.237326, 46.000028 ], [ 34.244166, 46.000466999 ], [ 34.246637, 45.998705999 ], [ 34.247243, 45.993810999 ], [ 34.249605, 45.993009 ], [ 34.247337001, 45.989021 ], [ 34.254397998, 45.984605 ], [ 34.25252, 45.982733 ], [ 34.249396, 45.986713999 ], [ 34.24779, 45.986321 ], [ 34.244707, 45.988864 ], [ 34.246711001, 45.993227 ], [ 34.240833, 45.994694999 ], [ 34.239332, 45.989225 ], [ 34.235667, 45.987919 ], [ 34.232367, 45.988641 ], [ 34.229377, 45.985385999 ], [ 34.229210116, 45.982959433 ], [ 34.230962826, 45.985225218 ], [ 34.236612002, 45.981095 ], [ 34.235364, 45.976185 ], [ 34.229793001, 45.982040999 ], [ 34.225566001, 45.981451999 ], [ 34.228206002, 45.983133 ], [ 34.22597, 45.982912999 ], [ 34.225240001, 45.984779 ], [ 34.227482001, 45.985327999 ], [ 34.228599, 45.984064 ], [ 34.228747001, 45.985689 ], [ 34.232087, 45.989142 ], [ 34.235326999, 45.988763999 ], [ 34.237765906, 45.990711962 ], [ 34.236384, 45.991016 ], [ 34.236399001, 45.997906999 ], [ 34.231622, 46.003053 ], [ 34.232031, 46.007416 ], [ 34.227415, 46.010833 ], [ 34.226226001, 46.016389 ], [ 34.229001501, 46.022855999 ], [ 34.232861238, 46.022813411 ], [ 34.236783, 46.01867 ], [ 34.240309, 46.01978 ], [ 34.240668001, 46.023042 ], [ 34.237488, 46.026047999 ], [ 34.240590001, 46.031582 ], [ 34.228541, 46.036198 ], [ 34.215503, 46.046344 ], [ 34.212174, 46.046251999 ], [ 34.212497, 46.039402 ], [ 34.209656001, 46.043233 ], [ 34.203544001, 46.044154999 ], [ 34.199141, 46.047346 ], [ 34.196032, 46.042866999 ], [ 34.193724, 46.048520999 ], [ 34.191669001, 46.049435 ], [ 34.191327814, 46.04824792 ], [ 34.185842, 46.051609 ], [ 34.167569, 46.050971 ], [ 34.164687, 46.057309 ], [ 34.166877999, 46.060337 ], [ 34.160164923, 46.059085003 ], [ 34.154720926, 46.060854716 ], [ 34.154085001, 46.059295 ], [ 34.156225001, 46.058949 ], [ 34.158062028, 46.055643472 ], [ 34.150638001, 46.04972 ], [ 34.146115, 46.049651999 ], [ 34.139576001, 46.054530999 ], [ 34.135641, 46.063023999 ], [ 34.135513, 46.06884 ], [ 34.132104, 46.064059999 ], [ 34.129348001, 46.063461999 ], [ 34.123182001, 46.068016999 ], [ 34.112163, 46.068401 ], [ 34.107770001, 46.065885 ], [ 34.10935129, 46.061854848 ], [ 34.104332998, 46.050424999 ], [ 34.115112, 46.055024 ], [ 34.118783002, 46.061702 ], [ 34.123555, 46.061061 ], [ 34.124473, 46.058526 ], [ 34.118713001, 46.057115999 ], [ 34.11669, 46.054015999 ], [ 34.122605002, 46.050679 ], [ 34.126514177, 46.052165135 ], [ 34.122712001, 46.046601999 ], [ 34.134097, 46.045129 ], [ 34.145205, 46.028153999 ], [ 34.152403, 46.027492999 ], [ 34.161640001, 46.023119 ], [ 34.164971, 46.01867 ], [ 34.164811, 46.014037 ], [ 34.171524, 46.013082999 ], [ 34.17525, 46.015863 ], [ 34.175170001, 46.018999 ], [ 34.172849001, 46.021082 ], [ 34.166551001, 46.021759 ], [ 34.165229, 46.026809 ], [ 34.187239, 46.023169 ], [ 34.186906, 46.018112999 ], [ 34.182727001, 46.015852 ], [ 34.181812999, 46.012657999 ], [ 34.191731001, 46.004963 ], [ 34.198786001, 46.003314 ], [ 34.193342, 45.997558999 ], [ 34.196439999, 45.995470999 ], [ 34.200914, 45.995591999 ], [ 34.201158, 45.989918999 ], [ 34.206523999, 45.980276 ], [ 34.206337001, 45.975298 ], [ 34.209276001, 45.968823 ], [ 34.206657, 45.960533999 ], [ 34.211943999, 45.957046 ], [ 34.216741, 45.95691 ], [ 34.216001, 45.954833 ], [ 34.219437001, 45.953586999 ], [ 34.220460001, 45.949178 ], [ 34.214715, 45.946233999 ], [ 34.213697, 45.948602 ], [ 34.211146001, 45.948445 ], [ 34.204454998, 45.955155 ], [ 34.196363, 45.950475 ], [ 34.196975, 45.949386999 ], [ 34.200957001, 45.950797999 ], [ 34.198856001, 45.947365 ], [ 34.194086001, 45.946977 ], [ 34.192385001, 45.944195 ], [ 34.187378001, 45.946806999 ], [ 34.170565, 45.947447 ], [ 34.17682, 45.943368999 ], [ 34.180896, 45.944445 ], [ 34.180440001, 45.942392 ], [ 34.181932, 45.942722999 ], [ 34.184655, 45.93703 ], [ 34.184499001, 45.931499 ], [ 34.182006002, 45.939420999 ], [ 34.180039, 45.940192 ], [ 34.179667001, 45.938581999 ], [ 34.176798, 45.937933 ], [ 34.173289002, 45.94189 ], [ 34.16811, 45.944146 ], [ 34.158014001, 45.943053999 ], [ 34.158107, 45.939982 ], [ 34.150144999, 45.937726999 ], [ 34.148044, 45.942878 ], [ 34.153333001, 45.950427 ], [ 34.152661001, 45.952487999 ], [ 34.140744, 45.955762999 ], [ 34.127847, 45.952302999 ], [ 34.120517001, 45.953397 ], [ 34.116765, 45.957912999 ], [ 34.11181, 45.969963999 ], [ 34.101306001, 45.981352999 ], [ 34.10347, 45.982303 ], [ 34.110490001, 45.98103 ], [ 34.123220001, 45.984153 ], [ 34.12961, 45.983097 ], [ 34.132967, 45.979546 ], [ 34.128628, 45.980315 ], [ 34.126348, 45.976871 ], [ 34.131277001, 45.975849999 ], [ 34.134048, 45.977585 ], [ 34.135416001, 45.975186999 ], [ 34.131617001, 45.973383999 ], [ 34.132373, 45.970491 ], [ 34.140693, 45.969393 ], [ 34.151677, 45.974464 ], [ 34.163611001, 45.984539 ], [ 34.180922, 45.993197 ], [ 34.18633, 46.001834 ], [ 34.181134001, 46.004046 ], [ 34.175051, 46.003299 ], [ 34.174102, 46.001911999 ], [ 34.17671, 45.998494999 ], [ 34.170921, 46.002162 ], [ 34.168105001, 46.002222999 ], [ 34.170178001, 45.999758999 ], [ 34.162925001, 45.999049 ], [ 34.159300001, 45.994989 ], [ 34.150326, 45.992767 ], [ 34.149361001, 45.989389 ], [ 34.147605001, 45.989495 ], [ 34.144937, 45.993094 ], [ 34.149137001, 45.993612 ], [ 34.152222001, 45.998568 ], [ 34.159087, 46.000931 ], [ 34.1648825, 46.00599175 ], [ 34.166937129, 46.005497749 ], [ 34.166456, 46.008925999 ], [ 34.159038001, 46.012578 ], [ 34.157774001, 46.018878 ], [ 34.150406, 46.022380001 ], [ 34.134364001, 46.02686 ], [ 34.123727, 46.024688 ], [ 34.121055501, 46.02529 ], [ 34.123954, 46.028012 ], [ 34.128709001, 46.026869999 ], [ 34.13036, 46.028151 ], [ 34.131286, 46.034235 ], [ 34.127924, 46.037536 ], [ 34.120098, 46.037626 ], [ 34.113388, 46.043221 ], [ 34.104729001, 46.042292 ], [ 34.091464001, 46.045453999 ], [ 34.092691, 46.049912 ], [ 34.089041, 46.066648999 ], [ 34.083239, 46.073725 ], [ 34.076486, 46.075186 ], [ 34.073041001, 46.071036999 ], [ 34.073423, 46.068668999 ], [ 34.082044, 46.067722999 ], [ 34.07589, 46.060915 ], [ 34.070800001, 46.067667999 ], [ 34.06347, 46.067829 ], [ 34.060550001, 46.064192 ], [ 34.063069, 46.068732 ], [ 34.062674, 46.076290999 ], [ 34.065805, 46.080775999 ], [ 34.058221, 46.084187 ], [ 34.055202, 46.089176999 ], [ 34.050559, 46.089417 ], [ 34.046040001, 46.091581999 ], [ 34.037315, 46.090521999 ], [ 34.036716001, 46.093697 ], [ 34.030021, 46.095078 ], [ 34.021144001, 46.101619999 ], [ 34.008563999, 46.099262999 ], [ 33.993587001, 46.10001 ], [ 33.976223, 46.098065 ], [ 33.953521, 46.093298 ], [ 33.944193528, 46.093758 ], [ 33.940886002, 46.082894 ], [ 33.935947001, 46.082720999 ], [ 33.934252501, 46.0840735 ], [ 33.933054934, 46.082798958 ], [ 33.93509128, 46.079418604 ], [ 33.950675192, 46.071752446 ], [ 33.9580435, 46.073051 ], [ 33.960365854, 46.075100046 ], [ 33.958935001, 46.063975 ], [ 33.964518, 46.067576999 ], [ 33.969767, 46.067989 ], [ 33.972577, 46.07195 ], [ 33.971549, 46.074832 ], [ 33.975304469, 46.072021986 ], [ 33.973651, 46.068631499 ], [ 33.975764, 46.066718 ], [ 33.97825, 46.066869999 ], [ 33.984038, 46.073291 ], [ 33.987705002, 46.072484 ], [ 33.985786979, 46.069468039 ], [ 33.991565111, 46.066350377 ], [ 33.989039999, 46.06713 ], [ 33.988545001, 46.065367999 ], [ 33.998269332, 46.062316666 ], [ 33.994695503, 46.0606095 ], [ 33.989922001, 46.063704 ], [ 33.9780095, 46.065914 ], [ 33.952282, 46.056366 ], [ 33.944084499, 46.056084 ], [ 33.952642001, 46.05057 ], [ 33.960062, 46.038679 ], [ 33.967426001, 46.03571 ], [ 33.969119001, 46.029569 ], [ 33.975772, 46.030241 ], [ 33.980174001, 46.026583999 ], [ 33.982992002, 46.027981 ], [ 33.983050501, 46.0311805 ], [ 33.986158, 46.028314999 ], [ 33.991335132, 46.028897269 ], [ 33.986794001, 46.027080999 ], [ 33.986904, 46.025205 ], [ 33.984951001, 46.0250045 ], [ 33.984675427, 46.026860472 ], [ 33.980573002, 46.02546 ], [ 33.980692501, 46.021589 ], [ 33.97753506, 46.026450042 ], [ 33.969955, 46.026573 ], [ 33.965621001, 46.028731 ], [ 33.963839001, 46.018906 ], [ 33.957199, 46.00683 ], [ 33.957463001, 46.015944 ], [ 33.962757001, 46.018926 ], [ 33.964573001, 46.029213999 ], [ 33.959131001, 46.033632 ], [ 33.956806001, 46.0337 ], [ 33.958734998, 46.032195 ], [ 33.954798, 46.032623 ], [ 33.9559915, 46.034002 ], [ 33.953007001, 46.0351755 ], [ 33.951523001, 46.0328855 ], [ 33.946183, 46.036665999 ], [ 33.936431, 46.039878999 ], [ 33.936833, 46.040891 ], [ 33.941053, 46.040195 ], [ 33.944799502, 46.037867 ], [ 33.945844999, 46.039613 ], [ 33.947361001, 46.0365715 ], [ 33.95125, 46.035332999 ], [ 33.949313, 46.041304 ], [ 33.944201001, 46.044748 ], [ 33.931330561, 46.045353631 ], [ 33.929995501, 46.0425705 ], [ 33.927387001, 46.046852 ], [ 33.928602001, 46.048582 ], [ 33.940073001, 46.046393 ], [ 33.942317615, 46.047062411 ], [ 33.935397, 46.063944 ], [ 33.941710001, 46.064232 ], [ 33.942440272, 46.063140569 ], [ 33.940177502, 46.063005 ], [ 33.946041, 46.061486 ], [ 33.948291302, 46.062357229 ], [ 33.9436, 46.069488 ], [ 33.935115232, 46.072463542 ], [ 33.9138772, 46.065553867 ], [ 33.911081608, 46.063308376 ], [ 33.912650231, 46.057983436 ], [ 33.907763461, 46.055339008 ], [ 33.906466257, 46.051854101 ], [ 33.913612365, 46.033851923 ], [ 33.907661178, 46.027798366 ], [ 33.907498614, 46.023774141 ], [ 33.908499952, 46.027945501 ], [ 33.909184354, 46.023350171 ], [ 33.901394224, 46.02015623 ], [ 33.904801964, 46.023265649 ], [ 33.90482417, 46.026024845 ], [ 33.893288123, 46.036794998 ], [ 33.888031985, 46.036520787 ], [ 33.881987169, 46.027514964 ], [ 33.879192751, 46.027974605 ], [ 33.872381094, 46.034043179 ], [ 33.873014783, 46.036759926 ], [ 33.879294936, 46.034498718 ], [ 33.884878232, 46.037254054 ], [ 33.885968776, 46.039363351 ], [ 33.883630326, 46.043688122 ], [ 33.885056458, 46.045432517 ], [ 33.895544758, 46.044579794 ], [ 33.898518514, 46.046123023 ], [ 33.900073131, 46.04480089 ], [ 33.90122587, 46.04609468 ], [ 33.897269762, 46.05305388 ], [ 33.892334501, 46.056235 ], [ 33.890555002, 46.075312999 ], [ 33.8859406, 46.081689375 ], [ 33.877026583, 46.088735573 ], [ 33.868282274, 46.092069222 ], [ 33.860313, 46.099312001 ], [ 33.84866, 46.103353999 ], [ 33.828951247, 46.105395263 ], [ 33.822808376, 46.102366606 ], [ 33.813400492, 46.100298824 ], [ 33.810201, 46.097868999 ], [ 33.808171001, 46.092921 ], [ 33.800750619, 46.086714648 ], [ 33.802654197, 46.092325724 ], [ 33.807509001, 46.094401001 ], [ 33.811097001, 46.100708 ], [ 33.822454, 46.104833 ], [ 33.82102421, 46.10878749 ], [ 33.822906467, 46.113500378 ], [ 33.828831, 46.117363 ], [ 33.827044486, 46.119908057 ], [ 33.832870288, 46.113796534 ], [ 33.831447009, 46.111770544 ], [ 33.835176149, 46.110764163 ], [ 33.833603116, 46.108724159 ], [ 33.84661748, 46.110039734 ], [ 33.846374, 46.112388 ], [ 33.839521, 46.117322 ], [ 33.839351, 46.120172 ], [ 33.850081999, 46.125668 ], [ 33.856769, 46.138059 ], [ 33.864493999, 46.139742 ], [ 33.864462, 46.15145 ], [ 33.860782, 46.158898 ], [ 33.855316999, 46.161944 ], [ 33.845793001, 46.172734 ], [ 33.834404, 46.176318 ], [ 33.832526999, 46.175694 ], [ 33.835067, 46.171733 ], [ 33.841918, 46.170109 ], [ 33.846491379, 46.164083491 ], [ 33.847241059, 46.166033998 ], [ 33.848763999, 46.1655 ], [ 33.844353, 46.161445001 ], [ 33.838808, 46.167108 ], [ 33.832327, 46.167984 ], [ 33.8276505, 46.1658225 ], [ 33.82254, 46.171851 ], [ 33.822325001, 46.180296 ], [ 33.83497, 46.180194 ], [ 33.827926, 46.184148 ], [ 33.821328, 46.184028 ], [ 33.813804, 46.18121 ], [ 33.815015, 46.180334 ], [ 33.811351, 46.178633 ], [ 33.803658999, 46.178886 ], [ 33.809474001, 46.174397999 ], [ 33.808285926, 46.168219472 ], [ 33.812433688, 46.151100477 ], [ 33.814322757, 46.149519245 ], [ 33.812085802, 46.150506289 ], [ 33.811631741, 46.148095449 ], [ 33.818297348, 46.14480725 ], [ 33.826041447, 46.149174056 ], [ 33.825568427, 46.14678594 ], [ 33.822791521, 46.145283147 ], [ 33.81369519, 46.143854322 ], [ 33.813934938, 46.131398729 ], [ 33.805734425, 46.123754621 ], [ 33.808048, 46.122104 ], [ 33.799787221, 46.118869791 ], [ 33.78605457, 46.125638792 ], [ 33.782714556, 46.126007823 ], [ 33.7800095, 46.124118 ], [ 33.772955505, 46.126314274 ], [ 33.775234659, 46.128741602 ], [ 33.778649867, 46.127480446 ], [ 33.777867436, 46.12582348 ], [ 33.780303945, 46.127621801 ], [ 33.77694265, 46.136143087 ], [ 33.774841751, 46.13545725 ], [ 33.776326001, 46.137070999 ], [ 33.779295, 46.136376 ], [ 33.780734, 46.138121999 ], [ 33.771621001, 46.144030999 ], [ 33.767939001, 46.144631501 ], [ 33.767541536, 46.141502218 ], [ 33.765592477, 46.14206876 ], [ 33.764913, 46.139876001 ], [ 33.759782, 46.137581001 ], [ 33.757516999, 46.138575999 ], [ 33.758630501, 46.140594 ], [ 33.755744, 46.140641 ], [ 33.754231999, 46.137295999 ], [ 33.749663, 46.135824001 ], [ 33.742219, 46.143231 ], [ 33.740845, 46.140866001 ], [ 33.736245001, 46.138938001 ], [ 33.738092, 46.140716001 ], [ 33.737373999, 46.143561 ], [ 33.739497501, 46.144001 ], [ 33.738335379, 46.148448033 ], [ 33.732129404, 46.151260383 ], [ 33.724163346, 46.157687889 ], [ 33.724570088, 46.165648959 ], [ 33.728784404, 46.169265305 ], [ 33.729068394, 46.171604191 ], [ 33.726377708, 46.173821563 ], [ 33.721092683, 46.174030599 ], [ 33.724985, 46.170074 ], [ 33.722121162, 46.167795297 ], [ 33.717358999, 46.168854001 ], [ 33.708998593, 46.167672714 ], [ 33.704821366, 46.170103758 ], [ 33.698706868, 46.170298615 ], [ 33.705414001, 46.171378999 ], [ 33.709022821, 46.174681759 ], [ 33.712162021, 46.180543492 ], [ 33.710918868, 46.183844008 ], [ 33.700644138, 46.199729069 ], [ 33.685549971, 46.201527156 ], [ 33.682949, 46.208295 ], [ 33.665650001, 46.221245999 ], [ 33.646014999, 46.229699 ], [ 33.615277, 46.226394999 ], [ 33.636708999, 46.140223001 ], [ 33.615847431, 46.134595645 ] ], [ [ 33.602009742, 44.592348952 ], [ 33.600536167, 44.598766266 ], [ 33.602208928, 44.599400355 ], [ 33.609978709, 44.587584549 ], [ 33.604043088, 44.587798043 ], [ 33.602009742, 44.592348952 ] ] ], [ [ [ 33.507691001, 45.853034 ], [ 33.50377, 45.856200999 ], [ 33.503746001, 45.854065999 ], [ 33.507691001, 45.853034 ] ] ], [ [ [ 33.509193, 45.8566335 ], [ 33.509469, 45.85934 ], [ 33.506736, 45.85638 ], [ 33.512161, 45.854618999 ], [ 33.509193, 45.8566335 ] ] ], [ [ [ 33.539823999, 45.880012 ], [ 33.542482001, 45.881625 ], [ 33.531111001, 45.875189 ], [ 33.523614, 45.869591999 ], [ 33.523575001, 45.867794 ], [ 33.539823999, 45.880012 ] ] ], [ [ [ 34.233612716, 46.007997932 ], [ 34.235429001, 46.011327999 ], [ 34.233532, 46.015581 ], [ 34.228656, 46.016507 ], [ 34.228196501, 46.010835744 ], [ 34.230475, 46.010078999 ], [ 34.233109, 46.012847999 ], [ 34.233612716, 46.007997932 ] ] ], [ [ [ 34.125300686, 46.027346671 ], [ 34.1252628, 46.02638423 ], [ 34.126887, 46.027011 ], [ 34.125300686, 46.027346671 ] ] ], [ [ [ 34.133953001, 46.040527 ], [ 34.133251, 46.039276 ], [ 34.135288, 46.039725999 ], [ 34.133953001, 46.040527 ] ] ], [ [ [ 34.126514, 46.040756 ], [ 34.128741999, 46.039478 ], [ 34.127434001, 46.041691 ], [ 34.126514, 46.040756 ] ] ], [ [ [ 34.131966002, 46.042586999 ], [ 34.130386, 46.042606 ], [ 34.131489, 46.041336 ], [ 34.131966002, 46.042586999 ] ] ], [ [ [ 34.204198001, 46.053825999 ], [ 34.208449, 46.050648999 ], [ 34.210176, 46.051332 ], [ 34.206057001, 46.054523999 ], [ 34.204198001, 46.053825999 ] ] ], [ [ [ 34.162568366, 46.070482634 ], [ 34.166969, 46.06962 ], [ 34.16695, 46.072574 ], [ 34.162568366, 46.070482634 ] ] ], [ [ [ 34.070805, 46.070913999 ], [ 34.071657, 46.074748 ], [ 34.074564001, 46.075804 ], [ 34.068682, 46.075532 ], [ 34.069249001, 46.071231999 ], [ 34.070805, 46.070913999 ] ] ], [ [ [ 33.928638, 46.094038 ], [ 33.929675, 46.096392999 ], [ 33.925227156, 46.101567708 ], [ 33.906935, 46.101189999 ], [ 33.915057978, 46.094880699 ], [ 33.915527584, 46.086166118 ], [ 33.919736189, 46.084931021 ], [ 33.92137361, 46.081986775 ], [ 33.928436619, 46.082222076 ], [ 33.928963001, 46.084048 ], [ 33.924996, 46.0881835 ], [ 33.928638, 46.094038 ] ] ], [ [ [ 34.083098999, 46.089270999 ], [ 34.085026357, 46.083036935 ], [ 34.094327001, 46.085792999 ], [ 34.088770002, 46.09138 ], [ 34.082304, 46.107662999 ], [ 34.074232, 46.110016 ], [ 34.074305001, 46.106385 ], [ 34.080783, 46.100803 ], [ 34.083098999, 46.089270999 ] ] ], [ [ [ 34.318873, 46.001884999 ], [ 34.321579, 45.999148 ], [ 34.322796, 46.004035999 ], [ 34.318739, 46.004419999 ], [ 34.318873, 46.001884999 ] ] ], [ [ [ 34.285010001, 46.002854 ], [ 34.287377, 46.002508 ], [ 34.284787, 46.004050999 ], [ 34.285010001, 46.002854 ] ] ], [ [ [ 34.281485422, 46.00990066 ], [ 34.282732, 46.008757 ], [ 34.282415, 46.010992999 ], [ 34.281485422, 46.00990066 ] ] ], [ [ [ 34.320793, 46.017468 ], [ 34.314834001, 46.017423 ], [ 34.313520001, 46.020332999 ], [ 34.311051, 46.019718 ], [ 34.309821, 46.016214 ], [ 34.311959, 46.015735 ], [ 34.307476, 46.014689 ], [ 34.304689001, 46.008133999 ], [ 34.308539001, 46.007429 ], [ 34.312025, 46.011607 ], [ 34.314688001, 46.011457 ], [ 34.312081001, 46.013865 ], [ 34.314418001, 46.013759 ], [ 34.31545709, 46.016115061 ], [ 34.315647, 46.014183 ], [ 34.327863001, 46.013956 ], [ 34.327000001, 46.015652999 ], [ 34.320793, 46.017468 ] ] ], [ [ [ 34.309964001, 46.020534999 ], [ 34.308443, 46.020239 ], [ 34.309161001, 46.018882 ], [ 34.309964001, 46.020534999 ] ] ], [ [ [ 34.316842, 46.021762 ], [ 34.316704001, 46.019925999 ], [ 34.318919001, 46.019622 ], [ 34.318429001, 46.022451 ], [ 34.316842, 46.021762 ] ] ], [ [ [ 34.319201, 46.022973 ], [ 34.320239001, 46.020525 ], [ 34.320895001, 46.022395 ], [ 34.319201, 46.022973 ] ] ], [ [ [ 34.248387, 46.022999 ], [ 34.246807001, 46.023014 ], [ 34.247002001, 46.021599 ], [ 34.248387, 46.022999 ] ] ], [ [ [ 34.293436911, 46.022696272 ], [ 34.291776001, 46.0230845 ], [ 34.292492, 46.021914999 ], [ 34.293436911, 46.022696272 ] ] ], [ [ [ 34.309780187, 46.027360949 ], [ 34.310898001, 46.02807 ], [ 34.308597, 46.028180999 ], [ 34.309780187, 46.027360949 ] ] ], [ [ [ 34.246956, 46.029453 ], [ 34.24704, 46.033222 ], [ 34.244762001, 46.032306999 ], [ 34.246956, 46.029453 ] ] ], [ [ [ 34.339603, 46.029687 ], [ 34.33868, 46.032048 ], [ 34.341379, 46.035047999 ], [ 34.336085001, 46.033142 ], [ 34.333765, 46.034973 ], [ 34.333426001, 46.032714499 ], [ 34.331677, 46.034882 ], [ 34.330846, 46.032223 ], [ 34.324196001, 46.034825999 ], [ 34.31652, 46.031532999 ], [ 34.319859, 46.031246 ], [ 34.315362001, 46.030867 ], [ 34.316654, 46.029425 ], [ 34.322399001, 46.029924 ], [ 34.322271001, 46.033876 ], [ 34.324187, 46.032504 ], [ 34.322498998, 46.030998 ], [ 34.328026001, 46.027872 ], [ 34.32989124, 46.029494784 ], [ 34.33088, 46.028611 ], [ 34.331777001, 46.030785999 ], [ 34.332880001, 46.029429 ], [ 34.334547, 46.031753999 ], [ 34.336711, 46.028863999 ], [ 34.339603, 46.029687 ] ] ], [ [ [ 34.295564001, 46.034042 ], [ 34.298804, 46.034230999 ], [ 34.295313999, 46.035248 ], [ 34.295564001, 46.034042 ] ] ], [ [ [ 34.3192625, 46.036391999 ], [ 34.319630998, 46.037690999 ], [ 34.317633, 46.037428 ], [ 34.318667001, 46.038681 ], [ 34.312342, 46.03782 ], [ 34.316144, 46.033676 ], [ 34.315288001, 46.032151999 ], [ 34.321135, 46.034875 ], [ 34.320971, 46.036513 ], [ 34.3192625, 46.036391999 ] ] ], [ [ [ 34.312871001, 46.036620999 ], [ 34.310794, 46.035244 ], [ 34.313629662, 46.035798801 ], [ 34.312871001, 46.036620999 ] ] ], [ [ [ 34.257805001, 46.040488999 ], [ 34.263912001, 46.041205999 ], [ 34.261257001, 46.043433999 ], [ 34.257153, 46.041594999 ], [ 34.257805001, 46.040488999 ] ] ], [ [ [ 35.035846, 45.399618999 ], [ 35.039097001, 45.395364 ], [ 35.041118, 45.395396999 ], [ 35.033175001, 45.403001999 ], [ 35.035846, 45.399618999 ] ] ], [ [ [ 35.031698001, 45.423477999 ], [ 35.032486, 45.431606 ], [ 35.027857001, 45.435865 ], [ 35.031158001, 45.431196999 ], [ 35.028222001, 45.423720999 ], [ 35.030250001, 45.417577999 ], [ 35.030002001, 45.424251999 ], [ 35.031873001, 45.430240999 ], [ 35.030522, 45.422083999 ], [ 35.031698001, 45.423477999 ] ] ], [ [ [ 35.030577, 45.588642 ], [ 35.033823, 45.589285 ], [ 35.030353, 45.590647 ], [ 35.028654, 45.589772 ], [ 35.030577, 45.588642 ] ] ], [ [ [ 35.038175, 45.595742 ], [ 35.038468, 45.597386999 ], [ 35.036265001, 45.597178 ], [ 35.033877, 45.593078 ], [ 35.036427001, 45.591385999 ], [ 35.038157001, 45.592099 ], [ 35.036501001, 45.594868 ], [ 35.038175, 45.595742 ] ] ], [ [ [ 35.037863, 45.601557999 ], [ 35.037122, 45.604905 ], [ 35.035897, 45.602903999 ], [ 35.037863, 45.601557999 ] ] ], [ [ [ 35.038175, 45.608696999 ], [ 35.037891, 45.61087 ], [ 35.035205, 45.611541999 ], [ 35.038175, 45.608696999 ] ] ], [ [ [ 34.683495, 45.726039999 ], [ 34.680277, 45.724781 ], [ 34.685497001, 45.726281 ], [ 34.683495, 45.726039999 ] ] ], [ [ [ 34.730396, 45.725565999 ], [ 34.729974, 45.724511 ], [ 34.732352, 45.724664 ], [ 34.732488, 45.727117 ], [ 34.730396, 45.725565999 ] ] ], [ [ [ 34.775732, 45.731769999 ], [ 34.78201674, 45.732996324 ], [ 34.767260949, 45.732492493 ], [ 34.764737661, 45.730346821 ], [ 34.775732, 45.731769999 ] ] ], [ [ [ 34.760080001, 45.732833 ], [ 34.764593215, 45.732529581 ], [ 34.757227001, 45.734233999 ], [ 34.751257001, 45.73238 ], [ 34.760080001, 45.732833 ] ] ], [ [ [ 34.753008001, 45.767543 ], [ 34.74903, 45.764783999 ], [ 34.75403, 45.766866 ], [ 34.753008001, 45.767543 ] ] ], [ [ [ 34.503217, 45.791721999 ], [ 34.499925999, 45.791557 ], [ 34.504978999, 45.792805 ], [ 34.507674, 45.795505 ], [ 34.500522, 45.795487 ], [ 34.502119, 45.794529999 ], [ 34.498499001, 45.791392 ], [ 34.496020001, 45.792150999 ], [ 34.492647, 45.789178 ], [ 34.485679, 45.790401 ], [ 34.48507, 45.788057 ], [ 34.488807001, 45.786501 ], [ 34.503217, 45.791721999 ] ] ], [ [ [ 34.488774192, 45.796398686 ], [ 34.484269001, 45.795739 ], [ 34.473689, 45.797443 ], [ 34.475349001, 45.793998999 ], [ 34.484899, 45.793005999 ], [ 34.489555, 45.793214 ], [ 34.493433, 45.795414 ], [ 34.488774192, 45.796398686 ] ] ], [ [ [ 34.497639, 45.801130148 ], [ 34.492594, 45.797754 ], [ 34.49851997, 45.797980757 ], [ 34.500176412, 45.800681039 ], [ 34.497639, 45.801130148 ] ] ], [ [ [ 34.502922, 45.797307 ], [ 34.509493733, 45.797152311 ], [ 34.510200002, 45.802589 ], [ 34.505063, 45.801855 ], [ 34.501214, 45.799632999 ], [ 34.502971, 45.798301 ], [ 34.498686001, 45.797281 ], [ 34.502922, 45.797307 ] ] ], [ [ [ 34.488078001, 45.801820999 ], [ 34.4872175, 45.800726 ], [ 34.489421, 45.799197 ], [ 34.493466, 45.799843 ], [ 34.488078001, 45.801820999 ] ] ], [ [ [ 34.544906, 45.804898999 ], [ 34.548754001, 45.805264 ], [ 34.540112001, 45.805271 ], [ 34.544906, 45.804898999 ] ] ], [ [ [ 34.552925, 45.806241 ], [ 34.549235001, 45.804907 ], [ 34.550249001, 45.803273 ], [ 34.561663, 45.808544999 ], [ 34.552925, 45.806241 ] ] ], [ [ [ 34.738576, 45.824406999 ], [ 34.741520075, 45.826155116 ], [ 34.734735478, 45.827473456 ], [ 34.719631, 45.824790999 ], [ 34.705258267, 45.820079815 ], [ 34.70328901, 45.818848179 ], [ 34.703005535, 45.817222765 ], [ 34.703722371, 45.81640668 ], [ 34.703880582, 45.819127678 ], [ 34.709083001, 45.821326 ], [ 34.714571706, 45.822816522 ], [ 34.716658243, 45.821994655 ], [ 34.717007653, 45.82356535 ], [ 34.722803433, 45.825011763 ], [ 34.737975001, 45.825693 ], [ 34.738576, 45.824406999 ] ] ], [ [ [ 34.750806001, 45.863466 ], [ 34.750378593, 45.858235872 ], [ 34.753583, 45.861907999 ], [ 34.750806001, 45.863466 ] ] ], [ [ [ 34.779980836, 45.899908522 ], [ 34.780632, 45.902014 ], [ 34.777927001, 45.902427999 ], [ 34.782244446, 45.897046043 ], [ 34.779980836, 45.899908522 ] ] ], [ [ [ 34.427903001, 45.938952 ], [ 34.433446, 45.939205999 ], [ 34.434613, 45.94315 ], [ 34.427903001, 45.938952 ] ] ], [ [ [ 34.562864001, 45.97871 ], [ 34.556295, 45.979013999 ], [ 34.555494, 45.982117 ], [ 34.552702416, 45.97382752 ], [ 34.553410207, 45.968076399 ], [ 34.553095291, 45.974219787 ], [ 34.555134001, 45.978103 ], [ 34.559096, 45.977177 ], [ 34.560686, 45.978225 ], [ 34.560166001, 45.975703 ], [ 34.562864001, 45.97871 ] ] ], [ [ [ 34.564292253, 45.976711129 ], [ 34.562630001, 45.976961999 ], [ 34.562771, 45.975526 ], [ 34.564292253, 45.976711129 ] ] ], [ [ [ 34.329711002, 46.017215999 ], [ 34.332888001, 46.016272 ], [ 34.331435, 46.017682999 ], [ 34.329711002, 46.017215999 ] ] ], [ [ [ 34.371115999, 46.021293999 ], [ 34.3730965, 46.020233499 ], [ 34.373115001, 46.02223 ], [ 34.371115999, 46.021293999 ] ] ], [ [ [ 35.370502, 45.265347499 ], [ 35.376246001, 45.260864999 ], [ 35.377610784, 45.262234196 ], [ 35.365979712, 45.272176268 ], [ 35.364324362, 45.271780697 ], [ 35.370502, 45.265347499 ] ] ], [ [ [ 36.545463597, 45.276572796 ], [ 36.528769516, 45.285550207 ], [ 36.525683496, 45.288831236 ], [ 36.527249066, 45.285297139 ], [ 36.534843535, 45.281117979 ], [ 36.539283898, 45.27393208 ], [ 36.547953939, 45.26738365 ], [ 36.550547875, 45.261443974 ], [ 36.56385788, 45.253653505 ], [ 36.577284817, 45.249679714 ], [ 36.561978072, 45.262838877 ], [ 36.554932873, 45.266044588 ], [ 36.545463597, 45.276572796 ] ] ], [ [ [ 35.462963, 45.277582999 ], [ 35.457217, 45.269744999 ], [ 35.463362001, 45.274944999 ], [ 35.464371, 45.278658 ], [ 35.462963, 45.277582999 ] ] ], [ [ [ 35.359227001, 45.348622999 ], [ 35.363084, 45.341336 ], [ 35.366209446, 45.338162206 ], [ 35.361819999, 45.344426999 ], [ 35.362679001, 45.345815 ], [ 35.366384001, 45.346995499 ], [ 35.362013, 45.348026 ], [ 35.361238, 45.35088 ], [ 35.359335, 45.350583 ], [ 35.359227001, 45.348622999 ] ] ], [ [ [ 35.042031683, 45.396190789 ], [ 35.048230999, 45.389196 ], [ 35.041819001, 45.397970999 ], [ 35.042031683, 45.396190789 ] ] ], [ [ [ 35.042384, 45.413559999 ], [ 35.033076001, 45.430235999 ], [ 35.039374, 45.404228 ], [ 35.049604, 45.389081 ], [ 35.058497001, 45.379529999 ], [ 35.041071001, 45.404802 ], [ 35.036961001, 45.421365999 ], [ 35.044975, 45.399439999 ], [ 35.041048001, 45.414616999 ], [ 35.042384, 45.413559999 ] ] ], [ [ [ 35.095517001, 45.512464 ], [ 35.097981998, 45.510592 ], [ 35.097233, 45.513445 ], [ 35.095517001, 45.512464 ] ] ], [ [ [ 35.079667001, 45.542255999 ], [ 35.079452001, 45.540736999 ], [ 35.081129998, 45.540659999 ], [ 35.079667001, 45.542255999 ] ] ], [ [ [ 35.079751, 45.552745999 ], [ 35.080167001, 45.549284 ], [ 35.08058, 45.553445999 ], [ 35.079751, 45.552745999 ] ] ], [ [ [ 35.074305999, 45.552101999 ], [ 35.076060998, 45.549853 ], [ 35.076159001, 45.552853 ], [ 35.074549, 45.553493 ], [ 35.074305999, 45.552101999 ] ] ], [ [ [ 35.075064, 45.562656 ], [ 35.072116002, 45.564042 ], [ 35.076307001, 45.560768 ], [ 35.075064, 45.562656 ] ] ], [ [ [ 35.061811001, 45.568361 ], [ 35.061654397, 45.567107161 ], [ 35.063998, 45.567216999 ], [ 35.061868, 45.571249999 ], [ 35.061811001, 45.568361 ] ] ], [ [ [ 35.057356, 45.569340999 ], [ 35.057456, 45.571793 ], [ 35.054932001, 45.571937999 ], [ 35.057356, 45.569340999 ] ] ], [ [ [ 35.059269, 45.58042 ], [ 35.058592, 45.578705 ], [ 35.060866001, 45.577191 ], [ 35.059269, 45.58042 ] ] ], [ [ [ 35.056648001, 45.58278 ], [ 35.059742001, 45.581714 ], [ 35.059431001, 45.584003 ], [ 35.057534, 45.584886 ], [ 35.059125001, 45.582865 ], [ 35.056648001, 45.58278 ] ] ], [ [ [ 35.053592001, 45.584651999 ], [ 35.055675, 45.584305 ], [ 35.056433001, 45.585528999 ], [ 35.053749, 45.587475999 ], [ 35.051294, 45.585757 ], [ 35.053592001, 45.584651999 ] ] ], [ [ [ 35.041515, 45.586044 ], [ 35.04094, 45.587688 ], [ 35.038524, 45.587814 ], [ 35.041515, 45.586044 ] ] ], [ [ [ 35.045755, 45.588743999 ], [ 35.049141001, 45.587977 ], [ 35.047728, 45.589368999 ], [ 35.045755, 45.588743999 ] ] ], [ [ [ 35.047073811, 45.59260015 ], [ 35.046423, 45.591655999 ], [ 35.04883257, 45.59119124 ], [ 35.048700001, 45.593064 ], [ 35.047073811, 45.59260015 ] ] ], [ [ [ 35.088538, 45.591973 ], [ 35.094717, 45.585449999 ], [ 35.094277, 45.587753999 ], [ 35.088515, 45.592810999 ], [ 35.086113, 45.600757999 ], [ 35.088538, 45.591973 ] ] ], [ [ [ 35.03994, 45.599750999 ], [ 35.04174, 45.598303999 ], [ 35.040969, 45.602898 ], [ 35.03994, 45.599750999 ] ] ], [ [ [ 35.083227289, 45.607878725 ], [ 35.084779, 45.601575999 ], [ 35.082687001, 45.611394 ], [ 35.083227289, 45.607878725 ] ] ], [ [ [ 35.044045, 45.607732 ], [ 35.0449749, 45.611236812 ], [ 35.041006001, 45.612203999 ], [ 35.042785, 45.607475 ], [ 35.044045, 45.607732 ] ] ] ] } },
{ "type": "Feature", "properties": { "shapeName": "Vinnytska", "shapeISO": "", "shapeID": "82583831B61774372920199", "shapeGroup": "UKR", "shapeType": "ADM1" }, "geometry": { "type": "Polygon", "coordinates": [ [ [ 27.534438315, 48.470138374 ], [ 27.563429971, 48.484100976 ], [ 27.580690485, 48.49053799 ], [ 27.58919895, 48.492058817 ], [ 27.597799873, 48.49103504 ], [ 27.604507852, 48.485832034 ], [ 27.589161216, 48.465506904 ], [ 27.590419875, 48.460955451 ], [ 27.609580223, 48.454521788 ], [ 27.622231563, 48.447303769 ], [ 27.641935908, 48.441595214 ], [ 27.665468807, 48.439738509 ], [ 27.68230788, 48.440539156 ], [ 27.701558953, 48.447869387 ], [ 27.735474259, 48.456365306 ], [ 27.746689015, 48.457879449 ], [ 27.763080099, 48.456044598 ], [ 27.768540007, 48.451875879 ], [ 27.788115121, 48.445324267 ], [ 27.80562324, 48.434258115 ], [ 27.81501754, 48.426716801 ], [ 27.819630456, 48.419197148 ], [ 27.834332764, 48.415168349 ], [ 27.850367255, 48.413150291 ], [ 27.871551858, 48.405096971 ], [ 27.88032719, 48.393297178 ], [ 27.877593941, 48.386469796 ], [ 27.878442269, 48.379476691 ], [ 27.882576627, 48.372059473 ], [ 27.899820335, 48.357500928 ], [ 27.953314216, 48.328747978 ], [ 27.963820467, 48.325106293 ], [ 27.971940068, 48.324426501 ], [ 28.006441189, 48.326373888 ], [ 28.045006566, 48.325843052 ], [ 28.063510104, 48.322092153 ], [ 28.072272429, 48.318481864 ], [ 28.08647768, 48.306432041 ], [ 28.093805555, 48.294064701 ], [ 28.088225138, 48.269142724 ], [ 28.080811216, 48.254810476 ], [ 28.080560698, 48.241654371 ], [ 28.084906766, 48.235934802 ], [ 28.098752837, 48.231681144 ], [ 28.106951205, 48.231304851 ], [ 28.131458608, 48.242147099 ], [ 28.138082001, 48.248121 ], [ 28.140302, 48.258576 ], [ 28.144061999, 48.262272 ], [ 28.151381, 48.262451 ], [ 28.175988001, 48.257713001 ], [ 28.184171001, 48.254218001 ], [ 28.186967, 48.250918 ], [ 28.181997, 48.236296001 ], [ 28.1865054, 48.215482568 ], [ 28.198411254, 48.207370574 ], [ 28.209783099, 48.204931278 ], [ 28.224493, 48.207945068 ], [ 28.254796527, 48.219566289 ], [ 28.271302153, 48.22790624 ], [ 28.287009619, 48.231962689 ], [ 28.302789909, 48.241468393 ], [ 28.308319407, 48.241504146 ], [ 28.316117932, 48.234507402 ], [ 28.322185582, 48.233326179 ], [ 28.328444706, 48.235981577 ], [ 28.336336736, 48.243884732 ], [ 28.346569308, 48.247405427 ], [ 28.352140156, 48.246678717 ], [ 28.36043396, 48.241370728 ], [ 28.36816468, 48.228738373 ], [ 28.36970015, 48.222870933 ], [ 28.368562676, 48.205651115 ], [ 28.360722321, 48.190017781 ], [ 28.349857064, 48.179762083 ], [ 28.312491502, 48.164567582 ], [ 28.307261172, 48.16103889 ], [ 28.304937461, 48.156557381 ], [ 28.306495098, 48.150262991 ], [ 28.304632495, 48.140742395 ], [ 28.316316424, 48.133876162 ], [ 28.321955848, 48.132420369 ], [ 28.336370551, 48.132807443 ], [ 28.349802315, 48.135567496 ], [ 28.359235398, 48.14196479 ], [ 28.367419079, 48.153954519 ], [ 28.367950301, 48.159191031 ], [ 28.372511995, 48.166390481 ], [ 28.38387385, 48.175420969 ], [ 28.409632601, 48.177369099 ], [ 28.426777786, 48.173153249 ], [ 28.432650966, 48.168843774 ], [ 28.435458832, 48.164169174 ], [ 28.435144076, 48.154498182 ], [ 28.439921704, 48.143015194 ], [ 28.437826956, 48.140160082 ], [ 28.42324077, 48.13136352 ], [ 28.420848445, 48.122281042 ], [ 28.433694038, 48.110034292 ], [ 28.436600963, 48.097948289 ], [ 28.445440494, 48.08892697 ], [ 28.45104086, 48.080090863 ], [ 28.462292974, 48.074107224 ], [ 28.478739544, 48.071084947 ], [ 28.489624374, 48.065827128 ], [ 28.497361348, 48.065102488 ], [ 28.500740042, 48.067906893 ], [ 28.492519059, 48.073427671 ], [ 28.491235116, 48.076891951 ], [ 28.496900347, 48.087687392 ], [ 28.494835681, 48.098607753 ], [ 28.495549869, 48.110156992 ], [ 28.501682626, 48.118121886 ], [ 28.49884614, 48.127154672 ], [ 28.520995455, 48.138101917 ], [ 28.502868424, 48.151112482 ], [ 28.528225642, 48.153347327 ], [ 28.545749908, 48.169151622 ], [ 28.555511995, 48.170833934 ], [ 28.568898086, 48.175591875 ], [ 28.579326117, 48.166607702 ], [ 28.591865397, 48.173335238 ], [ 28.611451923, 48.157018788 ], [ 28.614373696, 48.159658299 ], [ 28.630238799, 48.154276647 ], [ 28.63426081, 48.153930668 ], [ 28.634867583, 48.154970786 ], [ 28.649141017, 48.151900457 ], [ 28.647665311, 48.143277228 ], [ 28.682254235, 48.146703248 ], [ 28.678752699, 48.142819829 ], [ 28.679510187, 48.135584755 ], [ 28.68779028, 48.124551821 ], [ 28.707072659, 48.129518989 ], [ 28.721762383, 48.126103091 ], [ 28.735427501, 48.133302139 ], [ 28.754717033, 48.136196708 ], [ 28.769256349, 48.12643851 ], [ 28.774594926, 48.124868339 ], [ 28.794791907, 48.126276381 ], [ 28.795534889, 48.130468443 ], [ 28.801493883, 48.131509062 ], [ 28.80594535, 48.134457389 ], [ 28.813989206, 48.124173002 ], [ 28.833519978, 48.128664313 ], [ 28.837268775, 48.123823746 ], [ 28.841076736, 48.125471549 ], [ 28.857814827, 48.10311338 ], [ 28.84700091, 48.078870657 ], [ 28.857090142, 48.078575824 ], [ 28.856717975, 48.074190598 ], [ 28.868075954, 48.069341598 ], [ 28.874156795, 48.075103776 ], [ 28.873196443, 48.076890803 ], [ 28.868266821, 48.078546829 ], [ 28.873014937, 48.082613892 ], [ 28.927179799, 48.094362123 ], [ 28.923925886, 48.098470468 ], [ 28.928293726, 48.098644174 ], [ 28.933096904, 48.126859179 ], [ 28.945159804, 48.156685793 ], [ 28.968881677, 48.154299546 ], [ 28.976752743, 48.151824752 ], [ 28.984370131, 48.144983676 ], [ 28.993809827, 48.151866371 ], [ 29.000930138, 48.148439825 ], [ 29.004475351, 48.150380455 ], [ 29.006550946, 48.147835521 ], [ 29.009908791, 48.14828758 ], [ 29.019038494, 48.131441003 ], [ 29.024770025, 48.12782573 ], [ 29.032244778, 48.125631913 ], [ 29.036631797, 48.130176612 ], [ 29.033828642, 48.132269303 ], [ 29.042705991, 48.139461208 ], [ 29.049981277, 48.149537576 ], [ 29.042636052, 48.157639217 ], [ 29.044707478, 48.160016612 ], [ 29.045867403, 48.173311463 ], [ 29.054255064, 48.181515814 ], [ 29.059648626, 48.179665302 ], [ 29.061224919, 48.183945785 ], [ 29.05920519, 48.185209849 ], [ 29.061993766, 48.187150878 ], [ 29.05777914, 48.189637266 ], [ 29.059379359, 48.192895307 ], [ 29.06213564, 48.191798805 ], [ 29.064630055, 48.194563042 ], [ 29.077653735, 48.193512494 ], [ 29.081289296, 48.187665236 ], [ 29.083904085, 48.188886349 ], [ 29.120183505, 48.160887221 ], [ 29.134295181, 48.15250592 ], [ 29.145680673, 48.155746091 ], [ 29.14957623, 48.151726224 ], [ 29.158243842, 48.148587996 ], [ 29.149754154, 48.142673891 ], [ 29.141497576, 48.140662721 ], [ 29.167100529, 48.140044414 ], [ 29.169958003, 48.141912289 ], [ 29.181900737, 48.141175862 ], [ 29.193425107, 48.134450356 ], [ 29.2092683, 48.134212791 ], [ 29.209554392, 48.138817643 ], [ 29.213277765, 48.143083527 ], [ 29.224864413, 48.14275092 ], [ 29.230542587, 48.140622721 ], [ 29.241251609, 48.141289701 ], [ 29.251244674, 48.149711329 ], [ 29.253921601, 48.136205166 ], [ 29.255730268, 48.133178469 ], [ 29.261080806, 48.133779584 ], [ 29.26140746, 48.130367587 ], [ 29.254337277, 48.127917739 ], [ 29.249747236, 48.128239284 ], [ 29.248847982, 48.129756092 ], [ 29.241735555, 48.128772029 ], [ 29.237650151, 48.121738722 ], [ 29.234944015, 48.120328509 ], [ 29.225284609, 48.122332699 ], [ 29.225738647, 48.123657193 ], [ 29.220895, 48.123922 ], [ 29.220776001, 48.125086 ], [ 29.205476269, 48.122337751 ], [ 29.203219406, 48.118443652 ], [ 29.211130051, 48.114941272 ], [ 29.219117957, 48.108573349 ], [ 29.217130587, 48.105030535 ], [ 29.227796659, 48.103268086 ], [ 29.232269976, 48.103540149 ], [ 29.235514735, 48.108602891 ], [ 29.240970581, 48.107210259 ], [ 29.246208076, 48.110673244 ], [ 29.252229287, 48.109021393 ], [ 29.257834603, 48.112168673 ], [ 29.259754553, 48.10996692 ], [ 29.256882874, 48.107176236 ], [ 29.266508922, 48.106604069 ], [ 29.265146118, 48.093994002 ], [ 29.276667999, 48.090824 ], [ 29.285456999, 48.093519 ], [ 29.290721, 48.090402 ], [ 29.305591, 48.089951999 ], [ 29.311589, 48.086007 ], [ 29.333411998, 48.094276 ], [ 29.343140805, 48.093049251 ], [ 29.35128, 48.096669 ], [ 29.350455643, 48.091380308 ], [ 29.352121283, 48.08936853 ], [ 29.368920197, 48.094484207 ], [ 29.37186272, 48.090553405 ], [ 29.387510356, 48.095150889 ], [ 29.382374703, 48.102568727 ], [ 29.394495408, 48.113737606 ], [ 29.442903589, 48.121815751 ], [ 29.466932113, 48.12300073 ], [ 29.472312485, 48.122105409 ], [ 29.477625689, 48.107795034 ], [ 29.489309236, 48.105611397 ], [ 29.494838262, 48.102627298 ], [ 29.522056365, 48.099679334 ], [ 29.530755719, 48.097492619 ], [ 29.531867957, 48.099892885 ], [ 29.540878401, 48.101250017 ], [ 29.556319684, 48.098227656 ], [ 29.564593166, 48.100506952 ], [ 29.570064751, 48.098727748 ], [ 29.573599194, 48.104022713 ], [ 29.581378837, 48.10154765 ], [ 29.58754203, 48.101983421 ], [ 29.584451719, 48.109881883 ], [ 29.581306204, 48.11106918 ], [ 29.587592926, 48.11679188 ], [ 29.593274187, 48.116273136 ], [ 29.598204295, 48.119819529 ], [ 29.602498001, 48.132906999 ], [ 29.640353206, 48.122827327 ], [ 29.637832687, 48.111643033 ], [ 29.657514813, 48.11100355 ], [ 29.663635291, 48.107516598 ], [ 29.668260407, 48.116385431 ], [ 29.656723903, 48.118859033 ], [ 29.657824493, 48.120862436 ], [ 29.66319041, 48.119675732 ], [ 29.66416787, 48.121546954 ], [ 29.668222625, 48.120707585 ], [ 29.67274221, 48.127113821 ], [ 29.670793547, 48.134141127 ], [ 29.675952417, 48.154279749 ], [ 29.675889287, 48.162138449 ], [ 29.673796052, 48.16863716 ], [ 29.661600527, 48.18345056 ], [ 29.65493879, 48.195017514 ], [ 29.666473275, 48.196097409 ], [ 29.682335428, 48.187847865 ], [ 29.691418162, 48.193485925 ], [ 29.717460299, 48.201398402 ], [ 29.732572539, 48.202892419 ], [ 29.763453708, 48.200379618 ], [ 29.768334571, 48.202726494 ], [ 29.774600266, 48.202540747 ], [ 29.77960728, 48.205385897 ], [ 29.780590777, 48.208537346 ], [ 29.779097307, 48.212373614 ], [ 29.77345045, 48.217200596 ], [ 29.771156451, 48.226090945 ], [ 29.78243429, 48.242237005 ], [ 29.770728566, 48.25680284 ], [ 29.776034768, 48.259051778 ], [ 29.770969238, 48.268888027 ], [ 29.772684812, 48.272221778 ], [ 29.759475087, 48.277582588 ], [ 29.75788401, 48.282641297 ], [ 29.75422851, 48.283416601 ], [ 29.755093644, 48.288691869 ], [ 29.749390139, 48.289446144 ], [ 29.750499947, 48.299336539 ], [ 29.760711267, 48.297997291 ], [ 29.76288163, 48.296357069 ], [ 29.76428531, 48.300104045 ], [ 29.772624844, 48.304540904 ], [ 29.767885503, 48.308633478 ], [ 29.773064934, 48.309979719 ], [ 29.771958327, 48.313092203 ], [ 29.781852999, 48.314893486 ], [ 29.784205747, 48.329984225 ], [ 29.799014797, 48.329046939 ], [ 29.799425497, 48.332229963 ], [ 29.803875345, 48.332021413 ], [ 29.804327787, 48.3484705 ], [ 29.812523562, 48.346302818 ], [ 29.813160287, 48.347585607 ], [ 29.805775968, 48.353951582 ], [ 29.805614226, 48.360303803 ], [ 29.800749186, 48.364053925 ], [ 29.792497527, 48.365395242 ], [ 29.786995885, 48.369925261 ], [ 29.871744342, 48.416657544 ], [ 29.864805487, 48.422111382 ], [ 29.864087639, 48.425720315 ], [ 29.884219521, 48.43038673 ], [ 29.885946973, 48.427405799 ], [ 29.906961408, 48.436558071 ], [ 29.907346834, 48.439026689 ], [ 29.926149004, 48.443291561 ], [ 29.927382349, 48.439910602 ], [ 29.935435818, 48.442856203 ], [ 29.93477907, 48.44395764 ], [ 29.951311849, 48.450097294 ], [ 29.949521546, 48.452201986 ], [ 29.955055673, 48.454273891 ], [ 29.953497688, 48.462061629 ], [ 29.964289759, 48.460509144 ], [ 29.967909818, 48.47167291 ], [ 29.961184282, 48.472965089 ], [ 29.966744973, 48.491425895 ], [ 29.975895164, 48.489863151 ], [ 29.98057572, 48.494112641 ], [ 30.000868321, 48.492022718 ], [ 30.006341768, 48.513360895 ], [ 30.00344111, 48.515293528 ], [ 29.999263071, 48.513684761 ], [ 29.990137004, 48.514100986 ], [ 29.989010629, 48.516693253 ], [ 29.992853944, 48.520105939 ], [ 29.997214052, 48.521368538 ], [ 30.006253198, 48.518178674 ], [ 30.010506818, 48.520187318 ], [ 30.017578195, 48.517547243 ], [ 30.02041569, 48.519206323 ], [ 30.017977329, 48.521550005 ], [ 30.021079951, 48.534680349 ], [ 30.021144023, 48.53615327 ], [ 30.018622935, 48.536230794 ], [ 30.019950433, 48.53941885 ], [ 30.008538834, 48.542575748 ], [ 30.007512023, 48.549040685 ], [ 30.003347163, 48.551631236 ], [ 30.005888543, 48.556654815 ], [ 30.003757496, 48.560096547 ], [ 30.005839495, 48.573071786 ], [ 30.002640396, 48.573309303 ], [ 29.993135184, 48.578965339 ], [ 29.97032075, 48.583811805 ], [ 29.9596919, 48.582745784 ], [ 29.956410953, 48.583754146 ], [ 29.947845044, 48.594603352 ], [ 29.951762963, 48.600810578 ], [ 29.949858936, 48.605602422 ], [ 29.951287008, 48.608532797 ], [ 29.98253582, 48.612355001 ], [ 29.983269408, 48.610769666 ], [ 29.989752851, 48.613526142 ], [ 29.991362, 48.615919 ], [ 29.986587433, 48.620406737 ], [ 29.988969737, 48.621284478 ], [ 29.988956044, 48.627083417 ], [ 29.99276615, 48.630185067 ], [ 29.992301593, 48.632471439 ], [ 29.989782288, 48.636374832 ], [ 29.977669293, 48.635009842 ], [ 29.976194318, 48.642468333 ], [ 29.968049411, 48.64266764 ], [ 29.966348217, 48.650456152 ], [ 29.959572074, 48.649912461 ], [ 29.956172337, 48.658712782 ], [ 29.944684028, 48.657817953 ], [ 29.942873459, 48.664557268 ], [ 29.946849142, 48.669834797 ], [ 29.917047872, 48.6715864 ], [ 29.872386089, 48.702768827 ], [ 29.86115662, 48.699753141 ], [ 29.865691452, 48.708113277 ], [ 29.861494009, 48.709116218 ], [ 29.863153085, 48.712177974 ], [ 29.856278217, 48.713844746 ], [ 29.86773734, 48.73450196 ], [ 29.881265137, 48.731317292 ], [ 29.884120485, 48.736083645 ], [ 29.877110535, 48.74369068 ], [ 29.877493603, 48.745872232 ], [ 29.870889626, 48.746931822 ], [ 29.859769341, 48.758536636 ], [ 29.865397222, 48.759404197 ], [ 29.866533155, 48.76302039 ], [ 29.80014074, 48.774322372 ], [ 29.805288306, 48.778788232 ], [ 29.793058032, 48.780864438 ], [ 29.784370514, 48.78528255 ], [ 29.780670119, 48.785514822 ], [ 29.774498075, 48.782492412 ], [ 29.766138614, 48.786264771 ], [ 29.761641963, 48.847063424 ], [ 29.755907516, 48.84779122 ], [ 29.742054727, 48.85314237 ], [ 29.731700065, 48.854596416 ], [ 29.728072822, 48.886357094 ], [ 29.721404495, 48.891255803 ], [ 29.71253357, 48.892317929 ], [ 29.708426279, 48.895443882 ], [ 29.709449849, 48.897895783 ], [ 29.713258637, 48.897710539 ], [ 29.735501932, 48.908179008 ], [ 29.712520756, 48.911398976 ], [ 29.700248004, 48.916825155 ], [ 29.686650564, 48.912195694 ], [ 29.664319, 48.924237001 ], [ 29.668362934, 48.928268938 ], [ 29.667179225, 48.930634421 ], [ 29.655246968, 48.93582953 ], [ 29.656630783, 48.937305366 ], [ 29.653238838, 48.938531427 ], [ 29.660773287, 48.948403352 ], [ 29.652014419, 48.959769632 ], [ 29.695737544, 49.00040605 ], [ 29.68348685, 49.006220057 ], [ 29.690581307, 49.012164308 ], [ 29.689336521, 49.014560387 ], [ 29.682409074, 49.013319833 ], [ 29.683671021, 49.026443311 ], [ 29.67622028, 49.022192736 ], [ 29.670679257, 49.024346811 ], [ 29.668057031, 49.021171439 ], [ 29.658657569, 49.016303338 ], [ 29.653387453, 49.01439675 ], [ 29.651349144, 49.016712005 ], [ 29.639327963, 49.011759048 ], [ 29.628220179, 49.023345768 ], [ 29.624469319, 49.034997479 ], [ 29.615054673, 49.042928171 ], [ 29.610955213, 49.052269969 ], [ 29.606019289, 49.056656578 ], [ 29.605942639, 49.057568495 ], [ 29.615703502, 49.056045859 ], [ 29.625034892, 49.048852457 ], [ 29.630800616, 49.047040012 ], [ 29.628763732, 49.051375829 ], [ 29.638009804, 49.053068313 ], [ 29.641367234, 49.056866626 ], [ 29.634467291, 49.060685547 ], [ 29.650892091, 49.097051149 ], [ 29.65710221, 49.094086197 ], [ 29.686274563, 49.088711317 ], [ 29.678176842, 49.112175704 ], [ 29.680930796, 49.112357426 ], [ 29.6851842, 49.115974627 ], [ 29.733595097, 49.122797182 ], [ 29.731339828, 49.131904963 ], [ 29.719545649, 49.131547655 ], [ 29.712034047, 49.141914337 ], [ 29.7098554, 49.155131188 ], [ 29.717743852, 49.156205799 ], [ 29.716351984, 49.162511894 ], [ 29.718278939, 49.170422679 ], [ 29.716262246, 49.170722379 ], [ 29.717609632, 49.17943797 ], [ 29.721134115, 49.183452158 ], [ 29.726098704, 49.180785456 ], [ 29.726946822, 49.181992 ], [ 29.725860335, 49.202933681 ], [ 29.710526787, 49.207135698 ], [ 29.703790101, 49.225406171 ], [ 29.718277774, 49.221084295 ], [ 29.725169296, 49.221237239 ], [ 29.736541301, 49.228401316 ], [ 29.724304386, 49.231338804 ], [ 29.716238072, 49.235871923 ], [ 29.717187991, 49.242741897 ], [ 29.722917203, 49.245177948 ], [ 29.710542667, 49.263151292 ], [ 29.700896032, 49.260548959 ], [ 29.695496057, 49.255824916 ], [ 29.689882931, 49.237396574 ], [ 29.66236065, 49.250008274 ], [ 29.647859112, 49.245691875 ], [ 29.638764191, 49.247448886 ], [ 29.626183084, 49.257950438 ], [ 29.613050856, 49.265435235 ], [ 29.621845443, 49.274118756 ], [ 29.616198027, 49.273915792 ], [ 29.614099743, 49.275546858 ], [ 29.618834117, 49.279183939 ], [ 29.619126939, 49.281418373 ], [ 29.616821072, 49.286529825 ], [ 29.610547834, 49.290906343 ], [ 29.607723315, 49.299657454 ], [ 29.614671122, 49.302101171 ], [ 29.615125087, 49.304450777 ], [ 29.619134039, 49.305829339 ], [ 29.593644545, 49.317978029 ], [ 29.573315033, 49.324027695 ], [ 29.567954219, 49.319686568 ], [ 29.560761697, 49.322122593 ], [ 29.551193126, 49.321758699 ], [ 29.535348147, 49.323820389 ], [ 29.522827131, 49.337572696 ], [ 29.523095345, 49.349809576 ], [ 29.519702789, 49.354794826 ], [ 29.51995345, 49.360463872 ], [ 29.515639307, 49.365160448 ], [ 29.502656839, 49.369862451 ], [ 29.501095439, 49.377564839 ], [ 29.503866683, 49.385758213 ], [ 29.507507235, 49.385650444 ], [ 29.505266972, 49.395835459 ], [ 29.541617454, 49.401429102 ], [ 29.562413744, 49.414472166 ], [ 29.558663602, 49.417524245 ], [ 29.575750953, 49.428866532 ], [ 29.572457995, 49.433284626 ], [ 29.594857209, 49.443262554 ], [ 29.589734791, 49.454152735 ], [ 29.573398797, 49.457785851 ], [ 29.560847435, 49.464317758 ], [ 29.543456869, 49.48367277 ], [ 29.544216732, 49.486572219 ], [ 29.551076172, 49.487757969 ], [ 29.554705295, 49.49471988 ], [ 29.55991678, 49.498004993 ], [ 29.562212987, 49.496533111 ], [ 29.568394737, 49.497661943 ], [ 29.584395684, 49.494666612 ], [ 29.584849181, 49.506564574 ], [ 29.574331835, 49.507302533 ], [ 29.569876808, 49.503184515 ], [ 29.550512879, 49.51857743 ], [ 29.539093882, 49.520991556 ], [ 29.542639121, 49.532152985 ], [ 29.546257732, 49.53148631 ], [ 29.543761518, 49.537889534 ], [ 29.538005615, 49.538175327 ], [ 29.530739823, 49.562072478 ], [ 29.499287683, 49.593743421 ], [ 29.505627645, 49.59650966 ], [ 29.502857831, 49.599162358 ], [ 29.496320793, 49.600029339 ], [ 29.511438866, 49.612655258 ], [ 29.508370745, 49.619547358 ], [ 29.519415777, 49.624171373 ], [ 29.527167719, 49.632737271 ], [ 29.531753668, 49.631125326 ], [ 29.535272664, 49.636688313 ], [ 29.52171171, 49.640243284 ], [ 29.520538656, 49.645147301 ], [ 29.505251001, 49.649215964 ], [ 29.485065939, 49.654162907 ], [ 29.482521673, 49.649523981 ], [ 29.431039572, 49.662256046 ], [ 29.426039513, 49.652478777 ], [ 29.419548487, 49.655209448 ], [ 29.416968671, 49.654787932 ], [ 29.409441202, 49.65897186 ], [ 29.396184073, 49.647818285 ], [ 29.380015486, 49.619690787 ], [ 29.375213484, 49.620406873 ], [ 29.371194852, 49.618988143 ], [ 29.358508333, 49.627441691 ], [ 29.356428206, 49.626541609 ], [ 29.354281323, 49.627823164 ], [ 29.339894725, 49.614298719 ], [ 29.327732194, 49.628047367 ], [ 29.301321808, 49.626556611 ], [ 29.275600825, 49.627075945 ], [ 29.275607389, 49.589998184 ], [ 29.253688513, 49.590120721 ], [ 29.242722839, 49.60421881 ], [ 29.223846822, 49.593682122 ], [ 29.222263425, 49.590952122 ], [ 29.212894415, 49.587695167 ], [ 29.202985007, 49.59413196 ], [ 29.189208591, 49.58721 ], [ 29.181407308, 49.587509595 ], [ 29.164793007, 49.591368903 ], [ 29.155793901, 49.590819058 ], [ 29.150553419, 49.593005794 ], [ 29.133366917, 49.590273959 ], [ 29.121394362, 49.586702731 ], [ 29.116521383, 49.583541012 ], [ 29.104934696, 49.593215959 ], [ 29.094418686, 49.592727839 ], [ 29.091028307, 49.594262572 ], [ 29.082676428, 49.59226447 ], [ 29.068146274, 49.593846263 ], [ 29.060131094, 49.592363242 ], [ 29.052104526, 49.594329041 ], [ 29.026796181, 49.590408386 ], [ 28.993200443, 49.597417165 ], [ 28.985110967, 49.603588329 ], [ 29.004053824, 49.628501673 ], [ 29.010074033, 49.632530764 ], [ 28.988923546, 49.645630862 ], [ 28.982462649, 49.644649252 ], [ 28.979505797, 49.649119635 ], [ 28.985464979, 49.650064015 ], [ 28.963522913, 49.672788361 ], [ 28.948969873, 49.674238879 ], [ 28.945678347, 49.679234224 ], [ 28.946693019, 49.683065191 ], [ 28.957408663, 49.684185054 ], [ 28.964140842, 49.699410467 ], [ 28.975894737, 49.69822686 ], [ 28.994868639, 49.716584069 ], [ 28.990732343, 49.718920791 ], [ 28.994942929, 49.724869879 ], [ 29.000187459, 49.727041821 ], [ 29.00472195, 49.726553192 ], [ 29.002129394, 49.738528449 ], [ 28.998587326, 49.741287568 ], [ 28.963820187, 49.754859201 ], [ 28.965755822, 49.776448763 ], [ 28.942777742, 49.783147748 ], [ 28.970127196, 49.803630917 ], [ 28.961267039, 49.809204 ], [ 28.96056684, 49.82091003 ], [ 28.944566877, 49.819753384 ], [ 28.953917062, 49.840355555 ], [ 28.943385478, 49.846682931 ], [ 28.937538212, 49.85320192 ], [ 28.907488195, 49.860626563 ], [ 28.902989142, 49.863364306 ], [ 28.910010552, 49.866510458 ], [ 28.905581222, 49.869583414 ], [ 28.895150981, 49.872546473 ], [ 28.898603196, 49.881714875 ], [ 28.883378322, 49.884670499 ], [ 28.880867047, 49.888276808 ], [ 28.869296645, 49.8890542 ], [ 28.857216826, 49.888508082 ], [ 28.844085096, 49.860004479 ], [ 28.814355522, 49.858715155 ], [ 28.813886247, 49.852775919 ], [ 28.783577405, 49.851465414 ], [ 28.784827745, 49.842671558 ], [ 28.750710323, 49.844487133 ], [ 28.750581675, 49.822712952 ], [ 28.758845537, 49.823254795 ], [ 28.758958121, 49.818334794 ], [ 28.74603146, 49.817595936 ], [ 28.734840552, 49.802460789 ], [ 28.734051847, 49.798380076 ], [ 28.726283757, 49.796819449 ], [ 28.722377527, 49.808488953 ], [ 28.708900556, 49.805173297 ], [ 28.706217265, 49.809543435 ], [ 28.687904491, 49.805156152 ], [ 28.689951887, 49.799508796 ], [ 28.66444126, 49.80898474 ], [ 28.635819635, 49.817030488 ], [ 28.639411441, 49.809985774 ], [ 28.633412358, 49.812729589 ], [ 28.629706394, 49.812208689 ], [ 28.62753076, 49.813974067 ], [ 28.622812035, 49.814300959 ], [ 28.613241757, 49.810671038 ], [ 28.602173674, 49.81002766 ], [ 28.601040728, 49.781995347 ], [ 28.569726764, 49.773892438 ], [ 28.562814714, 49.787052377 ], [ 28.558781349, 49.786320772 ], [ 28.54168624, 49.806426563 ], [ 28.52963571, 49.814061512 ], [ 28.527614864, 49.816819132 ], [ 28.528351355, 49.820639341 ], [ 28.481212085, 49.807566112 ], [ 28.47974292, 49.81029102 ], [ 28.472849995, 49.812430114 ], [ 28.46941912, 49.823136985 ], [ 28.453518891, 49.820514327 ], [ 28.439315953, 49.822157751 ], [ 28.431926281, 49.820860507 ], [ 28.421618301, 49.824857708 ], [ 28.41461026, 49.811296418 ], [ 28.411602844, 49.810433075 ], [ 28.406912991, 49.791861763 ], [ 28.379549829, 49.780548972 ], [ 28.348476199, 49.79249199 ], [ 28.298244939, 49.801272631 ], [ 28.28783717, 49.797811871 ], [ 28.262602956, 49.799385707 ], [ 28.261825639, 49.809848672 ], [ 28.251317533, 49.814141596 ], [ 28.243318558, 49.814008905 ], [ 28.244665548, 49.797464044 ], [ 28.228241682, 49.794840814 ], [ 28.224600427, 49.788336658 ], [ 28.225288478, 49.785132664 ], [ 28.21680993, 49.784916138 ], [ 28.219795271, 49.7901452 ], [ 28.213120782, 49.791697776 ], [ 28.15412449, 49.786019657 ], [ 28.153132472, 49.788809467 ], [ 28.136427977, 49.7821311 ], [ 28.122463628, 49.779428492 ], [ 28.109333842, 49.773583048 ], [ 28.097533119, 49.771854446 ], [ 28.093780808, 49.773091832 ], [ 28.09264993, 49.771791508 ], [ 28.060187579, 49.772015869 ], [ 28.044463781, 49.770479596 ], [ 28.018744814, 49.771132607 ], [ 28.008940266, 49.77612824 ], [ 27.982766245, 49.780090359 ], [ 27.959975533, 49.778371064 ], [ 27.932755129, 49.768386594 ], [ 27.918893928, 49.766930239 ], [ 27.899605887, 49.767218862 ], [ 27.894617186, 49.764317175 ], [ 27.893354903, 49.757765286 ], [ 27.890675502, 49.757116996 ], [ 27.848776579, 49.753137999 ], [ 27.835889772, 49.755513174 ], [ 27.835342114, 49.744818616 ], [ 27.817238233, 49.74293645 ], [ 27.817649026, 49.734217991 ], [ 27.837020968, 49.729809927 ], [ 27.80685146, 49.709396824 ], [ 27.811573349, 49.701979327 ], [ 27.762510224, 49.697193947 ], [ 27.76664276, 49.674783709 ], [ 27.766002079, 49.666437415 ], [ 27.811478126, 49.644597428 ], [ 27.811793273, 49.615396572 ], [ 27.799855648, 49.621023733 ], [ 27.791314488, 49.607483668 ], [ 27.792839128, 49.604251362 ], [ 27.784531039, 49.596890824 ], [ 27.773356605, 49.596632245 ], [ 27.772088502, 49.589371502 ], [ 27.760794977, 49.583119933 ], [ 27.758309162, 49.576314798 ], [ 27.758308707, 49.572960272 ], [ 27.773404388, 49.567496982 ], [ 27.787196457, 49.560230007 ], [ 27.790389859, 49.556993071 ], [ 27.793589296, 49.552171004 ], [ 27.785271292, 49.544998845 ], [ 27.790920897, 49.539643566 ], [ 27.794124334, 49.530869659 ], [ 27.789359235, 49.529749638 ], [ 27.781752045, 49.52507766 ], [ 27.779862122, 49.521877248 ], [ 27.775244659, 49.52031083 ], [ 27.768627534, 49.522975906 ], [ 27.763159943, 49.530217073 ], [ 27.754782697, 49.532139563 ], [ 27.74824092, 49.529562738 ], [ 27.74271056, 49.531466507 ], [ 27.740558738, 49.52818943 ], [ 27.740578503, 49.521407915 ], [ 27.736060234, 49.516824724 ], [ 27.734739903, 49.509858212 ], [ 27.737785861, 49.497802757 ], [ 27.734692118, 49.496262798 ], [ 27.737944679, 49.493475916 ], [ 27.742287995, 49.492547417 ], [ 27.760938129, 49.493000684 ], [ 27.767401731, 49.490112093 ], [ 27.787083382, 49.492165154 ], [ 27.791163312, 49.487913021 ], [ 27.784532101, 49.487345841 ], [ 27.776928278, 49.474873076 ], [ 27.763756199, 49.478349272 ], [ 27.758287584, 49.463043194 ], [ 27.755943186, 49.463142031 ], [ 27.745115189, 49.450521326 ], [ 27.75040115, 49.439742309 ], [ 27.766129189, 49.443225321 ], [ 27.768031279, 49.439986338 ], [ 27.782050687, 49.44280643 ], [ 27.782985437, 49.438194042 ], [ 27.788213324, 49.437658821 ], [ 27.7905592, 49.434623056 ], [ 27.80723688, 49.439521187 ], [ 27.809159127, 49.435851009 ], [ 27.827354786, 49.421552442 ], [ 27.846159998, 49.431081939 ], [ 27.851495795, 49.426950702 ], [ 27.849984014, 49.420990108 ], [ 27.832327317, 49.405947699 ], [ 27.833536063, 49.391318801 ], [ 27.821551344, 49.390835239 ], [ 27.822432213, 49.388751181 ], [ 27.811933959, 49.388254388 ], [ 27.812181118, 49.379142474 ], [ 27.816121522, 49.379227856 ], [ 27.816750068, 49.374305118 ], [ 27.828536031, 49.374698632 ], [ 27.829035836, 49.367762527 ], [ 27.811781256, 49.367116594 ], [ 27.811882967, 49.365804765 ], [ 27.815636631, 49.355585315 ], [ 27.828689996, 49.350756878 ], [ 27.837304679, 49.350438401 ], [ 27.843526605, 49.346491621 ], [ 27.858088595, 49.328804707 ], [ 27.853601957, 49.322155445 ], [ 27.857347776, 49.319855763 ], [ 27.851787427, 49.311146793 ], [ 27.861331677, 49.298566718 ], [ 27.862721748, 49.292648467 ], [ 27.858728938, 49.281295149 ], [ 27.862162137, 49.279369732 ], [ 27.860870363, 49.277806852 ], [ 27.857126753, 49.279008291 ], [ 27.852592998, 49.274576367 ], [ 27.84918095, 49.263819345 ], [ 27.857366222, 49.261772659 ], [ 27.857936992, 49.254193051 ], [ 27.868261118, 49.249053729 ], [ 27.872333797, 49.249506526 ], [ 27.871406092, 49.242122813 ], [ 27.860139388, 49.240414624 ], [ 27.857116648, 49.238227705 ], [ 27.866245288, 49.218081295 ], [ 27.86636392, 49.213055779 ], [ 27.878495308, 49.213457603 ], [ 27.882331716, 49.215832721 ], [ 27.894256794, 49.208878385 ], [ 27.898655756, 49.18599805 ], [ 27.887862012, 49.183661869 ], [ 27.882534053, 49.177931863 ], [ 27.868881508, 49.175742562 ], [ 27.854824147, 49.170585068 ], [ 27.847635607, 49.17805418 ], [ 27.836039171, 49.180239527 ], [ 27.822362147, 49.17921798 ], [ 27.81921444, 49.186854022 ], [ 27.815001522, 49.189474552 ], [ 27.811393155, 49.186024086 ], [ 27.803171783, 49.185584842 ], [ 27.802860515, 49.180911559 ], [ 27.800983052, 49.180829345 ], [ 27.802430952, 49.179305033 ], [ 27.799646853, 49.178898158 ], [ 27.799172677, 49.176779976 ], [ 27.796061823, 49.176717462 ], [ 27.789924024, 49.179736369 ], [ 27.782413717, 49.188336504 ], [ 27.782615877, 49.190851318 ], [ 27.776014605, 49.189901886 ], [ 27.780824756, 49.174708198 ], [ 27.764875623, 49.160239092 ], [ 27.758998328, 49.162123944 ], [ 27.751656864, 49.15770092 ], [ 27.758484992, 49.152991872 ], [ 27.740808852, 49.142488121 ], [ 27.742692801, 49.139839864 ], [ 27.741263622, 49.137709846 ], [ 27.737585837, 49.140556782 ], [ 27.724286878, 49.143141779 ], [ 27.720090551, 49.145935831 ], [ 27.712618702, 49.147468434 ], [ 27.70954922, 49.14263015 ], [ 27.704926697, 49.140188819 ], [ 27.697358747, 49.138662556 ], [ 27.694130101, 49.144748626 ], [ 27.686969001, 49.141656 ], [ 27.67316614, 49.151168715 ], [ 27.658245433, 49.157446526 ], [ 27.648869805, 49.164929587 ], [ 27.639813977, 49.166994707 ], [ 27.616058276, 49.161178527 ], [ 27.603217377, 49.162330487 ], [ 27.594046358, 49.154650894 ], [ 27.596085131, 49.147046983 ], [ 27.592574303, 49.140475435 ], [ 27.597572191, 49.135085998 ], [ 27.577542415, 49.121714816 ], [ 27.572218625, 49.121328154 ], [ 27.548583736, 49.130299906 ], [ 27.533740747, 49.141383856 ], [ 27.536583328, 49.133699936 ], [ 27.535197728, 49.130455178 ], [ 27.538917329, 49.128510439 ], [ 27.534946677, 49.121593158 ], [ 27.525125518, 49.122567169 ], [ 27.521259778, 49.126423929 ], [ 27.515538948, 49.127097227 ], [ 27.512898112, 49.130549556 ], [ 27.507766258, 49.131479913 ], [ 27.505948519, 49.130673234 ], [ 27.506517454, 49.127310738 ], [ 27.492638913, 49.121415402 ], [ 27.505445155, 49.110388295 ], [ 27.491823273, 49.094099925 ], [ 27.479237549, 49.088773832 ], [ 27.482914744, 49.083806845 ], [ 27.500089562, 49.074289913 ], [ 27.50407179, 49.067852851 ], [ 27.503216219, 49.06634728 ], [ 27.464811687, 49.070601546 ], [ 27.455414158, 49.069414676 ], [ 27.44150438, 49.070129953 ], [ 27.43651582, 49.069058688 ], [ 27.439614819, 49.065283118 ], [ 27.428155058, 49.064655781 ], [ 27.427056865, 49.05288374 ], [ 27.416573774, 49.054585564 ], [ 27.4053154, 49.02916401 ], [ 27.383284274, 49.007739172 ], [ 27.399361485, 49.000190436 ], [ 27.394839918, 48.996274366 ], [ 27.396261287, 48.989070636 ], [ 27.408907328, 48.973698031 ], [ 27.41782525, 48.97157517 ], [ 27.411266706, 48.960736717 ], [ 27.417425627, 48.954168571 ], [ 27.41460102, 48.953088258 ], [ 27.412162357, 48.955880298 ], [ 27.410723862, 48.951765627 ], [ 27.40274526, 48.952806543 ], [ 27.402931504, 48.947865221 ], [ 27.391644849, 48.938044641 ], [ 27.396054324, 48.934597661 ], [ 27.392281161, 48.931329069 ], [ 27.396297844, 48.928885472 ], [ 27.39413758, 48.92615434 ], [ 27.396715584, 48.925257462 ], [ 27.39353445, 48.900475618 ], [ 27.401243832, 48.891666832 ], [ 27.415110342, 48.881704473 ], [ 27.416335988, 48.856657298 ], [ 27.415425104, 48.850752632 ], [ 27.412974212, 48.849039263 ], [ 27.415994157, 48.846385535 ], [ 27.417666963, 48.837466338 ], [ 27.413112642, 48.836383478 ], [ 27.418094143, 48.823264782 ], [ 27.415820694, 48.818344485 ], [ 27.411611018, 48.81611535 ], [ 27.410986494, 48.811667485 ], [ 27.416409689, 48.806863795 ], [ 27.419695919, 48.799611392 ], [ 27.427615338, 48.797186842 ], [ 27.427181219, 48.794400374 ], [ 27.421082989, 48.791758048 ], [ 27.420440244, 48.789889101 ], [ 27.416591107, 48.789424849 ], [ 27.418927151, 48.786803971 ], [ 27.413131689, 48.777788871 ], [ 27.403717869, 48.773573993 ], [ 27.409673212, 48.769458234 ], [ 27.408962729, 48.767634343 ], [ 27.407081644, 48.766251408 ], [ 27.394151404, 48.766472842 ], [ 27.389464327, 48.764411157 ], [ 27.391989125, 48.758359507 ], [ 27.390555959, 48.756564202 ], [ 27.394241722, 48.753627684 ], [ 27.39828966, 48.754553727 ], [ 27.405406197, 48.74701291 ], [ 27.412035671, 48.743801456 ], [ 27.414363026, 48.739992717 ], [ 27.400149871, 48.729790057 ], [ 27.399895504, 48.72674099 ], [ 27.406274782, 48.71411777 ], [ 27.413744916, 48.706124585 ], [ 27.415036113, 48.700984084 ], [ 27.411770608, 48.694716199 ], [ 27.40792419, 48.695637216 ], [ 27.404640813, 48.694296476 ], [ 27.407841836, 48.686490291 ], [ 27.398800104, 48.688613862 ], [ 27.389970105, 48.680825527 ], [ 27.387678995, 48.670853314 ], [ 27.388587074, 48.660984984 ], [ 27.385661226, 48.655137772 ], [ 27.379540076, 48.650229696 ], [ 27.378450507, 48.642029909 ], [ 27.372910786, 48.630152122 ], [ 27.405753719, 48.620591861 ], [ 27.42442569, 48.613188084 ], [ 27.443799663, 48.60229041 ], [ 27.456818534, 48.59021723 ], [ 27.465630222, 48.576058557 ], [ 27.479345865, 48.54692 ], [ 27.483124003, 48.529673 ], [ 27.478797417, 48.506353424 ], [ 27.499068003, 48.482131 ], [ 27.520632002, 48.470395 ], [ 27.534438315, 48.470138374 ] ] ] } },
{ "type": "Feature", "properties": { "shapeName": "Volynska", "shapeISO": "", "shapeID": "82583831B8521204452203", "shapeGroup": "UKR", "shapeType": "ADM1" }, "geometry": { "type": "Polygon", "coordinates": [ [ [ 25.112613117, 50.287237057 ], [ 25.111434105, 50.294281379 ], [ 25.101319947, 50.295058204 ], [ 25.100583366, 50.300389407 ], [ 25.106658907, 50.299980978 ], [ 25.106722115, 50.305467264 ], [ 25.110454238, 50.30518729 ], [ 25.109045871, 50.31221009 ], [ 25.130261181, 50.310641645 ], [ 25.131899365, 50.313284799 ], [ 25.129504321, 50.318414202 ], [ 25.166320912, 50.331112994 ], [ 25.154779439, 50.34082844 ], [ 25.145896373, 50.344247678 ], [ 25.15183983, 50.352041165 ], [ 25.143828884, 50.361748357 ], [ 25.146979918, 50.365268782 ], [ 25.141741004, 50.369149901 ], [ 25.147366305, 50.371428998 ], [ 25.151151683, 50.370046062 ], [ 25.153134738, 50.372020985 ], [ 25.159735571, 50.372988569 ], [ 25.160250728, 50.375950787 ], [ 25.163571752, 50.376514477 ], [ 25.162153701, 50.37953631 ], [ 25.168977081, 50.379707944 ], [ 25.168466374, 50.377265858 ], [ 25.172022043, 50.37699896 ], [ 25.173034433, 50.375548223 ], [ 25.172508453, 50.370789183 ], [ 25.180340216, 50.365607091 ], [ 25.179285913, 50.362194448 ], [ 25.182747439, 50.361745667 ], [ 25.186474542, 50.364933259 ], [ 25.187487798, 50.362927893 ], [ 25.192286472, 50.364367725 ], [ 25.194823159, 50.362511679 ], [ 25.195636348, 50.364561772 ], [ 25.198654022, 50.36310998 ], [ 25.201681005, 50.367397562 ], [ 25.203563635, 50.366727201 ], [ 25.205728295, 50.367974462 ], [ 25.203041636, 50.368536996 ], [ 25.20412006, 50.371581582 ], [ 25.206893571, 50.372030806 ], [ 25.205567163, 50.37397231 ], [ 25.208724141, 50.37286455 ], [ 25.207346941, 50.379750151 ], [ 25.209833776, 50.381195434 ], [ 25.205361066, 50.380772376 ], [ 25.206854772, 50.386409287 ], [ 25.202308126, 50.386341079 ], [ 25.202717517, 50.390695169 ], [ 25.197404924, 50.393399847 ], [ 25.180748848, 50.396142165 ], [ 25.177916225, 50.392633938 ], [ 25.169357085, 50.395859 ], [ 25.169409578, 50.400010004 ], [ 25.172682602, 50.401054046 ], [ 25.169182818, 50.411229386 ], [ 25.166955282, 50.412244165 ], [ 25.168290431, 50.417073567 ], [ 25.166699385, 50.418882351 ], [ 25.163029362, 50.418290394 ], [ 25.158059932, 50.422735353 ], [ 25.156471773, 50.425645519 ], [ 25.158543485, 50.428942178 ], [ 25.153613363, 50.429146481 ], [ 25.149449689, 50.427390679 ], [ 25.148423511, 50.429186333 ], [ 25.145699558, 50.427279034 ], [ 25.139129006, 50.428241841 ], [ 25.139509024, 50.431538275 ], [ 25.135991962, 50.433718715 ], [ 25.13697306, 50.436789052 ], [ 25.141914219, 50.438488085 ], [ 25.14155069, 50.441621943 ], [ 25.145665168, 50.439386549 ], [ 25.145270625, 50.441475387 ], [ 25.147588541, 50.44145402 ], [ 25.151752836, 50.446805906 ], [ 25.149266363, 50.452278976 ], [ 25.137988168, 50.452956925 ], [ 25.138311676, 50.461123142 ], [ 25.134990664, 50.460056977 ], [ 25.125011331, 50.461013306 ], [ 25.113063999, 50.465353 ], [ 25.094021057, 50.469394643 ], [ 25.084088798, 50.475424015 ], [ 25.090333389, 50.475448878 ], [ 25.103322249, 50.470658044 ], [ 25.113138134, 50.471930151 ], [ 25.136487672, 50.468013327 ], [ 25.139056471, 50.471545009 ], [ 25.149492926, 50.466816393 ], [ 25.150624042, 50.468354444 ], [ 25.158219003, 50.483512201 ], [ 25.159903097, 50.495410129 ], [ 25.16300754, 50.500634217 ], [ 25.159873218, 50.502974103 ], [ 25.157902014, 50.508275624 ], [ 25.152709341, 50.511034435 ], [ 25.151528144, 50.515559882 ], [ 25.144047501, 50.521331238 ], [ 25.122195355, 50.528830251 ], [ 25.1221, 50.532989 ], [ 25.117318764, 50.537475524 ], [ 25.122419441, 50.543207213 ], [ 25.123678002, 50.553491 ], [ 25.136843782, 50.547892328 ], [ 25.150596764, 50.547433644 ], [ 25.191252673, 50.551478889 ], [ 25.188656915, 50.545663163 ], [ 25.191177735, 50.54301086 ], [ 25.23048187, 50.541066437 ], [ 25.246511015, 50.537473305 ], [ 25.243393514, 50.533751496 ], [ 25.270667021, 50.532952362 ], [ 25.279505136, 50.536699573 ], [ 25.295896008, 50.538987798 ], [ 25.300494701, 50.538084002 ], [ 25.301420003, 50.541459806 ], [ 25.305669632, 50.544877131 ], [ 25.310913925, 50.546405527 ], [ 25.31099509, 50.55775956 ], [ 25.315327218, 50.556756331 ], [ 25.32141589, 50.568726764 ], [ 25.318767813, 50.58361389 ], [ 25.300172501, 50.579646702 ], [ 25.304829894, 50.602994121 ], [ 25.299150281, 50.60545176 ], [ 25.300533298, 50.610412427 ], [ 25.292420285, 50.612124126 ], [ 25.29194938, 50.630519487 ], [ 25.31182501, 50.629156194 ], [ 25.322099116, 50.620040802 ], [ 25.327862056, 50.612128648 ], [ 25.348982179, 50.614295736 ], [ 25.349992576, 50.610173451 ], [ 25.370971819, 50.609617989 ], [ 25.371025, 50.611488999 ], [ 25.383141, 50.611490999 ], [ 25.383336167, 50.609085602 ], [ 25.392387302, 50.607883252 ], [ 25.39113254, 50.605631754 ], [ 25.393923155, 50.608108072 ], [ 25.398351095, 50.607411973 ], [ 25.405759868, 50.611498394 ], [ 25.399606757, 50.615764235 ], [ 25.39299856, 50.616939348 ], [ 25.389711012, 50.615650371 ], [ 25.388614185, 50.617675867 ], [ 25.382882115, 50.619634982 ], [ 25.384583409, 50.623000475 ], [ 25.382481574, 50.624578467 ], [ 25.382467823, 50.62911119 ], [ 25.386156045, 50.628495578 ], [ 25.38603284, 50.629542226 ], [ 25.382978186, 50.631331716 ], [ 25.378174743, 50.63148652 ], [ 25.379696344, 50.633422013 ], [ 25.37121196, 50.634085165 ], [ 25.363630184, 50.637979858 ], [ 25.361370001, 50.639532828 ], [ 25.362778263, 50.64319518 ], [ 25.356672665, 50.639280148 ], [ 25.351205985, 50.641493652 ], [ 25.353910474, 50.643893757 ], [ 25.352872083, 50.649426793 ], [ 25.355733923, 50.64889104200001 ], [ 25.357081779, 50.645318694 ], [ 25.358071552, 50.649009982 ], [ 25.362209031, 50.651886969 ], [ 25.37149686, 50.654310486 ], [ 25.371509567, 50.651528433 ], [ 25.379195569, 50.651329124 ], [ 25.386873936, 50.657809675 ], [ 25.384480941, 50.665595222 ], [ 25.388457034, 50.665498949 ], [ 25.387409988, 50.675275461 ], [ 25.381168259, 50.680986382 ], [ 25.375643307, 50.682172976 ], [ 25.381094001, 50.686484 ], [ 25.385864926, 50.689034341 ], [ 25.396509692, 50.674312537 ], [ 25.404018928, 50.670792596 ], [ 25.404655132, 50.668985819 ], [ 25.429838174, 50.666818288 ], [ 25.43454365, 50.664761051 ], [ 25.438316201, 50.665340144 ], [ 25.457016094, 50.662515535 ], [ 25.463793814, 50.669255477 ], [ 25.458947923, 50.674819477 ], [ 25.46956063, 50.680045512 ], [ 25.475620797, 50.672454333 ], [ 25.50354861, 50.679692634 ], [ 25.50286954, 50.680828538 ], [ 25.512686533, 50.684387044 ], [ 25.53004627, 50.685087015 ], [ 25.562308605, 50.694634542 ], [ 25.563494365, 50.692274753 ], [ 25.566772223, 50.692931499 ], [ 25.579199732, 50.70008824 ], [ 25.591839, 50.700197999 ], [ 25.598245383, 50.69612908 ], [ 25.601669154, 50.696236802 ], [ 25.597414303, 50.714352414 ], [ 25.606876132, 50.71740063 ], [ 25.629350188, 50.714352656 ], [ 25.693959999, 50.724743 ], [ 25.69850474, 50.705948628 ], [ 25.695505972, 50.703176278 ], [ 25.703400295, 50.699497617 ], [ 25.706805278, 50.693274468 ], [ 25.722097437, 50.683508816 ], [ 25.708046932, 50.679143642 ], [ 25.708798965, 50.671456654 ], [ 25.742345953, 50.669688561 ], [ 25.772883479, 50.676255718 ], [ 25.786275947, 50.669811938 ], [ 25.795213895, 50.669516748 ], [ 25.792549109, 50.666704296 ], [ 25.818632643, 50.632945759 ], [ 25.817835369, 50.628269899 ], [ 25.825419311, 50.620893862 ], [ 25.829335397, 50.61981204 ], [ 25.84391482, 50.63119786 ], [ 25.826381109, 50.64123066 ], [ 25.823525437, 50.64673768 ], [ 25.85064192, 50.668876873 ], [ 25.853726699, 50.676557563 ], [ 25.869180606, 50.68727604 ], [ 25.870511982, 50.696486223 ], [ 25.879325851, 50.708129321 ], [ 25.877496837, 50.710290312 ], [ 25.877766622, 50.717296933 ], [ 25.875452, 50.716853999 ], [ 25.874087308, 50.719686707 ], [ 25.877191047, 50.720288404 ], [ 25.871853798, 50.738627853 ], [ 25.877036, 50.753321 ], [ 25.887149202, 50.764970818 ], [ 25.887471492, 50.786354868 ], [ 25.892171, 50.803108 ], [ 25.898907762, 50.811488642 ], [ 25.908704671, 50.815624943 ], [ 25.906473118, 50.831155141 ], [ 25.910171266, 50.832551602 ], [ 25.916739997, 50.829128196 ], [ 25.922796016, 50.832340055 ], [ 25.930236893, 50.829654005 ], [ 25.933222, 50.830757001 ], [ 25.943055836, 50.829311484 ], [ 25.94324661, 50.827382089 ], [ 25.947446194, 50.826193152 ], [ 25.954317537, 50.829798263 ], [ 25.956830468, 50.828452403 ], [ 25.955118382, 50.826742959 ], [ 25.957982401, 50.824348997 ], [ 25.969298347, 50.826464828 ], [ 25.97764455, 50.82101718700001 ], [ 25.989676741, 50.8235578 ], [ 25.999608714, 50.81961729 ], [ 26.007592181, 50.823233189 ], [ 26.012107196, 50.822628083 ], [ 26.012965464, 50.823728242 ], [ 26.02187621, 50.821044349 ], [ 26.027117253, 50.834268085 ], [ 26.028779347, 50.834158223 ], [ 26.029541471, 50.840294692 ], [ 26.039503938, 50.8417392 ], [ 26.036776643, 50.845972526 ], [ 26.037667048, 50.85082411 ], [ 26.032018214, 50.852563642 ], [ 26.032601131, 50.853907106 ], [ 26.014157001, 50.865831 ], [ 26.007497864, 50.865694878 ], [ 25.999461032, 50.862015923 ], [ 25.991678717, 50.865835956 ], [ 26.000699294, 50.935390606 ], [ 25.966323767, 50.95743056100001 ], [ 25.983470858, 50.96151967 ], [ 25.990574549, 50.960956983 ], [ 26.00106222, 50.964554292 ], [ 26.019068574, 50.963429938 ], [ 26.047980965, 50.97204923 ], [ 26.060885601, 50.970174513 ], [ 26.069371862, 50.97211378 ], [ 26.080748, 50.971668 ], [ 26.082826001, 50.97318 ], [ 26.078965263, 50.990088256 ], [ 26.085684649, 51.002792603 ], [ 26.088122688, 51.00419026 ], [ 26.107271712, 51.005249524 ], [ 26.090910339, 51.050973523 ], [ 26.017503591, 51.083097513 ], [ 25.99737123, 51.07872926 ], [ 25.982220513, 51.077549695 ], [ 25.941586794, 51.083993231 ], [ 25.941344244, 51.086082324 ], [ 25.944136387, 51.085007745 ], [ 25.946556703, 51.08688466 ], [ 25.9439596, 51.093762739 ], [ 25.948956843, 51.09569055 ], [ 25.949878141, 51.103207 ], [ 25.938191217, 51.112513788 ], [ 25.941607685, 51.119373354 ], [ 25.959446846, 51.125723736 ], [ 25.972067458, 51.125390692 ], [ 25.97990276, 51.122787471 ], [ 25.994730077, 51.123395082 ], [ 25.993246361, 51.139258415 ], [ 26.008404481, 51.140209029 ], [ 26.011778532, 51.130850368 ], [ 26.043202914, 51.139483059 ], [ 26.046138504, 51.141917571 ], [ 26.058686787, 51.142609409 ], [ 26.067188704, 51.147946654 ], [ 26.07083594, 51.155572486 ], [ 26.061008615, 51.166070197 ], [ 26.058117097, 51.172140126 ], [ 26.067731826, 51.176884382 ], [ 26.065390638, 51.179356878 ], [ 25.995721884, 51.227816909 ], [ 25.94604693, 51.232558929 ], [ 25.944332222, 51.236861291 ], [ 25.94692252, 51.240014979 ], [ 25.94459087, 51.241431997 ], [ 25.94744077, 51.243886457 ], [ 25.944628358, 51.244830231 ], [ 25.947489845, 51.247642856 ], [ 25.947174203, 51.250745643 ], [ 25.942173494, 51.251902392 ], [ 25.938118327, 51.258138735 ], [ 25.934466151, 51.255712839 ], [ 25.931157784, 51.263760183 ], [ 25.935037542, 51.262031696 ], [ 25.93757, 51.264005 ], [ 25.932980249, 51.267123609 ], [ 25.935901479, 51.266852769 ], [ 25.936189124, 51.269177098 ], [ 25.932797545, 51.271068554 ], [ 25.930560766, 51.270003399 ], [ 25.934235304, 51.272748908 ], [ 25.935522425, 51.271497175 ], [ 25.93794062, 51.27196552600001 ], [ 25.933166202, 51.274477377 ], [ 25.938292453, 51.277754782 ], [ 25.930839332, 51.276755693 ], [ 25.929404506, 51.278913547 ], [ 25.926432986, 51.27832325 ], [ 25.922113757, 51.280062761 ], [ 25.920791122, 51.283409388 ], [ 25.917658856, 51.284791899 ], [ 25.920893151, 51.285798755 ], [ 25.917037796, 51.286606501 ], [ 25.915405411, 51.288904717 ], [ 25.906980157, 51.288848239 ], [ 25.901521012, 51.293007055 ], [ 25.898134835, 51.291018056 ], [ 25.894342865, 51.292291389 ], [ 25.896799165, 51.293989065 ], [ 25.897676217, 51.300298865 ], [ 25.893138191, 51.30078909400001 ], [ 25.886898159, 51.29817999 ], [ 25.888149438, 51.301137678 ], [ 25.884555364, 51.301084522 ], [ 25.887946784, 51.302685774 ], [ 25.887609736, 51.305405891 ], [ 25.875097805, 51.304393969 ], [ 25.878488849, 51.312077619 ], [ 25.875750429, 51.314675285 ], [ 25.87274794, 51.314131877 ], [ 25.872326447, 51.315817529 ], [ 25.868975628, 51.316126928 ], [ 25.869348967, 51.318087346 ], [ 25.866493497, 51.317887542 ], [ 25.864294583, 51.315343444 ], [ 25.864821346, 51.317687286 ], [ 25.856441417, 51.318299277 ], [ 25.857775264, 51.320425873 ], [ 25.851091576, 51.318007808 ], [ 25.843802973, 51.322391985 ], [ 25.84565881, 51.326236219 ], [ 25.844230957, 51.33010348 ], [ 25.84090756, 51.329279696 ], [ 25.839027987, 51.333752006 ], [ 25.830784842, 51.33396568 ], [ 25.829666635, 51.342146103 ], [ 25.82306362, 51.343124343 ], [ 25.821148891, 51.345588464 ], [ 25.82353477, 51.349567572 ], [ 25.826899128, 51.349308523 ], [ 25.834773568, 51.361947967 ], [ 25.827117119, 51.366388142 ], [ 25.829496687, 51.370534917 ], [ 25.836918101, 51.372602731 ], [ 25.836674596, 51.37443674 ], [ 25.840689293, 51.373065417 ], [ 25.843825523, 51.375750308 ], [ 25.831112828, 51.387150096 ], [ 25.807122769, 51.374644409 ], [ 25.788960791, 51.37872745 ], [ 25.781163816, 51.374278935 ], [ 25.755286085, 51.38117723300001 ], [ 25.759832191, 51.400378845 ], [ 25.724855309, 51.400141514 ], [ 25.726405, 51.396596 ], [ 25.717314461, 51.388844521 ], [ 25.723694785, 51.384423845 ], [ 25.724777431, 51.380622989 ], [ 25.71981258, 51.379872045 ], [ 25.711551067, 51.382055053 ], [ 25.703855847, 51.380576907 ], [ 25.703731975, 51.377202044 ], [ 25.70009611, 51.375995969 ], [ 25.695750924, 51.383013291 ], [ 25.704119489, 51.383852155 ], [ 25.70108152, 51.386331348 ], [ 25.704419013, 51.388087127 ], [ 25.702955697, 51.39368393 ], [ 25.690755436, 51.390775888 ], [ 25.687572661, 51.404610075 ], [ 25.67959885, 51.410769643 ], [ 25.668983712, 51.414072586 ], [ 25.658139077, 51.412447168 ], [ 25.654083321, 51.418370083 ], [ 25.646490962, 51.417063978 ], [ 25.636141, 51.438449001 ], [ 25.646266684, 51.444100285 ], [ 25.64180141, 51.479452516 ], [ 25.617958475, 51.477209568 ], [ 25.623050001, 51.493215999 ], [ 25.602235379, 51.493440139 ], [ 25.61032832, 51.507167787 ], [ 25.555387407, 51.500774853 ], [ 25.551914489, 51.512879653 ], [ 25.594910999, 51.522193 ], [ 25.597522001, 51.525144 ], [ 25.595823, 51.528890001 ], [ 25.565176, 51.539964 ], [ 25.574242001, 51.554587 ], [ 25.5852589, 51.561122488 ], [ 25.595876525, 51.562330537 ], [ 25.602435, 51.582603999 ], [ 25.585141001, 51.594045001 ], [ 25.582134502, 51.60572336100001 ], [ 25.563539, 51.603254 ], [ 25.555246, 51.624345 ], [ 25.541706, 51.619503999 ], [ 25.54305, 51.616758 ], [ 25.532634, 51.614482 ], [ 25.533852284, 51.631328715 ], [ 25.567700835, 51.632748486 ], [ 25.566773811, 51.626395087 ], [ 25.577574989, 51.624708073 ], [ 25.588609398, 51.644555079 ], [ 25.60851356, 51.641205411 ], [ 25.618692461, 51.653856612 ], [ 25.618547731, 51.657980034 ], [ 25.626892367, 51.665462478 ], [ 25.625842439, 51.671952343 ], [ 25.634703325, 51.674016609 ], [ 25.640944999, 51.68137 ], [ 25.638442252, 51.682520055 ], [ 25.6363366, 51.68867621 ], [ 25.645738359, 51.691469881 ], [ 25.649088083, 51.694140905 ], [ 25.65115812, 51.703969817 ], [ 25.648249278, 51.708150942 ], [ 25.665666827, 51.719999506 ], [ 25.665963868, 51.724472265 ], [ 25.661665834, 51.730457011 ], [ 25.674987576, 51.740900664 ], [ 25.675265012, 51.744849769 ], [ 25.682667405, 51.755903355 ], [ 25.670333143, 51.77205891700001 ], [ 25.659207471, 51.764616231 ], [ 25.656065993, 51.763951752 ], [ 25.653244772, 51.766534287 ], [ 25.649724775, 51.766770628 ], [ 25.655085368, 51.781285224 ], [ 25.659524899, 51.783398361 ], [ 25.654110089, 51.789471734 ], [ 25.648259301, 51.789387907 ], [ 25.646981849, 51.795223526 ], [ 25.631300071, 51.803855029 ], [ 25.632029453, 51.806969214 ], [ 25.635341782, 51.806701117 ], [ 25.636761907, 51.808101539 ], [ 25.634535381, 51.81232293 ], [ 25.636766129, 51.814269002 ], [ 25.642995016, 51.815615625 ], [ 25.643282325, 51.817278404 ], [ 25.648359618, 51.816217523 ], [ 25.650240077, 51.819167488 ], [ 25.647725058, 51.819932925 ], [ 25.651152992, 51.823547994 ], [ 25.648197926, 51.826091557 ], [ 25.648984999, 51.828818 ], [ 25.6453263, 51.828751908 ], [ 25.64025441, 51.833834066 ], [ 25.640123204, 51.848837989 ], [ 25.658211565, 51.863834466 ], [ 25.659652418, 51.870073854 ], [ 25.670849, 51.873715209 ], [ 25.678566168, 51.878223702 ], [ 25.688627938, 51.879720356 ], [ 25.705875718, 51.895250108 ], [ 25.67642531, 51.902373004 ], [ 25.629282788, 51.901694174 ], [ 25.623374001, 51.90546 ], [ 25.595301455, 51.916446427 ], [ 25.59703442, 51.918367668 ], [ 25.595192999, 51.918536 ], [ 25.59269741, 51.92439252 ], [ 25.527147473, 51.940234725 ], [ 25.517813247, 51.92660545 ], [ 25.509858293, 51.92115691 ], [ 25.50144827, 51.927393765 ], [ 25.48869993, 51.930046721 ], [ 25.486261842, 51.929318108 ], [ 25.485071676, 51.92387774 ], [ 25.480703976, 51.92068254 ], [ 25.469223965, 51.920170942 ], [ 25.433214083, 51.922341956 ], [ 25.409957599, 51.921695865 ], [ 25.405690279, 51.92525723 ], [ 25.3966061, 51.926658014 ], [ 25.376456, 51.926373 ], [ 25.371412311, 51.927873947 ], [ 25.363890275, 51.9339765 ], [ 25.358856706, 51.934363171 ], [ 25.348298498, 51.931761236 ], [ 25.340116177, 51.933220664 ], [ 25.334552001, 51.938895 ], [ 25.325533306, 51.93899989 ], [ 25.320663692, 51.940804165 ], [ 25.319415338, 51.944932933 ], [ 25.309716554, 51.948959918 ], [ 25.302950174, 51.953799261 ], [ 25.290908734, 51.955670567 ], [ 25.289168439, 51.959354586 ], [ 25.271129727, 51.963293592 ], [ 25.264222702, 51.968046299 ], [ 25.257415459, 51.968699425 ], [ 25.244781718, 51.966747859 ], [ 25.234282519, 51.96137562900001 ], [ 25.225835612, 51.960911133 ], [ 25.213560523, 51.966606159 ], [ 25.191629972, 51.969182657 ], [ 25.18025079, 51.965398566 ], [ 25.165311358, 51.963097512 ], [ 25.155817052, 51.956567382 ], [ 25.140905912, 51.953371456 ], [ 25.117147925, 51.95118608 ], [ 25.099754883, 51.953464478 ], [ 25.096717673, 51.95254751 ], [ 25.079798138, 51.947290184 ], [ 25.068156404, 51.94127233 ], [ 25.057503088, 51.938761146 ], [ 25.0204032, 51.919024669 ], [ 24.994679783, 51.915184876 ], [ 24.99378903, 51.911824858 ], [ 24.977901269, 51.903410572 ], [ 24.966160527, 51.897960567 ], [ 24.954825454, 51.896174837 ], [ 24.930693852, 51.897103004 ], [ 24.918907758, 51.911336972 ], [ 24.843004597, 51.896125242 ], [ 24.835173776, 51.912537563 ], [ 24.829498986, 51.912951929 ], [ 24.810489627, 51.911974773 ], [ 24.803876863, 51.909174193 ], [ 24.793207, 51.894698 ], [ 24.780850027, 51.891949988 ], [ 24.766776036, 51.884388022 ], [ 24.74960439, 51.881144546 ], [ 24.733039564, 51.886079277 ], [ 24.714984128, 51.896398646 ], [ 24.671899401, 51.892489504 ], [ 24.662862423, 51.899468682 ], [ 24.625585836, 51.902651481 ], [ 24.604601083, 51.901294778 ], [ 24.578182135, 51.895761292 ], [ 24.573147972, 51.894174067 ], [ 24.567521154, 51.889566656 ], [ 24.536872095, 51.88724189 ], [ 24.516621247, 51.888659846 ], [ 24.477538759, 51.882484108 ], [ 24.388821287, 51.882192945 ], [ 24.378670772, 51.878860595 ], [ 24.372418462, 51.878444177 ], [ 24.347540453, 51.863494242 ], [ 24.33976538, 51.864158362 ], [ 24.334210783, 51.856026495 ], [ 24.340244948, 51.849596597 ], [ 24.337803921, 51.845626087 ], [ 24.334427561, 51.844655119 ], [ 24.324686402, 51.834423643 ], [ 24.311417975, 51.825564425 ], [ 24.296736131, 51.809014537 ], [ 24.294537765, 51.799234262 ], [ 24.305652132, 51.779626032 ], [ 24.307041652, 51.768994703 ], [ 24.319021, 51.750746001 ], [ 24.270097555, 51.716891807 ], [ 24.120620584, 51.666751609 ], [ 24.100160508, 51.639775027 ], [ 24.075075001, 51.618789 ], [ 24.028265278, 51.602246497 ], [ 24.017337634, 51.59605760800001 ], [ 24.017660842, 51.591485552 ], [ 24.013339357, 51.588178049 ], [ 23.996324657, 51.580074261 ], [ 23.973990383, 51.586765715 ], [ 23.95935347, 51.588060005 ], [ 23.943279, 51.596779 ], [ 23.903496001, 51.597731001 ], [ 23.881221212, 51.591907703 ], [ 23.875661461, 51.596805074 ], [ 23.880223193, 51.608303474 ], [ 23.888922648, 51.612990751 ], [ 23.912551036, 51.63146364 ], [ 23.867764582, 51.64271272 ], [ 23.846060951, 51.640334349 ], [ 23.827160894, 51.64536281 ], [ 23.80356111, 51.640277112 ], [ 23.788320224, 51.640126914 ], [ 23.78750496, 51.647717583 ], [ 23.790677055, 51.656444599 ], [ 23.790066368, 51.660782284 ], [ 23.787445075, 51.665118415 ], [ 23.782715871, 51.667488404 ], [ 23.754839405, 51.659126631 ], [ 23.748956284, 51.659966337 ], [ 23.73562162, 51.657692316 ], [ 23.717780697, 51.651257421 ], [ 23.702921087, 51.648532383 ], [ 23.678206691, 51.653097921 ], [ 23.666310762, 51.641524065 ], [ 23.659941107, 51.639001289 ], [ 23.644824768, 51.639206218 ], [ 23.630122979, 51.628936595 ], [ 23.604072924, 51.621460415 ], [ 23.605122891, 51.616807667 ], [ 23.615344, 51.613302 ], [ 23.620501862, 51.608621772 ], [ 23.625219796, 51.607904206 ], [ 23.625581948, 51.599705946 ], [ 23.631478142, 51.592477253 ], [ 23.637884509, 51.593584818 ], [ 23.657603645, 51.58676246 ], [ 23.661364234, 51.583305736 ], [ 23.664658285, 51.577007411 ], [ 23.659556001, 51.567226 ], [ 23.654193, 51.567421 ], [ 23.642988992, 51.558272406 ], [ 23.636467671, 51.556349009 ], [ 23.636213391, 51.549504191 ], [ 23.65464129, 51.535856821 ], [ 23.656230751, 51.532237865 ], [ 23.671405526, 51.519137838 ], [ 23.676705729, 51.506535733 ], [ 23.672631376, 51.499570398 ], [ 23.666785802, 51.49864968 ], [ 23.624873001, 51.503718 ], [ 23.617681943, 51.507929989 ], [ 23.616439999, 51.503143 ], [ 23.624341642, 51.501201319 ], [ 23.624411445, 51.499432614 ], [ 23.619734177, 51.496778469 ], [ 23.626707543, 51.494674122 ], [ 23.6309452, 51.49100654 ], [ 23.635624478, 51.490792957 ], [ 23.638459808, 51.485443084 ], [ 23.651458651, 51.485844921 ], [ 23.654539508, 51.489439569 ], [ 23.658658666, 51.490689413 ], [ 23.663207306, 51.488048006 ], [ 23.663896843, 51.485072691 ], [ 23.67000238, 51.482800683 ], [ 23.671252913, 51.475008169 ], [ 23.675059666, 51.473500003 ], [ 23.676439523, 51.470878329 ], [ 23.67383781, 51.469780687 ], [ 23.667107876, 51.471012356 ], [ 23.665295037, 51.466780133 ], [ 23.66023201, 51.464930812 ], [ 23.654601153, 51.45981975 ], [ 23.646790887, 51.459301292 ], [ 23.646916251, 51.456553608 ], [ 23.651072571, 51.453484325 ], [ 23.648552641, 51.451263903 ], [ 23.65146839, 51.449419508 ], [ 23.649358746, 51.446241378 ], [ 23.660405048, 51.444141202 ], [ 23.668503779, 51.445371458 ], [ 23.676352963, 51.44113201 ], [ 23.682762708, 51.445169309 ], [ 23.685480283, 51.445246251 ], [ 23.686542112, 51.442943921 ], [ 23.681249727, 51.437677108 ], [ 23.685896887, 51.433715149 ], [ 23.67847166, 51.433457177 ], [ 23.676887538, 51.430104056 ], [ 23.6788466, 51.428029549 ], [ 23.684637523, 51.426523912 ], [ 23.688581142, 51.419128537 ], [ 23.693875366, 51.418622057 ], [ 23.70072447, 51.420921964 ], [ 23.70289525, 51.419826187 ], [ 23.692773306, 51.414128704 ], [ 23.695839913, 51.412011914 ], [ 23.702063332, 51.411994705 ], [ 23.696380961, 51.407468828 ], [ 23.702599344, 51.403556831 ], [ 23.696980575, 51.403011571 ], [ 23.691206047, 51.398645059 ], [ 23.687203375, 51.399822826 ], [ 23.682349432, 51.398432894 ], [ 23.687086723, 51.393872183 ], [ 23.680477678, 51.39556516 ], [ 23.676715311, 51.39367342 ], [ 23.679473954, 51.390559778 ], [ 23.689200329, 51.38828539 ], [ 23.684997539, 51.387055961 ], [ 23.684275995, 51.383558641 ], [ 23.680500488, 51.385010534 ], [ 23.678530842, 51.384109764 ], [ 23.681075958, 51.381528258 ], [ 23.677893888, 51.376892195 ], [ 23.679641927, 51.37582127 ], [ 23.681064878, 51.378106961 ], [ 23.684156617, 51.378240444 ], [ 23.682546758, 51.372212448 ], [ 23.686384498, 51.368401582 ], [ 23.683247402, 51.367710887 ], [ 23.678452444, 51.36897265 ], [ 23.674776556, 51.366372405 ], [ 23.665753605, 51.367356109 ], [ 23.664940203, 51.365114429 ], [ 23.669433156, 51.360974974 ], [ 23.666685534, 51.360210102 ], [ 23.661449069, 51.362547669 ], [ 23.663041842, 51.357979522 ], [ 23.656676969, 51.359352747 ], [ 23.654749769, 51.352773742 ], [ 23.658331586, 51.351253147 ], [ 23.654099456, 51.35033510200001 ], [ 23.653217731, 51.346740339 ], [ 23.655961925, 51.345171818 ], [ 23.649743611, 51.34372778 ], [ 23.652941482, 51.342090297 ], [ 23.657549697, 51.342322782 ], [ 23.656555282, 51.339369671 ], [ 23.647584397, 51.339991183 ], [ 23.646010134, 51.334988834 ], [ 23.635552634, 51.328248012 ], [ 23.636581089, 51.326764952 ], [ 23.642279859, 51.326278888 ], [ 23.637356563, 51.323361384 ], [ 23.635536102, 51.319617182 ], [ 23.639498837, 51.317103062 ], [ 23.639750447, 51.314904093 ], [ 23.643694312, 51.313638149 ], [ 23.64349621, 51.310475261 ], [ 23.641344183, 51.311453156 ], [ 23.639292687, 51.310619571 ], [ 23.640720054, 51.306749563 ], [ 23.643269859, 51.306615091 ], [ 23.643213949, 51.304289921 ], [ 23.652676978, 51.299399907 ], [ 23.64664946, 51.298258098 ], [ 23.650274384, 51.294312145 ], [ 23.645853185, 51.29241914 ], [ 23.649494674, 51.289904595 ], [ 23.648240375, 51.287340851 ], [ 23.652879915, 51.288958452 ], [ 23.657473855, 51.286989825 ], [ 23.657795599, 51.289112643 ], [ 23.663362606, 51.29233762 ], [ 23.66875903, 51.292306291 ], [ 23.668566724, 51.29044935 ], [ 23.670752918, 51.289874937 ], [ 23.677929923, 51.292404926 ], [ 23.677212175, 51.290283193 ], [ 23.680890678, 51.291790807 ], [ 23.68179393, 51.290163149 ], [ 23.685451706, 51.290933996 ], [ 23.684391178, 51.288206153 ], [ 23.688061882, 51.286162237 ], [ 23.691933769, 51.28639527 ], [ 23.695241124, 51.288557489 ], [ 23.695224288, 51.291532916 ], [ 23.697218951, 51.283335176 ], [ 23.700479663, 51.28143103 ], [ 23.703709814, 51.281964214 ], [ 23.705740182, 51.278953217 ], [ 23.709364048, 51.277644635 ], [ 23.705402045, 51.274774204 ], [ 23.710481388, 51.275705837 ], [ 23.711590739, 51.274553825 ], [ 23.709411635, 51.273484592 ], [ 23.713435657, 51.269417557 ], [ 23.716447504, 51.271498246 ], [ 23.717337606, 51.269561502 ], [ 23.720550174, 51.269532081 ], [ 23.717545949, 51.268171534 ], [ 23.719671804, 51.267396639 ], [ 23.717331337, 51.264006058 ], [ 23.720133421, 51.264928107 ], [ 23.722550693, 51.261116252 ], [ 23.726779707, 51.261472161 ], [ 23.72316713, 51.260328 ], [ 23.726257431, 51.259408184 ], [ 23.723119497, 51.258258997 ], [ 23.725768525, 51.250650816 ], [ 23.72399814, 51.246672422 ], [ 23.727459476, 51.24432612 ], [ 23.7300373, 51.245154291 ], [ 23.730072165, 51.241814523 ], [ 23.727119519, 51.243120829 ], [ 23.725851484, 51.24183835800001 ], [ 23.727227194, 51.2397507 ], [ 23.731596381, 51.238814876 ], [ 23.726709261, 51.238714477 ], [ 23.726295641, 51.236444261 ], [ 23.732862738, 51.234592413 ], [ 23.733601609, 51.232718688 ], [ 23.738864172, 51.231864115 ], [ 23.739208168, 51.227554252 ], [ 23.741722803, 51.227296817 ], [ 23.743052839, 51.223992047 ], [ 23.742827349, 51.220843298 ], [ 23.736041033, 51.219803129 ], [ 23.739384195, 51.215281185 ], [ 23.739078665, 51.212032014 ], [ 23.74257793, 51.212311312 ], [ 23.742159776, 51.214998063 ], [ 23.746164429, 51.211398464 ], [ 23.746374376, 51.212868323 ], [ 23.750287905, 51.210703699 ], [ 23.756895401, 51.212182381 ], [ 23.758171505, 51.210970531 ], [ 23.756047983, 51.209437715 ], [ 23.759976376, 51.207957569 ], [ 23.760458476, 51.202802759 ], [ 23.763402693, 51.205513938 ], [ 23.764581881, 51.20458268 ], [ 23.76247723, 51.202623524 ], [ 23.766438285, 51.202530872 ], [ 23.768560186, 51.19987322 ], [ 23.775566304, 51.200445107 ], [ 23.783442816, 51.198641492 ], [ 23.780355025, 51.19637327 ], [ 23.783207301, 51.195701604 ], [ 23.782148458, 51.191780042 ], [ 23.784817736, 51.189512636 ], [ 23.796644171, 51.187910503 ], [ 23.801668735, 51.185152421 ], [ 23.807575864, 51.185191226 ], [ 23.814151222, 51.179208042 ], [ 23.812026322, 51.175341537 ], [ 23.813545323, 51.171133767 ], [ 23.826561682, 51.167120142 ], [ 23.824789977, 51.166264227 ], [ 23.822308832, 51.167246564 ], [ 23.821167946, 51.1653732 ], [ 23.824087433, 51.16188974 ], [ 23.826946672, 51.163245458 ], [ 23.827375956, 51.160301175 ], [ 23.82916072, 51.160271075 ], [ 23.829091869, 51.16243261 ], [ 23.833649573, 51.161542315 ], [ 23.835432089, 51.163789206 ], [ 23.838025435, 51.159490254 ], [ 23.842411324, 51.16454887 ], [ 23.844268521, 51.162843412 ], [ 23.841973715, 51.160615782 ], [ 23.851104258, 51.159962107 ], [ 23.848727345, 51.157574814 ], [ 23.849449011, 51.155288829 ], [ 23.857562457, 51.158056862 ], [ 23.861065561, 51.15787963 ], [ 23.863105354, 51.155258436 ], [ 23.862021815, 51.151670644 ], [ 23.869143005, 51.150618675 ], [ 23.865178528, 51.147438707 ], [ 23.87128252, 51.145089729 ], [ 23.867732772, 51.142076095 ], [ 23.870274347, 51.140357999 ], [ 23.868406576, 51.135411495 ], [ 23.869636187, 51.129754413 ], [ 23.86132979, 51.127481934 ], [ 23.860238093, 51.131205677 ], [ 23.855128413, 51.127846764 ], [ 23.853959333, 51.130689149 ], [ 23.852092678, 51.12792582 ], [ 23.853294181, 51.125977126 ], [ 23.84928286, 51.123903453 ], [ 23.853072948, 51.122291438 ], [ 23.851624462, 51.118229784 ], [ 23.857178149, 51.118152504 ], [ 23.854910512, 51.114434282 ], [ 23.862398891, 51.112888071 ], [ 23.856704919, 51.110703598 ], [ 23.857876277, 51.108816923 ], [ 23.862482156, 51.10797803 ], [ 23.857559886, 51.107464261 ], [ 23.862057579, 51.10353272 ], [ 23.85658159, 51.100001153 ], [ 23.860939243, 51.096906532 ], [ 23.863702257, 51.099342902 ], [ 23.867135152, 51.098549669 ], [ 23.867631528, 51.09355788 ], [ 23.869626278, 51.095163232 ], [ 23.871415079, 51.094702879 ], [ 23.870360698, 51.090206122 ], [ 23.873109871, 51.082196392 ], [ 23.876627432, 51.079166599 ], [ 23.875651175, 51.077061843 ], [ 23.879589127, 51.0774061 ], [ 23.87940683, 51.080582981 ], [ 23.885253038, 51.082312044 ], [ 23.886445476, 51.078893947 ], [ 23.890107212, 51.079209828 ], [ 23.892430837, 51.074449701 ], [ 23.896520849, 51.076867176 ], [ 23.89806415, 51.074228934 ], [ 23.90343258, 51.074070909 ], [ 23.906147151, 51.078567213 ], [ 23.91150714, 51.074503673 ], [ 23.909978597, 51.072271291 ], [ 23.912758361, 51.070181415 ], [ 23.908979704, 51.066861903 ], [ 23.908785992, 51.064220027 ], [ 23.912866232, 51.063487877 ], [ 23.916004731, 51.048774298 ], [ 23.913656293, 51.046836712 ], [ 23.919757345, 51.046835481 ], [ 23.912993779, 51.041580382 ], [ 23.916059286, 51.03959081 ], [ 23.921385135, 51.039031645 ], [ 23.921214958, 51.036657663 ], [ 23.927298741, 51.038447421 ], [ 23.931579565, 51.038095394 ], [ 23.923325605, 51.034471899 ], [ 23.92002364, 51.031039073 ], [ 23.916732346, 51.030548535 ], [ 23.915786019, 51.028094627 ], [ 23.921324235, 51.026886105 ], [ 23.918199561, 51.025263526 ], [ 23.92718443, 51.020120063 ], [ 23.926465165, 51.018585821 ], [ 23.923544356, 51.018868797 ], [ 23.922938701, 51.0164989 ], [ 23.930553299, 51.017127356 ], [ 23.935707253, 51.014603439 ], [ 23.934239302, 51.012663571 ], [ 23.933005806, 51.014291885 ], [ 23.928379526, 51.013672133 ], [ 23.925940759, 51.014937624 ], [ 23.925475867, 51.012428471 ], [ 23.921990693, 51.012813914 ], [ 23.922240213, 51.009566281 ], [ 23.915519925, 51.012113521 ], [ 23.914804164, 51.009912626 ], [ 23.918350913, 51.009506513 ], [ 23.91493632, 51.006913199 ], [ 23.923537718, 51.005343614 ], [ 23.929672998, 51.005842188 ], [ 23.938424986, 51.003030448 ], [ 23.947374139, 50.994800758 ], [ 23.951215383, 50.994875388 ], [ 23.957156654, 50.990078986 ], [ 23.966893418, 50.97848237800001 ], [ 23.967437306, 50.966429883 ], [ 23.970671573, 50.959392916 ], [ 23.968197805, 50.956569961 ], [ 23.970486024, 50.950310911 ], [ 23.974304771, 50.949524314 ], [ 23.976329869, 50.946057252 ], [ 23.979263052, 50.948819192 ], [ 23.9816854, 50.946449325 ], [ 23.98869053, 50.944539829 ], [ 23.997664911, 50.928033347 ], [ 24.006285299, 50.925213121 ], [ 24.010990037, 50.919888835 ], [ 24.024217431, 50.916096134 ], [ 24.038839079, 50.903803191 ], [ 24.047260399, 50.900702021 ], [ 24.052049304, 50.896389288 ], [ 24.049912138, 50.894300393 ], [ 24.052377779, 50.891298725 ], [ 24.055901241, 50.890703249 ], [ 24.059703583, 50.892350606 ], [ 24.072978784, 50.890959589 ], [ 24.080076564, 50.889476007 ], [ 24.082414339, 50.887029178 ], [ 24.086341637, 50.88901026 ], [ 24.099033277, 50.876929741 ], [ 24.112372579, 50.875762866 ], [ 24.116050039, 50.869926746 ], [ 24.122376513, 50.871855088 ], [ 24.125801561, 50.868289233 ], [ 24.136194996, 50.866691106 ], [ 24.138825241, 50.869396968 ], [ 24.145704169, 50.869201642 ], [ 24.143228099, 50.858335212 ], [ 24.131466449, 50.848695825 ], [ 24.124180487, 50.847341371 ], [ 24.123730719, 50.844990177 ], [ 24.117778081, 50.844793011 ], [ 24.115141911, 50.841442126 ], [ 24.100629909, 50.838168677 ], [ 24.100354589, 50.83589637 ], [ 24.085262409, 50.835388004 ], [ 24.080658886, 50.836679248 ], [ 24.081071674, 50.834433055 ], [ 24.076856566, 50.835491686 ], [ 24.073936451, 50.8340023 ], [ 24.064452677, 50.836249464 ], [ 24.063497571, 50.833990733 ], [ 24.059761968, 50.835393478 ], [ 24.055390886, 50.834181528 ], [ 24.052928001, 50.836202999 ], [ 24.047993566, 50.835768945 ], [ 24.043810167, 50.833364054 ], [ 24.039769648, 50.836343167 ], [ 24.047152685, 50.837540654 ], [ 24.046468321, 50.838403109 ], [ 24.034510799, 50.839531928 ], [ 24.032275321, 50.835747832 ], [ 24.028570472, 50.838520006 ], [ 24.029831754, 50.841032997 ], [ 24.026626471, 50.841267589 ], [ 24.026794024, 50.838063246 ], [ 24.024385398, 50.840603496 ], [ 24.020094815, 50.84169121 ], [ 24.019006863, 50.838640514 ], [ 24.008985343, 50.838828538 ], [ 24.006336613, 50.841123882 ], [ 23.989443145, 50.837408912 ], [ 23.980962089, 50.829903152 ], [ 23.983408117, 50.82667657 ], [ 23.980384773, 50.82804758 ], [ 23.97950884, 50.82424007 ], [ 23.977354087, 50.826984752 ], [ 23.975233744, 50.825860447 ], [ 23.975207903, 50.822477011 ], [ 23.972335031, 50.820256268 ], [ 23.974415356, 50.817051445 ], [ 23.968372798, 50.819281524 ], [ 23.970490145, 50.816061767 ], [ 23.967004978, 50.816237024 ], [ 23.963239828, 50.814164645 ], [ 23.968811199, 50.811683382 ], [ 23.963072774, 50.798622072 ], [ 23.957239381, 50.794681069 ], [ 23.960228023, 50.791100247 ], [ 23.965198986, 50.789864061 ], [ 23.962474833, 50.788574236 ], [ 23.963073709, 50.786248664 ], [ 23.965476114, 50.788815819 ], [ 23.968289155, 50.78566838 ], [ 23.963258992, 50.781375301 ], [ 23.966143363, 50.778033123 ], [ 23.970370112, 50.778703063 ], [ 23.968885319, 50.774840785 ], [ 23.971636936, 50.777148819 ], [ 23.972331356, 50.774240278 ], [ 23.978318802, 50.773512291 ], [ 23.977840058, 50.768562127 ], [ 23.982076271, 50.768044441 ], [ 23.980656509, 50.77111831 ], [ 23.997853694, 50.769173182 ], [ 24.011255793, 50.772143961 ], [ 24.023793981, 50.766265508 ], [ 24.025003838, 50.758852606 ], [ 24.02147512, 50.758020583 ], [ 24.020908597, 50.761483115 ], [ 24.013979376, 50.762075706 ], [ 24.016207613, 50.760352401 ], [ 24.012210612, 50.757125761 ], [ 24.017843881, 50.756872772 ], [ 24.011062977, 50.754335126 ], [ 24.013695856, 50.753523533 ], [ 24.017269792, 50.754674191 ], [ 24.016875481, 50.752099559 ], [ 24.0238914, 50.750844467 ], [ 24.020962091, 50.749393408 ], [ 24.018149661, 50.751225276 ], [ 24.015078641, 50.747265565 ], [ 24.017700382, 50.746392201 ], [ 24.019588276, 50.748621231 ], [ 24.022954624, 50.745465512 ], [ 24.020142755, 50.745483387 ], [ 24.015742613, 50.737073146 ], [ 24.020321631, 50.737800881 ], [ 24.019470075, 50.732772006 ], [ 24.015670631, 50.729875661 ], [ 24.019537829, 50.731016868 ], [ 24.016505121, 50.722916779 ], [ 24.022173098, 50.721671695 ], [ 24.021530821, 50.724741876 ], [ 24.023389472, 50.725100846 ], [ 24.042532646, 50.717470982 ], [ 24.044310687, 50.715143309 ], [ 24.050204546, 50.719050193 ], [ 24.0530693, 50.717728325 ], [ 24.060793427, 50.720553513 ], [ 24.063946628, 50.718247317 ], [ 24.065844295, 50.7215783 ], [ 24.066792687, 50.720041487 ], [ 24.072006745, 50.720361827 ], [ 24.073070122, 50.717517169 ], [ 24.071217105, 50.715363326 ], [ 24.075240305, 50.71330323 ], [ 24.071419517, 50.711920616 ], [ 24.075236347, 50.710880677 ], [ 24.073353138, 50.707855103 ], [ 24.067080394, 50.707274116 ], [ 24.070032296, 50.705011874 ], [ 24.071559436, 50.702303242 ], [ 24.069704718, 50.701426548 ], [ 24.072379538, 50.698813695 ], [ 24.064973124, 50.686399419 ], [ 24.069479914, 50.683867394 ], [ 24.066426356, 50.683172331 ], [ 24.063297255, 50.684832769 ], [ 24.062950935, 50.680661583 ], [ 24.065035967, 50.680384441 ], [ 24.062235749, 50.67777974700001 ], [ 24.068052769, 50.677445137 ], [ 24.070313839, 50.678895912 ], [ 24.073307061, 50.673599219 ], [ 24.073578791, 50.675981603 ], [ 24.075505131, 50.673563186 ], [ 24.075332936, 50.675887444 ], [ 24.07692419, 50.675589865 ], [ 24.078805759, 50.67283997 ], [ 24.079351345, 50.674650134 ], [ 24.082165026, 50.674658489 ], [ 24.081663218, 50.671709782 ], [ 24.086641656, 50.669127069 ], [ 24.084977254, 50.667990973 ], [ 24.08537462, 50.661387679 ], [ 24.091048527, 50.66363267 ], [ 24.085668622, 50.655189271 ], [ 24.090379449, 50.653634721 ], [ 24.087193949, 50.653025414 ], [ 24.089043245, 50.650638652 ], [ 24.084595751, 50.649639787 ], [ 24.08003567, 50.644809722 ], [ 24.087825664, 50.644605585 ], [ 24.085070934, 50.643289995 ], [ 24.087291067, 50.642024107 ], [ 24.088370106, 50.635184213 ], [ 24.08841512, 50.637259839 ], [ 24.093519831, 50.635172676 ], [ 24.097894362, 50.63753803800001 ], [ 24.104505482, 50.634582712 ], [ 24.110612635, 50.636537325 ], [ 24.116570647, 50.640981593 ], [ 24.115160054, 50.642137327 ], [ 24.121876865, 50.643679014 ], [ 24.117842568, 50.644922451 ], [ 24.118103697, 50.647867032 ], [ 24.121243335, 50.64605131 ], [ 24.125753319, 50.648896078 ], [ 24.130180255, 50.64843255 ], [ 24.129882232, 50.645733529 ], [ 24.13480114, 50.645352368 ], [ 24.137793911, 50.642982018 ], [ 24.139059197, 50.646576983 ], [ 24.141303384, 50.643623089 ], [ 24.144808119, 50.642784898 ], [ 24.148871379, 50.647236672 ], [ 24.151247371, 50.643444922 ], [ 24.154721795, 50.646611131 ], [ 24.152939482, 50.642749174 ], [ 24.155895874, 50.642507899 ], [ 24.158072192, 50.639568941 ], [ 24.157463197, 50.642828143 ], [ 24.159845026, 50.642848113 ], [ 24.159791118, 50.640039088 ], [ 24.167175478, 50.636410505 ], [ 24.167595458, 50.633671099 ], [ 24.170709276, 50.634777144 ], [ 24.17229465, 50.633848775 ], [ 24.172223105, 50.630771302 ], [ 24.163239095, 50.631520713 ], [ 24.169831924, 50.629930385 ], [ 24.171720328, 50.628309646 ], [ 24.169175627, 50.626693754 ], [ 24.174279912, 50.625476026 ], [ 24.173604591, 50.624365481 ], [ 24.171450939, 50.625446035 ], [ 24.169978044, 50.623277578 ], [ 24.175626856, 50.623623083 ], [ 24.173443827, 50.6226741 ], [ 24.176289446, 50.618917797 ], [ 24.173703282, 50.619431106 ], [ 24.173390888, 50.616516522 ], [ 24.177631157, 50.618920037 ], [ 24.182536484, 50.616961721 ], [ 24.184618343, 50.619362482 ], [ 24.187251503, 50.614578464 ], [ 24.191528582, 50.617346785 ], [ 24.195412412, 50.613029973 ], [ 24.200163606, 50.614465053 ], [ 24.203945358, 50.611486568 ], [ 24.199513512, 50.607875747 ], [ 24.205188233, 50.607356036 ], [ 24.202790271, 50.606504548 ], [ 24.204200211, 50.603399198 ], [ 24.207560665, 50.604034097 ], [ 24.206097068, 50.601740442 ], [ 24.209607393, 50.601935915 ], [ 24.211312246, 50.59890301 ], [ 24.208636824, 50.598034117 ], [ 24.212932211, 50.596410997 ], [ 24.211543154, 50.591922897 ], [ 24.216895885, 50.591460458 ], [ 24.219140116, 50.593938487 ], [ 24.225297722, 50.592810562 ], [ 24.220884951, 50.58957767 ], [ 24.226705001, 50.587418 ], [ 24.231095634, 50.583365965 ], [ 24.234922044, 50.585185933 ], [ 24.243807908, 50.58139073 ], [ 24.266464808, 50.58056779 ], [ 24.27149154, 50.578365822 ], [ 24.293199274, 50.574017011 ], [ 24.299394406, 50.574906927 ], [ 24.308699851, 50.573742612 ], [ 24.312461169, 50.571551551 ], [ 24.317938857, 50.573281273 ], [ 24.319314449, 50.582293474 ], [ 24.326366427, 50.593003876 ], [ 24.323532096, 50.599809883 ], [ 24.338994892, 50.598405306 ], [ 24.352757339, 50.598994721 ], [ 24.362062284, 50.596631768 ], [ 24.380879979, 50.609151592 ], [ 24.395166412, 50.597442355 ], [ 24.399570001, 50.591262 ], [ 24.413471447, 50.586343307 ], [ 24.408983311, 50.581296641 ], [ 24.398546247, 50.574405751 ], [ 24.403312522, 50.571174401 ], [ 24.400930163, 50.568750994 ], [ 24.406193027, 50.560312852 ], [ 24.415793558, 50.55843281 ], [ 24.418764271, 50.554676836 ], [ 24.434921645, 50.545554953 ], [ 24.450389002, 50.539244123 ], [ 24.453295339, 50.540898744 ], [ 24.466704971, 50.540808704 ], [ 24.467267676, 50.542295104 ], [ 24.487676516, 50.551010481 ], [ 24.499630765, 50.552097425 ], [ 24.500635885, 50.55456248 ], [ 24.507427768, 50.555834241 ], [ 24.516497834, 50.55556583 ], [ 24.531503106, 50.550333741 ], [ 24.548211595, 50.533461145 ], [ 24.5503089, 50.52088951 ], [ 24.559229545, 50.510893183 ], [ 24.553564895, 50.50593743 ], [ 24.554729555, 50.492870992 ], [ 24.562915183, 50.492624759 ], [ 24.563221973, 50.489127499 ], [ 24.569962342, 50.488927966 ], [ 24.582192459, 50.491189151 ], [ 24.587923182, 50.49374152 ], [ 24.586577455, 50.49999408 ], [ 24.5961002, 50.497825494 ], [ 24.596527788, 50.495621128 ], [ 24.587768504, 50.493399412 ], [ 24.592482065, 50.480604769 ], [ 24.597586162, 50.478901191 ], [ 24.597968207, 50.466423897 ], [ 24.588644958, 50.461680071 ], [ 24.590603, 50.457673001 ], [ 24.599333997, 50.456189076 ], [ 24.596653437, 50.413491201 ], [ 24.630471063, 50.408112625 ], [ 24.64172989, 50.408248267 ], [ 24.648382257, 50.410757326 ], [ 24.653811916, 50.409994507 ], [ 24.651293834, 50.403301957 ], [ 24.655890178, 50.401202001 ], [ 24.676414999, 50.397394001 ], [ 24.714941401, 50.378850055 ], [ 24.721729309, 50.372289581 ], [ 24.71492802, 50.358092442 ], [ 24.713798882, 50.342300233 ], [ 24.777279046, 50.337659863 ], [ 24.789294514, 50.345970471 ], [ 24.807886631, 50.346635078 ], [ 24.810644026, 50.348019719 ], [ 24.849464414, 50.351400782 ], [ 24.855977211, 50.351198544 ], [ 24.859359523, 50.34960278 ], [ 24.860824067, 50.354515919 ], [ 24.865806312, 50.359614188 ], [ 24.887217159, 50.358588286 ], [ 24.885585543, 50.344663813 ], [ 24.888833447, 50.34601987 ], [ 24.911401082, 50.345390648 ], [ 24.91225357, 50.346917939 ], [ 24.920594084, 50.345542252 ], [ 24.924851104, 50.346503056 ], [ 24.936748937, 50.345587914 ], [ 24.93948644, 50.364199778 ], [ 24.935689917, 50.372777629 ], [ 24.9293329, 50.378208432 ], [ 24.936966258, 50.382653564 ], [ 24.941911, 50.38945 ], [ 24.948405001, 50.387171 ], [ 24.967893836, 50.372312317 ], [ 25.016829487, 50.341724962 ], [ 25.03333876, 50.345842581 ], [ 25.044558092, 50.342428877 ], [ 25.05893945, 50.342280246 ], [ 25.059688452, 50.34088826 ], [ 25.056555573, 50.339829627 ], [ 25.054148222, 50.335504227 ], [ 25.057353372, 50.334243622 ], [ 25.060133724, 50.329214068 ], [ 25.059593107, 50.324510488 ], [ 25.056140504, 50.323804711 ], [ 25.057559273, 50.319763855 ], [ 25.055295783, 50.319362681 ], [ 25.055708338, 50.317302779 ], [ 25.05309182, 50.315899894 ], [ 25.054996793, 50.314512709 ], [ 25.053285968, 50.313522224 ], [ 25.056958113, 50.311781854 ], [ 25.053431379, 50.30832468 ], [ 25.054716074, 50.306324182 ], [ 25.052207318, 50.305996651 ], [ 25.056147476, 50.303031575 ], [ 25.05412406, 50.300964814 ], [ 25.065387743, 50.298169946 ], [ 25.071077682, 50.29436068 ], [ 25.112613117, 50.287237057 ] ] ] } },
{ "type": "Feature", "properties": { "shapeName": "Dnipropetrovska", "shapeISO": "", "shapeID": "82583831B96004676694065", "shapeGroup": "UKR", "shapeType": "ADM1" }, "geometry": { "type": "Polygon", "coordinates": [ [ [ 34.139477913, 47.477380894 ], [ 34.202585631, 47.487602393 ], [ 34.233695232, 47.494316112 ], [ 34.272903886, 47.510855567 ], [ 34.297497582, 47.51851894 ], [ 34.345224276, 47.522052693 ], [ 34.422634447, 47.53015748 ], [ 34.467678616, 47.532074434 ], [ 34.479223033, 47.534739026 ], [ 34.498007403, 47.543547974 ], [ 34.528173108, 47.553868719 ], [ 34.572386023, 47.561731215 ], [ 34.590026964, 47.562594574 ], [ 34.644270369, 47.560080421 ], [ 34.6703418, 47.555705496 ], [ 34.73780796, 47.538781729 ], [ 34.796796021, 47.537194216 ], [ 34.818703293, 47.530458897 ], [ 34.841509445, 47.520956197 ], [ 34.862544147, 47.515226003 ], [ 34.886248281, 47.516480542 ], [ 34.928124366, 47.524672687 ], [ 34.944023045, 47.529209044 ], [ 34.957259005, 47.537878589 ], [ 34.96536143, 47.55014502 ], [ 34.957208906, 47.568191191 ], [ 34.948844589, 47.572202484 ], [ 34.934981161, 47.568004808 ], [ 34.934180459, 47.569761071 ], [ 34.945785564, 47.574207297 ], [ 34.93916796, 47.580476176 ], [ 34.927310097, 47.580357075 ], [ 34.927352728, 47.581518191 ], [ 34.936072984, 47.582495022 ], [ 34.93443059, 47.588167748 ], [ 34.928595479, 47.590265912 ], [ 34.92589335, 47.594159178 ], [ 34.931758615, 47.59343913 ], [ 34.934651732, 47.590720285 ], [ 34.938532882, 47.59458092 ], [ 34.937062092, 47.597993175 ], [ 34.941899828, 47.601570402 ], [ 34.93293243, 47.635689816 ], [ 34.916142393, 47.633764228 ], [ 34.905516495, 47.673993413 ], [ 34.937698019, 47.677558335 ], [ 34.929645942, 47.711559583 ], [ 34.955882197, 47.712424207 ], [ 34.951961738, 47.727019584 ], [ 34.957354525, 47.727626166 ], [ 34.95443993, 47.738932307 ], [ 34.964774941, 47.740016499 ], [ 34.956934754, 47.769299746 ], [ 34.893496209, 47.760138965 ], [ 34.87887445, 47.818553135 ], [ 34.903331847, 47.829829615 ], [ 34.897407645, 47.85269757 ], [ 34.882097545, 47.850841694 ], [ 34.870645859, 47.851333576 ], [ 34.863952603, 47.879163854 ], [ 34.861142252, 47.880483123 ], [ 34.850653005, 47.877967967 ], [ 34.837847706, 47.870016271 ], [ 34.828626337, 47.868787514 ], [ 34.816802271, 47.864547206 ], [ 34.801867324, 47.915523121 ], [ 34.853057482, 47.921561421 ], [ 34.849118106, 47.937896072 ], [ 34.868646568, 47.940982648 ], [ 34.876435545, 47.941997694 ], [ 34.880847372, 47.928831833 ], [ 34.918474125, 47.933401747 ], [ 34.913445036, 47.940668955 ], [ 34.908962149, 47.957405269 ], [ 34.912386051, 47.957777782 ], [ 34.904736027, 47.985761018 ], [ 34.869369935, 47.982285628 ], [ 34.864398501, 48.001385816 ], [ 34.858258504, 48.015114484 ], [ 34.846528308, 48.013610046 ], [ 34.839345925, 48.049007686 ], [ 34.840971211, 48.05072218 ], [ 34.875582212, 48.054309455 ], [ 34.855049175, 48.132978355 ], [ 34.878223009, 48.133889032 ], [ 34.88127114, 48.126871176 ], [ 34.915585204, 48.130392687 ], [ 34.919514234, 48.114631258 ], [ 34.911576651, 48.113719463 ], [ 34.911005145, 48.102911491 ], [ 34.914614319, 48.090810133 ], [ 34.930322375, 48.092570899 ], [ 34.930046637, 48.090360666 ], [ 34.986310401, 48.096574975 ], [ 34.989294357, 48.089964967 ], [ 35.004901314, 48.093776404 ], [ 35.036821426, 48.097406932 ], [ 35.039880532, 48.09930398 ], [ 35.040694572, 48.104330305 ], [ 35.044767212, 48.109554782 ], [ 35.061010491, 48.121286677 ], [ 35.078657464, 48.122456618 ], [ 35.105167059, 48.131009146 ], [ 35.164187136, 48.128964619 ], [ 35.180158998, 48.131756204 ], [ 35.194386614, 48.140290145 ], [ 35.209079667, 48.139675392 ], [ 35.220468712, 48.141597542 ], [ 35.235496688, 48.135594833 ], [ 35.244839929, 48.134881332 ], [ 35.259181539, 48.137241644 ], [ 35.271370125, 48.142748263 ], [ 35.294080686, 48.143724805 ], [ 35.303089101, 48.141224348 ], [ 35.320084745, 48.132334446 ], [ 35.330303804, 48.129557508 ], [ 35.337913317, 48.123760014 ], [ 35.352650558, 48.122334153 ], [ 35.356177326, 48.120778178 ], [ 35.35789847, 48.121852335 ], [ 35.366046661, 48.120994156 ], [ 35.368694289, 48.119258323 ], [ 35.376259823, 48.119379526 ], [ 35.377936026, 48.118062904 ], [ 35.382978262, 48.120041439 ], [ 35.39442724, 48.114110351 ], [ 35.401782765, 48.114821975 ], [ 35.404577431, 48.111645722 ], [ 35.415105099, 48.111204348 ], [ 35.420044376, 48.100039541 ], [ 35.451554796, 48.103300409 ], [ 35.474787855, 48.097494304 ], [ 35.480483025, 48.097436062 ], [ 35.484806536, 48.094905111 ], [ 35.500482149, 48.097446735 ], [ 35.518910473, 48.094848606 ], [ 35.524305184, 48.074400437 ], [ 35.556005046, 48.084532668 ], [ 35.63465558, 48.113312034 ], [ 35.695250937, 48.135949542 ], [ 35.703229581, 48.140253317 ], [ 35.742802104, 48.095684961 ], [ 35.75659167, 48.096554664 ], [ 35.757478209, 48.098361012 ], [ 35.773092427, 48.097256482 ], [ 35.782769898, 48.094281502 ], [ 35.794682241, 48.096539622 ], [ 35.805990574, 48.100739699 ], [ 35.816600018, 48.06568214 ], [ 35.921110409, 48.081925663 ], [ 35.967186797, 48.094739951 ], [ 35.975273473, 48.09234652 ], [ 35.975756364, 48.086571986 ], [ 35.983604167, 48.086759763 ], [ 35.985419613, 48.084484123 ], [ 35.983592205, 48.077943175 ], [ 35.97670661, 48.077953593 ], [ 35.969253931, 48.072771784 ], [ 35.974138653, 48.06661472 ], [ 35.97201217, 48.059946343 ], [ 35.975170919, 48.059416928 ], [ 35.98075265, 48.063390964 ], [ 35.988476521, 48.058280886 ], [ 35.987777451, 48.057006511 ], [ 35.982585088, 48.056892994 ], [ 35.977924562, 48.051549986 ], [ 35.975116065, 48.043347639 ], [ 36.052306257, 48.058817672 ], [ 36.057840797, 48.046738462 ], [ 36.055626309, 48.046267111 ], [ 36.065195545, 48.025125727 ], [ 36.034192591, 48.018720835 ], [ 36.041479622, 48.003639913 ], [ 36.061580157, 48.001417601 ], [ 36.065945843, 47.981953483 ], [ 36.070841928, 47.972144409 ], [ 36.047792941, 47.965847682 ], [ 36.051450579, 47.958467299 ], [ 36.073391089, 47.965053494 ], [ 36.084566712, 47.930255336 ], [ 36.108954131, 47.941718477 ], [ 36.120077673, 47.927937682 ], [ 36.11060163, 47.924718281 ], [ 36.128011205, 47.902128004 ], [ 36.122353089, 47.900186944 ], [ 36.129760639, 47.890607683 ], [ 36.11752773, 47.871945866 ], [ 36.117123677, 47.868221191 ], [ 36.1189692, 47.867881447 ], [ 36.119543657, 47.8648619 ], [ 36.086985672, 47.86114995 ], [ 36.080607508, 47.883298497 ], [ 36.054004306, 47.879954091 ], [ 36.057373862, 47.868261282 ], [ 36.068373588, 47.867449584 ], [ 36.073662518, 47.847879284 ], [ 36.099417068, 47.849637729 ], [ 36.101260612, 47.842422095 ], [ 36.17883641, 47.850404875 ], [ 36.177369331, 47.857142477 ], [ 36.196041137, 47.859416175 ], [ 36.19742299, 47.857817671 ], [ 36.196115742, 47.851911475 ], [ 36.187929809, 47.841388993 ], [ 36.189877329, 47.836817008 ], [ 36.193208734, 47.838117067 ], [ 36.197693053, 47.83277187 ], [ 36.265888933, 47.833336218 ], [ 36.273620419, 47.823363353 ], [ 36.275339523, 47.815348743 ], [ 36.298172028, 47.817738504 ], [ 36.298548158, 47.815883502 ], [ 36.332555321, 47.820743423 ], [ 36.329871602, 47.822667339 ], [ 36.332191144, 47.826010711 ], [ 36.329070038, 47.828122811 ], [ 36.330264489, 47.830956015 ], [ 36.323197366, 47.835622977 ], [ 36.323729618, 47.839352425 ], [ 36.374431313, 47.838004263 ], [ 36.376296501, 47.830186158 ], [ 36.397914601, 47.830796415 ], [ 36.412025023, 47.827591655 ], [ 36.422304525, 47.828735345 ], [ 36.437451613, 47.827232899 ], [ 36.449031342, 47.824089871 ], [ 36.472295903, 47.824060148 ], [ 36.522541492, 47.828870558 ], [ 36.520819645, 47.836324733 ], [ 36.585003042, 47.847145604 ], [ 36.576734425, 47.880306951 ], [ 36.549366366, 47.87731345 ], [ 36.541781542, 47.90589992 ], [ 36.592543604, 47.910755712 ], [ 36.589689158, 47.921652311 ], [ 36.617755582, 47.917543647 ], [ 36.640125022, 47.920373444 ], [ 36.629062289, 47.961678606 ], [ 36.585295839, 47.956573779 ], [ 36.576424538, 47.997965182 ], [ 36.5788219, 47.999867369 ], [ 36.582905151, 48.00048041 ], [ 36.585713843, 47.99934026 ], [ 36.586313595, 48.000677491 ], [ 36.576628138, 48.01019026 ], [ 36.573818125, 48.011126351 ], [ 36.571854811, 48.009725562 ], [ 36.568337597, 48.011511224 ], [ 36.590862913, 48.020084787 ], [ 36.584420016, 48.031772145 ], [ 36.573765772, 48.040214115 ], [ 36.58722738, 48.052346608 ], [ 36.582512607, 48.05997566 ], [ 36.579299027, 48.060199038 ], [ 36.577994136, 48.061868322 ], [ 36.587141568, 48.064797064 ], [ 36.584691467, 48.071859419 ], [ 36.586971367, 48.07593108 ], [ 36.581388545, 48.077191169 ], [ 36.580328097, 48.079724282 ], [ 36.585873563, 48.078127316 ], [ 36.587678937, 48.079970909 ], [ 36.586412999, 48.082815268 ], [ 36.594575922, 48.0823694 ], [ 36.60428189, 48.085538349 ], [ 36.600134211, 48.088630476 ], [ 36.602012098, 48.090888243 ], [ 36.609938586, 48.089526792 ], [ 36.611180467, 48.087141502 ], [ 36.61704137, 48.08632954 ], [ 36.622384953, 48.082022843 ], [ 36.62636866, 48.085613747 ], [ 36.62847579, 48.085561429 ], [ 36.629658462, 48.083433522 ], [ 36.632495442, 48.084712825 ], [ 36.632255554, 48.086753782 ], [ 36.62807194, 48.086588497 ], [ 36.629061003, 48.089026307 ], [ 36.636167176, 48.087582316 ], [ 36.639119269, 48.089562344 ], [ 36.643915369, 48.08727917 ], [ 36.646625024, 48.089663377 ], [ 36.650980531, 48.088238954 ], [ 36.649089482, 48.093088339 ], [ 36.644545728, 48.09376845 ], [ 36.641165324, 48.091399525 ], [ 36.636033845, 48.094074164 ], [ 36.644386046, 48.096735471 ], [ 36.650142873, 48.095314399 ], [ 36.650702209, 48.099394292 ], [ 36.653313497, 48.100227877 ], [ 36.657903469, 48.09807929 ], [ 36.655121677, 48.094578544 ], [ 36.661678865, 48.090743284 ], [ 36.663296033, 48.087578492 ], [ 36.668451636, 48.090885293 ], [ 36.675201159, 48.090669334 ], [ 36.683867553, 48.085652073 ], [ 36.693498685, 48.086160364 ], [ 36.710472506, 48.07974478 ], [ 36.713676188, 48.079973295 ], [ 36.714919726, 48.084599783 ], [ 36.718631244, 48.084591163 ], [ 36.725556964, 48.079380671 ], [ 36.724269408, 48.076694339 ], [ 36.726360959, 48.071101283 ], [ 36.730636526, 48.068990869 ], [ 36.739830622, 48.068556033 ], [ 36.738938621, 48.065686207 ], [ 36.747049924, 48.064261411 ], [ 36.748363972, 48.061434991 ], [ 36.743111077, 48.060253531 ], [ 36.742032987, 48.05843805 ], [ 36.74094009, 48.053297955 ], [ 36.743946429, 48.052247483 ], [ 36.743771892, 48.050203018 ], [ 36.754622168, 48.049549877 ], [ 36.75715193, 48.051969557 ], [ 36.760306067, 48.051797414 ], [ 36.760794855, 48.054823592 ], [ 36.763963936, 48.055783306 ], [ 36.772393382, 48.050124524 ], [ 36.772935838, 48.047466712 ], [ 36.778742402, 48.048930436 ], [ 36.782740115, 48.046849221 ], [ 36.785569673, 48.051282103 ], [ 36.793711263, 48.048269026 ], [ 36.80370053, 48.053170626 ], [ 36.804027032, 48.047847091 ], [ 36.807732621, 48.04645328 ], [ 36.812664811, 48.040458878 ], [ 36.818470703, 48.040289591 ], [ 36.826655078, 48.035847311 ], [ 36.833356883, 48.035175401 ], [ 36.843187408, 48.038275219 ], [ 36.854541894, 48.032440237 ], [ 36.858032495, 48.052226778 ], [ 36.876454499, 48.051064292 ], [ 36.878175083, 48.061854283 ], [ 36.881878854, 48.061605207 ], [ 36.881507428, 48.063465482 ], [ 36.896225559, 48.077588098 ], [ 36.872699245, 48.184125812 ], [ 36.87961283, 48.181917049 ], [ 36.884233425, 48.182801294 ], [ 36.883079869, 48.179083043 ], [ 36.888300615, 48.177264895 ], [ 36.894253544, 48.180182244 ], [ 36.891890436, 48.182530339 ], [ 36.894696718, 48.184557256 ], [ 36.891532642, 48.186209901 ], [ 36.893114486, 48.191334401 ], [ 36.895645505, 48.191135429 ], [ 36.895157404, 48.189220373 ], [ 36.897663422, 48.187287019 ], [ 36.900574189, 48.191209129 ], [ 36.902282017, 48.18838014 ], [ 36.905912212, 48.188590012 ], [ 36.903335145, 48.192043881 ], [ 36.904279231, 48.19351183 ], [ 36.908530186, 48.192059965 ], [ 36.914568297, 48.194447656 ], [ 36.920483493, 48.193861927 ], [ 36.93005523, 48.196037084 ], [ 36.93654571, 48.19427544 ], [ 36.912300612, 48.30919019 ], [ 36.873702692, 48.305498697 ], [ 36.871173229, 48.316880204 ], [ 36.8165584, 48.312499129 ], [ 36.808762445, 48.348131714 ], [ 36.816209953, 48.348848822 ], [ 36.812977566, 48.368478616 ], [ 36.81705993, 48.366071864 ], [ 36.821518001, 48.365840309 ], [ 36.827676105, 48.371153395 ], [ 36.820320286, 48.406476007 ], [ 36.830734501, 48.407306774 ], [ 36.834919436, 48.410086604 ], [ 36.830364019, 48.41091714 ], [ 36.829494185, 48.412666387 ], [ 36.825487606, 48.412475449 ], [ 36.824557153, 48.41467013 ], [ 36.83065512, 48.417461056 ], [ 36.834462136, 48.41683704 ], [ 36.83721937, 48.420430615 ], [ 36.842127605, 48.420709135 ], [ 36.849224953, 48.416158931 ], [ 36.851449975, 48.417382413 ], [ 36.845316694, 48.44365194 ], [ 36.836674311, 48.443083674 ], [ 36.830123772, 48.484376379 ], [ 36.85669538, 48.486975066 ], [ 36.850274814, 48.517694735 ], [ 36.905966637, 48.522912593 ], [ 36.901479133, 48.543377367 ], [ 36.88484361, 48.541819293 ], [ 36.882968601, 48.551049457 ], [ 36.871358692, 48.550193768 ], [ 36.858998674, 48.568769068 ], [ 36.824977812, 48.56661958 ], [ 36.824315245, 48.569956052 ], [ 36.810369392, 48.56896492 ], [ 36.80573142, 48.596328111 ], [ 36.779716401, 48.596401109 ], [ 36.778588915, 48.600348385 ], [ 36.745297767, 48.596370899 ], [ 36.738855825, 48.626158288 ], [ 36.703954835, 48.622394193 ], [ 36.702808107, 48.62762533 ], [ 36.672430903, 48.624708549 ], [ 36.673898252, 48.618235212 ], [ 36.6539476, 48.616050713 ], [ 36.655434258, 48.609317145 ], [ 36.591113949, 48.602443851 ], [ 36.589975481, 48.607950573 ], [ 36.580227424, 48.607118287 ], [ 36.578258558, 48.615917553 ], [ 36.562745247, 48.616801592 ], [ 36.561351644, 48.623092412 ], [ 36.555304996, 48.624434166 ], [ 36.482495586, 48.663530319 ], [ 36.447551795, 48.632910236 ], [ 36.420171434, 48.635047055 ], [ 36.419413158, 48.63392682 ], [ 36.426112372, 48.631810974 ], [ 36.442353838, 48.628690197 ], [ 36.42814958, 48.61580758 ], [ 36.437546874, 48.613755992 ], [ 36.445271513, 48.614980748 ], [ 36.445423085, 48.613658917 ], [ 36.438670952, 48.611897199 ], [ 36.426844856, 48.614257242 ], [ 36.425081559, 48.612727373 ], [ 36.381064134, 48.570320561 ], [ 36.391917856, 48.5646846 ], [ 36.354777997, 48.532124468 ], [ 36.349589252, 48.534975535 ], [ 36.355048318, 48.539730641 ], [ 36.323725728, 48.55561675 ], [ 36.29630254, 48.531453911 ], [ 36.271295599, 48.54374109 ], [ 36.319027272, 48.587178052 ], [ 36.251195149, 48.620732097 ], [ 36.251741536, 48.625843088 ], [ 36.259602915, 48.623888646 ], [ 36.26342489, 48.629913074 ], [ 36.262133271, 48.631492419 ], [ 36.268407766, 48.63727665 ], [ 36.264673863, 48.639446754 ], [ 36.268571372, 48.640139597 ], [ 36.26594625, 48.647522988 ], [ 36.268448676, 48.648633964 ], [ 36.266837737, 48.649558203 ], [ 36.284234611, 48.659466014 ], [ 36.269741712, 48.666623354 ], [ 36.266924599, 48.666019106 ], [ 36.26733574, 48.663249957 ], [ 36.252271628, 48.670125876 ], [ 36.142791797, 48.724368475 ], [ 36.161668684, 48.748844573 ], [ 36.13997611, 48.765888433 ], [ 36.158868344, 48.768119817 ], [ 36.152934619, 48.781035163 ], [ 36.159038007, 48.784141271 ], [ 36.133949399, 48.802413133 ], [ 36.13052058, 48.806682335 ], [ 36.123872646, 48.805381039 ], [ 36.123861854, 48.808361974 ], [ 36.110225683, 48.809098151 ], [ 36.106491361, 48.809094198 ], [ 36.102782042, 48.805925267 ], [ 36.101198581, 48.807510571 ], [ 36.093595228, 48.807740068 ], [ 36.092028224, 48.809071264 ], [ 36.08963199, 48.807821468 ], [ 36.083498004, 48.809113268 ], [ 36.073939534, 48.807672601 ], [ 36.066122873, 48.808873222 ], [ 36.064880486, 48.811605226 ], [ 36.070396107, 48.819917059 ], [ 36.06842912, 48.823615741 ], [ 36.070394816, 48.827521756 ], [ 36.076052075, 48.830170413 ], [ 36.074796467, 48.836164765 ], [ 36.059123062, 48.842201795 ], [ 36.041546633, 48.843712687 ], [ 36.019406274, 48.854724007 ], [ 36.040306304, 48.873492854 ], [ 36.011677596, 48.88788836 ], [ 36.043634483, 48.915559071 ], [ 35.995924934, 48.939321982 ], [ 36.004132035, 48.946053024 ], [ 35.977579083, 48.959710266 ], [ 35.989571266, 48.969237811 ], [ 35.940320794, 48.999069095 ], [ 35.937272679, 48.998753683 ], [ 35.933994767, 48.993921363 ], [ 35.937671142, 48.991078222 ], [ 35.937487334, 48.987339519 ], [ 35.934055926, 48.981112547 ], [ 35.930570847, 48.979741638 ], [ 35.932051825, 48.978632737 ], [ 35.938400811, 48.979998853 ], [ 35.943629147, 48.977418194 ], [ 35.938104343, 48.974798096 ], [ 35.93750173, 48.972913786 ], [ 35.93072507, 48.974734609 ], [ 35.924660635, 48.973899529 ], [ 35.914674896, 48.968232082 ], [ 35.910034871, 48.972066884 ], [ 35.904016567, 48.973039946 ], [ 35.897432192, 48.972129799 ], [ 35.884992461, 48.975189299 ], [ 35.879151293, 48.962916392 ], [ 35.855110703, 48.957980148 ], [ 35.855791065, 48.945086367 ], [ 35.83809556, 48.947290921 ], [ 35.836069379, 48.943004648 ], [ 35.835308693, 48.946495777 ], [ 35.830153911, 48.95010109 ], [ 35.819711941, 48.939908947 ], [ 35.813982042, 48.942132628 ], [ 35.809846356, 48.94126942 ], [ 35.808536917, 48.939187442 ], [ 35.814773554, 48.929507293 ], [ 35.808273517, 48.927063286 ], [ 35.799227232, 48.92775026 ], [ 35.791901505, 48.934512582 ], [ 35.792522703, 48.939583992 ], [ 35.797314782, 48.939247356 ], [ 35.801271107, 48.942363329 ], [ 35.800148019, 48.943765362 ], [ 35.789768944, 48.946015005 ], [ 35.789015459, 48.947901458 ], [ 35.792150689, 48.951958104 ], [ 35.788943507, 48.954231524 ], [ 35.783691605, 48.954670173 ], [ 35.783811608, 48.952476025 ], [ 35.775692213, 48.948125084 ], [ 35.767933204, 48.95306671 ], [ 35.760179246, 48.95555756 ], [ 35.757110312, 48.952673246 ], [ 35.759574866, 48.948864992 ], [ 35.751986102, 48.946915887 ], [ 35.739045442, 48.949894835 ], [ 35.737801595, 48.95209658 ], [ 35.739703296, 48.954669659 ], [ 35.73645586, 48.958406793 ], [ 35.738977032, 48.962492529 ], [ 35.734684744, 48.966733968 ], [ 35.729260213, 48.963848627 ], [ 35.723709451, 48.966585348 ], [ 35.719352173, 48.965016401 ], [ 35.711923679, 48.957699907 ], [ 35.716130721, 48.954103295 ], [ 35.714135896, 48.948784679 ], [ 35.703013203, 48.945516824 ], [ 35.699315198, 48.946174262 ], [ 35.699929199, 48.948041056 ], [ 35.697914098, 48.948707162 ], [ 35.696062135, 48.942763592 ], [ 35.691747911, 48.945121476 ], [ 35.690268438, 48.950153859 ], [ 35.695380105, 48.953438131 ], [ 35.692421396, 48.958411445 ], [ 35.696469291, 48.964441635 ], [ 35.694374017, 48.967502874 ], [ 35.685856116, 48.969985465 ], [ 35.68481505, 48.971565113 ], [ 35.677859894, 48.970774411 ], [ 35.673519573, 48.972316758 ], [ 35.668548107, 48.971386135 ], [ 35.664015964, 48.968296543 ], [ 35.660515909, 48.974424565 ], [ 35.655902412, 48.972873952 ], [ 35.650182068, 48.974102509 ], [ 35.643442982, 48.969135633 ], [ 35.645438393, 48.968025521 ], [ 35.643906892, 48.963336278 ], [ 35.630765999, 48.962474059 ], [ 35.624691912, 48.971677372 ], [ 35.628505373, 48.981183939 ], [ 35.626627709, 48.983165368 ], [ 35.602333733, 48.981059409 ], [ 35.597703122, 48.982908698 ], [ 35.59580999, 48.986774321 ], [ 35.590060574, 48.984501761 ], [ 35.584478334, 48.987266931 ], [ 35.585000317, 48.982295449 ], [ 35.58135298, 48.980469011 ], [ 35.577727307, 48.974739962 ], [ 35.573429995, 48.973588615 ], [ 35.571508103, 48.974185664 ], [ 35.57241656, 48.977221876 ], [ 35.570472839, 48.978522098 ], [ 35.561166679, 48.973684592 ], [ 35.558774042, 48.977371257 ], [ 35.548990999, 48.97608734 ], [ 35.540924883, 48.97840587 ], [ 35.538826279, 48.981823616 ], [ 35.530368105, 48.982448742 ], [ 35.529843741, 48.975629921 ], [ 35.513432988, 48.979229391 ], [ 35.511801856, 48.982218592 ], [ 35.508295967, 48.982712884 ], [ 35.501950056, 48.977899498 ], [ 35.496074698, 48.978137534 ], [ 35.485624446, 48.972519383 ], [ 35.483687722, 48.974292871 ], [ 35.485434152, 48.978616153 ], [ 35.488463606, 48.978668639 ], [ 35.488367494, 48.980223932 ], [ 35.485160832, 48.981300007 ], [ 35.477838856, 48.978922456 ], [ 35.468365145, 48.988239564 ], [ 35.456610498, 48.989497612 ], [ 35.456681789, 48.992336387 ], [ 35.460165543, 48.994555769 ], [ 35.459371336, 48.996979868 ], [ 35.457147686, 48.998326971 ], [ 35.449111702, 48.997793988 ], [ 35.436077301, 49.004411497 ], [ 35.435300971, 49.007298645 ], [ 35.438835778, 49.011105168 ], [ 35.430269313, 49.013867548 ], [ 35.426892167, 49.010711697 ], [ 35.423508124, 49.014051133 ], [ 35.419947871, 49.012871435 ], [ 35.416417336, 49.014653868 ], [ 35.411242183, 49.012034716 ], [ 35.407358454, 49.013576119 ], [ 35.399589601, 49.019046275 ], [ 35.405512424, 49.019674423 ], [ 35.402527709, 49.023192948 ], [ 35.40586813, 49.027837647 ], [ 35.402051896, 49.028081439 ], [ 35.401114394, 49.030553301 ], [ 35.386626274, 49.026606398 ], [ 35.369565672, 49.039281807 ], [ 35.361915459, 49.041598303 ], [ 35.351751732, 49.041059146 ], [ 35.34196438, 49.045539952 ], [ 35.337880624, 49.049682884 ], [ 35.34279736, 49.050968492 ], [ 35.34430012, 49.05404432 ], [ 35.335653765, 49.058426589 ], [ 35.334488824, 49.061199472 ], [ 35.329220795, 49.061442834 ], [ 35.326885435, 49.06359657 ], [ 35.322500393, 49.06258403 ], [ 35.316569827, 49.068345878 ], [ 35.312953464, 49.066533213 ], [ 35.301779256, 49.069537922 ], [ 35.304615507, 49.073059159 ], [ 35.307752104, 49.073428487 ], [ 35.306988547, 49.076068079 ], [ 35.311594809, 49.076129406 ], [ 35.312588734, 49.077402009 ], [ 35.311725091, 49.084475583 ], [ 35.307358318, 49.091715419 ], [ 35.304715382, 49.092128805 ], [ 35.30079592, 49.089041196 ], [ 35.292439149, 49.095010623 ], [ 35.291398501, 49.09382209 ], [ 35.286810577, 49.09431301 ], [ 35.282820169, 49.090764419 ], [ 35.283164765, 49.095668208 ], [ 35.280046147, 49.096429694 ], [ 35.279182744, 49.091112449 ], [ 35.27643988, 49.090628866 ], [ 35.268993719, 49.096155068 ], [ 35.268116539, 49.104265396 ], [ 35.259139439, 49.106164858 ], [ 35.256936248, 49.113539334 ], [ 35.246983293, 49.111543693 ], [ 35.243043337, 49.113958763 ], [ 35.237458351, 49.114100516 ], [ 35.236751499, 49.109510707 ], [ 35.230132964, 49.101267869 ], [ 35.22744779, 49.100337162 ], [ 35.227035768, 49.102330989 ], [ 35.223387348, 49.101054294 ], [ 35.222362327, 49.105677769 ], [ 35.219778654, 49.107022985 ], [ 35.202337822, 49.108911222 ], [ 35.195253464, 49.108094098 ], [ 35.189990691, 49.109900773 ], [ 35.190678021, 49.114968468 ], [ 35.192919005, 49.114229666 ], [ 35.197841579, 49.118418166 ], [ 35.209461009, 49.118102759 ], [ 35.210697729, 49.120221292 ], [ 35.20848378, 49.122022773 ], [ 35.210512171, 49.124079786 ], [ 35.214925942, 49.125614328 ], [ 35.225098762, 49.123961596 ], [ 35.22864575, 49.1262925 ], [ 35.204521839, 49.136949708 ], [ 35.200282796, 49.136301729 ], [ 35.196014938, 49.138853026 ], [ 35.189921769, 49.138066679 ], [ 35.191161931, 49.140604328 ], [ 35.188453512, 49.141960114 ], [ 35.190457436, 49.143633523 ], [ 35.188400502, 49.144874587 ], [ 35.189258341, 49.147626588 ], [ 35.197244626, 49.149988164 ], [ 35.207642881, 49.149627875 ], [ 35.209699538, 49.150921755 ], [ 35.20587679, 49.154234915 ], [ 35.197517737, 49.155922514 ], [ 35.192849636, 49.160787092 ], [ 35.188564703, 49.161187969 ], [ 35.186712764, 49.162866639 ], [ 35.1769986, 49.158859569 ], [ 35.17356339, 49.161689244 ], [ 35.160228473, 49.1612278 ], [ 35.152005017, 49.152541087 ], [ 35.144745699, 49.15048636 ], [ 35.131733521, 49.154212137 ], [ 35.137091648, 49.15880694 ], [ 35.128456827, 49.16159016 ], [ 35.129654433, 49.159366324 ], [ 35.127071827, 49.158857163 ], [ 35.123130608, 49.16140758 ], [ 35.123996924, 49.164222965 ], [ 35.122285688, 49.164693599 ], [ 35.118202387, 49.160741201 ], [ 35.110032046, 49.157313315 ], [ 35.105295466, 49.158456642 ], [ 35.091888428, 49.154601875 ], [ 35.085385826, 49.149266518 ], [ 35.085357214, 49.141008749 ], [ 35.078388151, 49.14467718 ], [ 35.075356448, 49.14892194 ], [ 35.080401763, 49.159625642 ], [ 35.079096787, 49.161809841 ], [ 35.071884901, 49.159228751 ], [ 35.068917633, 49.166994975 ], [ 35.073435796, 49.170175898 ], [ 35.061442336, 49.173849002 ], [ 35.061119905, 49.17625125 ], [ 35.056751933, 49.174883159 ], [ 35.056585725, 49.176457081 ], [ 35.054311789, 49.175900982 ], [ 35.053164191, 49.177032972 ], [ 35.047775832, 49.174028417 ], [ 35.049929251, 49.165513711 ], [ 35.044143089, 49.156426191 ], [ 35.017717424, 49.150803482 ], [ 35.011852745, 49.149230693 ], [ 35.015015804, 49.154499764 ], [ 35.007722447, 49.155865769 ], [ 35.007595989, 49.160094699 ], [ 35.003489177, 49.162070639 ], [ 35.001196763, 49.161246732 ], [ 34.989088385, 49.169775709 ], [ 34.98726077, 49.168553431 ], [ 34.9767085, 49.177808362 ], [ 34.976969502, 49.18104814 ], [ 34.96416701, 49.182880461 ], [ 34.962768054, 49.189612269 ], [ 34.9604615, 49.185831208 ], [ 34.956445651, 49.186620539 ], [ 34.959588127, 49.19109164 ], [ 34.95580543, 49.192670196 ], [ 34.948361094, 49.191531576 ], [ 34.947494716, 49.193454232 ], [ 34.935402164, 49.181369497 ], [ 34.929296266, 49.185712567 ], [ 34.926908949, 49.184342031 ], [ 34.921436501, 49.175800205 ], [ 34.919228776, 49.155991116 ], [ 34.911855035, 49.154031528 ], [ 34.907630563, 49.156286461 ], [ 34.906321128, 49.153798152 ], [ 34.899608769, 49.150424319 ], [ 34.888637101, 49.15331123 ], [ 34.888471993, 49.155181952 ], [ 34.878177817, 49.158331807 ], [ 34.866988843, 49.159530169 ], [ 34.864872236, 49.161434202 ], [ 34.865936179, 49.165927895 ], [ 34.871186937, 49.168128575 ], [ 34.881648942, 49.169176807 ], [ 34.890938993, 49.16736005 ], [ 34.896502558, 49.169139631 ], [ 34.901939978, 49.178169224 ], [ 34.897269522, 49.178597794 ], [ 34.893868887, 49.177335945 ], [ 34.885905, 49.180051 ], [ 34.864956332, 49.181292629 ], [ 34.856964863, 49.184324694 ], [ 34.856869377, 49.190657943 ], [ 34.846597035, 49.191094771 ], [ 34.82536931, 49.187598975 ], [ 34.823572491, 49.189034149 ], [ 34.818323632, 49.184761741 ], [ 34.821530414, 49.181270424 ], [ 34.82539541, 49.1802335 ], [ 34.821799803, 49.176157522 ], [ 34.825889956, 49.177442319 ], [ 34.828206101, 49.176403602 ], [ 34.826559939, 49.174832546 ], [ 34.815713584, 49.172330808 ], [ 34.814990091, 49.168826635 ], [ 34.811955515, 49.166825589 ], [ 34.807976998, 49.166419068 ], [ 34.805415875, 49.168156229 ], [ 34.809261546, 49.175072374 ], [ 34.803207156, 49.173503343 ], [ 34.802995635, 49.175874938 ], [ 34.805433107, 49.176912693 ], [ 34.803596414, 49.179152103 ], [ 34.798135403, 49.179098759 ], [ 34.792916833, 49.175909275 ], [ 34.788624514, 49.176377878 ], [ 34.785309743, 49.17484278 ], [ 34.784142121, 49.178071228 ], [ 34.782872626, 49.176609411 ], [ 34.774781637, 49.176322302 ], [ 34.773406026, 49.171180814 ], [ 34.766778301, 49.169885489 ], [ 34.765395769, 49.170933228 ], [ 34.764267882, 49.168925704 ], [ 34.758376998, 49.16838403 ], [ 34.757365502, 49.166138199 ], [ 34.760692106, 49.158487965 ], [ 34.765235974, 49.155709379 ], [ 34.763769644, 49.149571851 ], [ 34.766324086, 49.144992342 ], [ 34.762860602, 49.1433347 ], [ 34.750094035, 49.144364431 ], [ 34.749983482, 49.141294734 ], [ 34.748132732, 49.140661083 ], [ 34.740624833, 49.144743402 ], [ 34.729327946, 49.136415444 ], [ 34.720353419, 49.136704374 ], [ 34.705979932, 49.129818545 ], [ 34.698727173, 49.130373544 ], [ 34.695069304, 49.132193419 ], [ 34.695379217, 49.134007292 ], [ 34.687448422, 49.133021478 ], [ 34.680956776, 49.129301948 ], [ 34.682013342, 49.121869353 ], [ 34.663151267, 49.119324243 ], [ 34.656080194, 49.124548673 ], [ 34.651858017, 49.123141988 ], [ 34.651155376, 49.128328941 ], [ 34.64811641, 49.131567767 ], [ 34.64310951, 49.130037644 ], [ 34.645787552, 49.128455229 ], [ 34.635993762, 49.126598556 ], [ 34.636601247, 49.124257366 ], [ 34.632091896, 49.124847831 ], [ 34.632221544, 49.126605943 ], [ 34.630695923, 49.124875098 ], [ 34.625199678, 49.123811827 ], [ 34.620801426, 49.120578193 ], [ 34.60677107, 49.114958352 ], [ 34.608233273, 49.11221004 ], [ 34.600585005, 49.109230452 ], [ 34.597079746, 49.109614969 ], [ 34.598811729, 49.112423368 ], [ 34.596965789, 49.111035973 ], [ 34.593835747, 49.112773645 ], [ 34.58974523, 49.112119814 ], [ 34.587555433, 49.107755237 ], [ 34.590709318, 49.107918531 ], [ 34.5917007, 49.105477078 ], [ 34.588975883, 49.10401086 ], [ 34.593976818, 49.093344634 ], [ 34.57791092, 49.094389349 ], [ 34.576311706, 49.096535308 ], [ 34.572305937, 49.095168674 ], [ 34.573891084, 49.091535656 ], [ 34.568969557, 49.087606033 ], [ 34.572210907, 49.084457929 ], [ 34.566489419, 49.082810081 ], [ 34.567901558, 49.078725254 ], [ 34.564054188, 49.073040124 ], [ 34.571127585, 49.067800434 ], [ 34.569474314, 49.066693763 ], [ 34.573886474, 49.063313298 ], [ 34.558209878, 49.055515156 ], [ 34.545276007, 49.055710515 ], [ 34.538339691, 49.05799107 ], [ 34.515800353, 49.071911492 ], [ 34.508994162, 49.069951605 ], [ 34.499146789, 49.061705563 ], [ 34.474933617, 49.07369601 ], [ 34.465843043, 49.064267365 ], [ 34.411012151, 49.091009162 ], [ 34.40211183, 49.093859573 ], [ 34.40758253, 49.07854922 ], [ 34.404296174, 49.074861789 ], [ 34.409798678, 49.069581795 ], [ 34.415679796, 49.054851514 ], [ 34.390188366, 49.0504487 ], [ 34.395297051, 49.043109656 ], [ 34.360194351, 49.033410581 ], [ 34.36368804, 49.028376195 ], [ 34.352032322, 49.021356906 ], [ 34.353172837, 49.016463493 ], [ 34.343794138, 49.01620486 ], [ 34.333906131, 49.010027513 ], [ 34.325498049, 48.998814131 ], [ 34.346046949, 48.992711413 ], [ 34.343566548, 48.988660503 ], [ 34.352898645, 48.983864421 ], [ 34.311851957, 48.940663996 ], [ 34.300188882, 48.895769885 ], [ 34.311639694, 48.889422456 ], [ 34.305953213, 48.884792011 ], [ 34.337375812, 48.871472157 ], [ 34.334944539, 48.856834959 ], [ 34.35033017, 48.856269135 ], [ 34.350612311, 48.850667497 ], [ 34.349799165, 48.846716293 ], [ 34.346307445, 48.843462865 ], [ 34.338447316, 48.8405778 ], [ 34.337162125, 48.843974827 ], [ 34.325140535, 48.844243632 ], [ 34.323032768, 48.828900036 ], [ 34.328451662, 48.82920776 ], [ 34.330745873, 48.827351478 ], [ 34.333995026, 48.828033946 ], [ 34.34348211, 48.82445795 ], [ 34.332659303, 48.82091328 ], [ 34.329407469, 48.822415633 ], [ 34.326359506, 48.821278991 ], [ 34.297091938, 48.820749065 ], [ 34.298057281, 48.78458692 ], [ 34.314053996, 48.784891492 ], [ 34.323294985, 48.792357375 ], [ 34.342491302, 48.784194048 ], [ 34.340925127, 48.781971991 ], [ 34.324069184, 48.773502711 ], [ 34.321048564, 48.768317441 ], [ 34.308737573, 48.765105306 ], [ 34.311283176, 48.758867842 ], [ 34.31622574, 48.75744578 ], [ 34.316383516, 48.754873278 ], [ 34.314159946, 48.747257963 ], [ 34.308546369, 48.744757745 ], [ 34.311959211, 48.739153239 ], [ 34.306310487, 48.738739332 ], [ 34.308734481, 48.736462455 ], [ 34.303963632, 48.735659646 ], [ 34.301686859, 48.733357217 ], [ 34.306176425, 48.727315482 ], [ 34.297809587, 48.723054109 ], [ 34.292158734, 48.723653192 ], [ 34.298228343, 48.737223992 ], [ 34.28845325, 48.743367731 ], [ 34.273437001, 48.745177064 ], [ 34.261502273, 48.742880469 ], [ 34.25278215, 48.743903919 ], [ 34.2294621, 48.757258497 ], [ 34.202332056, 48.760865239 ], [ 34.187071123, 48.771963347 ], [ 34.175527468, 48.775975145 ], [ 34.169581991, 48.7761265 ], [ 34.151210475, 48.772642944 ], [ 34.142077872, 48.773403242 ], [ 34.125513071, 48.779064587 ], [ 34.118293494, 48.787239601 ], [ 34.117059996, 48.797391387 ], [ 34.12755157, 48.812177603 ], [ 34.118106468, 48.82129511 ], [ 34.107100172, 48.824248265 ], [ 34.082719441, 48.821843585 ], [ 34.072496593, 48.823771075 ], [ 34.055959754, 48.834491924 ], [ 34.032871284, 48.844003724 ], [ 34.030836734, 48.846782978 ], [ 34.030359751, 48.858688278 ], [ 34.025315184, 48.862493973 ], [ 34.002499757, 48.865312837 ], [ 33.985320529, 48.864984893 ], [ 33.946263964, 48.878882373 ], [ 33.934135479, 48.879231704 ], [ 33.926433, 48.881076 ], [ 33.917579999, 48.885283 ], [ 33.893760485, 48.902014141 ], [ 33.873814747, 48.840686768 ], [ 33.862150975, 48.837453616 ], [ 33.850749688, 48.802824898 ], [ 33.847722908, 48.802583637 ], [ 33.853232447, 48.778764063 ], [ 33.850803309, 48.770823619 ], [ 33.830092559, 48.76885301 ], [ 33.828399128, 48.774289427 ], [ 33.818981223, 48.77607534 ], [ 33.811277097, 48.8028455 ], [ 33.79219593, 48.800518675 ], [ 33.793040952, 48.794194678 ], [ 33.772184005, 48.791937046 ], [ 33.77026289, 48.799177527 ], [ 33.748608878, 48.795285751 ], [ 33.742648515, 48.788664962 ], [ 33.725268426, 48.786667094 ], [ 33.720268229, 48.80980346 ], [ 33.712973661, 48.810229225 ], [ 33.714241132, 48.81353096 ], [ 33.70458865, 48.813383923 ], [ 33.689383753, 48.808122899 ], [ 33.685134998, 48.813667905 ], [ 33.674995845, 48.815166074 ], [ 33.656728682, 48.792648067 ], [ 33.617809851, 48.787606268 ], [ 33.616399471, 48.793235443 ], [ 33.60398087, 48.791673131 ], [ 33.6021693, 48.798632785 ], [ 33.583005684, 48.796784308 ], [ 33.587277036, 48.779573619 ], [ 33.578178762, 48.778840143 ], [ 33.585832452, 48.75735896 ], [ 33.58522919, 48.75439152 ], [ 33.589804085, 48.75340903 ], [ 33.592786356, 48.748093683 ], [ 33.607546151, 48.751373553 ], [ 33.618849337, 48.727580301 ], [ 33.634268268, 48.724222862 ], [ 33.649277677, 48.725591829 ], [ 33.650621674, 48.721027046 ], [ 33.681477158, 48.723187204 ], [ 33.730718699, 48.692187948 ], [ 33.746464896, 48.693387224 ], [ 33.750361291, 48.680737062 ], [ 33.805325061, 48.686824165 ], [ 33.802126539, 48.662866146 ], [ 33.75610421, 48.657213585 ], [ 33.759519739, 48.647070502 ], [ 33.762631687, 48.647157002 ], [ 33.763225024, 48.643404932 ], [ 33.759557474, 48.643140033 ], [ 33.76324143, 48.626631099 ], [ 33.76111827, 48.624410071 ], [ 33.754968886, 48.623714432 ], [ 33.751824846, 48.621105067 ], [ 33.744056406, 48.619386582 ], [ 33.742504976, 48.618137271 ], [ 33.744916431, 48.616470031 ], [ 33.743951154, 48.61527661 ], [ 33.736537835, 48.617230864 ], [ 33.732303684, 48.614144461 ], [ 33.73176669, 48.615378449 ], [ 33.722106713, 48.613889863 ], [ 33.722122554, 48.612634278 ], [ 33.700437428, 48.605852743 ], [ 33.66045892, 48.58566991 ], [ 33.657487742, 48.586043957 ], [ 33.656233256, 48.592235093 ], [ 33.651612824, 48.591906733 ], [ 33.65003007, 48.59986523 ], [ 33.626775346, 48.597774913 ], [ 33.625916778, 48.602176918 ], [ 33.609249197, 48.599428952 ], [ 33.622198248, 48.565943278 ], [ 33.590196684, 48.559557547 ], [ 33.584911491, 48.576385474 ], [ 33.509625382, 48.568114762 ], [ 33.511596093, 48.558922873 ], [ 33.504000286, 48.558099468 ], [ 33.503291299, 48.560452192 ], [ 33.48174574, 48.558071593 ], [ 33.484247447, 48.547759261 ], [ 33.472404527, 48.545027376 ], [ 33.479933613, 48.536022283 ], [ 33.469671182, 48.533614173 ], [ 33.489364762, 48.440322809 ], [ 33.486291866, 48.404185425 ], [ 33.494960606, 48.404744417 ], [ 33.497188342, 48.393683801 ], [ 33.485056799, 48.393125812 ], [ 33.484435671, 48.386430101 ], [ 33.475483938, 48.386980438 ], [ 33.471407771, 48.385090597 ], [ 33.469715531, 48.370769323 ], [ 33.47567676, 48.369711159 ], [ 33.459699114, 48.357558743 ], [ 33.460148689, 48.355557128 ], [ 33.461704047, 48.349456173 ], [ 33.478710772, 48.349303945 ], [ 33.472969205, 48.326089045 ], [ 33.476852085, 48.325664486 ], [ 33.477572743, 48.328673901 ], [ 33.50562661, 48.332417949 ], [ 33.517230921, 48.328320613 ], [ 33.510073279, 48.294168823 ], [ 33.515494233, 48.292426823 ], [ 33.5181763, 48.28481553 ], [ 33.517844148, 48.282653239 ], [ 33.514980798, 48.281994823 ], [ 33.513674731, 48.277294604 ], [ 33.529717752, 48.27578587 ], [ 33.535202577, 48.252334054 ], [ 33.539572165, 48.252848998 ], [ 33.546467183, 48.234726927 ], [ 33.540028278, 48.231368385 ], [ 33.53910342, 48.22744026 ], [ 33.527727198, 48.22185436 ], [ 33.525341151, 48.223745108 ], [ 33.520630751, 48.221104029 ], [ 33.512425581, 48.230564718 ], [ 33.500652809, 48.231946256 ], [ 33.498182741, 48.216969008 ], [ 33.484417509, 48.214474635 ], [ 33.491674652, 48.207607226 ], [ 33.497408816, 48.210570249 ], [ 33.496112419, 48.201988618 ], [ 33.477490802, 48.199677342 ], [ 33.478896818, 48.194378091 ], [ 33.430441126, 48.188715759 ], [ 33.428310296, 48.184019434 ], [ 33.430537779, 48.1700613 ], [ 33.380069731, 48.165075533 ], [ 33.375309886, 48.162306049 ], [ 33.360231592, 48.163454059 ], [ 33.356906342, 48.159074884 ], [ 33.315545746, 48.157860912 ], [ 33.316508594, 48.152152326 ], [ 33.290819989, 48.150025512 ], [ 33.306988417, 48.12783833 ], [ 33.314373503, 48.129016584 ], [ 33.316481672, 48.12489736 ], [ 33.315415294, 48.117973142 ], [ 33.30169087, 48.118654063 ], [ 33.301487072, 48.110615231 ], [ 33.297770281, 48.110711815 ], [ 33.293436088, 48.101755734 ], [ 33.277000454, 48.103194853 ], [ 33.271975558, 48.138084212 ], [ 33.275583826, 48.138468868 ], [ 33.271759184, 48.153689067 ], [ 33.247498976, 48.151130132 ], [ 33.242990232, 48.172635174 ], [ 33.21280714, 48.169906406 ], [ 33.217279204, 48.148240423 ], [ 33.227041884, 48.149227909 ], [ 33.232040781, 48.126774142 ], [ 33.217963082, 48.12420449 ], [ 33.218454602, 48.12189332 ], [ 33.181712842, 48.118136751 ], [ 33.184887612, 48.104458582 ], [ 33.186761525, 48.104217505 ], [ 33.221509557, 48.10777167 ], [ 33.219981596, 48.114924378 ], [ 33.22416039, 48.11535669 ], [ 33.224854686, 48.112425973 ], [ 33.235412175, 48.113379831 ], [ 33.23686401, 48.107293044 ], [ 33.221963988, 48.105786717 ], [ 33.224868251, 48.092045751 ], [ 33.172312049, 48.086578762 ], [ 33.170794309, 48.085132468 ], [ 33.153248287, 48.083321781 ], [ 33.154329665, 48.077842854 ], [ 33.141712051, 48.076484724 ], [ 33.144082023, 48.067155817 ], [ 33.148431454, 48.067626507 ], [ 33.153681947, 48.042080519 ], [ 33.148053066, 48.041582954 ], [ 33.143351123, 48.064012241 ], [ 33.115699804, 48.060983667 ], [ 33.114602516, 48.064656246 ], [ 33.105704781, 48.063879216 ], [ 33.107856013, 48.059134025 ], [ 33.103774661, 48.055492241 ], [ 33.104955311, 48.047471756 ], [ 33.110596874, 48.042889571 ], [ 33.03631503, 48.033880533 ], [ 33.03686295, 48.031256598 ], [ 33.031792014, 48.030916916 ], [ 33.033498899, 48.021680888 ], [ 33.035474935, 48.02168959 ], [ 33.035639047, 48.011873114 ], [ 33.024087094, 48.008521142 ], [ 33.026417133, 48.003393421 ], [ 33.023982902, 48.001178304 ], [ 33.021212422, 47.99195558 ], [ 33.024913016, 47.984168102 ], [ 33.02219009, 47.983589221 ], [ 33.004677947, 47.9891182 ], [ 32.996160293, 47.986474911 ], [ 32.995201984, 47.967401553 ], [ 33.001442507, 47.967122567 ], [ 33.007674942, 47.936760092 ], [ 32.993497999, 47.93489518 ], [ 33.003094171, 47.915967094 ], [ 33.013390996, 47.910444802 ], [ 33.0782823, 47.920376871 ], [ 33.086432208, 47.885174886 ], [ 33.069742006, 47.882539159 ], [ 33.08103626, 47.8348278 ], [ 33.057236432, 47.831851621 ], [ 33.06776395, 47.783591221 ], [ 33.049624624, 47.781862657 ], [ 33.05453405, 47.761606992 ], [ 33.06680484, 47.762631313 ], [ 33.072162335, 47.738878398 ], [ 33.007573084, 47.731942757 ], [ 33.008625104, 47.726275688 ], [ 32.97202096, 47.722629122 ], [ 32.993390051, 47.63240591 ], [ 32.993607644, 47.624522608 ], [ 32.996608054, 47.622284908 ], [ 32.997130803, 47.616552436 ], [ 32.989663142, 47.616294729 ], [ 32.987149844, 47.613787628 ], [ 32.990377817, 47.606405367 ], [ 32.982489908, 47.603683323 ], [ 32.978951183, 47.606389555 ], [ 32.975372811, 47.60278212 ], [ 32.971106487, 47.605219056 ], [ 32.970527281, 47.602338291 ], [ 32.960071131, 47.597589287 ], [ 32.959567864, 47.592968212 ], [ 32.961343905, 47.58984061 ], [ 33.094963454, 47.597043301 ], [ 33.092618032, 47.578689384 ], [ 33.171669628, 47.566749443 ], [ 33.186816575, 47.574057665 ], [ 33.196279141, 47.570023258 ], [ 33.206801545, 47.569309608 ], [ 33.225892971, 47.57355408 ], [ 33.23056088, 47.577739963 ], [ 33.233242098, 47.577404817 ], [ 33.237644795, 47.57070009 ], [ 33.236220018, 47.56364666 ], [ 33.2293945, 47.554361515 ], [ 33.218234082, 47.548419642 ], [ 33.221693898, 47.544806529 ], [ 33.221873616, 47.539699289 ], [ 33.215470877, 47.533130037 ], [ 33.223166897, 47.530463212 ], [ 33.229054134, 47.531127726 ], [ 33.231752768, 47.529298682 ], [ 33.240935119, 47.530167834 ], [ 33.25620494, 47.536081675 ], [ 33.261133561, 47.540303452 ], [ 33.273471935, 47.545988384 ], [ 33.280268367, 47.545924363 ], [ 33.287170364, 47.5433028 ], [ 33.28756267, 47.528154605 ], [ 33.286231448, 47.525187965 ], [ 33.27898323, 47.520411072 ], [ 33.279021853, 47.517089883 ], [ 33.285932737, 47.51031877 ], [ 33.295428764, 47.504369091 ], [ 33.309869899, 47.501624109 ], [ 33.314734502, 47.490195281 ], [ 33.307049749, 47.486061747 ], [ 33.313647159, 47.482145803 ], [ 33.348857157, 47.493569076 ], [ 33.32986709, 47.510040525 ], [ 33.325186771, 47.522822421 ], [ 33.486117537, 47.543976206 ], [ 33.473673102, 47.587183103 ], [ 33.580330223, 47.599993241 ], [ 33.583511444, 47.588118265 ], [ 33.588164928, 47.588679984 ], [ 33.592427676, 47.573502534 ], [ 33.605257359, 47.574978244 ], [ 33.608995267, 47.561099602 ], [ 33.588920638, 47.558165062 ], [ 33.592303638, 47.544526835 ], [ 33.580288792, 47.53259712 ], [ 33.588197076, 47.502126905 ], [ 33.604710612, 47.504073147 ], [ 33.603707072, 47.510133275 ], [ 33.635836823, 47.514010645 ], [ 33.643466043, 47.484450609 ], [ 33.917109561, 47.512974382 ], [ 33.934235969, 47.516600429 ], [ 33.94064481, 47.515022147 ], [ 33.947531189, 47.499811923 ], [ 33.951954104, 47.460161513 ], [ 33.955439977, 47.457392047 ], [ 33.977805077, 47.459201874 ], [ 33.986775145, 47.457774773 ], [ 33.998385817, 47.459369125 ], [ 34.003012982, 47.456514185 ], [ 34.056755884, 47.46778785 ], [ 34.139477913, 47.477380894 ] ] ] } },
{ "type": "Feature", "properties": { "shapeName": "Donetska", "shapeISO": "", "shapeID": "82583831B94142902726322", "shapeGroup": "UKR", "shapeType": "ADM1" }, "geometry": { "type": "Polygon", "coordinates": [ [ [ 36.585003042, 47.847145604 ], [ 36.604372654, 47.850594379 ], [ 36.608292024, 47.840182624 ], [ 36.59888679, 47.816947683 ], [ 36.588397745, 47.815943078 ], [ 36.587547627, 47.785467372 ], [ 36.593706581, 47.78411105 ], [ 36.671401719, 47.793185828 ], [ 36.685446671, 47.730882569 ], [ 36.700092468, 47.732563164 ], [ 36.713260225, 47.678343383 ], [ 36.791360398, 47.684592654 ], [ 36.791846086, 47.680559188 ], [ 36.783700283, 47.680157001 ], [ 36.780149905, 47.676016735 ], [ 36.785120384, 47.673573897 ], [ 36.781711042, 47.672425671 ], [ 36.78230246, 47.670002399 ], [ 36.779459125, 47.670242667 ], [ 36.778820995, 47.667267065 ], [ 36.775093727, 47.669628495 ], [ 36.77544862, 47.664349109 ], [ 36.768619137, 47.666582273 ], [ 36.769124366, 47.668089574 ], [ 36.759234725, 47.667274538 ], [ 36.751963779, 47.666623307 ], [ 36.754640225, 47.662234712 ], [ 36.717985996, 47.659273922 ], [ 36.72504762, 47.631057407 ], [ 36.765708999, 47.634106802 ], [ 36.765320189, 47.623461621 ], [ 36.745201366, 47.621726502 ], [ 36.74800135, 47.60650424 ], [ 36.763699106, 47.607578611 ], [ 36.76230519, 47.600311125 ], [ 36.830159391, 47.62423216 ], [ 36.893104428, 47.544969933 ], [ 36.944430559, 47.575869381 ], [ 36.966430841, 47.553410243 ], [ 36.980072131, 47.560747283 ], [ 37.001524494, 47.538973542 ], [ 37.020980351, 47.552783076 ], [ 37.029372577, 47.545265824 ], [ 37.074215406, 47.49359696 ], [ 37.077944355, 47.491663968 ], [ 37.0840966, 47.496073364 ], [ 37.128203488, 47.469749128 ], [ 37.129592767, 47.467567784 ], [ 37.157492741, 47.454745415 ], [ 37.179676055, 47.483537002 ], [ 37.19607312, 47.478919593 ], [ 37.189420011, 47.468942053 ], [ 37.206508878, 47.468721557 ], [ 37.208202533, 47.466892427 ], [ 37.211625728, 47.466620067 ], [ 37.211444294, 47.468732132 ], [ 37.244555089, 47.468538469 ], [ 37.23851873, 47.457599504 ], [ 37.244361785, 47.454296805 ], [ 37.241192752, 47.444796066 ], [ 37.2365926, 47.436453466 ], [ 37.232135659, 47.437672982 ], [ 37.194626574, 47.373278418 ], [ 37.203508482, 47.355829927 ], [ 37.161828143, 47.341376824 ], [ 37.150103714, 47.369797153 ], [ 37.141820536, 47.379836726 ], [ 37.106150795, 47.375818683 ], [ 37.122011357, 47.340347182 ], [ 37.092317358, 47.32996692 ], [ 37.0951333, 47.325986533 ], [ 37.085846174, 47.322650231 ], [ 37.080734031, 47.322661216 ], [ 37.081905089, 47.320065125 ], [ 37.080264902, 47.317739212 ], [ 37.082076215, 47.315285462 ], [ 37.036210653, 47.299994603 ], [ 37.033870232, 47.309048289 ], [ 37.028860975, 47.31088909 ], [ 37.026600286, 47.314652655 ], [ 36.946575307, 47.311004386 ], [ 36.944135986, 47.320658066 ], [ 36.926151523, 47.319343223 ], [ 36.934808387, 47.293537927 ], [ 36.945158321, 47.24048502 ], [ 36.949101684, 47.228211637 ], [ 36.955285904, 47.229012413 ], [ 36.962372308, 47.201696773 ], [ 36.931620729, 47.200657347 ], [ 36.931268705, 47.207017151 ], [ 36.881815326, 47.205848406 ], [ 36.888788256, 47.20016074 ], [ 36.854281245, 47.199411935 ], [ 36.85722208, 47.197707147 ], [ 36.856010867, 47.194086796 ], [ 36.857722073, 47.192321741 ], [ 36.859875791, 47.192531555 ], [ 36.858890295, 47.189478408 ], [ 36.862946353, 47.187946889 ], [ 36.86422614, 47.185370003 ], [ 36.870131474, 47.184346453 ], [ 36.875726882, 47.181195871 ], [ 36.879583617, 47.175032196 ], [ 36.881519477, 47.174641481 ], [ 36.885715958, 47.177147494 ], [ 36.886202573, 47.172647034 ], [ 36.889024538, 47.170622297 ], [ 36.899692903, 47.173934563 ], [ 36.902591625, 47.169606562 ], [ 36.90700945, 47.167928619 ], [ 36.905065404, 47.166085222 ], [ 36.908552164, 47.163832508 ], [ 36.910885836, 47.164069451 ], [ 36.911036638, 47.165933195 ], [ 36.914110754, 47.165649518 ], [ 36.915594202, 47.168980491 ], [ 36.921303637, 47.172001772 ], [ 36.924989282, 47.167333669 ], [ 36.922461793, 47.160580145 ], [ 36.936477292, 47.165485745 ], [ 36.936725143, 47.161190906 ], [ 36.940093312, 47.157452999 ], [ 36.945600328, 47.160087515 ], [ 36.948637809, 47.159265331 ], [ 36.950636784, 47.154918918 ], [ 36.954558051, 47.15360467 ], [ 36.954482854, 47.14987036 ], [ 36.961548376, 47.148930595 ], [ 36.963602781, 47.144995773 ], [ 36.973741783, 47.13984862 ], [ 36.970391881, 47.135583378 ], [ 36.975357963, 47.134208314 ], [ 36.97980504, 47.130794248 ], [ 36.978986855, 47.127256721 ], [ 36.983415239, 47.124429078 ], [ 36.988176251, 47.125796141 ], [ 36.992659949, 47.124112684 ], [ 36.997772032, 47.129586717 ], [ 37.001610913, 47.127621831 ], [ 37.002397008, 47.120242755 ], [ 37.000087748, 47.114213001 ], [ 37.005840724, 47.113063867 ], [ 37.009397323, 47.114344201 ], [ 37.010654312, 47.110651958 ], [ 37.008677177, 47.105882459 ], [ 37.00195556, 47.100807562 ], [ 37.005981838, 47.097489918 ], [ 37.009409895, 47.099057532 ], [ 37.011046838, 47.098160715 ], [ 37.008534211, 47.092453299 ], [ 37.01272872, 47.089403959 ], [ 37.009082948, 47.08479302 ], [ 36.99839409, 47.083586671 ], [ 36.985820539, 47.079481647 ], [ 37.081092346, 47.047517148 ], [ 37.086112334, 47.052438166 ], [ 37.098603947, 47.059349592 ], [ 37.124883467, 47.039180985 ], [ 37.089449895, 47.00746027 ], [ 37.14119377, 46.981769075 ], [ 37.102610697, 46.959937882 ], [ 37.092321463, 46.968400716 ], [ 37.021417722, 46.927924233 ], [ 37.034031759, 46.917455094 ], [ 37.062548086, 46.884006736 ], [ 37.092080194, 46.893737933 ], [ 37.121248602, 46.90675958 ], [ 37.135054453, 46.910258816 ], [ 37.162327815, 46.914088682 ], [ 37.171307873, 46.918559759 ], [ 37.189712065, 46.932727336 ], [ 37.197657491, 46.934348038 ], [ 37.208621601, 46.933947788 ], [ 37.226374252, 46.947604818 ], [ 37.237696661, 46.951143427 ], [ 37.259767526, 46.946218586 ], [ 37.283398223, 46.936844448 ], [ 37.302963691, 46.925341879 ], [ 37.320977301, 46.910638004 ], [ 37.323152892, 46.904173417 ], [ 37.319686589, 46.908359108 ], [ 37.325811028, 46.891852919 ], [ 37.324099379, 46.88476225 ], [ 37.330390961, 46.888267575 ], [ 37.324995233, 46.883796851 ], [ 37.322522154, 46.884521035 ], [ 37.314377244, 46.8779237 ], [ 37.312375813, 46.879260932 ], [ 37.315742789, 46.883508953 ], [ 37.299921998, 46.871125734 ], [ 37.289659396, 46.868538838 ], [ 37.284963904, 46.872708182 ], [ 37.283913993, 46.871316796 ], [ 37.28548471, 46.867704286 ], [ 37.291714886, 46.867457585 ], [ 37.302463376, 46.868803697 ], [ 37.309109461, 46.871207336 ], [ 37.317918922, 46.876022204 ], [ 37.335174817, 46.889614469 ], [ 37.39533935, 46.952071741 ], [ 37.439519505, 46.987896944 ], [ 37.475158429, 47.029486238 ], [ 37.490407054, 47.0424742 ], [ 37.495259, 47.043312244 ], [ 37.497832304, 47.040671201 ], [ 37.496912201, 47.043086461 ], [ 37.501583836, 47.047751918 ], [ 37.498740213, 47.049030021 ], [ 37.504642727, 47.055142978 ], [ 37.507676221, 47.055086368 ], [ 37.505255491, 47.056192735 ], [ 37.508210419, 47.058440981 ], [ 37.510558754, 47.05740528 ], [ 37.508443267, 47.058660414 ], [ 37.51218839, 47.062584873 ], [ 37.517962807, 47.06079394 ], [ 37.518065082, 47.068999895 ], [ 37.520139396, 47.071730948 ], [ 37.537533887, 47.080970751 ], [ 37.57432061, 47.085732077 ], [ 37.569972934, 47.096034655 ], [ 37.575517954, 47.087493392 ], [ 37.579320941, 47.089186705 ], [ 37.5731615, 47.097499275 ], [ 37.574507679, 47.09953155 ], [ 37.584163982, 47.086830014 ], [ 37.580702844, 47.081772657 ], [ 37.586418722, 47.078692236 ], [ 37.595032871, 47.081513558 ], [ 37.592015403, 47.087358128 ], [ 37.60234538, 47.086335352 ], [ 37.606164289, 47.089405869 ], [ 37.607280241, 47.084675502 ], [ 37.609171291, 47.084106293 ], [ 37.62016352, 47.087599005 ], [ 37.626647296, 47.094274852 ], [ 37.629274941, 47.094847761 ], [ 37.667834736, 47.08633335 ], [ 37.683813897, 47.081069394 ], [ 37.709768234, 47.080264648 ], [ 37.735227965, 47.082927631 ], [ 37.767263831, 47.08843764 ], [ 37.781620423, 47.087985457 ], [ 37.793740225, 47.085150938 ], [ 37.820899698, 47.091419574 ], [ 37.83396838, 47.09845984 ], [ 37.857284125, 47.105656264 ], [ 37.868766083, 47.107787284 ], [ 37.881786014, 47.108115324 ], [ 37.889683875, 47.111199881 ], [ 37.898549805, 47.111410763 ], [ 37.98239029, 47.087000813 ], [ 37.984853589, 47.087912665 ], [ 37.984255606, 47.089982126 ], [ 37.970852726, 47.094511087 ], [ 37.980425197, 47.098696701 ], [ 37.989084388, 47.099532195 ], [ 37.999217614, 47.09876637 ], [ 38.023739448, 47.091595832 ], [ 38.034522107, 47.090491007 ], [ 38.038222568, 47.091825879 ], [ 38.038425643, 47.095301154 ], [ 38.052454062, 47.108156524 ], [ 38.064874736, 47.112033894 ], [ 38.068450134, 47.110217339 ], [ 38.090084451, 47.106690816 ], [ 38.107963254, 47.095898842 ], [ 38.126834245, 47.077754433 ], [ 38.135466591, 47.060831565 ], [ 38.135658222, 47.053352356 ], [ 38.120850583, 47.049241019 ], [ 38.118450739, 47.045238902 ], [ 38.112900239, 47.041327631 ], [ 38.110458995, 47.040641262 ], [ 38.109081235, 47.04201444 ], [ 38.110407978, 47.042824129 ], [ 38.107278904, 47.041909042 ], [ 38.103253552, 47.033767689 ], [ 38.085868052, 47.02517993 ], [ 38.089671055, 47.024242094 ], [ 38.098844737, 47.029474439 ], [ 38.111350333, 47.040541459 ], [ 38.131313853, 47.047619914 ], [ 38.148684408, 47.058278464 ], [ 38.166089519, 47.071259594 ], [ 38.186482003, 47.095424448 ], [ 38.229613287, 47.119245816 ], [ 38.228778216, 47.126302384 ], [ 38.235683655, 47.139561317 ], [ 38.235986375, 47.20290576 ], [ 38.238017375, 47.208013875 ], [ 38.241019175, 47.210108567 ], [ 38.242705556, 47.217411826 ], [ 38.239868377, 47.218520817 ], [ 38.238545381, 47.223547147 ], [ 38.233989417, 47.225788641 ], [ 38.232797036, 47.228797643 ], [ 38.23439232, 47.230932329 ], [ 38.245854362, 47.233938279 ], [ 38.254071716, 47.233928244 ], [ 38.261241346, 47.238354763 ], [ 38.2878776, 47.238644034 ], [ 38.288067368, 47.256389684 ], [ 38.324075102, 47.256588807 ], [ 38.330949806, 47.263700605 ], [ 38.328808921, 47.266323717 ], [ 38.332437674, 47.269350589 ], [ 38.330864555, 47.275549569 ], [ 38.326211127, 47.277108623 ], [ 38.326134775, 47.27947953 ], [ 38.322630682, 47.281314713 ], [ 38.332998986, 47.292947877 ], [ 38.332841339, 47.296765857 ], [ 38.327120849, 47.297407782 ], [ 38.326315429, 47.29983887 ], [ 38.332617006, 47.302266003 ], [ 38.335138583, 47.306089919 ], [ 38.22092117, 47.30527417 ], [ 38.220220959, 47.325840804 ], [ 38.226649127, 47.330043497 ], [ 38.221742781, 47.332945861 ], [ 38.229950541, 47.338993777 ], [ 38.231571408, 47.344692607 ], [ 38.245349053, 47.350423635 ], [ 38.24861322, 47.357136398 ], [ 38.243784466, 47.36298941 ], [ 38.2445675, 47.364361015 ], [ 38.256935785, 47.373640941 ], [ 38.2866585, 47.37362638 ], [ 38.286555145, 47.391414509 ], [ 38.299600006, 47.391587522 ], [ 38.302017766, 47.393309254 ], [ 38.302187989, 47.474547963 ], [ 38.288837378, 47.476197991 ], [ 38.287383215, 47.47850396 ], [ 38.28700221, 47.486220643 ], [ 38.291906996, 47.490624125 ], [ 38.290849992, 47.49719883 ], [ 38.294103709, 47.503221095 ], [ 38.292727081, 47.506757495 ], [ 38.284713606, 47.508836558 ], [ 38.284592825, 47.544289207 ], [ 38.305707098, 47.544610261 ], [ 38.307326708, 47.546502325 ], [ 38.305798466, 47.548154628 ], [ 38.311334476, 47.553614729 ], [ 38.310959101, 47.575979075 ], [ 38.350804397, 47.576192214 ], [ 38.350618061, 47.616588582 ], [ 38.456339298, 47.616979924 ], [ 38.456634968, 47.644064824 ], [ 38.616368919, 47.644516994 ], [ 38.626126557, 47.653435678 ], [ 38.629603925, 47.653468193 ], [ 38.629234616, 47.669449972 ], [ 38.666060458, 47.66904339 ], [ 38.665660237, 47.696429476 ], [ 38.660592033, 47.698351214 ], [ 38.663029679, 47.699734618 ], [ 38.691947939, 47.697885576 ], [ 38.727728162, 47.698845285 ], [ 38.733630924, 47.70027977 ], [ 38.735977923, 47.698042304 ], [ 38.735551868, 47.694699416 ], [ 38.729891241, 47.69081149 ], [ 38.73417514, 47.687312311 ], [ 38.73768201, 47.687703283 ], [ 38.739609976, 47.685158073 ], [ 38.735653949, 47.682798527 ], [ 38.736182425, 47.68009967 ], [ 38.743090379, 47.680505602 ], [ 38.746708596, 47.686279474 ], [ 38.750980019, 47.68439155 ], [ 38.753754066, 47.686743211 ], [ 38.772741722, 47.685708755 ], [ 38.771350261, 47.72659939 ], [ 38.776432829, 47.730172724 ], [ 38.77742107, 47.735482911 ], [ 38.788881632, 47.73663785 ], [ 38.78868186, 47.76557068 ], [ 38.789839989, 47.768395771 ], [ 38.793471241, 47.768900941 ], [ 38.792586797, 47.772279759 ], [ 38.796484127, 47.773493881 ], [ 38.795818068, 47.776488587 ], [ 38.788686686, 47.778497993 ], [ 38.793199079, 47.784330518 ], [ 38.786548761, 47.784643268 ], [ 38.783767508, 47.787987465 ], [ 38.783599721, 47.791432877 ], [ 38.790888889, 47.796784865 ], [ 38.789095699, 47.815610835 ], [ 38.829243462, 47.814721427 ], [ 38.829015921, 47.823023897 ], [ 38.834113312, 47.827297522 ], [ 38.830664573, 47.827085629 ], [ 38.828054363, 47.829982724 ], [ 38.824842598, 47.840413212 ], [ 38.827466861, 47.848135383 ], [ 38.833171936, 47.849309479 ], [ 38.836633199, 47.852630659 ], [ 38.836327833, 47.85558921 ], [ 38.838602767, 47.857154062 ], [ 38.836402103, 47.860553248 ], [ 38.83775234, 47.864849156 ], [ 38.842332216, 47.866865262 ], [ 38.843570593, 47.865088869 ], [ 38.852524869, 47.865269534 ], [ 38.875217705, 47.867605668 ], [ 38.879588444, 47.872521389 ], [ 38.87891941, 47.875964175 ], [ 38.891753224, 47.873008536 ], [ 38.898114653, 47.874312344 ], [ 38.898997825, 47.872935956 ], [ 38.903707597, 47.872288117 ], [ 38.90893671, 47.872857778 ], [ 38.912212005, 47.875522304 ], [ 38.939400196, 47.873244743 ], [ 38.953155967, 47.869364786 ], [ 39.074429209, 47.869496781 ], [ 39.065573183, 47.895559141 ], [ 39.090938815, 47.940495286 ], [ 39.083462552, 47.940565385 ], [ 39.0837425, 47.942129722 ], [ 39.081132091, 47.942811572 ], [ 39.079301198, 47.947496465 ], [ 39.076922416, 47.947980118 ], [ 39.073348308, 47.952994003 ], [ 39.068793542, 47.949537727 ], [ 39.0659266, 47.951315413 ], [ 39.064687271, 47.948385836 ], [ 39.060483105, 47.948739595 ], [ 39.057247433, 47.946418366 ], [ 39.054850941, 47.949927531 ], [ 39.050233635, 47.950524288 ], [ 39.052811025, 47.954472177 ], [ 39.048067146, 47.953689261 ], [ 39.045217169, 47.956476076 ], [ 39.038588081, 47.955957409 ], [ 39.044013555, 47.986885333 ], [ 39.039944046, 48.006419538 ], [ 38.846277854, 48.015716029 ], [ 38.841018083, 48.015597688 ], [ 38.837452178, 48.013192645 ], [ 38.831677678, 48.017881927 ], [ 38.821252052, 48.036031466 ], [ 38.825443068, 48.038182232 ], [ 38.821540785, 48.043118758 ], [ 38.819328704, 48.042142376 ], [ 38.812761256, 48.047986622 ], [ 38.814706693, 48.050688983 ], [ 38.820673403, 48.051243274 ], [ 38.829878407, 48.063553575 ], [ 38.825377118, 48.066164478 ], [ 38.828778089, 48.077368498 ], [ 38.824350814, 48.074419595 ], [ 38.817808444, 48.065264089 ], [ 38.80267481, 48.070099993 ], [ 38.79829258, 48.073847037 ], [ 38.804293463, 48.078649623 ], [ 38.808713433, 48.07800631 ], [ 38.817403312, 48.084208649 ], [ 38.806671878, 48.08857335 ], [ 38.819381998, 48.115758378 ], [ 38.811450979, 48.116951561 ], [ 38.811171631, 48.119009327 ], [ 38.809208295, 48.119341152 ], [ 38.800735706, 48.118005654 ], [ 38.78908948, 48.124246019 ], [ 38.781159238, 48.124658065 ], [ 38.780158643, 48.130305781 ], [ 38.773528515, 48.126535782 ], [ 38.770318817, 48.129884358 ], [ 38.767429158, 48.129761148 ], [ 38.76566827, 48.132585757 ], [ 38.757168796, 48.131441617 ], [ 38.745263898, 48.134906161 ], [ 38.737666869, 48.134346139 ], [ 38.689969591, 48.145692265 ], [ 38.694071159, 48.159094817 ], [ 38.672387906, 48.158914613 ], [ 38.670063022, 48.159543751 ], [ 38.671231587, 48.163930246 ], [ 38.640238974, 48.163367997 ], [ 38.637402147, 48.161334046 ], [ 38.601720917, 48.172675729 ], [ 38.602644603, 48.175393354 ], [ 38.597030054, 48.180463781 ], [ 38.604477321, 48.18893099 ], [ 38.610448583, 48.189845548 ], [ 38.611368668, 48.192533969 ], [ 38.608267274, 48.195847519 ], [ 38.613739285, 48.20373746 ], [ 38.595642081, 48.216747915 ], [ 38.594711233, 48.22068769 ], [ 38.588985043, 48.226773348 ], [ 38.589996371, 48.234036177 ], [ 38.587921501, 48.234623221 ], [ 38.589158162, 48.239154847 ], [ 38.587457063, 48.2412594 ], [ 38.590783704, 48.251738929 ], [ 38.587307066, 48.257714245 ], [ 38.57466819, 48.267253026 ], [ 38.559853202, 48.274367357 ], [ 38.541075639, 48.272006951 ], [ 38.502282377, 48.27407192 ], [ 38.493502385, 48.272713393 ], [ 38.480801143, 48.275136633 ], [ 38.427874707, 48.277702562 ], [ 38.426283176, 48.281532938 ], [ 38.42799203, 48.284379636 ], [ 38.424455041, 48.288142856 ], [ 38.428621949, 48.29040114 ], [ 38.429257147, 48.294253053 ], [ 38.434078082, 48.2973082 ], [ 38.426696942, 48.306947295 ], [ 38.438196276, 48.315960777 ], [ 38.433073266, 48.340592541 ], [ 38.448697588, 48.346054561 ], [ 38.460942249, 48.346783871 ], [ 38.465320026, 48.348825983 ], [ 38.462054605, 48.350195015 ], [ 38.464395937, 48.353467585 ], [ 38.471577607, 48.356031194 ], [ 38.469716947, 48.359881922 ], [ 38.487021514, 48.361892626 ], [ 38.483067231, 48.365417795 ], [ 38.472825074, 48.367020247 ], [ 38.467223217, 48.378960472 ], [ 38.452307735, 48.380289891 ], [ 38.449086598, 48.375906849 ], [ 38.44762136, 48.376340315 ], [ 38.436389576, 48.39624192 ], [ 38.439511904, 48.416845613 ], [ 38.432697768, 48.434768132 ], [ 38.434261173, 48.43824437 ], [ 38.433138863, 48.447428227 ], [ 38.400750847, 48.439734382 ], [ 38.403045675, 48.434406576 ], [ 38.381719468, 48.429291723 ], [ 38.379515962, 48.430266946 ], [ 38.375102136, 48.441126054 ], [ 38.372214751, 48.442542524 ], [ 38.362428003, 48.443346862 ], [ 38.356858611, 48.440573429 ], [ 38.349978595, 48.440701186 ], [ 38.34268579, 48.436839873 ], [ 38.311108781, 48.45561878 ], [ 38.318517829, 48.464602055 ], [ 38.288627878, 48.476099399 ], [ 38.292333192, 48.477262376 ], [ 38.296359981, 48.476424748 ], [ 38.297412635, 48.478604608 ], [ 38.303854225, 48.474446711 ], [ 38.305464116, 48.475184184 ], [ 38.301729324, 48.484675481 ], [ 38.305671849, 48.484350403 ], [ 38.297750041, 48.490307591 ], [ 38.297503891, 48.495206491 ], [ 38.299745216, 48.496286656 ], [ 38.304489486, 48.495158543 ], [ 38.312066112, 48.498298711 ], [ 38.312919399, 48.506832304 ], [ 38.318799766, 48.509228877 ], [ 38.285346543, 48.535766155 ], [ 38.281824967, 48.535628155 ], [ 38.273908536, 48.545351549 ], [ 38.279120646, 48.545928902 ], [ 38.262414257, 48.642401992 ], [ 38.233472079, 48.639940422 ], [ 38.231324223, 48.653133636 ], [ 38.238869104, 48.651751679 ], [ 38.238334236, 48.656639907 ], [ 38.259438573, 48.658442182 ], [ 38.258049903, 48.667950364 ], [ 38.285881914, 48.671206998 ], [ 38.283683168, 48.680979732 ], [ 38.284959542, 48.682004618 ], [ 38.304226205, 48.683247069 ], [ 38.306402523, 48.682106663 ], [ 38.313059541, 48.684002263 ], [ 38.313467255, 48.686280372 ], [ 38.308926612, 48.68925341 ], [ 38.314013174, 48.695698477 ], [ 38.314351644, 48.7042864 ], [ 38.303615728, 48.712087504 ], [ 38.32508492, 48.714177076 ], [ 38.323038863, 48.729066012 ], [ 38.319934406, 48.733405724 ], [ 38.297173301, 48.737075064 ], [ 38.283262592, 48.737312564 ], [ 38.276931517, 48.742968169 ], [ 38.26322844, 48.750207715 ], [ 38.27558007, 48.772725375 ], [ 38.283198512, 48.773259049 ], [ 38.278909939, 48.803360597 ], [ 38.283181226, 48.802686261 ], [ 38.289459614, 48.812003652 ], [ 38.316546225, 48.813936177 ], [ 38.313684743, 48.828423985 ], [ 38.272343701, 48.824929184 ], [ 38.271083699, 48.832382532 ], [ 38.259929631, 48.842653663 ], [ 38.221273883, 48.839403649 ], [ 38.227024647, 48.857396503 ], [ 38.229178889, 48.858800679 ], [ 38.228584537, 48.919210182 ], [ 38.223845989, 48.934787144 ], [ 38.196203543, 48.927870573 ], [ 38.16778196, 48.931392198 ], [ 38.15245894, 48.930968679 ], [ 38.142484276, 48.932909384 ], [ 38.13771107, 48.926155957 ], [ 38.132825661, 48.92373346 ], [ 38.127789065, 48.926491167 ], [ 38.114310189, 48.927146166 ], [ 38.084561865, 48.93460829 ], [ 38.06747615, 48.93524169 ], [ 38.059496497, 48.933238726 ], [ 38.04661315, 48.933908655 ], [ 38.041464338, 48.93781199 ], [ 38.039178143, 48.943956116 ], [ 38.017121768, 48.943562653 ], [ 38.004181477, 48.945946919 ], [ 38.029387148, 48.974576385 ], [ 38.053651442, 48.96518238 ], [ 38.052331169, 48.971527114 ], [ 38.057653972, 48.975799005 ], [ 38.052189363, 48.978991991 ], [ 38.050549908, 48.98287895 ], [ 38.052370299, 48.985726405 ], [ 38.080223689, 48.992033825 ], [ 38.098695349, 48.992401832 ], [ 38.097719513, 48.999516835 ], [ 38.072780473, 49.039502414 ], [ 38.05261219, 49.059404102 ], [ 38.062055282, 49.063388309 ], [ 38.067645723, 49.096135239 ], [ 38.083915253, 49.135313466 ], [ 38.081487415, 49.148180117 ], [ 38.066948878, 49.146652776 ], [ 38.043336278, 49.150573607 ], [ 38.039778324, 49.126807485 ], [ 37.980787799, 49.130727673 ], [ 37.976243704, 49.134130923 ], [ 37.958648348, 49.136075725 ], [ 37.959334518, 49.138146513 ], [ 37.955839343, 49.142611923 ], [ 37.944897301, 49.13902444 ], [ 37.924195413, 49.144468364 ], [ 37.907627824, 49.15163698 ], [ 37.892698418, 49.160572949 ], [ 37.902511839, 49.16677305 ], [ 37.893302671, 49.175024582 ], [ 37.904714976, 49.180263195 ], [ 37.907408838, 49.183803766 ], [ 37.912439952, 49.186006465 ], [ 37.935121954, 49.191706665 ], [ 37.923576442, 49.205705131 ], [ 37.915720487, 49.203044277 ], [ 37.907506171, 49.213997539 ], [ 37.889736941, 49.21176744 ], [ 37.889832216, 49.218840786 ], [ 37.879306543, 49.221503477 ], [ 37.877327343, 49.22589856 ], [ 37.878843498, 49.226304127 ], [ 37.872175867, 49.237604846 ], [ 37.865306264, 49.237129109 ], [ 37.850265933, 49.221605846 ], [ 37.846627335, 49.204894668 ], [ 37.844250229, 49.205160323 ], [ 37.843487395, 49.201377611 ], [ 37.824678944, 49.202657655 ], [ 37.824651156, 49.206397382 ], [ 37.802376953, 49.207190501 ], [ 37.798058594, 49.206920333 ], [ 37.797792294, 49.201966344 ], [ 37.712298116, 49.219794922 ], [ 37.614324919, 49.233094318 ], [ 37.597723168, 49.230061129 ], [ 37.569248828, 49.231150955 ], [ 37.561236335, 49.228021787 ], [ 37.545275568, 49.213155574 ], [ 37.50967899, 49.19654601 ], [ 37.498791998, 49.181631514 ], [ 37.530680026, 49.174137997 ], [ 37.55445564, 49.164881422 ], [ 37.564150739, 49.148258397 ], [ 37.563971992, 49.145563008 ], [ 37.559339547, 49.144335727 ], [ 37.55019072, 49.147923829 ], [ 37.542255123, 49.145602954 ], [ 37.542967169, 49.144641093 ], [ 37.554890019, 49.140228859 ], [ 37.562401339, 49.133411872 ], [ 37.571279406, 49.135819385 ], [ 37.584865507, 49.126133013 ], [ 37.546215509, 49.112006339 ], [ 37.497191917, 49.103444044 ], [ 37.494846605, 49.104752026 ], [ 37.486539901, 49.099453824 ], [ 37.493846844, 49.093038439 ], [ 37.500977951, 49.091292801 ], [ 37.498391922, 49.088365065 ], [ 37.506642042, 49.079961148 ], [ 37.505107585, 49.070619095 ], [ 37.497800759, 49.067971532 ], [ 37.495293556, 49.063814637 ], [ 37.476780434, 49.063152929 ], [ 37.477062063, 49.060051868 ], [ 37.467956369, 49.054644917 ], [ 37.466857467, 49.060338235 ], [ 37.464569871, 49.061335738 ], [ 37.458946002, 49.056077363 ], [ 37.457082926, 49.056563186 ], [ 37.451373066, 49.053170492 ], [ 37.449142056, 49.055324666 ], [ 37.44941024, 49.061515096 ], [ 37.443163626, 49.057423222 ], [ 37.438425718, 49.061528718 ], [ 37.431882541, 49.059336953 ], [ 37.417565822, 49.06134055 ], [ 37.40769092, 49.05194616 ], [ 37.384868274, 49.048308697 ], [ 37.384275199, 49.044389716 ], [ 37.388379192, 49.038680793 ], [ 37.385094024, 49.034292979 ], [ 37.391878266, 49.025153108 ], [ 37.375420217, 49.026215266 ], [ 37.370691687, 49.004440064 ], [ 37.373628011, 48.99434717 ], [ 37.358774534, 48.992362142 ], [ 37.359807087, 48.998612113 ], [ 37.344240342, 49.003535306 ], [ 37.3367374, 48.994790829 ], [ 37.321340596, 48.989483688 ], [ 37.312803614, 48.989658323 ], [ 37.312061002, 48.985839566 ], [ 37.324003533, 48.985028642 ], [ 37.324688106, 48.982909998 ], [ 37.316410342, 48.982691987 ], [ 37.316465467, 48.977577287 ], [ 37.313960089, 48.9775926 ], [ 37.314565542, 48.979956313 ], [ 37.310064451, 48.979618903 ], [ 37.307889436, 48.981010784 ], [ 37.303324868, 48.978745228 ], [ 37.301378519, 48.975536126 ], [ 37.298077807, 48.975572031 ], [ 37.299160306, 48.972602949 ], [ 37.294779413, 48.970931842 ], [ 37.297366031, 48.96694949 ], [ 37.308181912, 48.968287003 ], [ 37.310817727, 48.966266643 ], [ 37.305086437, 48.964832144 ], [ 37.304308912, 48.962944476 ], [ 37.304882453, 48.961208686 ], [ 37.3101189, 48.959555949 ], [ 37.310988791, 48.956816138 ], [ 37.32077587, 48.956516837 ], [ 37.318738113, 48.95232315 ], [ 37.308136374, 48.951130787 ], [ 37.307374913, 48.94662366 ], [ 37.310669374, 48.941932724 ], [ 37.314261326, 48.941566028 ], [ 37.314953835, 48.939539996 ], [ 37.31816499, 48.938324317 ], [ 37.324453451, 48.937519156 ], [ 37.326686982, 48.938062876 ], [ 37.327344307, 48.941802962 ], [ 37.332435454, 48.941188648 ], [ 37.327481909, 48.935576366 ], [ 37.332331607, 48.93474391 ], [ 37.328038092, 48.921713873 ], [ 37.312849786, 48.922735647 ], [ 37.299216235, 48.919351425 ], [ 37.299093612, 48.922857534 ], [ 37.269143137, 48.922722978 ], [ 37.26636468, 48.906466958 ], [ 37.245010322, 48.908821629 ], [ 37.244368966, 48.906481211 ], [ 37.223971056, 48.908264372 ], [ 37.222595532, 48.900168395 ], [ 37.211217986, 48.88766446 ], [ 37.202612581, 48.885042351 ], [ 37.197807099, 48.881338558 ], [ 37.196013063, 48.882503995 ], [ 37.193690861, 48.881899405 ], [ 37.189760499, 48.871686112 ], [ 37.195028814, 48.848554475 ], [ 37.192123763, 48.814660564 ], [ 37.157436686, 48.824668868 ], [ 37.151254939, 48.832468191 ], [ 37.140378549, 48.832652942 ], [ 37.147734091, 48.84165928 ], [ 37.139344356, 48.843681151 ], [ 37.133245083, 48.842732832 ], [ 37.098750804, 48.850805308 ], [ 37.078127543, 48.817613804 ], [ 37.067503005, 48.817407458 ], [ 37.066219156, 48.813843278 ], [ 37.035407129, 48.815546825 ], [ 37.023795215, 48.817871924 ], [ 37.018568121, 48.801499409 ], [ 37.00729279, 48.802748533 ], [ 37.005352186, 48.797155053 ], [ 36.994870991, 48.787389998 ], [ 37.023083212, 48.775078324 ], [ 37.023042417, 48.767774646 ], [ 37.043214751, 48.766546132 ], [ 37.038034962, 48.752220791 ], [ 37.032436333, 48.749217129 ], [ 37.019631291, 48.755561555 ], [ 37.017112969, 48.7600975 ], [ 37.009467434, 48.764659426 ], [ 37.001510939, 48.765657384 ], [ 36.998899484, 48.769831064 ], [ 36.988729173, 48.774735839 ], [ 36.981717867, 48.784262752 ], [ 36.968922498, 48.793325545 ], [ 36.947510587, 48.795762501 ], [ 36.944327917, 48.79171691 ], [ 36.932183999, 48.792264999 ], [ 36.923097751, 48.793876095 ], [ 36.921032491, 48.79773334 ], [ 36.854121236, 48.800378586 ], [ 36.841196925, 48.778273678 ], [ 36.840767859, 48.772839171 ], [ 36.821208196, 48.771343687 ], [ 36.816712531, 48.777610506 ], [ 36.788389014, 48.780629572 ], [ 36.792182175, 48.785975635 ], [ 36.78385389, 48.789847188 ], [ 36.790487944, 48.801373383 ], [ 36.765044108, 48.796910115 ], [ 36.720783809, 48.805969276 ], [ 36.702824661, 48.784155855 ], [ 36.689076795, 48.77608408 ], [ 36.691871758, 48.769381507 ], [ 36.708576797, 48.768220804 ], [ 36.713342096, 48.755461556 ], [ 36.712128093, 48.753062731 ], [ 36.717591894, 48.744859046 ], [ 36.712593369, 48.743713327 ], [ 36.725841565, 48.714659817 ], [ 36.735465776, 48.705157285 ], [ 36.730167802, 48.69524032 ], [ 36.711758326, 48.692552546 ], [ 36.714305814, 48.690019629 ], [ 36.717343217, 48.690828952 ], [ 36.721338009, 48.683267925 ], [ 36.717866876, 48.683195637 ], [ 36.718011363, 48.680777719 ], [ 36.714788449, 48.679367006 ], [ 36.718458196, 48.67682393 ], [ 36.717177762, 48.673493435 ], [ 36.721954966, 48.6728586 ], [ 36.727212541, 48.667140938 ], [ 36.723148558, 48.66657939 ], [ 36.723904457, 48.665053235 ], [ 36.720846416, 48.663917112 ], [ 36.722326669, 48.662422841 ], [ 36.725151564, 48.66319609 ], [ 36.725997915, 48.660456068 ], [ 36.729725838, 48.660017319 ], [ 36.730852866, 48.657030863 ], [ 36.722514212, 48.654638599 ], [ 36.728498513, 48.65161351 ], [ 36.72811426, 48.647929648 ], [ 36.734326428, 48.646230639 ], [ 36.738855825, 48.626158288 ], [ 36.745297767, 48.596370899 ], [ 36.778588915, 48.600348385 ], [ 36.779716401, 48.596401109 ], [ 36.80573142, 48.596328111 ], [ 36.810369392, 48.56896492 ], [ 36.824315245, 48.569956052 ], [ 36.824977812, 48.56661958 ], [ 36.858998674, 48.568769068 ], [ 36.871358692, 48.550193768 ], [ 36.882968601, 48.551049457 ], [ 36.88484361, 48.541819293 ], [ 36.901479133, 48.543377367 ], [ 36.905966637, 48.522912593 ], [ 36.850274814, 48.517694735 ], [ 36.85669538, 48.486975066 ], [ 36.830123772, 48.484376379 ], [ 36.836674311, 48.443083674 ], [ 36.845316694, 48.44365194 ], [ 36.851449975, 48.417382413 ], [ 36.849224953, 48.416158931 ], [ 36.842127605, 48.420709135 ], [ 36.83721937, 48.420430615 ], [ 36.834462136, 48.41683704 ], [ 36.83065512, 48.417461056 ], [ 36.824557153, 48.41467013 ], [ 36.825487606, 48.412475449 ], [ 36.829494185, 48.412666387 ], [ 36.830364019, 48.41091714 ], [ 36.834919436, 48.410086604 ], [ 36.830734501, 48.407306774 ], [ 36.820320286, 48.406476007 ], [ 36.827676105, 48.371153395 ], [ 36.821518001, 48.365840309 ], [ 36.81705993, 48.366071864 ], [ 36.812977566, 48.368478616 ], [ 36.816209953, 48.348848822 ], [ 36.808762445, 48.348131714 ], [ 36.8165584, 48.312499129 ], [ 36.871173229, 48.316880204 ], [ 36.873702692, 48.305498697 ], [ 36.912300612, 48.30919019 ], [ 36.93654571, 48.19427544 ], [ 36.93005523, 48.196037084 ], [ 36.920483493, 48.193861927 ], [ 36.914568297, 48.194447656 ], [ 36.908530186, 48.192059965 ], [ 36.904279231, 48.19351183 ], [ 36.903335145, 48.192043881 ], [ 36.905912212, 48.188590012 ], [ 36.902282017, 48.18838014 ], [ 36.900574189, 48.191209129 ], [ 36.897663422, 48.187287019 ], [ 36.895157404, 48.189220373 ], [ 36.895645505, 48.191135429 ], [ 36.893114486, 48.191334401 ], [ 36.891532642, 48.186209901 ], [ 36.894696718, 48.184557256 ], [ 36.891890436, 48.182530339 ], [ 36.894253544, 48.180182244 ], [ 36.888300615, 48.177264895 ], [ 36.883079869, 48.179083043 ], [ 36.884233425, 48.182801294 ], [ 36.87961283, 48.181917049 ], [ 36.872699245, 48.184125812 ], [ 36.896225559, 48.077588098 ], [ 36.881507428, 48.063465482 ], [ 36.881878854, 48.061605207 ], [ 36.878175083, 48.061854283 ], [ 36.876454499, 48.051064292 ], [ 36.858032495, 48.052226778 ], [ 36.854541894, 48.032440237 ], [ 36.843187408, 48.038275219 ], [ 36.833356883, 48.035175401 ], [ 36.826655078, 48.035847311 ], [ 36.818470703, 48.040289591 ], [ 36.812664811, 48.040458878 ], [ 36.807732621, 48.04645328 ], [ 36.804027032, 48.047847091 ], [ 36.80370053, 48.053170626 ], [ 36.793711263, 48.048269026 ], [ 36.785569673, 48.051282103 ], [ 36.782740115, 48.046849221 ], [ 36.778742402, 48.048930436 ], [ 36.772935838, 48.047466712 ], [ 36.772393382, 48.050124524 ], [ 36.763963936, 48.055783306 ], [ 36.760794855, 48.054823592 ], [ 36.760306067, 48.051797414 ], [ 36.75715193, 48.051969557 ], [ 36.754622168, 48.049549877 ], [ 36.743771892, 48.050203018 ], [ 36.743946429, 48.052247483 ], [ 36.74094009, 48.053297955 ], [ 36.742032987, 48.05843805 ], [ 36.743111077, 48.060253531 ], [ 36.748363972, 48.061434991 ], [ 36.747049924, 48.064261411 ], [ 36.738938621, 48.065686207 ], [ 36.739830622, 48.068556033 ], [ 36.730636526, 48.068990869 ], [ 36.726360959, 48.071101283 ], [ 36.724269408, 48.076694339 ], [ 36.725556964, 48.079380671 ], [ 36.718631244, 48.084591163 ], [ 36.714919726, 48.084599783 ], [ 36.713676188, 48.079973295 ], [ 36.710472506, 48.07974478 ], [ 36.693498685, 48.086160364 ], [ 36.683867553, 48.085652073 ], [ 36.675201159, 48.090669334 ], [ 36.668451636, 48.090885293 ], [ 36.663296033, 48.087578492 ], [ 36.661678865, 48.090743284 ], [ 36.655121677, 48.094578544 ], [ 36.657903469, 48.09807929 ], [ 36.653313497, 48.100227877 ], [ 36.650702209, 48.099394292 ], [ 36.650142873, 48.095314399 ], [ 36.644386046, 48.096735471 ], [ 36.636033845, 48.094074164 ], [ 36.641165324, 48.091399525 ], [ 36.644545728, 48.09376845 ], [ 36.649089482, 48.093088339 ], [ 36.650980531, 48.088238954 ], [ 36.646625024, 48.089663377 ], [ 36.643915369, 48.08727917 ], [ 36.639119269, 48.089562344 ], [ 36.636167176, 48.087582316 ], [ 36.629061003, 48.089026307 ], [ 36.62807194, 48.086588497 ], [ 36.632255554, 48.086753782 ], [ 36.632495442, 48.084712825 ], [ 36.629658462, 48.083433522 ], [ 36.62847579, 48.085561429 ], [ 36.62636866, 48.085613747 ], [ 36.622384953, 48.082022843 ], [ 36.61704137, 48.08632954 ], [ 36.611180467, 48.087141502 ], [ 36.609938586, 48.089526792 ], [ 36.602012098, 48.090888243 ], [ 36.600134211, 48.088630476 ], [ 36.60428189, 48.085538349 ], [ 36.594575922, 48.0823694 ], [ 36.586412999, 48.082815268 ], [ 36.587678937, 48.079970909 ], [ 36.585873563, 48.078127316 ], [ 36.580328097, 48.079724282 ], [ 36.581388545, 48.077191169 ], [ 36.586971367, 48.07593108 ], [ 36.584691467, 48.071859419 ], [ 36.587141568, 48.064797064 ], [ 36.577994136, 48.061868322 ], [ 36.579299027, 48.060199038 ], [ 36.582512607, 48.05997566 ], [ 36.58722738, 48.052346608 ], [ 36.573765772, 48.040214115 ], [ 36.584420016, 48.031772145 ], [ 36.590862913, 48.020084787 ], [ 36.568337597, 48.011511224 ], [ 36.571854811, 48.009725562 ], [ 36.573818125, 48.011126351 ], [ 36.576628138, 48.01019026 ], [ 36.586313595, 48.000677491 ], [ 36.585713843, 47.99934026 ], [ 36.582905151, 48.00048041 ], [ 36.5788219, 47.999867369 ], [ 36.576424538, 47.997965182 ], [ 36.585295839, 47.956573779 ], [ 36.629062289, 47.961678606 ], [ 36.640125022, 47.920373444 ], [ 36.617755582, 47.917543647 ], [ 36.589689158, 47.921652311 ], [ 36.592543604, 47.910755712 ], [ 36.541781542, 47.90589992 ], [ 36.549366366, 47.87731345 ], [ 36.576734425, 47.880306951 ], [ 36.585003042, 47.847145604 ] ] ] } },
{ "type": "Feature", "properties": { "shapeName": "Zhytomyrska", "shapeISO": "", "shapeID": "82583831B9589848299664", "shapeGroup": "UKR", "shapeType": "ADM1" }, "geometry": { "type": "Polygon", "coordinates": [ [ [ 29.505251001, 49.649215964 ], [ 29.513605248, 49.663118036 ], [ 29.489035634, 49.66915607 ], [ 29.491070772, 49.707385535 ], [ 29.495992477, 49.710403252 ], [ 29.49734216, 49.713836377 ], [ 29.482578622, 49.712014173 ], [ 29.446005279, 49.713455553 ], [ 29.435679929, 49.729468051 ], [ 29.444650167, 49.732101108 ], [ 29.462076613, 49.761936047 ], [ 29.456162577, 49.775837541 ], [ 29.438740071, 49.80552295 ], [ 29.448684562, 49.802555736 ], [ 29.470039551, 49.814444935 ], [ 29.481935799, 49.801342291 ], [ 29.489503355, 49.804398459 ], [ 29.487629997, 49.806357174 ], [ 29.498308194, 49.811191749 ], [ 29.494947504, 49.815252057 ], [ 29.497584409, 49.816020006 ], [ 29.490715256, 49.825381065 ], [ 29.509114376, 49.835064046 ], [ 29.511694877, 49.832049798 ], [ 29.522433375, 49.82882844 ], [ 29.526614457, 49.825226117 ], [ 29.538174254, 49.821644569 ], [ 29.5419275, 49.819020101 ], [ 29.550217324, 49.828088022 ], [ 29.547627428, 49.82886806 ], [ 29.546930363, 49.835492991 ], [ 29.574477454, 49.837512959 ], [ 29.573147394, 49.840418061 ], [ 29.592968345, 49.841473045 ], [ 29.600270342, 49.847419038 ], [ 29.598644227, 49.851175559 ], [ 29.603758665, 49.855741766 ], [ 29.621023059, 49.852403361 ], [ 29.626812469, 49.8564809 ], [ 29.626254366, 49.859851108 ], [ 29.631307716, 49.864043443 ], [ 29.633268023, 49.863436341 ], [ 29.635995911, 49.864867662 ], [ 29.640710806, 49.870323607 ], [ 29.652650111, 49.864910008 ], [ 29.666663153, 49.873995544 ], [ 29.650454247, 49.87703404 ], [ 29.649638402, 49.878240434 ], [ 29.633194521, 49.877063459 ], [ 29.627177001, 49.886498794 ], [ 29.633602473, 49.885639285 ], [ 29.643033836, 49.89833452 ], [ 29.656131332, 49.902316941 ], [ 29.665972665, 49.911277465 ], [ 29.727929128, 49.932768965 ], [ 29.725111152, 49.941759129 ], [ 29.735192682, 49.944525317 ], [ 29.732085051, 49.950367059 ], [ 29.72156902, 49.959430213 ], [ 29.73200834, 49.963129959 ], [ 29.728179083, 49.970271603 ], [ 29.714176858, 49.967618846 ], [ 29.711575946, 49.972310898 ], [ 29.717259563, 49.978905954 ], [ 29.696504407, 49.991227971 ], [ 29.694341529, 49.996475623 ], [ 29.690797157, 49.998000786 ], [ 29.691422996, 50.001146458 ], [ 29.698261973, 50.004169349 ], [ 29.698511501, 50.006347349 ], [ 29.693140871, 50.004188239 ], [ 29.690184285, 50.008676539 ], [ 29.683530384, 50.012229879 ], [ 29.677696378, 50.02936691 ], [ 29.671502573, 50.032229835 ], [ 29.691744402, 50.041273487 ], [ 29.695347733, 50.044237261 ], [ 29.697252206, 50.068419963 ], [ 29.646298443, 50.106764703 ], [ 29.652318883, 50.11020055 ], [ 29.666565058, 50.111806824 ], [ 29.669875704, 50.113705037 ], [ 29.671650006, 50.116409405 ], [ 29.655689155, 50.118300126 ], [ 29.659074121, 50.127612015 ], [ 29.688109881, 50.143906604 ], [ 29.693498805, 50.155557685 ], [ 29.678208576, 50.158614163 ], [ 29.664116824, 50.168418906 ], [ 29.650770807, 50.172034632 ], [ 29.643065971, 50.179849243 ], [ 29.650034065, 50.186345422 ], [ 29.655233444, 50.187620113 ], [ 29.675929657, 50.20683056 ], [ 29.682860662, 50.216361543 ], [ 29.68587093, 50.226151711 ], [ 29.689782274, 50.228391862 ], [ 29.693727709, 50.228260178 ], [ 29.701252476, 50.230777336 ], [ 29.699540575, 50.233657557 ], [ 29.686967523, 50.242477555 ], [ 29.681450309, 50.255409138 ], [ 29.677304219, 50.254612717 ], [ 29.675266582, 50.259100522 ], [ 29.676657685, 50.259586475 ], [ 29.665591545, 50.264992463 ], [ 29.673712641, 50.267445425 ], [ 29.666288855, 50.2745107 ], [ 29.67338519, 50.27802922 ], [ 29.681090634, 50.273817378 ], [ 29.688700296, 50.279422371 ], [ 29.689822903, 50.284247337 ], [ 29.677959511, 50.285110513 ], [ 29.675576495, 50.297622352 ], [ 29.682086547, 50.31165441 ], [ 29.690787883, 50.309776069 ], [ 29.692861437, 50.324741467 ], [ 29.675683623, 50.32103812 ], [ 29.663108349, 50.324071512 ], [ 29.644988598, 50.324401316 ], [ 29.62602051, 50.330101334 ], [ 29.619308036, 50.337453594 ], [ 29.611985968, 50.341126351 ], [ 29.623030752, 50.346782158 ], [ 29.622758138, 50.348945071 ], [ 29.627826535, 50.354062383 ], [ 29.63326234, 50.355406507 ], [ 29.635745049, 50.358177689 ], [ 29.63569561, 50.371205691 ], [ 29.630741359, 50.372654618 ], [ 29.621835713, 50.365206875 ], [ 29.619416647, 50.366210182 ], [ 29.617762901, 50.364916994 ], [ 29.608944508, 50.372579839 ], [ 29.602646575, 50.374252486 ], [ 29.588792489, 50.374877516 ], [ 29.589355745, 50.380278723 ], [ 29.586036588, 50.389230248 ], [ 29.590389397, 50.400374198 ], [ 29.560273518, 50.422522184 ], [ 29.480322643, 50.41315922 ], [ 29.48167857, 50.404007188 ], [ 29.454792667, 50.401467154 ], [ 29.442613715, 50.415444208 ], [ 29.442456793, 50.418824885 ], [ 29.449094703, 50.420398181 ], [ 29.469342666, 50.415484174 ], [ 29.471821988, 50.420982363 ], [ 29.481651541, 50.419604655 ], [ 29.489358051, 50.429740991 ], [ 29.496942546, 50.435006141 ], [ 29.498393465, 50.439781365 ], [ 29.497627609, 50.450492081 ], [ 29.476604953, 50.449310363 ], [ 29.476486071, 50.451942596 ], [ 29.451739001, 50.451358001 ], [ 29.446859165, 50.452817775 ], [ 29.457196814, 50.471111012 ], [ 29.466318072, 50.465611491 ], [ 29.483450913, 50.459207628 ], [ 29.500737552, 50.467715101 ], [ 29.505413475, 50.465979166 ], [ 29.510870891, 50.47076189 ], [ 29.50257553, 50.483912113 ], [ 29.509089388, 50.487960154 ], [ 29.503432478, 50.495114102 ], [ 29.503298471, 50.498905095 ], [ 29.506629042, 50.50013735 ], [ 29.485002635, 50.506768016 ], [ 29.483240395, 50.50963472 ], [ 29.467358523, 50.513068352 ], [ 29.460185744, 50.517248814 ], [ 29.46457182, 50.521043917 ], [ 29.466791424, 50.528139984 ], [ 29.461095466, 50.53147163300001 ], [ 29.458763811, 50.539480977 ], [ 29.481378881, 50.539228928 ], [ 29.486854818, 50.537372818 ], [ 29.493143149, 50.544642907 ], [ 29.502917474, 50.549437526 ], [ 29.503367656, 50.552355036 ], [ 29.498508649, 50.560349521 ], [ 29.49936142, 50.566183136 ], [ 29.504918053, 50.572700865 ], [ 29.498516051, 50.577373689 ], [ 29.498006631, 50.590276253 ], [ 29.492504215, 50.595702935 ], [ 29.480518157, 50.602650496 ], [ 29.475734083, 50.607955107 ], [ 29.461672317, 50.611598823 ], [ 29.444710264, 50.621209042 ], [ 29.472530676, 50.628178629 ], [ 29.46358371, 50.633313538 ], [ 29.484888926, 50.64673238 ], [ 29.476043812, 50.653343691 ], [ 29.47790743, 50.653466984 ], [ 29.478376684, 50.657176588 ], [ 29.482602666, 50.657072288 ], [ 29.483223417, 50.659211882 ], [ 29.486195098, 50.659508711 ], [ 29.485785348, 50.662702113 ], [ 29.493877221, 50.662589079 ], [ 29.493528865, 50.659425899 ], [ 29.494239621, 50.661043288 ], [ 29.498453755, 50.659970467 ], [ 29.500001234, 50.661291647 ], [ 29.505054913, 50.658319452 ], [ 29.529668764, 50.664220641 ], [ 29.531743196, 50.667195312 ], [ 29.527164309, 50.666311995 ], [ 29.530792464, 50.673480571 ], [ 29.527800438, 50.678007892 ], [ 29.536788979, 50.680325024 ], [ 29.537836551, 50.681895018 ], [ 29.540429267, 50.680950959 ], [ 29.542120031, 50.684932178 ], [ 29.539460913, 50.685477989 ], [ 29.542016475, 50.686339403 ], [ 29.541906438, 50.689667298 ], [ 29.54640858, 50.688137132 ], [ 29.545912745, 50.690218234 ], [ 29.54934926, 50.693247836 ], [ 29.553961565, 50.692056256 ], [ 29.561801376, 50.692687901 ], [ 29.563786154, 50.694985109 ], [ 29.56569094, 50.693227563 ], [ 29.569571142, 50.698668915 ], [ 29.572621833, 50.697769762 ], [ 29.574017675, 50.699596015 ], [ 29.576440803, 50.699285256 ], [ 29.578490704, 50.703479969 ], [ 29.586002127, 50.709277302 ], [ 29.590745249, 50.720462868 ], [ 29.59717609, 50.729201572 ], [ 29.594394517, 50.731744459 ], [ 29.591920979, 50.730559355 ], [ 29.593909842, 50.728372991 ], [ 29.589571622, 50.728931543 ], [ 29.59034034, 50.73189957 ], [ 29.585498743, 50.736534832 ], [ 29.586660652, 50.738479013 ], [ 29.578800147, 50.740432783 ], [ 29.580869405, 50.74930035300001 ], [ 29.577431127, 50.748294896 ], [ 29.576211739, 50.753176595 ], [ 29.573660954, 50.754091766 ], [ 29.575023897, 50.756493024 ], [ 29.57403388, 50.75894886 ], [ 29.572032958, 50.759113738 ], [ 29.572223082, 50.761542395 ], [ 29.569889333, 50.762663813 ], [ 29.568060381, 50.761605493 ], [ 29.56606133, 50.763279385 ], [ 29.568336453, 50.763370229 ], [ 29.569452945, 50.765497705 ], [ 29.567776795, 50.767501274 ], [ 29.571682893, 50.767592485 ], [ 29.571001844, 50.769333802 ], [ 29.568985832, 50.768673442 ], [ 29.569455748, 50.771945711 ], [ 29.562649211, 50.770161534 ], [ 29.557756572, 50.772587715 ], [ 29.55219011, 50.771729566 ], [ 29.544322831, 50.773288256 ], [ 29.543034586, 50.775966514 ], [ 29.535831349, 50.776288106 ], [ 29.528583227, 50.771854581 ], [ 29.515497331, 50.771580924 ], [ 29.503115357, 50.766082854 ], [ 29.494772441, 50.769493188 ], [ 29.490238722, 50.768835407 ], [ 29.489725966, 50.770719404 ], [ 29.475066461, 50.772574332 ], [ 29.474864194, 50.774241019 ], [ 29.485780664, 50.77363777 ], [ 29.497939681, 50.775519146 ], [ 29.501723007, 50.774321308 ], [ 29.510462542, 50.775507609 ], [ 29.510680626, 50.781695636 ], [ 29.506085205, 50.782885479 ], [ 29.506362053, 50.785364476 ], [ 29.51573858, 50.787723211 ], [ 29.521930691, 50.791925106 ], [ 29.517892291, 50.794192283 ], [ 29.515185939, 50.793316671 ], [ 29.498833023, 50.801257547 ], [ 29.491844189, 50.8067409 ], [ 29.494305915, 50.809230937 ], [ 29.488234065, 50.812241541 ], [ 29.500963902, 50.818864608 ], [ 29.517300993, 50.817472632 ], [ 29.539229966, 50.812311802 ], [ 29.548061186, 50.811895368 ], [ 29.542208857, 50.828403632 ], [ 29.534865912, 50.829917601 ], [ 29.529235993, 50.823835598 ], [ 29.497517944, 50.837305604 ], [ 29.521349863, 50.868876616 ], [ 29.513478805, 50.878700613 ], [ 29.500338859, 50.88704454 ], [ 29.489841085, 50.889920534 ], [ 29.471360852, 50.903663509 ], [ 29.475127951, 50.914815444 ], [ 29.467527832, 50.9247494 ], [ 29.435487877, 50.945555405 ], [ 29.411537864, 50.948949435 ], [ 29.412694184, 50.985386426 ], [ 29.440476088, 50.988538791 ], [ 29.474894344, 50.979132973 ], [ 29.467079928, 50.986688031 ], [ 29.465447273, 51.003793149 ], [ 29.468518885, 51.009564497 ], [ 29.464606698, 51.018967358 ], [ 29.467407695, 51.019083317 ], [ 29.476046137, 51.029944246 ], [ 29.474446685, 51.030432394 ], [ 29.511782495, 51.060641241 ], [ 29.494104893, 51.073297183 ], [ 29.48247574, 51.076880236 ], [ 29.467877558, 51.086222206 ], [ 29.458614482, 51.089759028 ], [ 29.427497545, 51.123954152 ], [ 29.348891193, 51.160087925 ], [ 29.330521654, 51.157616741 ], [ 29.328976357, 51.125861924 ], [ 29.320828645, 51.12690992 ], [ 29.316289683, 51.131488107 ], [ 29.301939789, 51.166831354 ], [ 29.267282391, 51.265313601 ], [ 29.301080509, 51.273694518 ], [ 29.307524952, 51.27139221 ], [ 29.310133586, 51.275736837 ], [ 29.32310063, 51.275141243 ], [ 29.329368855, 51.276482834 ], [ 29.331370315, 51.27862696 ], [ 29.333240524, 51.278114817 ], [ 29.329099472, 51.271074863 ], [ 29.33406458, 51.271325319 ], [ 29.335122684, 51.26986514 ], [ 29.354510473, 51.274440818 ], [ 29.39849983, 51.321233882 ], [ 29.392583325, 51.342480829 ], [ 29.393798219, 51.379529102 ], [ 29.35933642, 51.375934553 ], [ 29.359293003, 51.388385526 ], [ 29.351003312, 51.38417069 ], [ 29.332630527, 51.384530607 ], [ 29.320542989, 51.377256051 ], [ 29.315970885, 51.390983419 ], [ 29.322831459, 51.396777737 ], [ 29.324655228, 51.40155556 ], [ 29.317218055, 51.415508936 ], [ 29.311576822, 51.421224682 ], [ 29.310171705, 51.433998937 ], [ 29.302999638, 51.4438171 ], [ 29.304363122, 51.454352811 ], [ 29.287579609, 51.45951417 ], [ 29.276413409, 51.457433675 ], [ 29.270629603, 51.45816003600001 ], [ 29.266504788, 51.46329481 ], [ 29.267038214, 51.476236357 ], [ 29.252508512, 51.481972665 ], [ 29.245629517, 51.500074184 ], [ 29.251071029, 51.523271769 ], [ 29.259136644, 51.529542575 ], [ 29.25656496, 51.54607998 ], [ 29.25818863, 51.549712192 ], [ 29.25293292, 51.55998399 ], [ 29.252141188, 51.56745847 ], [ 29.242159973, 51.569281034 ], [ 29.214541205, 51.567037017 ], [ 29.216125661, 51.568987611 ], [ 29.208863566, 51.57355287 ], [ 29.201932642, 51.582152908 ], [ 29.205120232, 51.58441621 ], [ 29.205246546, 51.592168514 ], [ 29.207375605, 51.59266586 ], [ 29.205858959, 51.596187107 ], [ 29.180828019, 51.606999292 ], [ 29.177416361, 51.607021387 ], [ 29.178629257, 51.614239175 ], [ 29.185698241, 51.620953672 ], [ 29.166288918, 51.624815927 ], [ 29.157787694, 51.628824587 ], [ 29.15869716, 51.63124203 ], [ 29.164489468, 51.633134555 ], [ 29.164889822, 51.638880636 ], [ 29.167611962, 51.642539798 ], [ 29.176182783, 51.647882339 ], [ 29.174275274, 51.648722111 ], [ 29.175406687, 51.651096398 ], [ 29.173007882, 51.649459092 ], [ 29.165420894, 51.653393318 ], [ 29.162996847, 51.652264745 ], [ 29.160585338, 51.653077215 ], [ 29.162229527, 51.651214152 ], [ 29.159550449, 51.649695329 ], [ 29.147404742, 51.652190617 ], [ 29.137622851, 51.649123476 ], [ 29.117169539, 51.65647353 ], [ 29.100870852, 51.645317158 ], [ 29.093699597, 51.642973811 ], [ 29.094467846, 51.635054263 ], [ 29.091448135, 51.62870906500001 ], [ 29.074751445, 51.628215717 ], [ 29.062787989, 51.624437487 ], [ 29.061252, 51.62051502 ], [ 29.054814401, 51.616534213 ], [ 29.054159473, 51.613218512 ], [ 29.048507026, 51.607496464 ], [ 29.03827281, 51.601231141 ], [ 29.030368707, 51.59050215100001 ], [ 28.999380366, 51.573564909 ], [ 28.98381153, 51.571748688 ], [ 28.97358408, 51.573159001 ], [ 28.969532259, 51.578378134 ], [ 28.96651296, 51.591348 ], [ 28.923545881, 51.58489104 ], [ 28.919089081, 51.587298 ], [ 28.904855353, 51.588464828 ], [ 28.883701528, 51.583828253 ], [ 28.878299711, 51.576307096 ], [ 28.869540226, 51.57478608 ], [ 28.865111462, 51.569249022 ], [ 28.84271508, 51.562719 ], [ 28.83698712, 51.55853004 ], [ 28.828793161, 51.559975981 ], [ 28.819494606, 51.558701826 ], [ 28.807084125, 51.548241174 ], [ 28.804972386, 51.538215092 ], [ 28.797120007, 51.533584405 ], [ 28.788272479, 51.52359999 ], [ 28.781357462, 51.511021729 ], [ 28.761384311, 51.487028343 ], [ 28.760922289, 51.482812981 ], [ 28.774250325, 51.473434678 ], [ 28.776057217, 51.457535577 ], [ 28.779936092, 51.454029106 ], [ 28.778882575, 51.44992529 ], [ 28.773077729, 51.450304265 ], [ 28.770916299, 51.448238435 ], [ 28.766199382, 51.427531523 ], [ 28.753208607, 51.414969219 ], [ 28.749544921, 51.41683701 ], [ 28.75033512, 51.42440403 ], [ 28.738851981, 51.425826094 ], [ 28.741355729, 51.428902961 ], [ 28.733028283, 51.434757627 ], [ 28.735574091, 51.447313947 ], [ 28.733182743, 51.45305012 ], [ 28.73649204, 51.45969303 ], [ 28.736147746, 51.46516545 ], [ 28.72215216, 51.46034202 ], [ 28.719934743, 51.450683391 ], [ 28.697388583, 51.441400814 ], [ 28.683226757, 51.444373979 ], [ 28.650948121, 51.523910999 ], [ 28.65490992, 51.52657797 ], [ 28.649298672, 51.544919717 ], [ 28.640523432, 51.553720979 ], [ 28.648473656, 51.558404952 ], [ 28.646584091, 51.561270022 ], [ 28.633668842, 51.55661403 ], [ 28.629590001, 51.561287076 ], [ 28.640805119, 51.56560296 ], [ 28.655424, 51.56588898 ], [ 28.658153921, 51.567436349 ], [ 28.65248054, 51.569517461 ], [ 28.64718792, 51.56830296 ], [ 28.632927571, 51.568491971 ], [ 28.632951267, 51.572600138 ], [ 28.554340856, 51.572257902 ], [ 28.554226759, 51.582063031 ], [ 28.52303004, 51.58195002 ], [ 28.51759296, 51.59066598 ], [ 28.469127416, 51.593181769 ], [ 28.449224331, 51.584219355 ], [ 28.422753299, 51.567006972 ], [ 28.391236534, 51.550421444 ], [ 28.3619229, 51.540721601 ], [ 28.352645774, 51.53981804 ], [ 28.35041978, 51.543296142 ], [ 28.35432348, 51.55706561 ], [ 28.342369081, 51.57687402 ], [ 28.325620197, 51.585569205 ], [ 28.324352882, 51.58950498 ], [ 28.320783703, 51.590354598 ], [ 28.309653367, 51.601965985 ], [ 28.279969587, 51.623335242 ], [ 28.255970562, 51.619717113 ], [ 28.254796396, 51.621180234 ], [ 28.252861084, 51.627414769 ], [ 28.258473961, 51.639009031 ], [ 28.264713121, 51.666542011 ], [ 28.2695818, 51.670902965 ], [ 28.26757515, 51.680397862 ], [ 28.261860707, 51.681780929 ], [ 28.25463631, 51.67804661 ], [ 28.244210629, 51.676452624 ], [ 28.236925509, 51.672918356 ], [ 28.233961508, 51.668560243 ], [ 28.209898907, 51.660472032 ], [ 28.17065958, 51.644021035 ], [ 28.168504002, 51.633486886 ], [ 28.169664765, 51.626310916 ], [ 28.155030267, 51.611137324 ], [ 28.147857505, 51.604968898 ], [ 28.13191229, 51.607969181 ], [ 28.130057639, 51.607292067 ], [ 28.119865029, 51.599159774 ], [ 28.115038601, 51.584974321 ], [ 28.106499529, 51.582365534 ], [ 28.105343522, 51.579188557 ], [ 28.081458829, 51.574101795 ], [ 28.072756473, 51.580002004 ], [ 28.06169006, 51.571656473 ], [ 28.043581574, 51.566234163 ], [ 27.939335479, 51.557019641 ], [ 27.937558595, 51.559557512 ], [ 27.953025226, 51.569022373 ], [ 27.958855959, 51.577985506 ], [ 27.966057356, 51.580963751 ], [ 27.974542407, 51.594195485 ], [ 27.967157757, 51.595528038 ], [ 27.960490414, 51.59208359 ], [ 27.957485864, 51.592744009 ], [ 27.944668268, 51.57926124 ], [ 27.919992001, 51.577702449 ], [ 27.924209249, 51.593936846 ], [ 27.922467028, 51.605519515 ], [ 27.911836737, 51.616330565 ], [ 27.893708904, 51.61692019800001 ], [ 27.886341124, 51.622935057 ], [ 27.877759835, 51.624024463 ], [ 27.859838269, 51.63073419 ], [ 27.848733842, 51.62930298 ], [ 27.835701072, 51.624874939 ], [ 27.819456629, 51.617225765 ], [ 27.840041479, 51.607847259 ], [ 27.829113236, 51.596800956 ], [ 27.828743965, 51.582280915 ], [ 27.824834619, 51.577011716 ], [ 27.830104898, 51.573621293 ], [ 27.827655206, 51.57206843 ], [ 27.83163682, 51.56941538200001 ], [ 27.834210979, 51.562903193 ], [ 27.839459283, 51.558116243 ], [ 27.835812909, 51.55540866 ], [ 27.840011478, 51.554815181 ], [ 27.840508145, 51.549679302 ], [ 27.844049569, 51.550581899 ], [ 27.850018216, 51.546240582 ], [ 27.849446994, 51.543206749 ], [ 27.844181832, 51.539362074 ], [ 27.832777696, 51.534788531 ], [ 27.799914831, 51.532863345 ], [ 27.782456289, 51.506579364 ], [ 27.766548342, 51.493337092 ], [ 27.764223039, 51.477712802 ], [ 27.761797355, 51.473847651 ], [ 27.753331876, 51.472938316 ], [ 27.738272702, 51.474899049 ], [ 27.720380073, 51.489397632 ], [ 27.701267182, 51.498035083 ], [ 27.693033258, 51.497721104 ], [ 27.662949517, 51.517297257 ], [ 27.669125962, 51.496952819 ], [ 27.648429451, 51.501760884 ], [ 27.646413625, 51.497749537 ], [ 27.623314737, 51.482882683 ], [ 27.578845059, 51.478483318 ], [ 27.582494451, 51.429730639 ], [ 27.59895117, 51.430188572 ], [ 27.599620109, 51.422034266 ], [ 27.604784347, 51.420193335 ], [ 27.603127083, 51.414462001 ], [ 27.613514543, 51.410135664 ], [ 27.614142399, 51.402950785 ], [ 27.584392723, 51.401645596 ], [ 27.583723059, 51.407394408 ], [ 27.573407668, 51.411562277 ], [ 27.56793374, 51.415635834 ], [ 27.553562544, 51.41969154200001 ], [ 27.531881376, 51.429573788 ], [ 27.533106554, 51.434746096 ], [ 27.526485177, 51.44307518 ], [ 27.534478346, 51.452945807 ], [ 27.505020509, 51.451485836 ], [ 27.504931283, 51.435068543 ], [ 27.499270168, 51.422948958 ], [ 27.499413355, 51.4178687 ], [ 27.492080835, 51.408078059 ], [ 27.494736078, 51.374730403 ], [ 27.526065816, 51.366391914 ], [ 27.524116269, 51.360144286 ], [ 27.527615831, 51.353441536 ], [ 27.522288983, 51.347164488 ], [ 27.522213844, 51.341739975 ], [ 27.511039054, 51.335098536 ], [ 27.49977815, 51.322250116 ], [ 27.490002234, 51.315596373 ], [ 27.440728923, 51.310542015 ], [ 27.44823736, 51.282003708 ], [ 27.46139126, 51.264147282 ], [ 27.451257147, 51.261312248 ], [ 27.454289791, 51.258221323 ], [ 27.447359623, 51.258219637 ], [ 27.449716379, 51.2534741 ], [ 27.454068513, 51.252945994 ], [ 27.454412884, 51.248077021 ], [ 27.463445226, 51.247717992 ], [ 27.465220683, 51.244554295 ], [ 27.471757752, 51.240528176 ], [ 27.472947272, 51.237248012 ], [ 27.46352122, 51.236303826 ], [ 27.458094795, 51.223779613 ], [ 27.442803551, 51.222563886 ], [ 27.415894384, 51.201795128 ], [ 27.40040974, 51.200710582 ], [ 27.402405914, 51.18921759700001 ], [ 27.406011585, 51.187863467 ], [ 27.403962867, 51.182204532 ], [ 27.394412456, 51.172151403 ], [ 27.398244764, 51.17023294900001 ], [ 27.373999164, 51.154871951 ], [ 27.380310356, 51.147750849 ], [ 27.370902964, 51.14289501 ], [ 27.364017042, 51.142940185 ], [ 27.368934714, 51.112265108 ], [ 27.364532868, 51.10926433 ], [ 27.366713818, 51.097554243 ], [ 27.353868908, 51.095446503 ], [ 27.354988451, 51.086948659 ], [ 27.336085805, 51.088313094 ], [ 27.333618735, 51.082983174 ], [ 27.324015287, 51.081549965 ], [ 27.322293468, 51.076172713 ], [ 27.324189271, 51.06899607 ], [ 27.317383946, 51.052725871 ], [ 27.325908208, 51.042221176 ], [ 27.277890637, 51.040258229 ], [ 27.276602704, 51.032706701 ], [ 27.219361966, 51.030097889 ], [ 27.220174509, 51.027582815 ], [ 27.228741125, 51.021606015 ], [ 27.226261085, 51.00792201 ], [ 27.21570412, 51.008595368 ], [ 27.211517725, 51.004233161 ], [ 27.199990048, 51.000175676 ], [ 27.203750371, 50.988964744 ], [ 27.219424778, 50.973103322 ], [ 27.225788815, 50.962157969 ], [ 27.223242475, 50.952072745 ], [ 27.233988885, 50.948886493 ], [ 27.232179137, 50.946881863 ], [ 27.238346285, 50.945400953 ], [ 27.233956327, 50.938145354 ], [ 27.238831731, 50.936857671 ], [ 27.237682847, 50.935186889 ], [ 27.228399967, 50.932867454 ], [ 27.224141051, 50.929893277 ], [ 27.220465103, 50.930831861 ], [ 27.217241261, 50.925532755 ], [ 27.215255425, 50.925898762 ], [ 27.217315548, 50.9180189 ], [ 27.224803502, 50.911025006 ], [ 27.233495583, 50.9121059 ], [ 27.233351938, 50.910635599 ], [ 27.235752303, 50.910273309 ], [ 27.234047268, 50.906392379 ], [ 27.256250983, 50.895971432 ], [ 27.24633829, 50.883239298 ], [ 27.252738044, 50.881721642 ], [ 27.244186719, 50.869320047 ], [ 27.24896896, 50.856819615 ], [ 27.238998009, 50.849610033 ], [ 27.235936369, 50.845342607 ], [ 27.235560779, 50.840165023 ], [ 27.231462272, 50.838774887 ], [ 27.236019282, 50.835839978 ], [ 27.241837522, 50.828067313 ], [ 27.237866969, 50.822911717 ], [ 27.239090967, 50.814332802 ], [ 27.234315212, 50.811692137 ], [ 27.237004122, 50.806199335 ], [ 27.234111342, 50.802068103 ], [ 27.233974108, 50.795931554 ], [ 27.243429214, 50.792846656 ], [ 27.239890344, 50.776632591 ], [ 27.243552701, 50.772508553 ], [ 27.241722626, 50.77032456100001 ], [ 27.259289892, 50.76641131200001 ], [ 27.2583469, 50.764549131 ], [ 27.260876519, 50.761762329 ], [ 27.26486835, 50.763775444 ], [ 27.270456661, 50.763336487 ], [ 27.270852711, 50.755212631 ], [ 27.262616458, 50.745663769 ], [ 27.265427845, 50.743467186 ], [ 27.264136997, 50.741662891 ], [ 27.267120261, 50.740352437 ], [ 27.266640656, 50.73844599000001 ], [ 27.268960244, 50.738078085 ], [ 27.267412319, 50.736236855 ], [ 27.270682485, 50.735832478 ], [ 27.272256752, 50.733594998 ], [ 27.270206121, 50.72947814 ], [ 27.275728361, 50.722300395 ], [ 27.272238421, 50.71184850400001 ], [ 27.266518744, 50.711028733 ], [ 27.267238085, 50.709667005 ], [ 27.263332755, 50.708680259 ], [ 27.262701078, 50.706119629 ], [ 27.258708869, 50.703559719 ], [ 27.258031316, 50.701620817 ], [ 27.261270312, 50.698681553 ], [ 27.251515357, 50.693975958 ], [ 27.252217719, 50.692310115 ], [ 27.25003646, 50.692805966 ], [ 27.251966711, 50.690779311 ], [ 27.253475395, 50.69163993 ], [ 27.254313459, 50.689297038 ], [ 27.251276582, 50.689066426 ], [ 27.24459731, 50.673073992 ], [ 27.240824575, 50.6747157 ], [ 27.238497731, 50.672681371 ], [ 27.23055764, 50.67360762500001 ], [ 27.227737702, 50.670801481 ], [ 27.222140118, 50.672809728 ], [ 27.220271681, 50.670110822 ], [ 27.212761613, 50.670043682 ], [ 27.206383318, 50.666537616 ], [ 27.2054504, 50.667491445 ], [ 27.201277203, 50.663161539 ], [ 27.20405417, 50.659409769 ], [ 27.213524508, 50.657529282 ], [ 27.211001958, 50.652554206 ], [ 27.21236947, 50.647101672 ], [ 27.207503729, 50.643710129 ], [ 27.210731459, 50.641410536 ], [ 27.209502753, 50.640694756 ], [ 27.211350607, 50.641255616 ], [ 27.21372354, 50.639634668 ], [ 27.200511523, 50.632705781 ], [ 27.200194614, 50.630389111 ], [ 27.205470753, 50.62861684 ], [ 27.19749409, 50.626444699 ], [ 27.190981662, 50.62741054 ], [ 27.186400459, 50.625320463 ], [ 27.189670132, 50.623478661 ], [ 27.189686285, 50.620848882 ], [ 27.198019199, 50.619539916 ], [ 27.204250862, 50.612511454 ], [ 27.208312326, 50.612635909 ], [ 27.210437028, 50.610315395 ], [ 27.224818114, 50.606042092 ], [ 27.22363101, 50.59914498 ], [ 27.215155931, 50.588387117 ], [ 27.231163619, 50.566737584 ], [ 27.211330263, 50.565363638 ], [ 27.210898805, 50.563762976 ], [ 27.196326655, 50.562095923 ], [ 27.196325366, 50.552641082 ], [ 27.203708012, 50.543817742 ], [ 27.20739021, 50.53183793 ], [ 27.225873814, 50.527099149 ], [ 27.224514715, 50.525721636 ], [ 27.227298617, 50.523681137 ], [ 27.258749673, 50.513074175 ], [ 27.262934387, 50.509431813 ], [ 27.262198265, 50.495705903 ], [ 27.267781046, 50.49179761 ], [ 27.277827511, 50.490748286 ], [ 27.284514879, 50.493371173 ], [ 27.297090974, 50.494528759 ], [ 27.301315282, 50.493140501 ], [ 27.300001555, 50.487379765 ], [ 27.291190072, 50.476966132 ], [ 27.289669685, 50.471398101 ], [ 27.291193706, 50.457887839 ], [ 27.259012113, 50.424459314 ], [ 27.248428365, 50.392790808 ], [ 27.321458234, 50.368411464 ], [ 27.323147075, 50.354014125 ], [ 27.312806119, 50.339839342 ], [ 27.315585349, 50.331663662 ], [ 27.329056879, 50.333356254 ], [ 27.336473216, 50.332261265 ], [ 27.343444492, 50.333587719 ], [ 27.354504801, 50.331424596 ], [ 27.363241244, 50.332540083 ], [ 27.416195551, 50.307445056 ], [ 27.416452587, 50.300412507 ], [ 27.420068339, 50.299572524 ], [ 27.416808172, 50.295220366 ], [ 27.412599541, 50.296049787 ], [ 27.412160834, 50.294239008 ], [ 27.403326477, 50.294323283 ], [ 27.409871591, 50.291741621 ], [ 27.406644949, 50.289842551 ], [ 27.400376395, 50.289575086 ], [ 27.394981655, 50.291572154 ], [ 27.390884621, 50.289114897 ], [ 27.398310614, 50.287820337 ], [ 27.398842246, 50.286007495 ], [ 27.422152356, 50.271566409 ], [ 27.424098842, 50.276406417 ], [ 27.444722246, 50.275450847 ], [ 27.442621186, 50.261179052 ], [ 27.461023955, 50.259705853 ], [ 27.461121933, 50.257768803 ], [ 27.48097824, 50.257216028 ], [ 27.480708016, 50.251819859 ], [ 27.489386806, 50.239323543 ], [ 27.520930593, 50.225526791 ], [ 27.527074805, 50.225290742 ], [ 27.543124908, 50.245884842 ], [ 27.562459753, 50.245874966 ], [ 27.562629315, 50.247737812 ], [ 27.566677367, 50.24791517 ], [ 27.567001808, 50.253212038 ], [ 27.572916593, 50.253648581 ], [ 27.57692826, 50.258651416 ], [ 27.597443973, 50.258554376 ], [ 27.602179337, 50.24274286 ], [ 27.59878958, 50.230241729 ], [ 27.594847231, 50.230826934 ], [ 27.592964401, 50.215670155 ], [ 27.602542133, 50.215974035 ], [ 27.607739376, 50.214542565 ], [ 27.611615802, 50.1987017 ], [ 27.60768609, 50.197787787 ], [ 27.608137664, 50.196566993 ], [ 27.61014208, 50.198257988 ], [ 27.611733126, 50.195150153 ], [ 27.614086194, 50.19497471 ], [ 27.615097325, 50.196732442 ], [ 27.622692479, 50.19971671 ], [ 27.621272655, 50.169490242 ], [ 27.642007647, 50.172301906 ], [ 27.6365324, 50.188352447 ], [ 27.662182686, 50.194056994 ], [ 27.664326847, 50.192736466 ], [ 27.662843328, 50.191476057 ], [ 27.664158736, 50.174058999 ], [ 27.662253316, 50.171299187 ], [ 27.67867474, 50.160803305 ], [ 27.677659662, 50.157864583 ], [ 27.674580468, 50.157440721 ], [ 27.672369644, 50.153995456 ], [ 27.651778094, 50.153113843 ], [ 27.648634246, 50.144006594 ], [ 27.637100416, 50.143066268 ], [ 27.635210215, 50.145963481 ], [ 27.631625291, 50.146224583 ], [ 27.633143457, 50.140666651 ], [ 27.630755961, 50.137429849 ], [ 27.632695116, 50.136077738 ], [ 27.63112942, 50.133912279 ], [ 27.627651182, 50.134001824 ], [ 27.625924045, 50.123327671 ], [ 27.639226096, 50.116393458 ], [ 27.639096707, 50.115067391 ], [ 27.632246954, 50.115468435 ], [ 27.6318462, 50.11221012 ], [ 27.624509607, 50.112470284 ], [ 27.623703851, 50.104088722 ], [ 27.630323798, 50.103318647 ], [ 27.615445155, 50.086224754 ], [ 27.668737484, 50.077531163 ], [ 27.668131531, 50.074214879 ], [ 27.671897304, 50.073170539 ], [ 27.670040115, 50.070801881 ], [ 27.67504711, 50.069822196 ], [ 27.678441163, 50.06357721 ], [ 27.678731894, 50.060626252 ], [ 27.674158495, 50.056016903 ], [ 27.678197318, 50.05404809 ], [ 27.682163907, 50.047359315 ], [ 27.677618942, 50.042026064 ], [ 27.680482869, 50.039382816 ], [ 27.677771322, 50.03867782 ], [ 27.681164186, 50.034063007 ], [ 27.675922421, 50.0325501 ], [ 27.670313993, 50.025287665 ], [ 27.658017397, 50.025764547 ], [ 27.65809283, 50.032849544 ], [ 27.642001787, 50.036763451 ], [ 27.611705, 50.005641001 ], [ 27.592845203, 50.013774334 ], [ 27.571258419, 50.019674466 ], [ 27.563022083, 50.01857897 ], [ 27.561487733, 50.014468496 ], [ 27.556686744, 50.011836226 ], [ 27.54646005, 50.011595468 ], [ 27.54875409, 49.996345739 ], [ 27.554272412, 49.987669208 ], [ 27.561590519, 49.98372522 ], [ 27.566388678, 49.958867046 ], [ 27.571448109, 49.95571281 ], [ 27.57560891, 49.948616392 ], [ 27.556752596, 49.945235616 ], [ 27.557176198, 49.935596789 ], [ 27.547698488, 49.934836801 ], [ 27.549476483, 49.908647445 ], [ 27.546760172, 49.903465007 ], [ 27.549826986, 49.900540555 ], [ 27.563711084, 49.901794361 ], [ 27.56256673, 49.909409037 ], [ 27.569777202, 49.909760716 ], [ 27.574291646, 49.908101077 ], [ 27.576733524, 49.904225246 ], [ 27.584116424, 49.901524519 ], [ 27.587928231, 49.89775863 ], [ 27.595021241, 49.895754868 ], [ 27.59579834, 49.890177765 ], [ 27.607750796, 49.890497082 ], [ 27.619111916, 49.893862036 ], [ 27.625357754, 49.892407442 ], [ 27.60998603, 49.875658019 ], [ 27.615829684, 49.873030143 ], [ 27.614979954, 49.864171565 ], [ 27.622594823, 49.860359433 ], [ 27.618759305, 49.855395922 ], [ 27.621573563, 49.852314744 ], [ 27.627593791, 49.85045564 ], [ 27.626852074, 49.846656039 ], [ 27.62235758, 49.844848838 ], [ 27.621736812, 49.838181457 ], [ 27.62916325, 49.835726511 ], [ 27.628651806, 49.832883048 ], [ 27.636055726, 49.828042632 ], [ 27.633248831, 49.824357911 ], [ 27.635870613, 49.823160865 ], [ 27.635565628, 49.824583239 ], [ 27.63916895, 49.824745198 ], [ 27.637238, 49.820945867 ], [ 27.641836536, 49.820052235 ], [ 27.640696442, 49.817345413 ], [ 27.642950443, 49.817518506 ], [ 27.643526508, 49.81486839 ], [ 27.640559253, 49.813772498 ], [ 27.644285521, 49.810963597 ], [ 27.644861648, 49.807433272 ], [ 27.650470077, 49.806445125 ], [ 27.650759408, 49.804300134 ], [ 27.655075996, 49.803971492 ], [ 27.653855089, 49.801724468 ], [ 27.657124192, 49.801748491 ], [ 27.661052693, 49.799356611 ], [ 27.657910315, 49.797145193 ], [ 27.662235712, 49.794462829 ], [ 27.668018492, 49.807841551 ], [ 27.69187657, 49.802038901 ], [ 27.697191665, 49.809025952 ], [ 27.716471318, 49.80618034 ], [ 27.727027362, 49.799555871 ], [ 27.721911063, 49.788288909 ], [ 27.707119895, 49.77936144 ], [ 27.703631474, 49.769005205 ], [ 27.73187617, 49.763580205 ], [ 27.735173413, 49.761112915 ], [ 27.749340225, 49.756525639 ], [ 27.757136756, 49.750949119 ], [ 27.756947969, 49.746595993 ], [ 27.767870134, 49.740420633 ], [ 27.781120005, 49.728344168 ], [ 27.790049502, 49.726896716 ], [ 27.80017953, 49.728507619 ], [ 27.806224418, 49.727308741 ], [ 27.817649026, 49.734217991 ], [ 27.817238233, 49.74293645 ], [ 27.835342114, 49.744818616 ], [ 27.835889772, 49.755513174 ], [ 27.848776579, 49.753137999 ], [ 27.890675502, 49.757116996 ], [ 27.893354903, 49.757765286 ], [ 27.894617186, 49.764317175 ], [ 27.899605887, 49.767218862 ], [ 27.918893928, 49.766930239 ], [ 27.932755129, 49.768386594 ], [ 27.959975533, 49.778371064 ], [ 27.982766245, 49.780090359 ], [ 28.008940266, 49.77612824 ], [ 28.018744814, 49.771132607 ], [ 28.044463781, 49.770479596 ], [ 28.060187579, 49.772015869 ], [ 28.09264993, 49.771791508 ], [ 28.093780808, 49.773091832 ], [ 28.097533119, 49.771854446 ], [ 28.109333842, 49.773583048 ], [ 28.122463628, 49.779428492 ], [ 28.136427977, 49.7821311 ], [ 28.153132472, 49.788809467 ], [ 28.15412449, 49.786019657 ], [ 28.213120782, 49.791697776 ], [ 28.219795271, 49.7901452 ], [ 28.21680993, 49.784916138 ], [ 28.225288478, 49.785132664 ], [ 28.224600427, 49.788336658 ], [ 28.228241682, 49.794840814 ], [ 28.244665548, 49.797464044 ], [ 28.243318558, 49.814008905 ], [ 28.251317533, 49.814141596 ], [ 28.261825639, 49.809848672 ], [ 28.262602956, 49.799385707 ], [ 28.28783717, 49.797811871 ], [ 28.298244939, 49.801272631 ], [ 28.348476199, 49.79249199 ], [ 28.379549829, 49.780548972 ], [ 28.406912991, 49.791861763 ], [ 28.411602844, 49.810433075 ], [ 28.41461026, 49.811296418 ], [ 28.421618301, 49.824857708 ], [ 28.431926281, 49.820860507 ], [ 28.439315953, 49.822157751 ], [ 28.453518891, 49.820514327 ], [ 28.46941912, 49.823136985 ], [ 28.472849995, 49.812430114 ], [ 28.47974292, 49.81029102 ], [ 28.481212085, 49.807566112 ], [ 28.528351355, 49.820639341 ], [ 28.527614864, 49.816819132 ], [ 28.52963571, 49.814061512 ], [ 28.54168624, 49.806426563 ], [ 28.558781349, 49.786320772 ], [ 28.562814714, 49.787052377 ], [ 28.569726764, 49.773892438 ], [ 28.601040728, 49.781995347 ], [ 28.602173674, 49.81002766 ], [ 28.613241757, 49.810671038 ], [ 28.622812035, 49.814300959 ], [ 28.62753076, 49.813974067 ], [ 28.629706394, 49.812208689 ], [ 28.633412358, 49.812729589 ], [ 28.639411441, 49.809985774 ], [ 28.635819635, 49.817030488 ], [ 28.66444126, 49.80898474 ], [ 28.689951887, 49.799508796 ], [ 28.687904491, 49.805156152 ], [ 28.706217265, 49.809543435 ], [ 28.708900556, 49.805173297 ], [ 28.722377527, 49.808488953 ], [ 28.726283757, 49.796819449 ], [ 28.734051847, 49.798380076 ], [ 28.734840552, 49.802460789 ], [ 28.74603146, 49.817595936 ], [ 28.758958121, 49.818334794 ], [ 28.758845537, 49.823254795 ], [ 28.750581675, 49.822712952 ], [ 28.750710323, 49.844487133 ], [ 28.784827745, 49.842671558 ], [ 28.783577405, 49.851465414 ], [ 28.813886247, 49.852775919 ], [ 28.814355522, 49.858715155 ], [ 28.844085096, 49.860004479 ], [ 28.857216826, 49.888508082 ], [ 28.869296645, 49.8890542 ], [ 28.880867047, 49.888276808 ], [ 28.883378322, 49.884670499 ], [ 28.898603196, 49.881714875 ], [ 28.895150981, 49.872546473 ], [ 28.905581222, 49.869583414 ], [ 28.910010552, 49.866510458 ], [ 28.902989142, 49.863364306 ], [ 28.907488195, 49.860626563 ], [ 28.937538212, 49.85320192 ], [ 28.943385478, 49.846682931 ], [ 28.953917062, 49.840355555 ], [ 28.944566877, 49.819753384 ], [ 28.96056684, 49.82091003 ], [ 28.961267039, 49.809204 ], [ 28.970127196, 49.803630917 ], [ 28.942777742, 49.783147748 ], [ 28.965755822, 49.776448763 ], [ 28.963820187, 49.754859201 ], [ 28.998587326, 49.741287568 ], [ 29.002129394, 49.738528449 ], [ 29.00472195, 49.726553192 ], [ 29.000187459, 49.727041821 ], [ 28.994942929, 49.724869879 ], [ 28.990732343, 49.718920791 ], [ 28.994868639, 49.716584069 ], [ 28.975894737, 49.69822686 ], [ 28.964140842, 49.699410467 ], [ 28.957408663, 49.684185054 ], [ 28.946693019, 49.683065191 ], [ 28.945678347, 49.679234224 ], [ 28.948969873, 49.674238879 ], [ 28.963522913, 49.672788361 ], [ 28.985464979, 49.650064015 ], [ 28.979505797, 49.649119635 ], [ 28.982462649, 49.644649252 ], [ 28.988923546, 49.645630862 ], [ 29.010074033, 49.632530764 ], [ 29.004053824, 49.628501673 ], [ 28.985110967, 49.603588329 ], [ 28.993200443, 49.597417165 ], [ 29.026796181, 49.590408386 ], [ 29.052104526, 49.594329041 ], [ 29.060131094, 49.592363242 ], [ 29.068146274, 49.593846263 ], [ 29.082676428, 49.59226447 ], [ 29.091028307, 49.594262572 ], [ 29.094418686, 49.592727839 ], [ 29.104934696, 49.593215959 ], [ 29.116521383, 49.583541012 ], [ 29.121394362, 49.586702731 ], [ 29.133366917, 49.590273959 ], [ 29.150553419, 49.593005794 ], [ 29.155793901, 49.590819058 ], [ 29.164793007, 49.591368903 ], [ 29.181407308, 49.587509595 ], [ 29.189208591, 49.58721 ], [ 29.202985007, 49.59413196 ], [ 29.212894415, 49.587695167 ], [ 29.222263425, 49.590952122 ], [ 29.223846822, 49.593682122 ], [ 29.242722839, 49.60421881 ], [ 29.253688513, 49.590120721 ], [ 29.275607389, 49.589998184 ], [ 29.275600825, 49.627075945 ], [ 29.301321808, 49.626556611 ], [ 29.327732194, 49.628047367 ], [ 29.339894725, 49.614298719 ], [ 29.354281323, 49.627823164 ], [ 29.356428206, 49.626541609 ], [ 29.358508333, 49.627441691 ], [ 29.371194852, 49.618988143 ], [ 29.375213484, 49.620406873 ], [ 29.380015486, 49.619690787 ], [ 29.396184073, 49.647818285 ], [ 29.409441202, 49.65897186 ], [ 29.416968671, 49.654787932 ], [ 29.419548487, 49.655209448 ], [ 29.426039513, 49.652478777 ], [ 29.431039572, 49.662256046 ], [ 29.482521673, 49.649523981 ], [ 29.485065939, 49.654162907 ], [ 29.505251001, 49.649215964 ] ] ] } },
{ "type": "Feature", "properties": { "shapeName": "Zakarpatska", "shapeISO": "", "shapeID": "82583831B18144742655321", "shapeGroup": "UKR", "shapeType": "ADM1" }, "geometry": { "type": "Polygon", "coordinates": [ [ [ 24.562720914, 47.96845792 ], [ 24.563017112, 47.976393582 ], [ 24.566571307, 47.9816052 ], [ 24.567882747, 47.996745168 ], [ 24.573618092, 47.99923066 ], [ 24.570549335, 48.004051391 ], [ 24.574538898, 48.014291569 ], [ 24.580051365, 48.02053185 ], [ 24.588311578, 48.025091704 ], [ 24.595627126, 48.034190152 ], [ 24.600152661, 48.036587464 ], [ 24.612477462, 48.037060638 ], [ 24.616032723, 48.041623279 ], [ 24.626936413, 48.046807405 ], [ 24.626633078, 48.049645104 ], [ 24.619712267, 48.06483903 ], [ 24.615211467, 48.06683509 ], [ 24.603932204, 48.077101745 ], [ 24.595670111, 48.089959269 ], [ 24.585074869, 48.09262491 ], [ 24.580456186, 48.097563285 ], [ 24.571788822, 48.102686291 ], [ 24.565223468, 48.10512787 ], [ 24.558758554, 48.105437663 ], [ 24.556980522, 48.107544088 ], [ 24.558318834, 48.112698277 ], [ 24.55511535, 48.117962457 ], [ 24.531103667, 48.123527651 ], [ 24.531502993, 48.133755531 ], [ 24.525058431, 48.139153062 ], [ 24.523529912, 48.143803978 ], [ 24.504118538, 48.153254901 ], [ 24.500239466, 48.159720683 ], [ 24.501109171, 48.161801362 ], [ 24.505759058, 48.168061003 ], [ 24.516674266, 48.172113137 ], [ 24.520272163, 48.176750844 ], [ 24.510956866, 48.185718679 ], [ 24.516026603, 48.187715701 ], [ 24.525715898, 48.195488587 ], [ 24.520700107, 48.200730981 ], [ 24.52467521, 48.201965739 ], [ 24.52965276, 48.21149846 ], [ 24.545432247, 48.215928255 ], [ 24.537760953, 48.226047135 ], [ 24.521105788, 48.236172246 ], [ 24.498161047, 48.242162072 ], [ 24.484781767, 48.24395073 ], [ 24.483535772, 48.247859081 ], [ 24.487144873, 48.252928488 ], [ 24.488655374, 48.262350095 ], [ 24.486679513, 48.269067091 ], [ 24.490417722, 48.272465849 ], [ 24.48824718, 48.279827948 ], [ 24.481914977, 48.28370316 ], [ 24.475914786, 48.282779753 ], [ 24.468658735, 48.290396533 ], [ 24.459505652, 48.29255583 ], [ 24.460115897, 48.295726912 ], [ 24.45752116, 48.298208068 ], [ 24.451136602, 48.299339018 ], [ 24.44568405, 48.302294056 ], [ 24.439512778, 48.308070429 ], [ 24.439592046, 48.31221187 ], [ 24.436985818, 48.313947103 ], [ 24.431123494, 48.313300641 ], [ 24.423581921, 48.322886482 ], [ 24.416773224, 48.325686295 ], [ 24.416997867, 48.331983254 ], [ 24.409395794, 48.332355368 ], [ 24.402404755, 48.335488246 ], [ 24.398250584, 48.333853662 ], [ 24.393367536, 48.334838507 ], [ 24.391825845, 48.3393751 ], [ 24.389510634, 48.341641336 ], [ 24.38560714, 48.342045005 ], [ 24.384390139, 48.345366005 ], [ 24.38069244, 48.345637098 ], [ 24.371865807, 48.349955791 ], [ 24.366996644, 48.348960123 ], [ 24.35778736, 48.352032965 ], [ 24.352168002, 48.360424128 ], [ 24.351774079, 48.364994058 ], [ 24.353958151, 48.370227688 ], [ 24.358383747, 48.373263369 ], [ 24.350976287, 48.380907624 ], [ 24.344453679, 48.381520908 ], [ 24.343368265, 48.385180778 ], [ 24.336221019, 48.386312298 ], [ 24.331023424, 48.389142914 ], [ 24.319598249, 48.389526287 ], [ 24.315896464, 48.393206513 ], [ 24.304822602, 48.396790249 ], [ 24.294350289, 48.39796943 ], [ 24.288703775, 48.400828294 ], [ 24.283656148, 48.401120026 ], [ 24.285361292, 48.396787827 ], [ 24.281143154, 48.391701005 ], [ 24.288770152, 48.380773006 ], [ 24.282680153, 48.377902006 ], [ 24.282184782, 48.374439914 ], [ 24.274849443, 48.371663591 ], [ 24.273080875, 48.368622804 ], [ 24.274727538, 48.365915834 ], [ 24.267849157, 48.361584006 ], [ 24.26583369, 48.354688107 ], [ 24.258246097, 48.349740582 ], [ 24.251664446, 48.352471647 ], [ 24.246463467, 48.35753168 ], [ 24.239063229, 48.358619355 ], [ 24.226596471, 48.355852956 ], [ 24.209948524, 48.365340261 ], [ 24.202627197, 48.363283312 ], [ 24.191851413, 48.36644555 ], [ 24.184388052, 48.364002804 ], [ 24.179438865, 48.364814703 ], [ 24.179539334, 48.375333099 ], [ 24.172698181, 48.375112112 ], [ 24.167710894, 48.376683001 ], [ 24.164902393, 48.383040235 ], [ 24.15156705, 48.386439239 ], [ 24.147902501, 48.389344673 ], [ 24.152257815, 48.400877518 ], [ 24.140660652, 48.408664786 ], [ 24.145635618, 48.419682858 ], [ 24.142773551, 48.429644733 ], [ 24.145422187, 48.43453048 ], [ 24.134749816, 48.437175276 ], [ 24.131995762, 48.43918365 ], [ 24.127009636, 48.447683053 ], [ 24.129166815, 48.450870832 ], [ 24.125027861, 48.453194087 ], [ 24.128968349, 48.458572109 ], [ 24.124841052, 48.462172864 ], [ 24.126297121, 48.470549883 ], [ 24.129731014, 48.471124247 ], [ 24.140236308, 48.480858226 ], [ 24.125489886, 48.491708821 ], [ 24.114126719, 48.497171947 ], [ 24.121850717, 48.506973298 ], [ 24.122990579, 48.513020435 ], [ 24.128821713, 48.517645476 ], [ 24.133002426, 48.52472149 ], [ 24.131518607, 48.529016725 ], [ 24.123547542, 48.533820933 ], [ 24.114321523, 48.534653773 ], [ 24.110410895, 48.53354263 ], [ 24.10102151, 48.524970958 ], [ 24.096805691, 48.524576049 ], [ 24.08856802, 48.527150193 ], [ 24.088082227, 48.519790358 ], [ 24.079165182, 48.516363849 ], [ 24.077080942, 48.512607692 ], [ 24.066970782, 48.517622186 ], [ 24.057147186, 48.513730167 ], [ 24.046309083, 48.512074096 ], [ 24.039316824, 48.50412032 ], [ 24.03431122, 48.501281342 ], [ 24.030017012, 48.500979791 ], [ 24.023706222, 48.50474473 ], [ 24.015506413, 48.505045484 ], [ 24.007373876, 48.503332363 ], [ 24.002825757, 48.506500764 ], [ 23.994046982, 48.501750051 ], [ 23.981398142, 48.480250123 ], [ 23.973267024, 48.477008875 ], [ 23.976214748, 48.471667937 ], [ 23.980269279, 48.469072735 ], [ 23.980499779, 48.465595947 ], [ 23.965829464, 48.458491072 ], [ 23.953135749, 48.459496872 ], [ 23.945278499, 48.46271666 ], [ 23.940441772, 48.462294371 ], [ 23.925027514, 48.465289732 ], [ 23.912591793, 48.472484082 ], [ 23.907428119, 48.482312425 ], [ 23.908908661, 48.484933509 ], [ 23.914975137, 48.487301809 ], [ 23.913180675, 48.488796239 ], [ 23.919281254, 48.493530837 ], [ 23.916410291, 48.506463348 ], [ 23.924770743, 48.513017178 ], [ 23.919560757, 48.52064197 ], [ 23.92155357, 48.522791445 ], [ 23.917617144, 48.525434642 ], [ 23.920174666, 48.529067664 ], [ 23.914221752, 48.533432632 ], [ 23.918056063, 48.536737065 ], [ 23.918807922, 48.542730015 ], [ 23.926761477, 48.547197614 ], [ 23.928893152, 48.552318237 ], [ 23.913127397, 48.555188129 ], [ 23.906787929, 48.562972168 ], [ 23.891727607, 48.554471088 ], [ 23.886423639, 48.554764954 ], [ 23.881377061, 48.553246356 ], [ 23.869470257, 48.556520649 ], [ 23.857390253, 48.552735015 ], [ 23.832522733, 48.567519354 ], [ 23.835466221, 48.579427581 ], [ 23.803993073, 48.580651099 ], [ 23.802069972, 48.585655023 ], [ 23.792108953, 48.591751632 ], [ 23.791139312, 48.594503699 ], [ 23.79669192, 48.600422602 ], [ 23.790628713, 48.602210222 ], [ 23.786757209, 48.605676972 ], [ 23.786420081, 48.61094292 ], [ 23.787837458, 48.613383481 ], [ 23.794095041, 48.615412673 ], [ 23.796315931, 48.620509342 ], [ 23.79416, 48.629558513 ], [ 23.797462012, 48.63254107 ], [ 23.788961487, 48.640660579 ], [ 23.78355189, 48.641119447 ], [ 23.778804811, 48.643607408 ], [ 23.772168648, 48.640979646 ], [ 23.765409468, 48.645949003 ], [ 23.755148243, 48.643948729 ], [ 23.74506991, 48.64660887 ], [ 23.741971752, 48.645878445 ], [ 23.740088551, 48.642645369 ], [ 23.732785747, 48.638041878 ], [ 23.715483937, 48.637701493 ], [ 23.705105956, 48.639123176 ], [ 23.698171152, 48.643571283 ], [ 23.687142792, 48.647358521 ], [ 23.674042931, 48.665331079 ], [ 23.663529136, 48.667567501 ], [ 23.661160516, 48.672816855 ], [ 23.656067397, 48.674148631 ], [ 23.653941525, 48.677004002 ], [ 23.643678637, 48.682536354 ], [ 23.637346265, 48.684287154 ], [ 23.639718439, 48.690156653 ], [ 23.635785604, 48.694098159 ], [ 23.638219072, 48.698656765 ], [ 23.630154738, 48.704397854 ], [ 23.625452973, 48.706610558 ], [ 23.617617083, 48.706492771 ], [ 23.613734415, 48.703867824 ], [ 23.607744627, 48.70606408 ], [ 23.59853961, 48.705257715 ], [ 23.592074514, 48.717954296 ], [ 23.58535991, 48.718399399 ], [ 23.570144291, 48.72479224 ], [ 23.552525497, 48.724076502 ], [ 23.548214253, 48.725116597 ], [ 23.540570707, 48.723457178 ], [ 23.525777337, 48.727217895 ], [ 23.511737982, 48.734746546 ], [ 23.491896118, 48.722555378 ], [ 23.478661115, 48.721360576 ], [ 23.471870871, 48.718299849 ], [ 23.468844767, 48.719311452 ], [ 23.466748074, 48.723794294 ], [ 23.454357328, 48.725851809 ], [ 23.430570502, 48.726406295 ], [ 23.410041852, 48.735706978 ], [ 23.396819758, 48.732935394 ], [ 23.391181777, 48.739658107 ], [ 23.380458705, 48.742006866 ], [ 23.378030812, 48.743789334 ], [ 23.374072737, 48.759445193 ], [ 23.369198413, 48.765517845 ], [ 23.35924513, 48.772683926 ], [ 23.353580846, 48.763448609 ], [ 23.343257427, 48.759605248 ], [ 23.339600345, 48.756475483 ], [ 23.324830179, 48.753594719 ], [ 23.31729583, 48.753539738 ], [ 23.312838571, 48.75999739 ], [ 23.307264008, 48.761455986 ], [ 23.300520968, 48.766289445 ], [ 23.295858637, 48.766902844 ], [ 23.290515407, 48.773527861 ], [ 23.285411486, 48.775826722 ], [ 23.280886936, 48.774788093 ], [ 23.278966802, 48.766905403 ], [ 23.272357391, 48.765904964 ], [ 23.267973237, 48.761672749 ], [ 23.259342337, 48.760783474 ], [ 23.25277014, 48.762737216 ], [ 23.247624651, 48.759782796 ], [ 23.239960014, 48.758652969 ], [ 23.224723481, 48.763453459 ], [ 23.215827426, 48.760535066 ], [ 23.201368994, 48.760425026 ], [ 23.192359062, 48.773155605 ], [ 23.189533751, 48.781834465 ], [ 23.179412244, 48.791637409 ], [ 23.17764316, 48.806054881 ], [ 23.170819365, 48.808994465 ], [ 23.167999153, 48.816825386 ], [ 23.150799568, 48.83213733 ], [ 23.133612545, 48.834083555 ], [ 23.130723706, 48.840272765 ], [ 23.136080132, 48.845090023 ], [ 23.131470867, 48.852566384 ], [ 23.124715727, 48.851084928 ], [ 23.121922901, 48.854499711 ], [ 23.104497389, 48.858335474 ], [ 23.098522508, 48.862831469 ], [ 23.08741411, 48.860659871 ], [ 23.084878257, 48.854603942 ], [ 23.07655276, 48.853099683 ], [ 23.068894319, 48.854638324 ], [ 23.057663491, 48.846687073 ], [ 23.051474434, 48.850298574 ], [ 23.045137189, 48.851283716 ], [ 23.029907009, 48.846587356 ], [ 23.020117294, 48.847175183 ], [ 23.013745398, 48.842624872 ], [ 23.010694978, 48.836547415 ], [ 23.001008473, 48.829514162 ], [ 22.991025379, 48.835428617 ], [ 22.9861372, 48.83633671 ], [ 22.974743399, 48.844851875 ], [ 22.971727025, 48.850897615 ], [ 22.972263416, 48.859056167 ], [ 22.969852594, 48.8626184 ], [ 22.970081005, 48.874665279 ], [ 22.92951636, 48.887861317 ], [ 22.919765951, 48.894648064 ], [ 22.89822256, 48.904347114 ], [ 22.891335094, 48.910995529 ], [ 22.887423388, 48.922795181 ], [ 22.878049496, 48.932207472 ], [ 22.873306337, 48.940842555 ], [ 22.872710519, 48.956016327 ], [ 22.877573537, 48.959399532 ], [ 22.893857291, 48.965113754 ], [ 22.899454629, 48.969512579 ], [ 22.901974881, 48.969462104 ], [ 22.905673987, 48.966177824 ], [ 22.911987908, 48.965628697 ], [ 22.915455159, 48.967007957 ], [ 22.919142443, 48.969959768 ], [ 22.915657778, 48.976170666 ], [ 22.917948073, 48.982097585 ], [ 22.913672372, 48.989735183 ], [ 22.897921373, 49.004863716 ], [ 22.879991461, 48.999955149 ], [ 22.873414519, 49.001051909 ], [ 22.868769327, 49.003553081 ], [ 22.859617372, 49.002009224 ], [ 22.846983162, 49.00237035 ], [ 22.844171142, 49.004663807 ], [ 22.844245243, 49.011527948 ], [ 22.833461126, 49.025936342 ], [ 22.824324603, 49.022739208 ], [ 22.813080416, 49.025149724 ], [ 22.809493299, 49.03437621 ], [ 22.800112233, 49.036463127 ], [ 22.786285522, 49.04627292 ], [ 22.771842911, 49.052063913 ], [ 22.765061448, 49.053405337 ], [ 22.761741648, 49.051981643 ], [ 22.760108874, 49.047187836 ], [ 22.754989339, 49.042758723 ], [ 22.752020635, 49.042654519 ], [ 22.748248333, 49.045579529 ], [ 22.743823951, 49.045353935 ], [ 22.737966405, 49.048529652 ], [ 22.727251247, 49.048253719 ], [ 22.7240962, 49.051171685 ], [ 22.717719386, 49.052949396 ], [ 22.698243904, 49.049357112 ], [ 22.686458969, 49.039716535 ], [ 22.681732997, 49.038972016 ], [ 22.671162264, 49.042790149 ], [ 22.669275777, 49.047595581 ], [ 22.659749042, 49.047127994 ], [ 22.651623885, 49.050737743 ], [ 22.645946876, 49.057652513 ], [ 22.638023081, 49.061377206 ], [ 22.631104593, 49.075721064 ], [ 22.627861235, 49.078537885 ], [ 22.613173331, 49.084132939 ], [ 22.605064907, 49.084537169 ], [ 22.599759411, 49.093457904 ], [ 22.582420451, 49.09728161 ], [ 22.569775649, 49.090834389 ], [ 22.565494851, 49.087630617 ], [ 22.565550044, 49.083722685 ], [ 22.562549246, 49.081020596 ], [ 22.553132601, 49.079479135 ], [ 22.551167296, 49.030074188 ], [ 22.54796179, 49.025199602 ], [ 22.53801406, 49.021204593 ], [ 22.545451173, 49.006751808 ], [ 22.531125625, 49.002908417 ], [ 22.520812048, 48.996678888 ], [ 22.513912284, 48.996582966 ], [ 22.505317711, 48.999889635 ], [ 22.500695518, 48.999506679 ], [ 22.494956443, 48.998285226 ], [ 22.490632279, 48.994125802 ], [ 22.47975486, 48.992765425 ], [ 22.477273846, 48.991135037 ], [ 22.475567671, 48.97625613 ], [ 22.466136142, 48.972916685 ], [ 22.424741058, 48.929219094 ], [ 22.426239923, 48.924295004 ], [ 22.431100972, 48.921897914 ], [ 22.431374107, 48.919348587 ], [ 22.424658305, 48.912505079 ], [ 22.423364027, 48.904553626 ], [ 22.420449889, 48.903386315 ], [ 22.422414367, 48.901147444 ], [ 22.421021709, 48.884520903 ], [ 22.394490897, 48.876994746 ], [ 22.394234147, 48.873159631 ], [ 22.386506027, 48.869546909 ], [ 22.383570547, 48.865484582 ], [ 22.381211434, 48.860001849 ], [ 22.379870147, 48.838840082 ], [ 22.37606394, 48.836373231 ], [ 22.375742243, 48.834054753 ], [ 22.38359751, 48.824434172 ], [ 22.384847569, 48.806815018 ], [ 22.387535141, 48.799986335 ], [ 22.378915018, 48.794587855 ], [ 22.373301068, 48.782402761 ], [ 22.364278859, 48.779465178 ], [ 22.357821995, 48.772989907 ], [ 22.350213799, 48.771561072 ], [ 22.345508987, 48.766097734 ], [ 22.345500766, 48.757155711 ], [ 22.342445575, 48.750544232 ], [ 22.349840802, 48.749052811 ], [ 22.353728876, 48.743099603 ], [ 22.360105651, 48.74177042 ], [ 22.362137442, 48.739974715 ], [ 22.360370112, 48.738519692 ], [ 22.361729984, 48.730174502 ], [ 22.360059373, 48.726093085 ], [ 22.356888685, 48.725589284 ], [ 22.350502789, 48.720201136 ], [ 22.353610752, 48.717760426 ], [ 22.345493958, 48.705833218 ], [ 22.345716996, 48.698444961 ], [ 22.339595767, 48.68400503 ], [ 22.32491108, 48.682949446 ], [ 22.302470551, 48.676335257 ], [ 22.301308789, 48.673153163 ], [ 22.290731871, 48.669281968 ], [ 22.289230121, 48.666254577 ], [ 22.282222357, 48.66152122 ], [ 22.268829811, 48.654898126 ], [ 22.265238906, 48.654659736 ], [ 22.26547059, 48.653376348 ], [ 22.255734679, 48.648451044 ], [ 22.250249408, 48.647426833 ], [ 22.249542704, 48.639354041 ], [ 22.24043096, 48.627667459 ], [ 22.23009311, 48.620667337 ], [ 22.215774429, 48.621300144 ], [ 22.208412005, 48.617380395 ], [ 22.203328613, 48.611292673 ], [ 22.196620143, 48.609117064 ], [ 22.188611287, 48.609516 ], [ 22.187285409, 48.603413232 ], [ 22.183774819, 48.602316612 ], [ 22.171304575, 48.587492105 ], [ 22.160921049, 48.567310738 ], [ 22.158215416, 48.527001612 ], [ 22.15551345, 48.514948627 ], [ 22.153088211, 48.512781783 ], [ 22.154491488, 48.509764788 ], [ 22.137624489, 48.432685155 ], [ 22.140180039, 48.428610415 ], [ 22.137442811, 48.42440443 ], [ 22.137109423, 48.416767837 ], [ 22.142557279, 48.411242 ], [ 22.142372306, 48.404454174 ], [ 22.144967452, 48.403351664 ], [ 22.155220161, 48.403873164 ], [ 22.155410917, 48.408316217 ], [ 22.15744893, 48.410054896 ], [ 22.16656827, 48.412815519 ], [ 22.182882543, 48.41443414 ], [ 22.199555587, 48.423508852 ], [ 22.20706346, 48.425667904 ], [ 22.215695397, 48.424370523 ], [ 22.226069479, 48.41453191 ], [ 22.234407138, 48.410652249 ], [ 22.241118605, 48.40949705 ], [ 22.258150038, 48.411092934 ], [ 22.265016516, 48.409936688 ], [ 22.262463745, 48.401189574 ], [ 22.256034824, 48.392990836 ], [ 22.25142532, 48.390732894 ], [ 22.241446211, 48.389016161 ], [ 22.240028829, 48.38625781 ], [ 22.252480209, 48.379378007 ], [ 22.267359696, 48.360875545 ], [ 22.294330547, 48.356101359 ], [ 22.299671297, 48.353449965 ], [ 22.317687258, 48.354003079 ], [ 22.319818463, 48.350017058 ], [ 22.31698443, 48.344442267 ], [ 22.319976862, 48.338580686 ], [ 22.312957134, 48.325709624 ], [ 22.319380835, 48.322016115 ], [ 22.318049303, 48.317439397 ], [ 22.320918597, 48.31451423 ], [ 22.325113917, 48.311890734 ], [ 22.328281769, 48.311977852 ], [ 22.32838573, 48.310217557 ], [ 22.336697685, 48.307863031 ], [ 22.340153394, 48.295661224 ], [ 22.337243832, 48.292430542 ], [ 22.340670432, 48.282711156 ], [ 22.338520328, 48.278947053 ], [ 22.359736923, 48.265378944 ], [ 22.370677219, 48.246286418 ], [ 22.369256276, 48.244984481 ], [ 22.384459472, 48.234147715 ], [ 22.386192217, 48.238210147 ], [ 22.394086796, 48.241107004 ], [ 22.400637861, 48.249000975 ], [ 22.419668451, 48.250641075 ], [ 22.419166589, 48.248794392 ], [ 22.432512045, 48.246794155 ], [ 22.430239806, 48.250756489 ], [ 22.432553224, 48.252345614 ], [ 22.436965659, 48.249815899 ], [ 22.440203995, 48.250022019 ], [ 22.446980641, 48.24346228 ], [ 22.455334265, 48.243548241 ], [ 22.457060136, 48.241369613 ], [ 22.467973155, 48.242963753 ], [ 22.470255371, 48.24524569 ], [ 22.469735196, 48.247627501 ], [ 22.471426351, 48.24676246 ], [ 22.479866811, 48.249244638 ], [ 22.48352759, 48.252114644 ], [ 22.486777428, 48.25245338 ], [ 22.486584564, 48.253723171 ], [ 22.489217312, 48.253803583 ], [ 22.502140116, 48.248442075 ], [ 22.500114197, 48.246574508 ], [ 22.503255873, 48.244832958 ], [ 22.497221997, 48.239502246 ], [ 22.515409752, 48.237982961 ], [ 22.513106189, 48.226165689 ], [ 22.521289976, 48.220587586 ], [ 22.52384243, 48.215896406 ], [ 22.529882647, 48.212149985 ], [ 22.53168991, 48.208853139 ], [ 22.536452496, 48.210331527 ], [ 22.544356398, 48.207844512 ], [ 22.556016448, 48.198413629 ], [ 22.570376021, 48.196067739 ], [ 22.571623747, 48.190371749 ], [ 22.568687019, 48.185110107 ], [ 22.562083483, 48.184664016 ], [ 22.561408705, 48.181575841 ], [ 22.565826247, 48.178913409 ], [ 22.564562924, 48.177033369 ], [ 22.573135999, 48.165247273 ], [ 22.574663256, 48.159186121 ], [ 22.578127216, 48.158025013 ], [ 22.582862312, 48.159602264 ], [ 22.588915971, 48.151202549 ], [ 22.591749195, 48.152511435 ], [ 22.598148551, 48.145178821 ], [ 22.588250321, 48.141649038 ], [ 22.58881519, 48.138886414 ], [ 22.59542623, 48.135306002 ], [ 22.592266731, 48.130615878 ], [ 22.592414748, 48.123859317 ], [ 22.599246487, 48.116280346 ], [ 22.592183541, 48.113336719 ], [ 22.590235531, 48.107610995 ], [ 22.595830985, 48.107692016 ], [ 22.604234851, 48.103953683 ], [ 22.613471963, 48.103848826 ], [ 22.619849255, 48.10588841 ], [ 22.619796459, 48.10363696 ], [ 22.623894136, 48.103238387 ], [ 22.634859597, 48.09553853 ], [ 22.657658861, 48.095082588 ], [ 22.665069115, 48.092258614 ], [ 22.672748802, 48.091685919 ], [ 22.677969069, 48.092779016 ], [ 22.705246719, 48.109705294 ], [ 22.713954274, 48.11070814 ], [ 22.720554754, 48.115168702 ], [ 22.729188235, 48.114317728 ], [ 22.735107884, 48.119302577 ], [ 22.743900033, 48.117134013 ], [ 22.751372076, 48.120040054 ], [ 22.75666123, 48.119987252 ], [ 22.759857482, 48.117799667 ], [ 22.762342168, 48.111598589 ], [ 22.770466785, 48.108909988 ], [ 22.776241479, 48.110159168 ], [ 22.778477719, 48.112220412 ], [ 22.770866549, 48.117674537 ], [ 22.772264703, 48.121463465 ], [ 22.779465041, 48.121152205 ], [ 22.790426884, 48.116570768 ], [ 22.794586447, 48.117888577 ], [ 22.798563261, 48.121722532 ], [ 22.802268375, 48.121682843 ], [ 22.807028096, 48.119147645 ], [ 22.801649605, 48.109178526 ], [ 22.803357495, 48.106727471 ], [ 22.806402958, 48.106027534 ], [ 22.810045758, 48.107470149 ], [ 22.811511502, 48.113429992 ], [ 22.815696516, 48.117296276 ], [ 22.819435824, 48.118260711 ], [ 22.824747751, 48.11707381 ], [ 22.831627145, 48.108314167 ], [ 22.827839662, 48.101229557 ], [ 22.827761011, 48.095612286 ], [ 22.830144728, 48.093154553 ], [ 22.8346719, 48.093158738 ], [ 22.83366053, 48.088384058 ], [ 22.836514148, 48.085724397 ], [ 22.840007206, 48.085527364 ], [ 22.836539299, 48.083710255 ], [ 22.836575739, 48.079683515 ], [ 22.840046722, 48.078917604 ], [ 22.843858178, 48.082879982 ], [ 22.84723289, 48.083368215 ], [ 22.851301664, 48.079424157 ], [ 22.856318771, 48.078173914 ], [ 22.858168482, 48.074809492 ], [ 22.860851647, 48.074342906 ], [ 22.859454055, 48.07191938 ], [ 22.861793166, 48.070675666 ], [ 22.858427079, 48.068651309 ], [ 22.861759621, 48.067510516 ], [ 22.859481771, 48.065919467 ], [ 22.863526412, 48.06167283 ], [ 22.861405212, 48.059831081 ], [ 22.864932379, 48.059158277 ], [ 22.860939374, 48.057714827 ], [ 22.867901888, 48.051932544 ], [ 22.873402655, 48.051585985 ], [ 22.871786032, 48.05290103 ], [ 22.873286768, 48.055882056 ], [ 22.876905047, 48.054208266 ], [ 22.881541335, 48.054721122 ], [ 22.880385603, 48.036440289 ], [ 22.872480247, 48.024299066 ], [ 22.864675999, 48.021933983 ], [ 22.866035876, 48.012088865 ], [ 22.857428196, 48.009033188 ], [ 22.850325433, 48.002420231 ], [ 22.847533261, 48.002380729 ], [ 22.8491879, 47.998356685 ], [ 22.844740283, 47.998572272 ], [ 22.835625631, 47.989849337 ], [ 22.842362368, 47.988069291 ], [ 22.841633677, 47.985993881 ], [ 22.843889955, 47.984557241 ], [ 22.839481973, 47.981959831 ], [ 22.840222194, 47.980752584 ], [ 22.845969251, 47.982453733 ], [ 22.851335772, 47.981666779 ], [ 22.852758052, 47.979919418 ], [ 22.854885902, 47.980688841 ], [ 22.85576983, 47.978807543 ], [ 22.859953945, 47.979631602 ], [ 22.858326277, 47.97638871 ], [ 22.862680683, 47.978343881 ], [ 22.861716173, 47.973579164 ], [ 22.863512269, 47.975055687 ], [ 22.867722613, 47.974021772 ], [ 22.866225636, 47.976635428 ], [ 22.869196763, 47.976642746 ], [ 22.873029811, 47.973636286 ], [ 22.870990637, 47.972202644 ], [ 22.872781695, 47.970309068 ], [ 22.870753267, 47.968282604 ], [ 22.873728736, 47.968211504 ], [ 22.873835263, 47.965838745 ], [ 22.876487898, 47.968156829 ], [ 22.876942777, 47.966716487 ], [ 22.879918289, 47.966752537 ], [ 22.878995598, 47.963386745 ], [ 22.885135813, 47.966709048 ], [ 22.886991648, 47.965293181 ], [ 22.892538681, 47.966981285 ], [ 22.892983272, 47.962943125 ], [ 22.889830427, 47.961646876 ], [ 22.892698909, 47.961143686 ], [ 22.890612688, 47.956966782 ], [ 22.896407166, 47.956768551 ], [ 22.895879476, 47.954041345 ], [ 22.901330245, 47.95505993 ], [ 22.900570574, 47.9576918 ], [ 22.905441866, 47.956751007 ], [ 22.907443646, 47.960000133 ], [ 22.910369218, 47.9571122 ], [ 22.910324349, 47.960227267 ], [ 22.912485382, 47.960142462 ], [ 22.913852019, 47.957526228 ], [ 22.916722385, 47.96026087 ], [ 22.916259423, 47.957921055 ], [ 22.918397665, 47.956651361 ], [ 22.918244225, 47.958659881 ], [ 22.920870489, 47.958158338 ], [ 22.919935982, 47.959372684 ], [ 22.92312573, 47.960122888 ], [ 22.929619178, 47.959019613 ], [ 22.936768302, 47.963748542 ], [ 22.941657173, 47.964093009 ], [ 22.941958935, 47.965722144 ], [ 22.947495316, 47.967256313 ], [ 22.942476628, 47.972315757 ], [ 22.940028359, 47.988397981 ], [ 22.935218065, 47.998891747 ], [ 22.92847301, 47.999595204 ], [ 22.922905041, 48.002431916 ], [ 22.920347354, 48.006666729 ], [ 22.921868221, 48.014449873 ], [ 22.927120019, 48.019087794 ], [ 22.94420388, 48.016393586 ], [ 22.947409916, 48.013267139 ], [ 22.961152911, 48.007432234 ], [ 22.962598561, 48.011445263 ], [ 22.977725289, 48.009884729 ], [ 22.976855648, 48.006782139 ], [ 22.986851976, 48.005296924 ], [ 22.986468284, 48.003908377 ], [ 22.992051253, 48.003042798 ], [ 22.99245338, 48.004509755 ], [ 22.996556196, 47.999434261 ], [ 22.996699749, 47.995966365 ], [ 23.005894478, 47.995590031 ], [ 23.011094532, 47.993798102 ], [ 23.013568383, 47.990460121 ], [ 23.01528394, 47.991691511 ], [ 23.017324059, 47.990481778 ], [ 23.018516389, 47.991967144 ], [ 23.024117462, 47.991728846 ], [ 23.03060127, 48.000294013 ], [ 23.056987324, 48.00334202 ], [ 23.065669875, 48.007660928 ], [ 23.074579272, 48.00848639 ], [ 23.083813962, 48.00451075 ], [ 23.089972699, 48.005463412 ], [ 23.097422604, 48.015791271 ], [ 23.090200956, 48.016454285 ], [ 23.089830439, 48.019267087 ], [ 23.10137162, 48.025943131 ], [ 23.109231295, 48.035211027 ], [ 23.109157898, 48.038309692 ], [ 23.100894577, 48.04091774 ], [ 23.098210061, 48.044225267 ], [ 23.11242729, 48.05436947 ], [ 23.109138405, 48.057481332 ], [ 23.112494144, 48.061775588 ], [ 23.106687288, 48.0635205 ], [ 23.105206957, 48.065730806 ], [ 23.113635701, 48.069538945 ], [ 23.117805702, 48.07655355 ], [ 23.120675279, 48.075939926 ], [ 23.123339, 48.077408759 ], [ 23.121774307, 48.078603334 ], [ 23.123397253, 48.081610345 ], [ 23.113973195, 48.086557072 ], [ 23.118170998, 48.087756458 ], [ 23.118714661, 48.090186775 ], [ 23.126978206, 48.092173937 ], [ 23.130261165, 48.095573266 ], [ 23.136382767, 48.096047791 ], [ 23.138846727, 48.094532601 ], [ 23.140530214, 48.097104738 ], [ 23.146241045, 48.099560723 ], [ 23.151114135, 48.112626702 ], [ 23.165567993, 48.115342494 ], [ 23.166605065, 48.119938832 ], [ 23.171861281, 48.117831963 ], [ 23.173920691, 48.120008021 ], [ 23.177153942, 48.119676729 ], [ 23.181207884, 48.117227194 ], [ 23.181762371, 48.11205062 ], [ 23.186289498, 48.111651271 ], [ 23.188318188, 48.108710885 ], [ 23.186611284, 48.108477856 ], [ 23.188038074, 48.104333869 ], [ 23.185305221, 48.103382846 ], [ 23.189493654, 48.09967731 ], [ 23.189163648, 48.097719059 ], [ 23.235444321, 48.091875659 ], [ 23.242035936, 48.094026705 ], [ 23.246254298, 48.091989568 ], [ 23.251848196, 48.100798872 ], [ 23.267836056, 48.100165512 ], [ 23.269463926, 48.085110434 ], [ 23.280836544, 48.081900007 ], [ 23.287369104, 48.075206576 ], [ 23.292065537, 48.073132906 ], [ 23.29041455, 48.070785141 ], [ 23.285626792, 48.070492992 ], [ 23.282748586, 48.063560527 ], [ 23.276795432, 48.06029138 ], [ 23.276716016, 48.057488255 ], [ 23.283798897, 48.050487161 ], [ 23.287799709, 48.0497688 ], [ 23.287915768, 48.046750772 ], [ 23.293622089, 48.044398992 ], [ 23.300502917, 48.044067753 ], [ 23.302524826, 48.042076302 ], [ 23.314466761, 48.044706964 ], [ 23.322299424, 48.04006588 ], [ 23.325178649, 48.035893781 ], [ 23.332690419, 48.038243718 ], [ 23.337739412, 48.036106231 ], [ 23.338622253, 48.034583713 ], [ 23.330894821, 48.032343649 ], [ 23.328547546, 48.023994653 ], [ 23.332138081, 48.020504291 ], [ 23.334193843, 48.02127375 ], [ 23.338659553, 48.017983354 ], [ 23.348962547, 48.02059222 ], [ 23.352773633, 48.019094995 ], [ 23.357333015, 48.014131158 ], [ 23.362454519, 48.014107259 ], [ 23.36630267, 48.010748732 ], [ 23.373417429, 48.009745765 ], [ 23.376670784, 48.007009647 ], [ 23.376361775, 48.003222976 ], [ 23.387604969, 48.004274362 ], [ 23.39465191, 48.0006019 ], [ 23.39933596, 48.001009104 ], [ 23.403480492, 47.998795666 ], [ 23.401635071, 47.994896813 ], [ 23.404861824, 47.99179529 ], [ 23.416878439, 47.98660304 ], [ 23.433658727, 47.990360371 ], [ 23.436723643, 47.982767042 ], [ 23.446235079, 47.98108167 ], [ 23.450021385, 47.976145993 ], [ 23.461598882, 47.973702014 ], [ 23.480669944, 47.973174637 ], [ 23.493619003, 47.967706458 ], [ 23.501229386, 47.968747226 ], [ 23.504708247, 47.971588532 ], [ 23.502661181, 47.974171749 ], [ 23.505073936, 47.980253814 ], [ 23.511607971, 47.984725373 ], [ 23.517066212, 47.992571767 ], [ 23.52084604, 47.994350601 ], [ 23.521154478, 47.999634926 ], [ 23.525532822, 48.004948878 ], [ 23.525691486, 48.01233616 ], [ 23.529008752, 48.019791084 ], [ 23.53395341, 48.017912135 ], [ 23.54090536, 48.009704584 ], [ 23.553942375, 48.008367315 ], [ 23.566460252, 48.002896823 ], [ 23.578668714, 48.005088004 ], [ 23.586562372, 48.004179454 ], [ 23.593037593, 48.008386165 ], [ 23.601997349, 48.006217621 ], [ 23.617027056, 48.008244084 ], [ 23.622012569, 48.003421904 ], [ 23.633368885, 48.002997901 ], [ 23.637988136, 48.001434867 ], [ 23.643072097, 47.997907269 ], [ 23.646570048, 47.990899632 ], [ 23.65740786, 47.988332729 ], [ 23.666896348, 47.983806602 ], [ 23.674330664, 47.986215338 ], [ 23.688342369, 47.987338726 ], [ 23.709858189, 47.994031145 ], [ 23.712241124, 47.99352228 ], [ 23.716342352, 47.988325976 ], [ 23.722991984, 47.994267601 ], [ 23.72908395, 47.993476445 ], [ 23.743032962, 47.996280059 ], [ 23.748048917, 47.995448073 ], [ 23.752718024, 47.996637877 ], [ 23.75847032, 47.992801882 ], [ 23.771145926, 47.995880052 ], [ 23.790355423, 47.985718364 ], [ 23.79896209, 47.985841965 ], [ 23.819466027, 47.982383366 ], [ 23.821551005, 47.978963715 ], [ 23.817687347, 47.976149186 ], [ 23.833657553, 47.967232911 ], [ 23.832753376, 47.957183746 ], [ 23.838187517, 47.955368365 ], [ 23.838016323, 47.951850356 ], [ 23.843973502, 47.947990946 ], [ 23.842664983, 47.942688987 ], [ 23.849253096, 47.938963502 ], [ 23.852637876, 47.934694301 ], [ 23.856942822, 47.934622886 ], [ 23.863496288, 47.931978453 ], [ 23.869333504, 47.933364427 ], [ 23.878386042, 47.941622723 ], [ 23.882907491, 47.943534272 ], [ 23.889797906, 47.942190603 ], [ 23.912952548, 47.946877257 ], [ 23.918996088, 47.945404628 ], [ 23.931195741, 47.948653228 ], [ 23.939328164, 47.947405419 ], [ 23.946174369, 47.952753119 ], [ 23.948901348, 47.962051953 ], [ 23.95710437, 47.96501724 ], [ 23.964738676, 47.962273923 ], [ 23.971777171, 47.967158513 ], [ 23.976097515, 47.967417431 ], [ 23.979311857, 47.965586263 ], [ 23.978715807, 47.960187581 ], [ 23.981352835, 47.959013842 ], [ 23.99647015, 47.961651917 ], [ 24.004747516, 47.966775328 ], [ 24.008476129, 47.967272316 ], [ 24.023198881, 47.958606598 ], [ 24.032287955, 47.949197836 ], [ 24.050684237, 47.953278537 ], [ 24.062590262, 47.953271696 ], [ 24.070933935, 47.94721599 ], [ 24.098041646, 47.936549264 ], [ 24.10040624, 47.927678633 ], [ 24.11243079, 47.914730495 ], [ 24.130544571, 47.915784735 ], [ 24.141562212, 47.911909808 ], [ 24.151310935, 47.916902473 ], [ 24.161869548, 47.915398115 ], [ 24.16523202, 47.920370042 ], [ 24.181459464, 47.914878232 ], [ 24.194934677, 47.91642101 ], [ 24.202107419, 47.910821722 ], [ 24.213551274, 47.906221308 ], [ 24.217404659, 47.902790591 ], [ 24.218363112, 47.897625498 ], [ 24.228023136, 47.896553446 ], [ 24.245001966, 47.901339346 ], [ 24.255706747, 47.906809224 ], [ 24.265512812, 47.907389749 ], [ 24.279713844, 47.905798432 ], [ 24.287387168, 47.909431498 ], [ 24.297894207, 47.911197313 ], [ 24.303768273, 47.917099116 ], [ 24.309294499, 47.918178542 ], [ 24.315798161, 47.923026482 ], [ 24.320233804, 47.923326342 ], [ 24.324871729, 47.925853206 ], [ 24.334882226, 47.917793448 ], [ 24.338638725, 47.918218659 ], [ 24.344490051, 47.914541056 ], [ 24.350183589, 47.91534516 ], [ 24.368546625, 47.923235727 ], [ 24.381437423, 47.926415284 ], [ 24.381267754, 47.935905861 ], [ 24.383208641, 47.93988396 ], [ 24.391498226, 47.947368629 ], [ 24.393929825, 47.95427968 ], [ 24.401239736, 47.95577971 ], [ 24.409646692, 47.960126926 ], [ 24.415736006, 47.959655022 ], [ 24.435831782, 47.970342436 ], [ 24.450727429, 47.962974015 ], [ 24.464859722, 47.961696677 ], [ 24.472282292, 47.963104186 ], [ 24.487432261, 47.955844882 ], [ 24.494401687, 47.955432388 ], [ 24.502052057, 47.952287345 ], [ 24.512325365, 47.951843079 ], [ 24.527551371, 47.961609179 ], [ 24.531126153, 47.960695009 ], [ 24.536972443, 47.961987096 ], [ 24.552521477, 47.958679531 ], [ 24.556139212, 47.961184364 ], [ 24.556231727, 47.963932722 ], [ 24.562720914, 47.96845792 ] ] ] } },
{ "type": "Feature", "properties": { "shapeName": "Zaporizka", "shapeISO": "", "shapeID": "82583831B76074153455964", "shapeGroup": "UKR", "shapeType": "ADM1" }, "geometry": { "type": "MultiPolygon", "coordinates": [ [ [ [ 36.220816087, 46.563202385 ], [ 36.222445482, 46.562557299 ], [ 36.223931088, 46.564802634 ], [ 36.219496955, 46.563075735 ], [ 36.2189181, 46.557746849 ], [ 36.220816087, 46.563202385 ] ] ], [ [ [ 36.242867464, 46.578354139 ], [ 36.243113639, 46.575969865 ], [ 36.244521112, 46.579029559 ], [ 36.242867464, 46.578354139 ] ] ], [ [ [ 36.767232327, 46.661725986 ], [ 36.768825731, 46.664377071 ], [ 36.765987112, 46.660164692 ], [ 36.767232327, 46.661725986 ] ] ], [ [ [ 34.139477913, 47.477380894 ], [ 34.175149751, 47.467448104 ], [ 34.216173169, 47.453598073 ], [ 34.231543331, 47.444676222 ], [ 34.241905414, 47.434807124 ], [ 34.248604346, 47.421244818 ], [ 34.256321942, 47.395336115 ], [ 34.251708928, 47.39161462 ], [ 34.260759998, 47.359814077 ], [ 34.272374638, 47.361185755 ], [ 34.282726733, 47.325659569 ], [ 34.281409872, 47.323622018 ], [ 34.29279519, 47.274585998 ], [ 34.294036629, 47.2736581 ], [ 34.296121004, 47.274806208 ], [ 34.296615699, 47.272817175 ], [ 34.30540253, 47.269110764 ], [ 34.330011792, 47.29040739 ], [ 34.357735755, 47.29352019 ], [ 34.370442405, 47.283614405 ], [ 34.401539715, 47.287097616 ], [ 34.398974012, 47.298331224 ], [ 34.419276658, 47.300638982 ], [ 34.413948895, 47.323370186 ], [ 34.489878548, 47.331850754 ], [ 34.495662686, 47.333347363 ], [ 34.501000742, 47.338565441 ], [ 34.503797113, 47.336764567 ], [ 34.515650348, 47.335590363 ], [ 34.516028279, 47.333440569 ], [ 34.510677529, 47.331793317 ], [ 34.507215897, 47.325883127 ], [ 34.51362425, 47.324179673 ], [ 34.514521003, 47.320272738 ], [ 34.517177693, 47.31833681 ], [ 34.478781021, 47.314547897 ], [ 34.48793665, 47.279892566 ], [ 34.518583079, 47.283683132 ], [ 34.522625275, 47.267258566 ], [ 34.526156977, 47.267608094 ], [ 34.53027623, 47.251088983 ], [ 34.521090182, 47.251036563 ], [ 34.519484175, 47.249900764 ], [ 34.489902978, 47.246832224 ], [ 34.519265821, 47.104605696 ], [ 34.553181299, 47.105792914 ], [ 34.567141172, 47.024495775 ], [ 34.590097713, 47.026817454 ], [ 34.592613513, 47.025390173 ], [ 34.599653484, 46.991912118 ], [ 34.619187431, 46.993528382 ], [ 34.623767766, 46.973378755 ], [ 34.68189842, 46.979130609 ], [ 34.686377367, 46.955680703 ], [ 34.736357577, 46.961347959 ], [ 34.752492191, 46.87968147 ], [ 34.804572457, 46.882547305 ], [ 34.812705085, 46.833364831 ], [ 34.817063767, 46.828404564 ], [ 34.758013725, 46.822795557 ], [ 34.767447938, 46.781055662 ], [ 34.750032281, 46.780894946 ], [ 34.749450594, 46.758125975 ], [ 34.734359416, 46.757320382 ], [ 34.734977845, 46.747457234 ], [ 34.65851857, 46.740522508 ], [ 34.661120427, 46.727167881 ], [ 34.625151832, 46.724034237 ], [ 34.632340737, 46.686856182 ], [ 34.681037449, 46.691424621 ], [ 34.683553256, 46.677213771 ], [ 34.685778274, 46.677038194 ], [ 34.745989988, 46.683132692 ], [ 34.756106545, 46.627103195 ], [ 34.712775597, 46.620334096 ], [ 34.723043035, 46.581370811 ], [ 34.748038106, 46.584133373 ], [ 34.757348106, 46.550144114 ], [ 34.891076293, 46.563684636 ], [ 34.894783508, 46.537845429 ], [ 34.885128505, 46.536933901 ], [ 34.89024829, 46.506752729 ], [ 34.947230612, 46.512502386 ], [ 34.948183509, 46.503679247 ], [ 34.953375595, 46.503590664 ], [ 35.015859858, 46.480429218 ], [ 35.022955489, 46.479203019 ], [ 35.052720189, 46.48158831 ], [ 35.070747874, 46.37912524 ], [ 35.067623505, 46.376534902 ], [ 35.058158681, 46.375791677 ], [ 35.065709324, 46.336627539 ], [ 35.068986731, 46.330222332 ], [ 35.067327149, 46.32703417 ], [ 35.073528854, 46.299843247 ], [ 35.103124046, 46.301742518 ], [ 35.133118557, 46.300494948 ], [ 35.178170676, 46.292325649 ], [ 35.214116388, 46.284285582 ], [ 35.274915619, 46.265032881 ], [ 35.277658658, 46.264447438 ], [ 35.298099169, 46.291000051 ], [ 35.319311616, 46.309714599 ], [ 35.354789521, 46.352059254 ], [ 35.409051175, 46.404968789 ], [ 35.444857819, 46.435893766 ], [ 35.465930248, 46.44735072 ], [ 35.512705155, 46.45794687 ], [ 35.531492116, 46.466902527 ], [ 35.547218966, 46.471925663 ], [ 35.558420856, 46.473307222 ], [ 35.590578081, 46.486716078 ], [ 35.620579978, 46.503742059 ], [ 35.649533377, 46.523562765 ], [ 35.704279036, 46.571122681 ], [ 35.716805627, 46.578632825 ], [ 35.725136594, 46.587340397 ], [ 35.734231843, 46.590039293 ], [ 35.75229512, 46.598789822 ], [ 35.800566577, 46.613709446 ], [ 35.832175474, 46.625494182 ], [ 35.86827101, 46.64589123 ], [ 35.876532261, 46.646136097 ], [ 35.886950648, 46.651468213 ], [ 35.929714426, 46.661386422 ], [ 35.990069336, 46.664979156 ], [ 36.023804327, 46.668999576 ], [ 36.04281987, 46.669402267 ], [ 36.05892135, 46.667888118 ], [ 36.105943888, 46.658561935 ], [ 36.153320296, 46.670569457 ], [ 36.193528178, 46.670811941 ], [ 36.211234496, 46.664732578 ], [ 36.223063399, 46.658306693 ], [ 36.238286153, 46.647687476 ], [ 36.248970465, 46.63732173 ], [ 36.256901401, 46.626518649 ], [ 36.262421853, 46.614642216 ], [ 36.262388496, 46.607835614 ], [ 36.258115422, 46.596009308 ], [ 36.26251876, 46.604757034 ], [ 36.262492205, 46.602159191 ], [ 36.264456523, 46.603799779 ], [ 36.263390015, 46.610125816 ], [ 36.266232031, 46.611559732 ], [ 36.262979672, 46.614867398 ], [ 36.264520963, 46.618300086 ], [ 36.263941628, 46.614414271 ], [ 36.265713557, 46.615146506 ], [ 36.266966643, 46.626918976 ], [ 36.27009298, 46.624236924 ], [ 36.272332286, 46.612224636 ], [ 36.275403402, 46.623888991 ], [ 36.277319802, 46.621984375 ], [ 36.275903915, 46.628814657 ], [ 36.272956171, 46.629400376 ], [ 36.270219219, 46.634539134 ], [ 36.275632648, 46.632732082 ], [ 36.273400311, 46.636224874 ], [ 36.27595907, 46.638144231 ], [ 36.279008527, 46.636157458 ], [ 36.287194579, 46.636515723 ], [ 36.286120957, 46.63793323 ], [ 36.283989945, 46.636655 ], [ 36.282946904, 46.640097845 ], [ 36.280436459, 46.640091346 ], [ 36.281413133, 46.642861335 ], [ 36.294615902, 46.638795252 ], [ 36.285672955, 46.643707664 ], [ 36.284135935, 46.64607432 ], [ 36.280475379, 46.645237167 ], [ 36.275671885, 46.648966886 ], [ 36.272309263, 46.648873183 ], [ 36.27165535, 46.651479418 ], [ 36.275243161, 46.652241071 ], [ 36.28475728, 46.649514822 ], [ 36.296252348, 46.641748506 ], [ 36.294716933, 46.637817911 ], [ 36.289368879, 46.633947083 ], [ 36.290143166, 46.631905928 ], [ 36.286448209, 46.629870496 ], [ 36.287871786, 46.628480781 ], [ 36.284266183, 46.626579871 ], [ 36.282102148, 46.620942625 ], [ 36.279319736, 46.620201361 ], [ 36.28029223, 46.619417451 ], [ 36.273941327, 46.612313721 ], [ 36.271188668, 46.605904913 ], [ 36.268876642, 46.605724365 ], [ 36.269934256, 46.604674433 ], [ 36.25801729, 46.592175251 ], [ 36.255144477, 46.588045055 ], [ 36.256220703, 46.587076158 ], [ 36.252462329, 46.585488169 ], [ 36.253527847, 46.584663433 ], [ 36.251842768, 46.58406987 ], [ 36.252672477, 46.582560319 ], [ 36.250223606, 46.581009749 ], [ 36.249283828, 46.585634309 ], [ 36.246436687, 46.581511736 ], [ 36.248744906, 46.578147072 ], [ 36.246424249, 46.578494492 ], [ 36.247070858, 46.576260072 ], [ 36.243193997, 46.57408696 ], [ 36.243376065, 46.57203434 ], [ 36.235897961, 46.563945077 ], [ 36.234817961, 46.565185837 ], [ 36.233131265, 46.56019709 ], [ 36.222348216, 46.549054199 ], [ 36.218454621, 46.54775514 ], [ 36.213980912, 46.549146959 ], [ 36.215292809, 46.546501084 ], [ 36.211562744, 46.541160855 ], [ 36.20176272, 46.537928178 ], [ 36.204799935, 46.543355818 ], [ 36.210917351, 46.54693017 ], [ 36.209137057, 46.5469878 ], [ 36.202741168, 46.541810227 ], [ 36.198517729, 46.536421009 ], [ 36.189392625, 46.529897876 ], [ 36.171143293, 46.523385643 ], [ 36.163730212, 46.524099772 ], [ 36.156786754, 46.526871237 ], [ 36.15440623, 46.534231416 ], [ 36.156880733, 46.537041113 ], [ 36.157023705, 46.531417817 ], [ 36.159373732, 46.529414653 ], [ 36.160037451, 46.533736067 ], [ 36.15284409, 46.541656198 ], [ 36.154030566, 46.52282126 ], [ 36.147083393, 46.506577637 ], [ 36.137660756, 46.5001044 ], [ 36.126911988, 46.495422618 ], [ 36.11697797, 46.495256582 ], [ 36.1113369, 46.498576505 ], [ 36.105058175, 46.492639869 ], [ 36.100178002, 46.492609788 ], [ 36.108691179, 46.489688871 ], [ 36.117980591, 46.489414209 ], [ 36.141930496, 46.501969221 ], [ 36.148482217, 46.503735603 ], [ 36.15509738, 46.503795101 ], [ 36.165649724, 46.499068135 ], [ 36.170249995, 46.498827283 ], [ 36.199196971, 46.524052985 ], [ 36.226008253, 46.551161125 ], [ 36.252184009, 46.581341542 ], [ 36.268086286, 46.600965681 ], [ 36.306703331, 46.651268738 ], [ 36.337488555, 46.68206784 ], [ 36.362420757, 46.701260031 ], [ 36.386143189, 46.714141211 ], [ 36.415314769, 46.72672252 ], [ 36.474627791, 46.743810007 ], [ 36.530131191, 46.757143956 ], [ 36.574484803, 46.7633555 ], [ 36.614557407, 46.778528006 ], [ 36.650102919, 46.781454414 ], [ 36.677360921, 46.779053758 ], [ 36.6983259, 46.780958593 ], [ 36.720799022, 46.779250946 ], [ 36.731089237, 46.775630358 ], [ 36.73291131, 46.77303042 ], [ 36.734763704, 46.774412192 ], [ 36.738325945, 46.773247464 ], [ 36.738319626, 46.770937908 ], [ 36.739616357, 46.772371115 ], [ 36.742897126, 46.771488205 ], [ 36.743509745, 46.768902949 ], [ 36.745128337, 46.770806439 ], [ 36.746930212, 46.770313332 ], [ 36.770721168, 46.759145228 ], [ 36.774080381, 46.756158027 ], [ 36.77228621, 46.753961025 ], [ 36.775563588, 46.753321894 ], [ 36.774018663, 46.748926328 ], [ 36.775896513, 46.749020887 ], [ 36.778139743, 46.752839993 ], [ 36.788257729, 46.749417724 ], [ 36.810003519, 46.732712716 ], [ 36.828457111, 46.708822996 ], [ 36.829782852, 46.702336971 ], [ 36.821034782, 46.687079308 ], [ 36.810475717, 46.68063573 ], [ 36.814203966, 46.678833046 ], [ 36.810642092, 46.674087602 ], [ 36.807509947, 46.672453431 ], [ 36.80515956, 46.674187859 ], [ 36.800618944, 46.66763991 ], [ 36.798170663, 46.668480858 ], [ 36.795728321, 46.672628083 ], [ 36.791459562, 46.66795994 ], [ 36.799857708, 46.66477786 ], [ 36.793569377, 46.665177404 ], [ 36.788118428, 46.659309755 ], [ 36.788331594, 46.657434831 ], [ 36.785873111, 46.660579766 ], [ 36.78718213, 46.661848513 ], [ 36.788798782, 46.660877579 ], [ 36.787041664, 46.663117145 ], [ 36.783458982, 46.65826553 ], [ 36.784226884, 46.653673345 ], [ 36.782994985, 46.658492683 ], [ 36.780088046, 46.657407882 ], [ 36.776484589, 46.647089098 ], [ 36.778304846, 46.645919121 ], [ 36.772453705, 46.646151167 ], [ 36.769989291, 46.64186248 ], [ 36.766422764, 46.6428492 ], [ 36.766204069, 46.645692233 ], [ 36.761535131, 46.6432804 ], [ 36.760717916, 46.647658103 ], [ 36.763500606, 46.650402213 ], [ 36.760002927, 46.652257453 ], [ 36.759020208, 46.655764488 ], [ 36.761779476, 46.657950282 ], [ 36.757948454, 46.656266717 ], [ 36.759826302, 46.644598592 ], [ 36.755556992, 46.64168586 ], [ 36.753157542, 46.64184953 ], [ 36.754744415, 46.642556658 ], [ 36.752669842, 46.643900664 ], [ 36.750109418, 46.642319272 ], [ 36.75055588, 46.632588231 ], [ 36.759813015, 46.63067774 ], [ 36.770830239, 46.633820596 ], [ 36.784462165, 46.644372758 ], [ 36.80460648, 46.664352571 ], [ 36.821873928, 46.685762062 ], [ 36.865471143, 46.766427794 ], [ 36.887549078, 46.797086567 ], [ 36.90145822, 46.812551446 ], [ 36.919920608, 46.825771059 ], [ 36.987319412, 46.863484941 ], [ 37.006400606, 46.869059186 ], [ 37.03435124, 46.870822866 ], [ 37.062548086, 46.884006736 ], [ 37.034031759, 46.917455094 ], [ 37.021417722, 46.927924233 ], [ 37.092321463, 46.968400716 ], [ 37.102610697, 46.959937882 ], [ 37.14119377, 46.981769075 ], [ 37.089449895, 47.00746027 ], [ 37.124883467, 47.039180985 ], [ 37.098603947, 47.059349592 ], [ 37.086112334, 47.052438166 ], [ 37.081092346, 47.047517148 ], [ 36.985820539, 47.079481647 ], [ 36.99839409, 47.083586671 ], [ 37.009082948, 47.08479302 ], [ 37.01272872, 47.089403959 ], [ 37.008534211, 47.092453299 ], [ 37.011046838, 47.098160715 ], [ 37.009409895, 47.099057532 ], [ 37.005981838, 47.097489918 ], [ 37.00195556, 47.100807562 ], [ 37.008677177, 47.105882459 ], [ 37.010654312, 47.110651958 ], [ 37.009397323, 47.114344201 ], [ 37.005840724, 47.113063867 ], [ 37.000087748, 47.114213001 ], [ 37.002397008, 47.120242755 ], [ 37.001610913, 47.127621831 ], [ 36.997772032, 47.129586717 ], [ 36.992659949, 47.124112684 ], [ 36.988176251, 47.125796141 ], [ 36.983415239, 47.124429078 ], [ 36.978986855, 47.127256721 ], [ 36.97980504, 47.130794248 ], [ 36.975357963, 47.134208314 ], [ 36.970391881, 47.135583378 ], [ 36.973741783, 47.13984862 ], [ 36.963602781, 47.144995773 ], [ 36.961548376, 47.148930595 ], [ 36.954482854, 47.14987036 ], [ 36.954558051, 47.15360467 ], [ 36.950636784, 47.154918918 ], [ 36.948637809, 47.159265331 ], [ 36.945600328, 47.160087515 ], [ 36.940093312, 47.157452999 ], [ 36.936725143, 47.161190906 ], [ 36.936477292, 47.165485745 ], [ 36.922461793, 47.160580145 ], [ 36.924989282, 47.167333669 ], [ 36.921303637, 47.172001772 ], [ 36.915594202, 47.168980491 ], [ 36.914110754, 47.165649518 ], [ 36.911036638, 47.165933195 ], [ 36.910885836, 47.164069451 ], [ 36.908552164, 47.163832508 ], [ 36.905065404, 47.166085222 ], [ 36.90700945, 47.167928619 ], [ 36.902591625, 47.169606562 ], [ 36.899692903, 47.173934563 ], [ 36.889024538, 47.170622297 ], [ 36.886202573, 47.172647034 ], [ 36.885715958, 47.177147494 ], [ 36.881519477, 47.174641481 ], [ 36.879583617, 47.175032196 ], [ 36.875726882, 47.181195871 ], [ 36.870131474, 47.184346453 ], [ 36.86422614, 47.185370003 ], [ 36.862946353, 47.187946889 ], [ 36.858890295, 47.189478408 ], [ 36.859875791, 47.192531555 ], [ 36.857722073, 47.192321741 ], [ 36.856010867, 47.194086796 ], [ 36.85722208, 47.197707147 ], [ 36.854281245, 47.199411935 ], [ 36.888788256, 47.20016074 ], [ 36.881815326, 47.205848406 ], [ 36.931268705, 47.207017151 ], [ 36.931620729, 47.200657347 ], [ 36.962372308, 47.201696773 ], [ 36.955285904, 47.229012413 ], [ 36.949101684, 47.228211637 ], [ 36.945158321, 47.24048502 ], [ 36.934808387, 47.293537927 ], [ 36.926151523, 47.319343223 ], [ 36.944135986, 47.320658066 ], [ 36.946575307, 47.311004386 ], [ 37.026600286, 47.314652655 ], [ 37.028860975, 47.31088909 ], [ 37.033870232, 47.309048289 ], [ 37.036210653, 47.299994603 ], [ 37.082076215, 47.315285462 ], [ 37.080264902, 47.317739212 ], [ 37.081905089, 47.320065125 ], [ 37.080734031, 47.322661216 ], [ 37.085846174, 47.322650231 ], [ 37.0951333, 47.325986533 ], [ 37.092317358, 47.32996692 ], [ 37.122011357, 47.340347182 ], [ 37.106150795, 47.375818683 ], [ 37.141820536, 47.379836726 ], [ 37.150103714, 47.369797153 ], [ 37.161828143, 47.341376824 ], [ 37.203508482, 47.355829927 ], [ 37.194626574, 47.373278418 ], [ 37.232135659, 47.437672982 ], [ 37.2365926, 47.436453466 ], [ 37.241192752, 47.444796066 ], [ 37.244361785, 47.454296805 ], [ 37.23851873, 47.457599504 ], [ 37.244555089, 47.468538469 ], [ 37.211444294, 47.468732132 ], [ 37.211625728, 47.466620067 ], [ 37.208202533, 47.466892427 ], [ 37.206508878, 47.468721557 ], [ 37.189420011, 47.468942053 ], [ 37.19607312, 47.478919593 ], [ 37.179676055, 47.483537002 ], [ 37.157492741, 47.454745415 ], [ 37.129592767, 47.467567784 ], [ 37.128203488, 47.469749128 ], [ 37.0840966, 47.496073364 ], [ 37.077944355, 47.491663968 ], [ 37.074215406, 47.49359696 ], [ 37.029372577, 47.545265824 ], [ 37.020980351, 47.552783076 ], [ 37.001524494, 47.538973542 ], [ 36.980072131, 47.560747283 ], [ 36.966430841, 47.553410243 ], [ 36.944430559, 47.575869381 ], [ 36.893104428, 47.544969933 ], [ 36.830159391, 47.62423216 ], [ 36.76230519, 47.600311125 ], [ 36.763699106, 47.607578611 ], [ 36.74800135, 47.60650424 ], [ 36.745201366, 47.621726502 ], [ 36.765320189, 47.623461621 ], [ 36.765708999, 47.634106802 ], [ 36.72504762, 47.631057407 ], [ 36.717985996, 47.659273922 ], [ 36.754640225, 47.662234712 ], [ 36.751963779, 47.666623307 ], [ 36.759234725, 47.667274538 ], [ 36.769124366, 47.668089574 ], [ 36.768619137, 47.666582273 ], [ 36.77544862, 47.664349109 ], [ 36.775093727, 47.669628495 ], [ 36.778820995, 47.667267065 ], [ 36.779459125, 47.670242667 ], [ 36.78230246, 47.670002399 ], [ 36.781711042, 47.672425671 ], [ 36.785120384, 47.673573897 ], [ 36.780149905, 47.676016735 ], [ 36.783700283, 47.680157001 ], [ 36.791846086, 47.680559188 ], [ 36.791360398, 47.684592654 ], [ 36.713260225, 47.678343383 ], [ 36.700092468, 47.732563164 ], [ 36.685446671, 47.730882569 ], [ 36.671401719, 47.793185828 ], [ 36.593706581, 47.78411105 ], [ 36.587547627, 47.785467372 ], [ 36.588397745, 47.815943078 ], [ 36.59888679, 47.816947683 ], [ 36.608292024, 47.840182624 ], [ 36.604372654, 47.850594379 ], [ 36.585003042, 47.847145604 ], [ 36.520819645, 47.836324733 ], [ 36.522541492, 47.828870558 ], [ 36.472295903, 47.824060148 ], [ 36.449031342, 47.824089871 ], [ 36.437451613, 47.827232899 ], [ 36.422304525, 47.828735345 ], [ 36.412025023, 47.827591655 ], [ 36.397914601, 47.830796415 ], [ 36.376296501, 47.830186158 ], [ 36.374431313, 47.838004263 ], [ 36.323729618, 47.839352425 ], [ 36.323197366, 47.835622977 ], [ 36.330264489, 47.830956015 ], [ 36.329070038, 47.828122811 ], [ 36.332191144, 47.826010711 ], [ 36.329871602, 47.822667339 ], [ 36.332555321, 47.820743423 ], [ 36.298548158, 47.815883502 ], [ 36.298172028, 47.817738504 ], [ 36.275339523, 47.815348743 ], [ 36.273620419, 47.823363353 ], [ 36.265888933, 47.833336218 ], [ 36.197693053, 47.83277187 ], [ 36.193208734, 47.838117067 ], [ 36.189877329, 47.836817008 ], [ 36.187929809, 47.841388993 ], [ 36.196115742, 47.851911475 ], [ 36.19742299, 47.857817671 ], [ 36.196041137, 47.859416175 ], [ 36.177369331, 47.857142477 ], [ 36.17883641, 47.850404875 ], [ 36.101260612, 47.842422095 ], [ 36.099417068, 47.849637729 ], [ 36.073662518, 47.847879284 ], [ 36.068373588, 47.867449584 ], [ 36.057373862, 47.868261282 ], [ 36.054004306, 47.879954091 ], [ 36.080607508, 47.883298497 ], [ 36.086985672, 47.86114995 ], [ 36.119543657, 47.8648619 ], [ 36.1189692, 47.867881447 ], [ 36.117123677, 47.868221191 ], [ 36.11752773, 47.871945866 ], [ 36.129760639, 47.890607683 ], [ 36.122353089, 47.900186944 ], [ 36.128011205, 47.902128004 ], [ 36.11060163, 47.924718281 ], [ 36.120077673, 47.927937682 ], [ 36.108954131, 47.941718477 ], [ 36.084566712, 47.930255336 ], [ 36.073391089, 47.965053494 ], [ 36.051450579, 47.958467299 ], [ 36.047792941, 47.965847682 ], [ 36.070841928, 47.972144409 ], [ 36.065945843, 47.981953483 ], [ 36.061580157, 48.001417601 ], [ 36.041479622, 48.003639913 ], [ 36.034192591, 48.018720835 ], [ 36.065195545, 48.025125727 ], [ 36.055626309, 48.046267111 ], [ 36.057840797, 48.046738462 ], [ 36.052306257, 48.058817672 ], [ 35.975116065, 48.043347639 ], [ 35.977924562, 48.051549986 ], [ 35.982585088, 48.056892994 ], [ 35.987777451, 48.057006511 ], [ 35.988476521, 48.058280886 ], [ 35.98075265, 48.063390964 ], [ 35.975170919, 48.059416928 ], [ 35.97201217, 48.059946343 ], [ 35.974138653, 48.06661472 ], [ 35.969253931, 48.072771784 ], [ 35.97670661, 48.077953593 ], [ 35.983592205, 48.077943175 ], [ 35.985419613, 48.084484123 ], [ 35.983604167, 48.086759763 ], [ 35.975756364, 48.086571986 ], [ 35.975273473, 48.09234652 ], [ 35.967186797, 48.094739951 ], [ 35.921110409, 48.081925663 ], [ 35.816600018, 48.06568214 ], [ 35.805990574, 48.100739699 ], [ 35.794682241, 48.096539622 ], [ 35.782769898, 48.094281502 ], [ 35.773092427, 48.097256482 ], [ 35.757478209, 48.098361012 ], [ 35.75659167, 48.096554664 ], [ 35.742802104, 48.095684961 ], [ 35.703229581, 48.140253317 ], [ 35.695250937, 48.135949542 ], [ 35.63465558, 48.113312034 ], [ 35.556005046, 48.084532668 ], [ 35.524305184, 48.074400437 ], [ 35.518910473, 48.094848606 ], [ 35.500482149, 48.097446735 ], [ 35.484806536, 48.094905111 ], [ 35.480483025, 48.097436062 ], [ 35.474787855, 48.097494304 ], [ 35.451554796, 48.103300409 ], [ 35.420044376, 48.100039541 ], [ 35.415105099, 48.111204348 ], [ 35.404577431, 48.111645722 ], [ 35.401782765, 48.114821975 ], [ 35.39442724, 48.114110351 ], [ 35.382978262, 48.120041439 ], [ 35.377936026, 48.118062904 ], [ 35.376259823, 48.119379526 ], [ 35.368694289, 48.119258323 ], [ 35.366046661, 48.120994156 ], [ 35.35789847, 48.121852335 ], [ 35.356177326, 48.120778178 ], [ 35.352650558, 48.122334153 ], [ 35.337913317, 48.123760014 ], [ 35.330303804, 48.129557508 ], [ 35.320084745, 48.132334446 ], [ 35.303089101, 48.141224348 ], [ 35.294080686, 48.143724805 ], [ 35.271370125, 48.142748263 ], [ 35.259181539, 48.137241644 ], [ 35.244839929, 48.134881332 ], [ 35.235496688, 48.135594833 ], [ 35.220468712, 48.141597542 ], [ 35.209079667, 48.139675392 ], [ 35.194386614, 48.140290145 ], [ 35.180158998, 48.131756204 ], [ 35.164187136, 48.128964619 ], [ 35.105167059, 48.131009146 ], [ 35.078657464, 48.122456618 ], [ 35.061010491, 48.121286677 ], [ 35.044767212, 48.109554782 ], [ 35.040694572, 48.104330305 ], [ 35.039880532, 48.09930398 ], [ 35.036821426, 48.097406932 ], [ 35.004901314, 48.093776404 ], [ 34.989294357, 48.089964967 ], [ 34.986310401, 48.096574975 ], [ 34.930046637, 48.090360666 ], [ 34.930322375, 48.092570899 ], [ 34.914614319, 48.090810133 ], [ 34.911005145, 48.102911491 ], [ 34.911576651, 48.113719463 ], [ 34.919514234, 48.114631258 ], [ 34.915585204, 48.130392687 ], [ 34.88127114, 48.126871176 ], [ 34.878223009, 48.133889032 ], [ 34.855049175, 48.132978355 ], [ 34.875582212, 48.054309455 ], [ 34.840971211, 48.05072218 ], [ 34.839345925, 48.049007686 ], [ 34.846528308, 48.013610046 ], [ 34.858258504, 48.015114484 ], [ 34.864398501, 48.001385816 ], [ 34.869369935, 47.982285628 ], [ 34.904736027, 47.985761018 ], [ 34.912386051, 47.957777782 ], [ 34.908962149, 47.957405269 ], [ 34.913445036, 47.940668955 ], [ 34.918474125, 47.933401747 ], [ 34.880847372, 47.928831833 ], [ 34.876435545, 47.941997694 ], [ 34.868646568, 47.940982648 ], [ 34.849118106, 47.937896072 ], [ 34.853057482, 47.921561421 ], [ 34.801867324, 47.915523121 ], [ 34.816802271, 47.864547206 ], [ 34.828626337, 47.868787514 ], [ 34.837847706, 47.870016271 ], [ 34.850653005, 47.877967967 ], [ 34.861142252, 47.880483123 ], [ 34.863952603, 47.879163854 ], [ 34.870645859, 47.851333576 ], [ 34.882097545, 47.850841694 ], [ 34.897407645, 47.85269757 ], [ 34.903331847, 47.829829615 ], [ 34.87887445, 47.818553135 ], [ 34.893496209, 47.760138965 ], [ 34.956934754, 47.769299746 ], [ 34.964774941, 47.740016499 ], [ 34.95443993, 47.738932307 ], [ 34.957354525, 47.727626166 ], [ 34.951961738, 47.727019584 ], [ 34.955882197, 47.712424207 ], [ 34.929645942, 47.711559583 ], [ 34.937698019, 47.677558335 ], [ 34.905516495, 47.673993413 ], [ 34.916142393, 47.633764228 ], [ 34.93293243, 47.635689816 ], [ 34.941899828, 47.601570402 ], [ 34.937062092, 47.597993175 ], [ 34.938532882, 47.59458092 ], [ 34.934651732, 47.590720285 ], [ 34.931758615, 47.59343913 ], [ 34.92589335, 47.594159178 ], [ 34.928595479, 47.590265912 ], [ 34.93443059, 47.588167748 ], [ 34.936072984, 47.582495022 ], [ 34.927352728, 47.581518191 ], [ 34.927310097, 47.580357075 ], [ 34.93916796, 47.580476176 ], [ 34.945785564, 47.574207297 ], [ 34.934180459, 47.569761071 ], [ 34.934981161, 47.568004808 ], [ 34.948844589, 47.572202484 ], [ 34.957208906, 47.568191191 ], [ 34.96536143, 47.55014502 ], [ 34.957259005, 47.537878589 ], [ 34.944023045, 47.529209044 ], [ 34.928124366, 47.524672687 ], [ 34.886248281, 47.516480542 ], [ 34.862544147, 47.515226003 ], [ 34.841509445, 47.520956197 ], [ 34.818703293, 47.530458897 ], [ 34.796796021, 47.537194216 ], [ 34.73780796, 47.538781729 ], [ 34.6703418, 47.555705496 ], [ 34.644270369, 47.560080421 ], [ 34.590026964, 47.562594574 ], [ 34.572386023, 47.561731215 ], [ 34.528173108, 47.553868719 ], [ 34.498007403, 47.543547974 ], [ 34.479223033, 47.534739026 ], [ 34.467678616, 47.532074434 ], [ 34.422634447, 47.53015748 ], [ 34.345224276, 47.522052693 ], [ 34.297497582, 47.51851894 ], [ 34.272903886, 47.510855567 ], [ 34.233695232, 47.494316112 ], [ 34.202585631, 47.487602393 ], [ 34.139477913, 47.477380894 ] ] ], [ [ [ 36.770674921, 46.648194786 ], [ 36.770274958, 46.649497182 ], [ 36.765117257, 46.647625274 ], [ 36.768159106, 46.646120586 ], [ 36.766633038, 46.644235891 ], [ 36.768837983, 46.642569454 ], [ 36.770674921, 46.648194786 ] ] ], [ [ [ 36.775638013, 46.647804811 ], [ 36.773532441, 46.648329654 ], [ 36.773143603, 46.647257352 ], [ 36.775638013, 46.647804811 ] ] ], [ [ [ 36.772486483, 46.652697869 ], [ 36.775025177, 46.654628599 ], [ 36.766792301, 46.649857025 ], [ 36.768980788, 46.649417836 ], [ 36.772486483, 46.652697869 ] ] ], [ [ [ 36.804285184, 46.677478028 ], [ 36.805351957, 46.675583922 ], [ 36.805856874, 46.677551747 ], [ 36.804285184, 46.677478028 ] ] ], [ [ [ 36.806952295, 46.679728244 ], [ 36.806569642, 46.678581619 ], [ 36.809998055, 46.680477485 ], [ 36.806952295, 46.679728244 ] ] ], [ [ [ 36.805838505, 46.678004023 ], [ 36.802804385, 46.682246724 ], [ 36.802923139, 46.68706337 ], [ 36.803581997, 46.697547831 ], [ 36.807088854, 46.703901026 ], [ 36.804433486, 46.700405662 ], [ 36.801886875, 46.694148083 ], [ 36.801460503, 46.674537353 ], [ 36.802616577, 46.680071507 ], [ 36.805838505, 46.678004023 ] ] ], [ [ [ 36.805438011, 46.704211014 ], [ 36.806404286, 46.705638626 ], [ 36.804220556, 46.702835694 ], [ 36.805438011, 46.704211014 ] ] ] ] } },
{ "type": "Feature", "properties": { "shapeName": "Ivano-Frankivska", "shapeISO": "", "shapeID": "82583831B79719181911578", "shapeGroup": "UKR", "shapeType": "ADM1" }, "geometry": { "type": "Polygon", "coordinates": [ [ [ 24.562720914, 47.96845792 ], [ 24.575335111, 47.967446005 ], [ 24.583001111, 47.965025004 ], [ 24.58419011, 47.960830005 ], [ 24.595611109, 47.954395005 ], [ 24.598621109, 47.950129004 ], [ 24.595901109, 47.946968005 ], [ 24.597262108, 47.946287004 ], [ 24.601780629, 47.945314968 ], [ 24.610737592, 47.951709723 ], [ 24.623620237, 47.951844699 ], [ 24.628388104, 47.948087004 ], [ 24.632427104, 47.939921004 ], [ 24.629924105, 47.934374004 ], [ 24.636418104, 47.929874004 ], [ 24.635365104, 47.924534004 ], [ 24.651948102, 47.919130004 ], [ 24.653978103, 47.913752003 ], [ 24.652600103, 47.910665004 ], [ 24.661158101, 47.908926004 ], [ 24.673861101, 47.896463004 ], [ 24.6675191, 47.885624004 ], [ 24.6682211, 47.880984004 ], [ 24.666163101, 47.876739003 ], [ 24.6710371, 47.865647004 ], [ 24.6735981, 47.863247004 ], [ 24.681214099, 47.861396004 ], [ 24.686904099, 47.856535004 ], [ 24.693307099, 47.855942004 ], [ 24.703228097, 47.852325003 ], [ 24.706316095, 47.840242004 ], [ 24.720253095, 47.839277003 ], [ 24.734546472, 47.843909853 ], [ 24.739498093, 47.841081004 ], [ 24.740532093, 47.837274004 ], [ 24.753035581, 47.829782536 ], [ 24.758306091, 47.837061004 ], [ 24.763879091, 47.838800003 ], [ 24.778156804, 47.837287934 ], [ 24.77889109, 47.831297004 ], [ 24.784117249, 47.823442977 ], [ 24.794395294, 47.825041983 ], [ 24.804731012, 47.822336585 ], [ 24.808373159, 47.823220535 ], [ 24.827946085, 47.820494003 ], [ 24.821597085, 47.806154003 ], [ 24.833758085, 47.797590003 ], [ 24.836751084, 47.793452003 ], [ 24.836430084, 47.779627003 ], [ 24.851351082, 47.774608003 ], [ 24.85508508, 47.770757003 ], [ 24.855491083, 47.765582002 ], [ 24.878570081, 47.752592002 ], [ 24.87774408, 47.748877003 ], [ 24.880758078, 47.745956003 ], [ 24.88138808, 47.738922002 ], [ 24.886532081, 47.733810004 ], [ 24.883215079, 47.724275003 ], [ 24.922332958, 47.726808068 ], [ 24.920744782, 47.730802193 ], [ 24.923758791, 47.735076179 ], [ 24.923067034, 47.740945936 ], [ 24.927865462, 47.746347262 ], [ 24.92861145, 47.75240517 ], [ 24.936904665, 47.758313161 ], [ 24.936207981, 47.761337923 ], [ 24.939626037, 47.764633441 ], [ 24.938367574, 47.772962325 ], [ 24.946669138, 47.794250954 ], [ 24.950262383, 47.798670989 ], [ 24.957045374, 47.80087667 ], [ 24.956791288, 47.804641217 ], [ 24.960914068, 47.806024834 ], [ 24.960081596, 47.80826417 ], [ 24.96495066, 47.811033212 ], [ 24.964548366, 47.813988353 ], [ 24.974841258, 47.820102716 ], [ 24.973461458, 47.822325439 ], [ 24.97562172, 47.825780259 ], [ 24.981845873, 47.825906641 ], [ 24.984804492, 47.830505228 ], [ 24.982576391, 47.831751596 ], [ 24.986568701, 47.833536421 ], [ 24.989071425, 47.844950944 ], [ 24.994110958, 47.849141369 ], [ 24.997323503, 47.855600663 ], [ 24.99628939, 47.857567931 ], [ 24.990593874, 47.856982986 ], [ 24.985773497, 47.859754191 ], [ 24.981124081, 47.859985756 ], [ 24.9868779, 47.865351484 ], [ 24.985032306, 47.867831184 ], [ 24.975198915, 47.870688677 ], [ 24.971958277, 47.876412176 ], [ 24.968588238, 47.875647706 ], [ 24.967293445, 47.877623785 ], [ 24.966201349, 47.875991966 ], [ 24.96248739, 47.876498846 ], [ 24.956533926, 47.879159223 ], [ 24.956504172, 47.886312111 ], [ 24.953161059, 47.888977444 ], [ 24.948771761, 47.889757954 ], [ 24.948927615, 47.894651758 ], [ 24.944518508, 47.89790429 ], [ 24.949607486, 47.903442447 ], [ 24.954772517, 47.902327452 ], [ 24.961257575, 47.90398924 ], [ 24.957052014, 47.906958018 ], [ 24.960047031, 47.90804916 ], [ 24.960191197, 47.91103383 ], [ 24.956351049, 47.912593886 ], [ 24.957044728, 47.920009109 ], [ 24.95420719, 47.920128066 ], [ 24.951894796, 47.922290273 ], [ 24.949107391, 47.920873369 ], [ 24.946687101, 47.921873788 ], [ 24.944765076, 47.929472838 ], [ 24.938702637, 47.931138718 ], [ 24.936863396, 47.934513601 ], [ 24.932346641, 47.93701859 ], [ 24.926194581, 47.937544936 ], [ 24.919204813, 47.94651915 ], [ 24.921008274, 47.953091901 ], [ 24.927075638, 47.952575705 ], [ 24.928921027, 47.953905736 ], [ 24.918823513, 47.955721781 ], [ 24.916111294, 47.963504573 ], [ 24.9228358, 47.963251605 ], [ 24.923465967, 47.965205049 ], [ 24.918504831, 47.965818897 ], [ 24.914447649, 47.968605612 ], [ 24.916584476, 47.975552111 ], [ 24.913924356, 47.978126799 ], [ 24.908463545, 47.996560068 ], [ 24.913705352, 47.999869996 ], [ 24.912968894, 48.002891986 ], [ 24.920195956, 48.009537994 ], [ 24.917366628, 48.012962305 ], [ 24.912846441, 48.012978072 ], [ 24.911471753, 48.027091116 ], [ 24.921948313, 48.030940273 ], [ 24.920518262, 48.033829185 ], [ 24.936817931, 48.041323921 ], [ 24.942280787, 48.045856294 ], [ 24.939199076, 48.048367003 ], [ 24.95856993, 48.060133248 ], [ 24.969246065, 48.071530111 ], [ 24.976867772, 48.071196189 ], [ 24.974877055, 48.074282937 ], [ 24.986032291, 48.077988251 ], [ 24.994203928, 48.086529388 ], [ 24.995456745, 48.092638053 ], [ 24.988892578, 48.094681877 ], [ 24.985714927, 48.100509838 ], [ 24.98672825, 48.10284489 ], [ 24.981672781, 48.105983142 ], [ 24.979361178, 48.110235433 ], [ 24.982124091, 48.113419489 ], [ 24.991759349, 48.119502281 ], [ 25.000829967, 48.119993943 ], [ 25.007193399, 48.118080335 ], [ 25.009359443, 48.114919479 ], [ 25.021490329, 48.110973081 ], [ 25.02993311, 48.109926562 ], [ 25.036586001, 48.11171 ], [ 25.039670627, 48.115246034 ], [ 25.036015499, 48.122912415 ], [ 25.038523833, 48.127472145 ], [ 25.04731183, 48.130170048 ], [ 25.062603139, 48.129711861 ], [ 25.067488151, 48.132839519 ], [ 25.067847704, 48.138879275 ], [ 25.072157405, 48.145898695 ], [ 25.066213924, 48.151434021 ], [ 25.06622673, 48.157227611 ], [ 25.074014105, 48.159812962 ], [ 25.089012046, 48.159737256 ], [ 25.092824472, 48.162031599 ], [ 25.093355201, 48.1643346 ], [ 25.084980239, 48.168961459 ], [ 25.082163256, 48.172600517 ], [ 25.083596146, 48.177551709 ], [ 25.088039737, 48.181183936 ], [ 25.099423001, 48.185991 ], [ 25.113279026, 48.1849192 ], [ 25.127906935, 48.177594815 ], [ 25.132260997, 48.178194668 ], [ 25.137284573, 48.181300464 ], [ 25.137773325, 48.195813253 ], [ 25.13048875, 48.199545496 ], [ 25.124765608, 48.205072593 ], [ 25.115901807, 48.207577805 ], [ 25.114296521, 48.212057133 ], [ 25.119294323, 48.215018568 ], [ 25.119450742, 48.217746011 ], [ 25.116090899, 48.221074453 ], [ 25.107347199, 48.222893702 ], [ 25.106122204, 48.224932935 ], [ 25.121493764, 48.231255724 ], [ 25.125446994, 48.231571153 ], [ 25.127341597, 48.235933979 ], [ 25.135261632, 48.239396248 ], [ 25.143024479, 48.245227779 ], [ 25.150736086, 48.247973992 ], [ 25.175249154, 48.24487721 ], [ 25.193186902, 48.254945001 ], [ 25.196198349, 48.260679228 ], [ 25.216756286, 48.279900563 ], [ 25.220434369, 48.286204572 ], [ 25.232150695, 48.293348644 ], [ 25.246378103, 48.315284792 ], [ 25.256389431, 48.31570126 ], [ 25.259991948, 48.324190302 ], [ 25.266434171, 48.329164808 ], [ 25.27215009, 48.327312995 ], [ 25.275719172, 48.32899881 ], [ 25.27505017, 48.331237808 ], [ 25.271601651, 48.33265213 ], [ 25.279424653, 48.335146625 ], [ 25.281355169, 48.342699809 ], [ 25.29463617, 48.345743809 ], [ 25.300498168, 48.35426681 ], [ 25.306776168, 48.356800809 ], [ 25.315958878, 48.366072635 ], [ 25.329209307, 48.36938092 ], [ 25.355508742, 48.379715327 ], [ 25.36176163, 48.383564515 ], [ 25.372353271, 48.385512176 ], [ 25.378388514, 48.390346727 ], [ 25.390173752, 48.388629401 ], [ 25.402386726, 48.389927421 ], [ 25.402353821, 48.392727517 ], [ 25.409825581, 48.39519286 ], [ 25.416055269, 48.392066358 ], [ 25.421936606, 48.39508924 ], [ 25.432507722, 48.394264049 ], [ 25.442743404, 48.400611973 ], [ 25.453902316, 48.402575808 ], [ 25.461869911, 48.40001234 ], [ 25.470697942, 48.401517775 ], [ 25.475435224, 48.398784693 ], [ 25.482311883, 48.401035849 ], [ 25.489278071, 48.399182067 ], [ 25.502914372, 48.4005315 ], [ 25.506976259, 48.400359175 ], [ 25.509936922, 48.398532419 ], [ 25.520832127, 48.39926428 ], [ 25.528620821, 48.393611256 ], [ 25.533826792, 48.392078243 ], [ 25.537457651, 48.386510643 ], [ 25.54724556, 48.384623832 ], [ 25.548132542, 48.381262308 ], [ 25.553874809, 48.382595276 ], [ 25.570320853, 48.379143173 ], [ 25.579384192, 48.380417647 ], [ 25.588674382, 48.377788824 ], [ 25.601220408, 48.376813808 ], [ 25.612590877, 48.380429159 ], [ 25.621104536, 48.380379704 ], [ 25.620503238, 48.387772136 ], [ 25.616411574, 48.392032996 ], [ 25.620557956, 48.39806197 ], [ 25.617823652, 48.403132402 ], [ 25.620284887, 48.408795312 ], [ 25.613703093, 48.41303907 ], [ 25.603718476, 48.410047944 ], [ 25.600182408, 48.41470875 ], [ 25.605181865, 48.417802147 ], [ 25.610874636, 48.428659851 ], [ 25.602713614, 48.446055676 ], [ 25.606785601, 48.451442532 ], [ 25.605931106, 48.465185402 ], [ 25.597857257, 48.473515489 ], [ 25.601009458, 48.478904252 ], [ 25.601972284, 48.489942419 ], [ 25.599480339, 48.500540802 ], [ 25.606047798, 48.514377069 ], [ 25.609190099, 48.527069458 ], [ 25.607559725, 48.536678195 ], [ 25.601780766, 48.5388933 ], [ 25.599699208, 48.54272811 ], [ 25.603944814, 48.550971125 ], [ 25.59805894, 48.557892146 ], [ 25.600701715, 48.560603031 ], [ 25.59818589, 48.56525653 ], [ 25.603360741, 48.57022554 ], [ 25.596069557, 48.576670331 ], [ 25.593279175, 48.583638314 ], [ 25.587328935, 48.589908106 ], [ 25.590659052, 48.606605098 ], [ 25.588178497, 48.620361562 ], [ 25.589654886, 48.622735082 ], [ 25.585958472, 48.627528395 ], [ 25.585120457, 48.633999728 ], [ 25.60714187, 48.653187214 ], [ 25.622117382, 48.661005774 ], [ 25.622047026, 48.666513579 ], [ 25.628090107, 48.672825492 ], [ 25.621443035, 48.677114076 ], [ 25.621326494, 48.680847599 ], [ 25.626826214, 48.685300126 ], [ 25.641397744, 48.691217021 ], [ 25.648974282, 48.696254531 ], [ 25.652953113, 48.705469074 ], [ 25.646069962, 48.711413455 ], [ 25.613856072, 48.717277279 ], [ 25.610549115, 48.720952856 ], [ 25.610158525, 48.72555991 ], [ 25.614481042, 48.729860823 ], [ 25.637333433, 48.739661738 ], [ 25.641219519, 48.745191676 ], [ 25.639483861, 48.749159613 ], [ 25.631680698, 48.753805105 ], [ 25.599725315, 48.765795435 ], [ 25.5673209, 48.790996781 ], [ 25.553689827, 48.799033589 ], [ 25.542680707, 48.803198033 ], [ 25.525591337, 48.803038034 ], [ 25.504133191, 48.806802861 ], [ 25.484527672, 48.82115554 ], [ 25.45422746, 48.831454061 ], [ 25.449658679, 48.837013346 ], [ 25.450177744, 48.839405782 ], [ 25.463774216, 48.849159469 ], [ 25.46959849, 48.856106035 ], [ 25.465432331, 48.860328033 ], [ 25.453017205, 48.866681554 ], [ 25.435599225, 48.872242925 ], [ 25.427534161, 48.868969242 ], [ 25.427092809, 48.864195839 ], [ 25.43582781, 48.854512008 ], [ 25.439053158, 48.847465605 ], [ 25.435593148, 48.844445631 ], [ 25.428042235, 48.842739292 ], [ 25.407499442, 48.846541243 ], [ 25.367980226, 48.858186286 ], [ 25.354741598, 48.859591741 ], [ 25.345170533, 48.857708942 ], [ 25.341426705, 48.854876653 ], [ 25.34110237, 48.847160968 ], [ 25.344661055, 48.837539932 ], [ 25.325485447, 48.837884555 ], [ 25.325575462, 48.84301074 ], [ 25.321300714, 48.846766129 ], [ 25.313974058, 48.846856684 ], [ 25.301245906, 48.843819162 ], [ 25.291279594, 48.845322582 ], [ 25.283710286, 48.862333934 ], [ 25.262076262, 48.86674733 ], [ 25.237580481, 48.865567362 ], [ 25.234452211, 48.86320103 ], [ 25.227740351, 48.847855913 ], [ 25.220451262, 48.845321263 ], [ 25.211160927, 48.845967507 ], [ 25.208681803, 48.848837525 ], [ 25.210457968, 48.853756837 ], [ 25.225024028, 48.874721933 ], [ 25.229430109, 48.884701269 ], [ 25.229721494, 48.909115357 ], [ 25.238166432, 48.922156383 ], [ 25.235396115, 48.931291825 ], [ 25.231303655, 48.932344379 ], [ 25.225708332, 48.931207187 ], [ 25.210490578, 48.92196805 ], [ 25.194004639, 48.927446289 ], [ 25.190582731, 48.926791882 ], [ 25.190980683, 48.92293693 ], [ 25.198159984, 48.914694159 ], [ 25.178930598, 48.901060903 ], [ 25.171506364, 48.898414673 ], [ 25.167303986, 48.893558843 ], [ 25.16685506, 48.890618821 ], [ 25.173383822, 48.883954737 ], [ 25.172812921, 48.874067024 ], [ 25.1677712, 48.867495795 ], [ 25.160728426, 48.865417416 ], [ 25.150424722, 48.868920605 ], [ 25.143557496, 48.873564279 ], [ 25.136656493, 48.874891926 ], [ 25.138030053, 48.877495863 ], [ 25.135567762, 48.890865572 ], [ 25.129112195, 48.901347265 ], [ 25.127354055, 48.90826193 ], [ 25.118486817, 48.920553649 ], [ 25.119766377, 48.926862024 ], [ 25.1362432, 48.933634461 ], [ 25.14511222, 48.93973367 ], [ 25.147310184, 48.943273287 ], [ 25.145598515, 48.946001642 ], [ 25.134285983, 48.950964871 ], [ 25.128326747, 48.956372267 ], [ 25.114474009, 48.960997072 ], [ 25.108487384, 48.965189048 ], [ 25.111462831, 48.968302483 ], [ 25.106860865, 48.980999618 ], [ 25.109691951, 48.986389935 ], [ 25.116783178, 48.992462819 ], [ 25.113860489, 48.996984108 ], [ 25.11095498, 48.997170313 ], [ 25.103480977, 48.99233698 ], [ 25.103168864, 48.987752721 ], [ 25.098138293, 48.985570924 ], [ 25.096107005, 48.982088404 ], [ 25.087637976, 48.979633733 ], [ 25.087535009, 48.983803805 ], [ 25.078137972, 48.984234823 ], [ 25.075996683, 48.987214976 ], [ 25.052878385, 48.992846584 ], [ 25.048813858, 48.997102686 ], [ 25.034860227, 49.000784493 ], [ 25.031390204, 49.00445985 ], [ 25.017628611, 49.011331923 ], [ 25.006408366, 49.005174296 ], [ 24.965618647, 48.992330225 ], [ 24.964630939, 48.996475877 ], [ 24.972183734, 49.00352621 ], [ 24.969542507, 49.011249488 ], [ 24.961475776, 49.015818053 ], [ 24.959798945, 49.020106521 ], [ 24.937302818, 49.03025914 ], [ 24.931849092, 49.035838927 ], [ 24.925285435, 49.038337829 ], [ 24.915768364, 49.045214296 ], [ 24.911303016, 49.050953153 ], [ 24.904916597, 49.049672542 ], [ 24.902992149, 49.054518725 ], [ 24.905959558, 49.065606686 ], [ 24.912383224, 49.067585457 ], [ 24.915853039, 49.074539584 ], [ 24.912135138, 49.078729814 ], [ 24.916308291, 49.083007177 ], [ 24.921118184, 49.081351164 ], [ 24.92178447, 49.082470693 ], [ 24.941219838, 49.080184827 ], [ 24.943695202, 49.077610036 ], [ 24.94471201, 49.079655011 ], [ 24.958820752, 49.075785689 ], [ 24.962776877, 49.076377008 ], [ 24.9658044, 49.07205341 ], [ 24.991130555, 49.071292906 ], [ 24.991632173, 49.078593124 ], [ 24.988601699, 49.078861245 ], [ 24.989134571, 49.083082572 ], [ 24.985980564, 49.081742706 ], [ 24.985669656, 49.078584338 ], [ 24.973682841, 49.082527028 ], [ 24.975674914, 49.083580729 ], [ 24.97472948, 49.086154521 ], [ 24.978457004, 49.087319324 ], [ 24.979865889, 49.089749349 ], [ 24.978196417, 49.094564536 ], [ 24.974091385, 49.097557089 ], [ 24.97696729, 49.099607901 ], [ 24.977891123, 49.106148066 ], [ 24.983684628, 49.112322368 ], [ 24.982577316, 49.115455516 ], [ 24.985571876, 49.116704776 ], [ 24.972203465, 49.12040181 ], [ 24.956432494, 49.127605761 ], [ 24.951734198, 49.125345529 ], [ 24.899896158, 49.129118453 ], [ 24.893239878, 49.138979662 ], [ 24.879937952, 49.147025953 ], [ 24.866525731, 49.161833645 ], [ 24.861482105, 49.159808508 ], [ 24.86023263, 49.162483664 ], [ 24.856439217, 49.163639869 ], [ 24.85783186, 49.178621145 ], [ 24.887423582, 49.198568979 ], [ 24.898768875, 49.21477822 ], [ 24.91439671, 49.222773896 ], [ 24.933493197, 49.229621991 ], [ 24.933276456, 49.235535077 ], [ 24.926857469, 49.238384935 ], [ 24.911224708, 49.239590218 ], [ 24.901411712, 49.242699948 ], [ 24.893674351, 49.247755286 ], [ 24.869677369, 49.258178408 ], [ 24.860113041, 49.257793881 ], [ 24.843492122, 49.262698408 ], [ 24.843926535, 49.270506006 ], [ 24.840459859, 49.283079757 ], [ 24.82808737, 49.285483564 ], [ 24.831997146, 49.305003059 ], [ 24.828696006, 49.311080135 ], [ 24.828689001, 49.320486999 ], [ 24.833395604, 49.319696208 ], [ 24.837182337, 49.325076201 ], [ 24.839807488, 49.324154741 ], [ 24.844286873, 49.332807715 ], [ 24.843462, 49.336262 ], [ 24.849245083, 49.335580622 ], [ 24.852012144, 49.345697975 ], [ 24.857161993, 49.345462017 ], [ 24.859118421, 49.347182621 ], [ 24.850230168, 49.353034855 ], [ 24.843301451, 49.354328695 ], [ 24.833723, 49.362806 ], [ 24.828431762, 49.38588501 ], [ 24.815166005, 49.387189972 ], [ 24.8112219, 49.391170441 ], [ 24.796452266, 49.382206921 ], [ 24.778361066, 49.381225198 ], [ 24.780036019, 49.38399734 ], [ 24.776591552, 49.385997688 ], [ 24.772905063, 49.393995719 ], [ 24.774416266, 49.413163976 ], [ 24.767125638, 49.424580113 ], [ 24.770588999, 49.427461 ], [ 24.770891, 49.431585 ], [ 24.761928595, 49.441669264 ], [ 24.750712871, 49.449631982 ], [ 24.751360401, 49.451123093 ], [ 24.745105637, 49.459798341 ], [ 24.744732288, 49.466058913 ], [ 24.729498271, 49.480082716 ], [ 24.723981563, 49.481641955 ], [ 24.729076328, 49.485417841 ], [ 24.730796215, 49.490765823 ], [ 24.720709275, 49.496901694 ], [ 24.6995743, 49.493347028 ], [ 24.684585188, 49.498266557 ], [ 24.677409532, 49.496505203 ], [ 24.655923299, 49.505338462 ], [ 24.651238776, 49.49989054 ], [ 24.640681536, 49.501602063 ], [ 24.638517152, 49.497649141 ], [ 24.631547173, 49.500736697 ], [ 24.62076166, 49.511150438 ], [ 24.616586857, 49.508779009 ], [ 24.603683333, 49.512986094 ], [ 24.589654589, 49.51909101 ], [ 24.579385298, 49.526232454 ], [ 24.57567815, 49.526585197 ], [ 24.576658921, 49.528043816 ], [ 24.574365235, 49.529604039 ], [ 24.573330526, 49.53430922 ], [ 24.570301636, 49.534469025 ], [ 24.548493701, 49.527132959 ], [ 24.542036421, 49.524659783 ], [ 24.542733549, 49.522713253 ], [ 24.53659044, 49.522760631 ], [ 24.530420702, 49.524951598 ], [ 24.527708885, 49.522782337 ], [ 24.51937918, 49.521520321 ], [ 24.520601404, 49.523590786 ], [ 24.512830532, 49.528017452 ], [ 24.514339705, 49.531652711 ], [ 24.507580126, 49.535511701 ], [ 24.510839572, 49.539147344 ], [ 24.51944946, 49.53816979 ], [ 24.523823566, 49.540188724 ], [ 24.521336123, 49.542631802 ], [ 24.506620886, 49.547700258 ], [ 24.507781598, 49.551875006 ], [ 24.502821014, 49.555539917 ], [ 24.495279185, 49.55706022 ], [ 24.49406458, 49.555282158 ], [ 24.479766072, 49.559162486 ], [ 24.472611836, 49.559316677 ], [ 24.474056722, 49.556404769 ], [ 24.481226265, 49.5539548 ], [ 24.480481544, 49.552655129 ], [ 24.467339337, 49.555029881 ], [ 24.468248155, 49.548262198 ], [ 24.459735063, 49.551953784 ], [ 24.456069783, 49.551731386 ], [ 24.451371789, 49.546041247 ], [ 24.434474354, 49.536705855 ], [ 24.446219967, 49.507284864 ], [ 24.441014238, 49.505805768 ], [ 24.439772855, 49.503714098 ], [ 24.412166348, 49.504433031 ], [ 24.402251782, 49.495720245 ], [ 24.407164692, 49.482690032 ], [ 24.414348259, 49.472483334 ], [ 24.417848292, 49.473702043 ], [ 24.410404233, 49.444875778 ], [ 24.383782318, 49.442487648 ], [ 24.371572714, 49.435681366 ], [ 24.370124594, 49.429865707 ], [ 24.373606137, 49.429841547 ], [ 24.37590244, 49.412784934 ], [ 24.388098996, 49.408064655 ], [ 24.389324352, 49.402736693 ], [ 24.387131293, 49.395154928 ], [ 24.405223225, 49.393493586 ], [ 24.41957805, 49.388045919 ], [ 24.420271452, 49.386623987 ], [ 24.423659088, 49.386494099 ], [ 24.422676003, 49.384811327 ], [ 24.436895892, 49.380509075 ], [ 24.430905887, 49.378039122 ], [ 24.429225591, 49.373374253 ], [ 24.41627147, 49.368283743 ], [ 24.406861204, 49.366363434 ], [ 24.409481427, 49.362458928 ], [ 24.403208826, 49.358434932 ], [ 24.403791532, 49.355553252 ], [ 24.396977697, 49.358359287 ], [ 24.390833289, 49.353952952 ], [ 24.396094361, 49.352598928 ], [ 24.39375524, 49.340845322 ], [ 24.401623102, 49.339008921 ], [ 24.400109369, 49.335786368 ], [ 24.39327261, 49.332739616 ], [ 24.380524582, 49.307996059 ], [ 24.358522672, 49.32225997 ], [ 24.34596809, 49.311323886 ], [ 24.34295109, 49.312394208 ], [ 24.341399337, 49.310454526 ], [ 24.301701988, 49.315941173 ], [ 24.298812585, 49.292050027 ], [ 24.305381057, 49.277297906 ], [ 24.311822885, 49.278157948 ], [ 24.324457466, 49.286009663 ], [ 24.331610043, 49.287609165 ], [ 24.338963784, 49.291969859 ], [ 24.358174167, 49.285989243 ], [ 24.35884187, 49.280779159 ], [ 24.363890728, 49.28035275 ], [ 24.35996378, 49.272022086 ], [ 24.353473924, 49.272468084 ], [ 24.352624692, 49.253375394 ], [ 24.348004709, 49.254073079 ], [ 24.343825666, 49.243530568 ], [ 24.340354017, 49.242065801 ], [ 24.348306258, 49.232520589 ], [ 24.354354957, 49.234115197 ], [ 24.380270022, 49.230564681 ], [ 24.388181126, 49.227797643 ], [ 24.40559438, 49.228631484 ], [ 24.431195233, 49.233170147 ], [ 24.441321976, 49.230207408 ], [ 24.44875648, 49.231230151 ], [ 24.443079993, 49.222265643 ], [ 24.445900764, 49.216258585 ], [ 24.43942095, 49.215851221 ], [ 24.439068605, 49.213860467 ], [ 24.442631754, 49.212470542 ], [ 24.437600595, 49.206559701 ], [ 24.435416366, 49.207489573 ], [ 24.43875701, 49.199674374 ], [ 24.431618139, 49.190692005 ], [ 24.435862545, 49.182460398 ], [ 24.434100052, 49.17790802 ], [ 24.437497118, 49.176523428 ], [ 24.43510535, 49.173744552 ], [ 24.416333052, 49.168080106 ], [ 24.391699429, 49.181019674 ], [ 24.383686486, 49.189171136 ], [ 24.357050389, 49.185871782 ], [ 24.353369012, 49.181367574 ], [ 24.349568704, 49.180387977 ], [ 24.334000896, 49.180116091 ], [ 24.307528701, 49.17071126 ], [ 24.294003954, 49.168106816 ], [ 24.280982249, 49.168202714 ], [ 24.254634922, 49.154607681 ], [ 24.248006724, 49.149340175 ], [ 24.245533901, 49.150841444 ], [ 24.234301441, 49.144531317 ], [ 24.219865697, 49.145205469 ], [ 24.207316544, 49.148792542 ], [ 24.206656073, 49.146256305 ], [ 24.195143729, 49.13763869 ], [ 24.181729108, 49.143051472 ], [ 24.17187191, 49.143732225 ], [ 24.165115846, 49.136648981 ], [ 24.165903995, 49.127575195 ], [ 24.154476859, 49.127561137 ], [ 24.149410398, 49.129434804 ], [ 24.139333999, 49.140416001 ], [ 24.120162001, 49.138086999 ], [ 24.108371474, 49.140432526 ], [ 24.099850369, 49.144634719 ], [ 24.083896118, 49.149144641 ], [ 24.080965408, 49.145296959 ], [ 24.076677924, 49.146637576 ], [ 24.058504999, 49.147062 ], [ 24.042541029, 49.13058406 ], [ 24.021300758, 49.1163952 ], [ 24.013596001, 49.118051 ], [ 24.012685001, 49.12511 ], [ 24.008034069, 49.129715417 ], [ 23.988541, 49.133229 ], [ 23.979779001, 49.138027 ], [ 23.969983999, 49.139965 ], [ 23.957320672, 49.129363753 ], [ 23.946036323, 49.127126814 ], [ 23.932263661, 49.121641173 ], [ 23.928238053, 49.116926294 ], [ 23.91394125, 49.109635293 ], [ 23.905946644, 49.099212065 ], [ 23.878594596, 49.108693076 ], [ 23.830140514, 49.113349109 ], [ 23.822279583, 49.110028212 ], [ 23.809997595, 49.109874129 ], [ 23.803327758, 49.106869109 ], [ 23.799117671, 49.106759682 ], [ 23.791556007, 49.114856411 ], [ 23.783810999, 49.119437 ], [ 23.774254499, 49.116111384 ], [ 23.761480397, 49.124495418 ], [ 23.752729082, 49.124002534 ], [ 23.753051, 49.116267 ], [ 23.737625673, 49.10941882 ], [ 23.737280654, 49.103711495 ], [ 23.726744251, 49.096736638 ], [ 23.719542111, 49.094037138 ], [ 23.710542528, 49.101794436 ], [ 23.706054001, 49.097984999 ], [ 23.699140892, 49.100728441 ], [ 23.695805248, 49.097309422 ], [ 23.691086589, 49.096296052 ], [ 23.684157, 49.087443 ], [ 23.685339, 49.083479 ], [ 23.676824983, 49.075030362 ], [ 23.679935296, 49.071783022 ], [ 23.686068509, 49.069709412 ], [ 23.687776039, 49.065753652 ], [ 23.681187055, 49.061639585 ], [ 23.677206001, 49.051064 ], [ 23.677647999, 49.043826999 ], [ 23.672998158, 49.040347811 ], [ 23.672845999, 49.035941001 ], [ 23.664205001, 49.028108999 ], [ 23.659815674, 49.025682094 ], [ 23.655637999, 49.026651 ], [ 23.649703651, 49.022648483 ], [ 23.64285974, 49.025264677 ], [ 23.640870789, 49.029811769 ], [ 23.636239984, 49.031571828 ], [ 23.629684825, 49.027521301 ], [ 23.621892743, 49.025393664 ], [ 23.620186754, 49.022564605 ], [ 23.62468, 49.013831 ], [ 23.611931885, 49.005161938 ], [ 23.59894227, 48.999981019 ], [ 23.585832529, 48.987096048 ], [ 23.575681999, 48.979449 ], [ 23.565752655, 48.974633419 ], [ 23.567903849, 48.968916217 ], [ 23.577839841, 48.964941907 ], [ 23.579839, 48.958750999 ], [ 23.585305, 48.955905 ], [ 23.585801, 48.953262 ], [ 23.583658586, 48.94580496 ], [ 23.569131811, 48.92611528 ], [ 23.562784, 48.910133 ], [ 23.571827684, 48.899326943 ], [ 23.572475, 48.893138999 ], [ 23.577777532, 48.886459925 ], [ 23.589703, 48.882327 ], [ 23.596542126, 48.883760836 ], [ 23.607367001, 48.882376 ], [ 23.607756999, 48.878129 ], [ 23.606725472, 48.873271343 ], [ 23.597942618, 48.872757293 ], [ 23.592475874, 48.87075476 ], [ 23.583024809, 48.871993534 ], [ 23.575883487, 48.866603881 ], [ 23.568663928, 48.854158821 ], [ 23.574410862, 48.845622543 ], [ 23.567506562, 48.842536414 ], [ 23.569497416, 48.838914376 ], [ 23.564597169, 48.82904392 ], [ 23.55150825, 48.822472235 ], [ 23.556182172, 48.819801585 ], [ 23.557805771, 48.81439167 ], [ 23.570131581, 48.803915241 ], [ 23.569694118, 48.795689559 ], [ 23.574437908, 48.787801159 ], [ 23.578998215, 48.784464535 ], [ 23.576139908, 48.781314844 ], [ 23.577491476, 48.778314423 ], [ 23.568697609, 48.773132319 ], [ 23.565424397, 48.766821712 ], [ 23.560841379, 48.763245224 ], [ 23.56089676, 48.759461826 ], [ 23.554965094, 48.75058943 ], [ 23.552803933, 48.742510584 ], [ 23.549719793, 48.74031559 ], [ 23.544620797, 48.74071641 ], [ 23.548887951, 48.738495238 ], [ 23.549763375, 48.735332482 ], [ 23.548214253, 48.725116597 ], [ 23.552525497, 48.724076502 ], [ 23.570144291, 48.72479224 ], [ 23.58535991, 48.718399399 ], [ 23.592074514, 48.717954296 ], [ 23.59853961, 48.705257715 ], [ 23.607744627, 48.70606408 ], [ 23.613734415, 48.703867824 ], [ 23.617617083, 48.706492771 ], [ 23.625452973, 48.706610558 ], [ 23.630154738, 48.704397854 ], [ 23.638219072, 48.698656765 ], [ 23.635785604, 48.694098159 ], [ 23.639718439, 48.690156653 ], [ 23.637346265, 48.684287154 ], [ 23.643678637, 48.682536354 ], [ 23.653941525, 48.677004002 ], [ 23.656067397, 48.674148631 ], [ 23.661160516, 48.672816855 ], [ 23.663529136, 48.667567501 ], [ 23.674042931, 48.665331079 ], [ 23.687142792, 48.647358521 ], [ 23.698171152, 48.643571283 ], [ 23.705105956, 48.639123176 ], [ 23.715483937, 48.637701493 ], [ 23.732785747, 48.638041878 ], [ 23.740088551, 48.642645369 ], [ 23.741971752, 48.645878445 ], [ 23.74506991, 48.64660887 ], [ 23.755148243, 48.643948729 ], [ 23.765409468, 48.645949003 ], [ 23.772168648, 48.640979646 ], [ 23.778804811, 48.643607408 ], [ 23.78355189, 48.641119447 ], [ 23.788961487, 48.640660579 ], [ 23.797462012, 48.63254107 ], [ 23.79416, 48.629558513 ], [ 23.796315931, 48.620509342 ], [ 23.794095041, 48.615412673 ], [ 23.787837458, 48.613383481 ], [ 23.786420081, 48.61094292 ], [ 23.786757209, 48.605676972 ], [ 23.790628713, 48.602210222 ], [ 23.79669192, 48.600422602 ], [ 23.791139312, 48.594503699 ], [ 23.792108953, 48.591751632 ], [ 23.802069972, 48.585655023 ], [ 23.803993073, 48.580651099 ], [ 23.835466221, 48.579427581 ], [ 23.832522733, 48.567519354 ], [ 23.857390253, 48.552735015 ], [ 23.869470257, 48.556520649 ], [ 23.881377061, 48.553246356 ], [ 23.886423639, 48.554764954 ], [ 23.891727607, 48.554471088 ], [ 23.906787929, 48.562972168 ], [ 23.913127397, 48.555188129 ], [ 23.928893152, 48.552318237 ], [ 23.926761477, 48.547197614 ], [ 23.918807922, 48.542730015 ], [ 23.918056063, 48.536737065 ], [ 23.914221752, 48.533432632 ], [ 23.920174666, 48.529067664 ], [ 23.917617144, 48.525434642 ], [ 23.92155357, 48.522791445 ], [ 23.919560757, 48.52064197 ], [ 23.924770743, 48.513017178 ], [ 23.916410291, 48.506463348 ], [ 23.919281254, 48.493530837 ], [ 23.913180675, 48.488796239 ], [ 23.914975137, 48.487301809 ], [ 23.908908661, 48.484933509 ], [ 23.907428119, 48.482312425 ], [ 23.912591793, 48.472484082 ], [ 23.925027514, 48.465289732 ], [ 23.940441772, 48.462294371 ], [ 23.945278499, 48.46271666 ], [ 23.953135749, 48.459496872 ], [ 23.965829464, 48.458491072 ], [ 23.980499779, 48.465595947 ], [ 23.980269279, 48.469072735 ], [ 23.976214748, 48.471667937 ], [ 23.973267024, 48.477008875 ], [ 23.981398142, 48.480250123 ], [ 23.994046982, 48.501750051 ], [ 24.002825757, 48.506500764 ], [ 24.007373876, 48.503332363 ], [ 24.015506413, 48.505045484 ], [ 24.023706222, 48.50474473 ], [ 24.030017012, 48.500979791 ], [ 24.03431122, 48.501281342 ], [ 24.039316824, 48.50412032 ], [ 24.046309083, 48.512074096 ], [ 24.057147186, 48.513730167 ], [ 24.066970782, 48.517622186 ], [ 24.077080942, 48.512607692 ], [ 24.079165182, 48.516363849 ], [ 24.088082227, 48.519790358 ], [ 24.08856802, 48.527150193 ], [ 24.096805691, 48.524576049 ], [ 24.10102151, 48.524970958 ], [ 24.110410895, 48.53354263 ], [ 24.114321523, 48.534653773 ], [ 24.123547542, 48.533820933 ], [ 24.131518607, 48.529016725 ], [ 24.133002426, 48.52472149 ], [ 24.128821713, 48.517645476 ], [ 24.122990579, 48.513020435 ], [ 24.121850717, 48.506973298 ], [ 24.114126719, 48.497171947 ], [ 24.125489886, 48.491708821 ], [ 24.140236308, 48.480858226 ], [ 24.129731014, 48.471124247 ], [ 24.126297121, 48.470549883 ], [ 24.124841052, 48.462172864 ], [ 24.128968349, 48.458572109 ], [ 24.125027861, 48.453194087 ], [ 24.129166815, 48.450870832 ], [ 24.127009636, 48.447683053 ], [ 24.131995762, 48.43918365 ], [ 24.134749816, 48.437175276 ], [ 24.145422187, 48.43453048 ], [ 24.142773551, 48.429644733 ], [ 24.145635618, 48.419682858 ], [ 24.140660652, 48.408664786 ], [ 24.152257815, 48.400877518 ], [ 24.147902501, 48.389344673 ], [ 24.15156705, 48.386439239 ], [ 24.164902393, 48.383040235 ], [ 24.167710894, 48.376683001 ], [ 24.172698181, 48.375112112 ], [ 24.179539334, 48.375333099 ], [ 24.179438865, 48.364814703 ], [ 24.184388052, 48.364002804 ], [ 24.191851413, 48.36644555 ], [ 24.202627197, 48.363283312 ], [ 24.209948524, 48.365340261 ], [ 24.226596471, 48.355852956 ], [ 24.239063229, 48.358619355 ], [ 24.246463467, 48.35753168 ], [ 24.251664446, 48.352471647 ], [ 24.258246097, 48.349740582 ], [ 24.26583369, 48.354688107 ], [ 24.267849157, 48.361584006 ], [ 24.274727538, 48.365915834 ], [ 24.273080875, 48.368622804 ], [ 24.274849443, 48.371663591 ], [ 24.282184782, 48.374439914 ], [ 24.282680153, 48.377902006 ], [ 24.288770152, 48.380773006 ], [ 24.281143154, 48.391701005 ], [ 24.285361292, 48.396787827 ], [ 24.283656148, 48.401120026 ], [ 24.288703775, 48.400828294 ], [ 24.294350289, 48.39796943 ], [ 24.304822602, 48.396790249 ], [ 24.315896464, 48.393206513 ], [ 24.319598249, 48.389526287 ], [ 24.331023424, 48.389142914 ], [ 24.336221019, 48.386312298 ], [ 24.343368265, 48.385180778 ], [ 24.344453679, 48.381520908 ], [ 24.350976287, 48.380907624 ], [ 24.358383747, 48.373263369 ], [ 24.353958151, 48.370227688 ], [ 24.351774079, 48.364994058 ], [ 24.352168002, 48.360424128 ], [ 24.35778736, 48.352032965 ], [ 24.366996644, 48.348960123 ], [ 24.371865807, 48.349955791 ], [ 24.38069244, 48.345637098 ], [ 24.384390139, 48.345366005 ], [ 24.38560714, 48.342045005 ], [ 24.389510634, 48.341641336 ], [ 24.391825845, 48.3393751 ], [ 24.393367536, 48.334838507 ], [ 24.398250584, 48.333853662 ], [ 24.402404755, 48.335488246 ], [ 24.409395794, 48.332355368 ], [ 24.416997867, 48.331983254 ], [ 24.416773224, 48.325686295 ], [ 24.423581921, 48.322886482 ], [ 24.431123494, 48.313300641 ], [ 24.436985818, 48.313947103 ], [ 24.439592046, 48.31221187 ], [ 24.439512778, 48.308070429 ], [ 24.44568405, 48.302294056 ], [ 24.451136602, 48.299339018 ], [ 24.45752116, 48.298208068 ], [ 24.460115897, 48.295726912 ], [ 24.459505652, 48.29255583 ], [ 24.468658735, 48.290396533 ], [ 24.475914786, 48.282779753 ], [ 24.481914977, 48.28370316 ], [ 24.48824718, 48.279827948 ], [ 24.490417722, 48.272465849 ], [ 24.486679513, 48.269067091 ], [ 24.488655374, 48.262350095 ], [ 24.487144873, 48.252928488 ], [ 24.483535772, 48.247859081 ], [ 24.484781767, 48.24395073 ], [ 24.498161047, 48.242162072 ], [ 24.521105788, 48.236172246 ], [ 24.537760953, 48.226047135 ], [ 24.545432247, 48.215928255 ], [ 24.52965276, 48.21149846 ], [ 24.52467521, 48.201965739 ], [ 24.520700107, 48.200730981 ], [ 24.525715898, 48.195488587 ], [ 24.516026603, 48.187715701 ], [ 24.510956866, 48.185718679 ], [ 24.520272163, 48.176750844 ], [ 24.516674266, 48.172113137 ], [ 24.505759058, 48.168061003 ], [ 24.501109171, 48.161801362 ], [ 24.500239466, 48.159720683 ], [ 24.504118538, 48.153254901 ], [ 24.523529912, 48.143803978 ], [ 24.525058431, 48.139153062 ], [ 24.531502993, 48.133755531 ], [ 24.531103667, 48.123527651 ], [ 24.55511535, 48.117962457 ], [ 24.558318834, 48.112698277 ], [ 24.556980522, 48.107544088 ], [ 24.558758554, 48.105437663 ], [ 24.565223468, 48.10512787 ], [ 24.571788822, 48.102686291 ], [ 24.580456186, 48.097563285 ], [ 24.585074869, 48.09262491 ], [ 24.595670111, 48.089959269 ], [ 24.603932204, 48.077101745 ], [ 24.615211467, 48.06683509 ], [ 24.619712267, 48.06483903 ], [ 24.626633078, 48.049645104 ], [ 24.626936413, 48.046807405 ], [ 24.616032723, 48.041623279 ], [ 24.612477462, 48.037060638 ], [ 24.600152661, 48.036587464 ], [ 24.595627126, 48.034190152 ], [ 24.588311578, 48.025091704 ], [ 24.580051365, 48.02053185 ], [ 24.574538898, 48.014291569 ], [ 24.570549335, 48.004051391 ], [ 24.573618092, 47.99923066 ], [ 24.567882747, 47.996745168 ], [ 24.566571307, 47.9816052 ], [ 24.563017112, 47.976393582 ], [ 24.562720914, 47.96845792 ] ] ] } },
{ "type": "Feature", "properties": { "shapeName": "Kyivska", "shapeISO": "", "shapeID": "82583831B27908373306414", "shapeGroup": "UKR", "shapeType": "ADM1" }, "geometry": { "type": "MultiPolygon", "coordinates": [ [ [ [ 29.736541301, 49.228401316 ], [ 29.739867001, 49.226074929 ], [ 29.747131013, 49.224447943 ], [ 29.754749686, 49.226095116 ], [ 29.744900865, 49.22283162 ], [ 29.746359412, 49.221203046 ], [ 29.744695241, 49.220882881 ], [ 29.744587537, 49.217992306 ], [ 29.74047489, 49.216859878 ], [ 29.741914881, 49.211374176 ], [ 29.727328071, 49.208100992 ], [ 29.760137635, 49.179782513 ], [ 29.814807976, 49.186516476 ], [ 29.819197409, 49.178566314 ], [ 29.857767928, 49.188462053 ], [ 29.882216815, 49.186126798 ], [ 29.884069436, 49.188495057 ], [ 29.882742927, 49.193648776 ], [ 29.876768986, 49.20026209 ], [ 29.897742363, 49.20479244 ], [ 29.893733667, 49.208388995 ], [ 29.908938889, 49.216487096 ], [ 29.904320814, 49.221520074 ], [ 29.920937174, 49.230123946 ], [ 29.931134228, 49.242315087 ], [ 29.932077366, 49.248594101 ], [ 29.952623737, 49.250178077 ], [ 29.955580879, 49.252175104 ], [ 29.957012544, 49.286253356 ], [ 29.944115137, 49.302225016 ], [ 29.948385198, 49.311919089 ], [ 29.95436316, 49.311572271 ], [ 29.95994758, 49.306253888 ], [ 29.983488995, 49.315607618 ], [ 30.00716478, 49.315049511 ], [ 30.010368815, 49.327631708 ], [ 30.013041623, 49.329260004 ], [ 30.020632827, 49.329003827 ], [ 30.026642085, 49.334297663 ], [ 30.035021376, 49.331075206 ], [ 30.069615674, 49.325393444 ], [ 30.078383053, 49.32231885 ], [ 30.079560879, 49.31823902 ], [ 30.086108845, 49.312515069 ], [ 30.085462238, 49.302325991 ], [ 30.082285099, 49.299106177 ], [ 30.086765974, 49.294541761 ], [ 30.088626881, 49.285995763 ], [ 30.103532799, 49.273868701 ], [ 30.113045512, 49.270098973 ], [ 30.118695635, 49.27985832 ], [ 30.123296259, 49.281175105 ], [ 30.123243462, 49.288915511 ], [ 30.119114326, 49.292445179 ], [ 30.121159107, 49.295052322 ], [ 30.107030452, 49.302890925 ], [ 30.112983571, 49.308910722 ], [ 30.119723512, 49.308482546 ], [ 30.121870577, 49.310674665 ], [ 30.126503043, 49.310163892 ], [ 30.13219353, 49.313720355 ], [ 30.136841606, 49.33123154 ], [ 30.148571474, 49.334993137 ], [ 30.148927935, 49.326773139 ], [ 30.200264775, 49.328171419 ], [ 30.189485278, 49.274908503 ], [ 30.229970222, 49.27175528 ], [ 30.235855025, 49.269625796 ], [ 30.238509986, 49.271148237 ], [ 30.257169261, 49.268267741 ], [ 30.258166088, 49.271482207 ], [ 30.366738145, 49.25503603 ], [ 30.364472514, 49.244863608 ], [ 30.374830652, 49.243469877 ], [ 30.371840828, 49.236406274 ], [ 30.375708587, 49.236257876 ], [ 30.385784392, 49.257232242 ], [ 30.397725657, 49.303475494 ], [ 30.421233909, 49.302325462 ], [ 30.413847382, 49.3304662 ], [ 30.438998739, 49.333777293 ], [ 30.441836149, 49.335928745 ], [ 30.437831251, 49.352308905 ], [ 30.444466539, 49.353048258 ], [ 30.447838991, 49.357179842 ], [ 30.459442491, 49.35887922 ], [ 30.473266044, 49.365094124 ], [ 30.497780042, 49.342042266 ], [ 30.515823741, 49.327816545 ], [ 30.528008845, 49.329987456 ], [ 30.536811149, 49.328116566 ], [ 30.537291579, 49.331455682 ], [ 30.544801454, 49.332043999 ], [ 30.544563588, 49.336938596 ], [ 30.555928048, 49.339606361 ], [ 30.559078456, 49.345702434 ], [ 30.570490398, 49.35480078 ], [ 30.577144609, 49.352987252 ], [ 30.579549331, 49.350276662 ], [ 30.583516345, 49.349845571 ], [ 30.607190719, 49.370246449 ], [ 30.639057852, 49.356064667 ], [ 30.660175922, 49.360341844 ], [ 30.662495687, 49.354103059 ], [ 30.668725916, 49.35610525 ], [ 30.674208347, 49.354441875 ], [ 30.677491857, 49.355169747 ], [ 30.708942001, 49.336464498 ], [ 30.71519573, 49.339343777 ], [ 30.7285763, 49.331731809 ], [ 30.749531154, 49.344929765 ], [ 30.778413693, 49.343651588 ], [ 30.800451301, 49.354069551 ], [ 30.815016745, 49.353605543 ], [ 30.818196943, 49.355214092 ], [ 30.834089025, 49.350082902 ], [ 30.839289087, 49.352763066 ], [ 30.858440401, 49.353420403 ], [ 30.862812699, 49.351670708 ], [ 30.868260088, 49.351763936 ], [ 30.871617168, 49.355585841 ], [ 30.87856087, 49.358069919 ], [ 30.879595246, 49.361103915 ], [ 30.885650394, 49.363156818 ], [ 30.895564164, 49.362829031 ], [ 30.909064288, 49.358500584 ], [ 30.921203185, 49.381404015 ], [ 30.925757474, 49.379048349 ], [ 30.930504162, 49.38051582 ], [ 30.927414435, 49.393000797 ], [ 30.934780145, 49.395571428 ], [ 30.933560673, 49.40019948 ], [ 30.936535907, 49.406731505 ], [ 30.929875539, 49.409076987 ], [ 30.920793847, 49.415526066 ], [ 30.929724228, 49.418612473 ], [ 30.956812501, 49.423964854 ], [ 30.994499437, 49.422765432 ], [ 31.006328208, 49.430954494 ], [ 31.005160832, 49.450893416 ], [ 31.029308287, 49.471763413 ], [ 31.031494649, 49.471197008 ], [ 31.0373189, 49.459168523 ], [ 31.044028637, 49.456485589 ], [ 31.045218275, 49.461319498 ], [ 31.039778744, 49.46896469 ], [ 31.039483816, 49.473424786 ], [ 31.047601288, 49.476503954 ], [ 31.047715966, 49.478029161 ], [ 31.060053131, 49.477736023 ], [ 31.062501344, 49.483362943 ], [ 31.086641313, 49.49008495 ], [ 31.087754109, 49.496115496 ], [ 31.091781797, 49.49552988 ], [ 31.094918652, 49.49718102 ], [ 31.092155596, 49.499820266 ], [ 31.092687412, 49.50221217 ], [ 31.096946905, 49.502401994 ], [ 31.098840562, 49.504744207 ], [ 31.093537621, 49.5053995 ], [ 31.094087851, 49.508545528 ], [ 31.091648865, 49.510057128 ], [ 31.096494769, 49.514146352 ], [ 31.09335493, 49.516647932 ], [ 31.096790498, 49.521058317 ], [ 31.101145026, 49.523187441 ], [ 31.099671195, 49.529739431 ], [ 31.103928908, 49.531198435 ], [ 31.097454515, 49.542895896 ], [ 31.100599089, 49.548916509 ], [ 31.106852382, 49.549913922 ], [ 31.108684819, 49.557302357 ], [ 31.118707876, 49.556688496 ], [ 31.118934506, 49.560826355 ], [ 31.120654291, 49.561254851 ], [ 31.133620704, 49.553811647 ], [ 31.139921757, 49.55238093 ], [ 31.143009953, 49.557684467 ], [ 31.15158505, 49.555857536 ], [ 31.148972881, 49.568247342 ], [ 31.144961329, 49.570777353 ], [ 31.138592145, 49.571293871 ], [ 31.152605738, 49.580468794 ], [ 31.128697165, 49.583773939 ], [ 31.135693183, 49.603691535 ], [ 31.154534001, 49.628407802 ], [ 31.20220087, 49.675225272 ], [ 31.195741815, 49.684100499 ], [ 31.202176815, 49.688199005 ], [ 31.200671158, 49.689434159 ], [ 31.204139273, 49.692119093 ], [ 31.208293525, 49.689985799 ], [ 31.206446932, 49.687330828 ], [ 31.211502154, 49.68618073 ], [ 31.21746713, 49.694596757 ], [ 31.210494754, 49.698378952 ], [ 31.196233079, 49.70154161 ], [ 31.211703959, 49.729650765 ], [ 31.221027743, 49.733121579 ], [ 31.207670489, 49.755500277 ], [ 31.211942651, 49.757160765 ], [ 31.207932071, 49.761080124 ], [ 31.216230885, 49.776891554 ], [ 31.18979359, 49.790229144 ], [ 31.204307649, 49.810094891 ], [ 31.204087456, 49.813078176 ], [ 31.206295576, 49.813040982 ], [ 31.22079521, 49.832066913 ], [ 31.208162475, 49.84850639 ], [ 31.207738094, 49.852310326 ], [ 31.247369006, 49.8676627 ], [ 31.260826951, 49.858132901 ], [ 31.291172245, 49.882951529 ], [ 31.313206091, 49.888601764 ], [ 31.317742731, 49.89267306 ], [ 31.346043429, 49.896039798 ], [ 31.366020194, 49.896177807 ], [ 31.369579509, 49.899084013 ], [ 31.373617283, 49.898655231 ], [ 31.379259083, 49.906430782 ], [ 31.380086802, 49.907798755 ], [ 31.347401173, 49.937560885 ], [ 31.334904225, 49.938275939 ], [ 31.335605282, 49.944897302 ], [ 31.350133228, 49.950212588 ], [ 31.310847789, 49.965692142 ], [ 31.298012182, 49.958260142 ], [ 31.294509323, 49.95842287 ], [ 31.287844699, 49.954694159 ], [ 31.292211793, 49.960708848 ], [ 31.315263505, 49.976276586 ], [ 31.307783052, 49.980780441 ], [ 31.298677408, 49.975701298 ], [ 31.295533804, 49.976940274 ], [ 31.301980655, 49.988791385 ], [ 31.311661138, 49.992740473 ], [ 31.35513702, 49.990890063 ], [ 31.361352808, 49.992643934 ], [ 31.388235944, 49.994591277 ], [ 31.413355755, 49.989606732 ], [ 31.416907556, 49.99160673 ], [ 31.421856561, 49.991531374 ], [ 31.436564955, 49.984658973 ], [ 31.445339161, 49.974849892 ], [ 31.433599019, 49.960600644 ], [ 31.430960292, 49.95098607 ], [ 31.433300132, 49.944235116 ], [ 31.423148835, 49.933239415 ], [ 31.422176768, 49.909939192 ], [ 31.426394241, 49.899094287 ], [ 31.431601004, 49.898881663 ], [ 31.440319762, 49.877194857 ], [ 31.461887396, 49.877140337 ], [ 31.462630188, 49.873526137 ], [ 31.471277489, 49.87366618 ], [ 31.474246121, 49.862895888 ], [ 31.480712428, 49.858625645 ], [ 31.485749697, 49.857651528 ], [ 31.494590805, 49.860996215 ], [ 31.500933718, 49.843990892 ], [ 31.508796799, 49.844420961 ], [ 31.514271549, 49.847347127 ], [ 31.509855816, 49.854982202 ], [ 31.510918034, 49.858746537 ], [ 31.51834607, 49.862382978 ], [ 31.518423167, 49.865639627 ], [ 31.514983492, 49.869270131 ], [ 31.520729703, 49.873056198 ], [ 31.524904536, 49.871395895 ], [ 31.532459069, 49.872900662 ], [ 31.534823162, 49.875576977 ], [ 31.536483714, 49.874246191 ], [ 31.542890102, 49.878686802 ], [ 31.545796971, 49.873386257 ], [ 31.55725004, 49.87532518 ], [ 31.559471317, 49.881172779 ], [ 31.563555145, 49.88324749 ], [ 31.564703719, 49.887240833 ], [ 31.567094219, 49.887118094 ], [ 31.56904909, 49.895747783 ], [ 31.578462584, 49.895679635 ], [ 31.579405945, 49.898726951 ], [ 31.582203069, 49.898771519 ], [ 31.581778176, 49.906862659 ], [ 31.612409686, 49.906512432 ], [ 31.613636369, 49.892061434 ], [ 31.609090123, 49.889894185 ], [ 31.615051924, 49.884827978 ], [ 31.61751388, 49.879972361 ], [ 31.614477004, 49.855967187 ], [ 31.667557843, 49.857757351 ], [ 31.711567434, 49.850786605 ], [ 31.71787917, 49.852452234 ], [ 31.716052349, 49.853269959 ], [ 31.752279523, 49.893389515 ], [ 31.773976081, 49.893609617 ], [ 31.770202949, 49.920086196 ], [ 31.795400604, 49.93387234 ], [ 31.813715572, 49.959092348 ], [ 31.813558772, 49.966176794 ], [ 31.889690693, 49.962450119 ], [ 31.890589754, 49.951943872 ], [ 31.896692443, 49.950744334 ], [ 31.901361949, 49.943807184 ], [ 31.918243651, 49.962271638 ], [ 31.915566255, 49.984771159 ], [ 31.910782046, 49.993932676 ], [ 31.909944926, 50.009332075 ], [ 31.908503347, 50.012959277 ], [ 31.89993561, 50.019266541 ], [ 31.906847389, 50.0202443 ], [ 31.905473381, 50.023589187 ], [ 31.914465372, 50.028087219 ], [ 31.927729387, 50.030522338 ], [ 31.968517046, 50.044468998 ], [ 31.979767213, 50.03871931 ], [ 31.986484214, 50.052414262 ], [ 31.925153427, 50.060278192 ], [ 31.909166651, 50.055731184 ], [ 31.904911103, 50.057112814 ], [ 31.907671825, 50.060781985 ], [ 31.911418275, 50.100694448 ], [ 31.975218002, 50.125162536 ], [ 31.957951176, 50.141072165 ], [ 31.946495762, 50.136518535 ], [ 31.93396462, 50.158364158 ], [ 31.965378186, 50.151452081 ], [ 31.985847963, 50.180628144 ], [ 32.000069042, 50.194201151 ], [ 31.99087255, 50.196717898 ], [ 31.993284465, 50.201247164 ], [ 32.01545742, 50.20575794 ], [ 32.031105598, 50.193514569 ], [ 32.040038348, 50.188682954 ], [ 32.056238998, 50.187662092 ], [ 32.086452847, 50.221429122 ], [ 32.107073934, 50.220051087 ], [ 32.117167094, 50.228902421 ], [ 32.096840786, 50.238506075 ], [ 32.100478, 50.241740098 ], [ 32.08945078, 50.24697712 ], [ 32.100544077, 50.27540266 ], [ 32.096455749, 50.276389429 ], [ 32.101073068, 50.278071928 ], [ 32.086770489, 50.283654597 ], [ 32.089871106, 50.284014765 ], [ 32.091738554, 50.287024151 ], [ 32.098805669, 50.28717309 ], [ 32.140222648, 50.30465704 ], [ 32.129001579, 50.315719045 ], [ 32.142261698, 50.321227039 ], [ 32.152339566, 50.337454788 ], [ 32.143312643, 50.348251211 ], [ 32.141304891, 50.354111339 ], [ 32.161006175, 50.368032869 ], [ 32.154665506, 50.376530912 ], [ 32.137318562, 50.377321998 ], [ 32.117527571, 50.380686911 ], [ 32.106489563, 50.378336724 ], [ 32.103420688, 50.374078724 ], [ 32.091116082, 50.369580992 ], [ 32.075554896, 50.374457877 ], [ 32.08454818, 50.378986343 ], [ 32.081431713, 50.383316407 ], [ 32.083973964, 50.385890645 ], [ 32.076781555, 50.392427921 ], [ 32.102383896, 50.412674428 ], [ 32.096468845, 50.41687985 ], [ 32.056980899, 50.397171851 ], [ 32.046310294, 50.401705514 ], [ 32.039275468, 50.428617839 ], [ 32.02775358, 50.435912772 ], [ 32.023441531, 50.458496242 ], [ 31.973199686, 50.466383455 ], [ 31.970125129, 50.473791911 ], [ 31.979312454, 50.481631059 ], [ 31.974907727, 50.480527498 ], [ 31.972692516, 50.483292323 ], [ 31.970598011, 50.483831943 ], [ 31.97108828, 50.482551318 ], [ 31.967871242, 50.482313434 ], [ 31.96347674, 50.485439985 ], [ 31.965715216, 50.487458723 ], [ 31.975576738, 50.489440692 ], [ 31.977492181, 50.485335853 ], [ 31.983235939, 50.482878317 ], [ 31.985825865, 50.486458344 ], [ 31.98661988, 50.496523854 ], [ 31.992240729, 50.494569668 ], [ 31.996259568, 50.496799523 ], [ 32.001775693, 50.496407337 ], [ 32.007022422, 50.486718755 ], [ 32.046922885, 50.496045305 ], [ 32.064050061, 50.511729445 ], [ 32.051438879, 50.523500131 ], [ 32.06197253, 50.529433509 ], [ 32.063453412, 50.540772634 ], [ 32.045690375, 50.542058639 ], [ 31.976076246, 50.540117112 ], [ 31.955299082, 50.543708339 ], [ 31.940467703, 50.571299559 ], [ 31.925668675, 50.582918834 ], [ 31.921685153, 50.593206847 ], [ 31.913605963, 50.598780021 ], [ 31.887961755, 50.608747126 ], [ 31.883450279, 50.607336618 ], [ 31.872327053, 50.619485142 ], [ 31.868768114, 50.618568564 ], [ 31.858987, 50.632042496 ], [ 31.84640133, 50.628465422 ], [ 31.81068772, 50.623758531 ], [ 31.812008586, 50.60597942 ], [ 31.78204686, 50.605674228 ], [ 31.787350675, 50.590504414 ], [ 31.788081315, 50.578919857 ], [ 31.777191481, 50.577668889 ], [ 31.782171679, 50.559465358 ], [ 31.72783395, 50.560048182 ], [ 31.686469353, 50.562749534 ], [ 31.668691677, 50.548460755 ], [ 31.664266828, 50.550712148 ], [ 31.66255283, 50.553735328 ], [ 31.64677675, 50.552739355 ], [ 31.645480917, 50.531362332 ], [ 31.639138236, 50.524439565 ], [ 31.630243941, 50.520541435 ], [ 31.570759919, 50.527670374 ], [ 31.570087949, 50.5236804 ], [ 31.563733921, 50.518497332 ], [ 31.559472931, 50.520267464 ], [ 31.553102693, 50.519437595 ], [ 31.544927008, 50.521275074 ], [ 31.535160944, 50.528453121 ], [ 31.529727184, 50.526551019 ], [ 31.5267442, 50.529797175 ], [ 31.519493797, 50.529809898 ], [ 31.51911248, 50.52178142 ], [ 31.511199207, 50.520945647 ], [ 31.510575957, 50.522724197 ], [ 31.499679214, 50.521849981 ], [ 31.492672858, 50.523105808 ], [ 31.493181245, 50.520247009 ], [ 31.480041483, 50.515174149 ], [ 31.455440767, 50.510930564 ], [ 31.452212518, 50.505690791 ], [ 31.445049234, 50.506071264 ], [ 31.444813262, 50.500348527 ], [ 31.419463567, 50.50345691 ], [ 31.420752546, 50.508897925 ], [ 31.413830727, 50.517237263 ], [ 31.397823177, 50.523295265 ], [ 31.375801413, 50.527878031 ], [ 31.370114414, 50.533009972 ], [ 31.358013256, 50.52924923 ], [ 31.34802486, 50.516741833 ], [ 31.330215803, 50.500815264 ], [ 31.32221756, 50.513634706 ], [ 31.320371543, 50.52694325 ], [ 31.307526184, 50.529706056 ], [ 31.308058276, 50.530903622 ], [ 31.270582635, 50.53701994 ], [ 31.255496509, 50.54231092 ], [ 31.254802202, 50.544340168 ], [ 31.258822468, 50.548436546 ], [ 31.259573247, 50.556479073 ], [ 31.250969661, 50.555942052 ], [ 31.246711268, 50.561377983 ], [ 31.246580348, 50.567059833 ], [ 31.237237242, 50.56691933 ], [ 31.237434246, 50.569097121 ], [ 31.213566375, 50.569773044 ], [ 31.213812277, 50.573486088 ], [ 31.187572711, 50.574236494 ], [ 31.187491404, 50.589152958 ], [ 31.165385206, 50.589694328 ], [ 31.166040269, 50.607501834 ], [ 31.222123647, 50.606694719 ], [ 31.227214261, 50.613084141 ], [ 31.218522871, 50.619946202 ], [ 31.227445373, 50.627075424 ], [ 31.20421116, 50.637930073 ], [ 31.198861641, 50.645355341 ], [ 31.203640479, 50.656199102 ], [ 31.212660335, 50.663339224 ], [ 31.223335888, 50.667649429 ], [ 31.220426044, 50.684227936 ], [ 31.216863663, 50.69078895 ], [ 31.218698015, 50.696211607 ], [ 31.206539105, 50.69670135 ], [ 31.205960565, 50.706430046 ], [ 31.190644547, 50.703033138 ], [ 31.190824583, 50.724468238 ], [ 31.164305487, 50.724819222 ], [ 31.166044007, 50.7330293 ], [ 31.156340638, 50.73787384 ], [ 31.149443053, 50.737740651 ], [ 31.141859177, 50.747091156 ], [ 31.13173623, 50.747464786 ], [ 31.121756982, 50.749772665 ], [ 31.126408473, 50.774840076 ], [ 31.099439612, 50.779307946 ], [ 31.075588776, 50.781359531 ], [ 31.069493516, 50.764715586 ], [ 31.040695972, 50.763638866 ], [ 31.031370434, 50.761663964 ], [ 31.024956858, 50.763622067 ], [ 31.015442899, 50.763186829 ], [ 31.013762163, 50.765366665 ], [ 30.975522075, 50.761488076 ], [ 30.954892863, 50.763570143 ], [ 30.949876484, 50.757248034 ], [ 30.934600051, 50.758919927 ], [ 30.934211735, 50.763614414 ], [ 30.893484999, 50.766125999 ], [ 30.890061087, 50.773864744 ], [ 30.877528848, 50.768619537 ], [ 30.875273, 50.746814999 ], [ 30.865326762, 50.745243034 ], [ 30.834896446, 50.744912178 ], [ 30.833530529, 50.748562488 ], [ 30.827549178, 50.750152663 ], [ 30.827703313, 50.756545061 ], [ 30.841502648, 50.754573192 ], [ 30.842133515, 50.756308469 ], [ 30.838666405, 50.75816735 ], [ 30.84147519, 50.762840778 ], [ 30.855244534, 50.771995693 ], [ 30.858588189, 50.771181506 ], [ 30.873498678, 50.777029952 ], [ 30.870473293, 50.78070458 ], [ 30.864286221, 50.779827534 ], [ 30.856009314, 50.775787526 ], [ 30.845373487, 50.773060372 ], [ 30.844366014, 50.76852724 ], [ 30.838755886, 50.767145474 ], [ 30.836789213, 50.761704689 ], [ 30.821741824, 50.764815587 ], [ 30.809242601, 50.769584219 ], [ 30.801379176, 50.769246194 ], [ 30.780039602, 50.774394322 ], [ 30.776709645, 50.777546403 ], [ 30.77037575, 50.778980407 ], [ 30.767231405, 50.770714264 ], [ 30.764993902, 50.772070669 ], [ 30.757771568, 50.772277922 ], [ 30.755204621, 50.775792481 ], [ 30.739714385, 50.771152388 ], [ 30.737198537, 50.777130457 ], [ 30.740135546, 50.78004786 ], [ 30.736253704, 50.783170911 ], [ 30.739045172, 50.782887156 ], [ 30.737951195, 50.784450439 ], [ 30.745357285, 50.786250181 ], [ 30.748896765, 50.791276133 ], [ 30.742869355, 50.794772278 ], [ 30.745458785, 50.798170894 ], [ 30.743143116, 50.801286316 ], [ 30.744335462, 50.806384433 ], [ 30.735923814, 50.80852237300001 ], [ 30.731392228, 50.817347392 ], [ 30.738121181, 50.817102307 ], [ 30.744577253, 50.819384905 ], [ 30.753566001, 50.811395066 ], [ 30.757771423, 50.810448679 ], [ 30.763904152, 50.81101382 ], [ 30.771279217, 50.81660382 ], [ 30.770037464, 50.822602261 ], [ 30.766349302, 50.823040082 ], [ 30.765953678, 50.825952456 ], [ 30.774681392, 50.828094619 ], [ 30.777804383, 50.830949837 ], [ 30.774422371, 50.836785224 ], [ 30.774557325, 50.843863152 ], [ 30.770631261, 50.849133066 ], [ 30.772814962, 50.852887104 ], [ 30.777438443, 50.855655374 ], [ 30.775208605, 50.864149673 ], [ 30.771185199, 50.866238177 ], [ 30.767175792, 50.871783768 ], [ 30.770913904, 50.874782264 ], [ 30.736528676, 50.887605414 ], [ 30.734226105, 50.8952043 ], [ 30.722005695, 50.895200571 ], [ 30.71583485, 50.89712053 ], [ 30.715577903, 50.899102548 ], [ 30.696903287, 50.901052101 ], [ 30.695241132, 50.903440643 ], [ 30.683436117, 50.902559834 ], [ 30.67370248, 50.919043185 ], [ 30.667012044, 50.933725195 ], [ 30.667691966, 50.937070366 ], [ 30.657729436, 50.953399798 ], [ 30.644896161, 50.963702705 ], [ 30.649668615, 50.984271168 ], [ 30.641758275, 51.002888171 ], [ 30.625593601, 51.008185106 ], [ 30.625010775, 51.009871353 ], [ 30.60283643, 51.009287048 ], [ 30.601335295, 51.026842073 ], [ 30.499894143, 51.022006331 ], [ 30.50121437, 51.032317785 ], [ 30.493437479, 51.049853415 ], [ 30.506255672, 51.061609917 ], [ 30.510194313, 51.073722864 ], [ 30.486329083, 51.089245698 ], [ 30.484425196, 51.092298355 ], [ 30.495084223, 51.098965643 ], [ 30.513806976, 51.102493617 ], [ 30.517206857, 51.110990033 ], [ 30.514337318, 51.116787865 ], [ 30.501661918, 51.125841233 ], [ 30.49416775, 51.134342905 ], [ 30.490401983, 51.146065411 ], [ 30.49040988, 51.163348098 ], [ 30.496160454, 51.172098685 ], [ 30.50218121, 51.176111369 ], [ 30.509047972, 51.176543423 ], [ 30.522066023, 51.173107744 ], [ 30.530558804, 51.172859084 ], [ 30.538213491, 51.176970751 ], [ 30.538448164, 51.181092514 ], [ 30.534545508, 51.183984875 ], [ 30.520026207, 51.182953803 ], [ 30.516372131, 51.185792437 ], [ 30.516807441, 51.189241916 ], [ 30.528811692, 51.196179087 ], [ 30.530439142, 51.20058966500001 ], [ 30.521593399, 51.213066791 ], [ 30.507548961, 51.219622818 ], [ 30.505217412, 51.224326946 ], [ 30.509045543, 51.231333347 ], [ 30.525360147, 51.236676898 ], [ 30.547644181, 51.229650299 ], [ 30.554481555, 51.230079001 ], [ 30.558405407, 51.232564406 ], [ 30.560239881, 51.236576679 ], [ 30.556507286, 51.246207696 ], [ 30.552567302, 51.251665324 ], [ 30.539625917, 51.257124058 ], [ 30.539826714, 51.26257745 ], [ 30.504412934, 51.27972698 ], [ 30.47819427, 51.276643461 ], [ 30.463422164, 51.272761011 ], [ 30.453519411, 51.273445398 ], [ 30.451545301, 51.276113165 ], [ 30.454160709, 51.278832945 ], [ 30.450874159, 51.281038735 ], [ 30.452013409, 51.285339806 ], [ 30.453737756, 51.286638165 ], [ 30.457573869, 51.28602909 ], [ 30.464538512, 51.291701402 ], [ 30.458904929, 51.296507584 ], [ 30.462346881, 51.306913938 ], [ 30.444096337, 51.309519046 ], [ 30.420768493, 51.305310477 ], [ 30.398238515, 51.312470062 ], [ 30.391230702, 51.320791887 ], [ 30.366099657, 51.334928908 ], [ 30.347701137, 51.348946303 ], [ 30.334658193, 51.352367164 ], [ 30.324070575, 51.361578559 ], [ 30.357597953, 51.378759014 ], [ 30.345071491, 51.424336528 ], [ 30.336382349, 51.425265334 ], [ 30.322336915, 51.433654724 ], [ 30.319464017, 51.439414459 ], [ 30.311320557, 51.443090061 ], [ 30.309112927, 51.44702295 ], [ 30.288397808, 51.463536848 ], [ 30.274117623, 51.467907768 ], [ 30.24670116, 51.485480388 ], [ 30.212430378, 51.493058682 ], [ 30.18089996, 51.512413057 ], [ 30.166329576, 51.508599239 ], [ 30.161976551, 51.488769594 ], [ 30.14681042, 51.493874718 ], [ 30.136592659, 51.500082059 ], [ 30.132505776, 51.504998296 ], [ 30.128358868, 51.505998585 ], [ 30.120860963, 51.504622391 ], [ 30.127475231, 51.488558435 ], [ 30.123528141, 51.489948957 ], [ 30.120684375, 51.487623731 ], [ 30.117229242, 51.487345421 ], [ 30.078831053, 51.496965174 ], [ 30.075082122, 51.496058494 ], [ 30.061357099, 51.49923674 ], [ 30.050456793, 51.498896304 ], [ 30.03537534, 51.504091589 ], [ 30.028244202, 51.503229044 ], [ 30.014428694, 51.505465909 ], [ 30.012352836, 51.502807137 ], [ 30.016773094, 51.495930341 ], [ 30.012590854, 51.494293594 ], [ 30.01250616, 51.489947357 ], [ 30.003161783, 51.488756464 ], [ 30.000798541, 51.486179991 ], [ 29.990789469, 51.482261417 ], [ 29.984357434, 51.486251997 ], [ 29.976268667, 51.485793667 ], [ 29.972466066, 51.482780203 ], [ 29.970553579, 51.473973035 ], [ 29.964864782, 51.471553074 ], [ 29.951942327, 51.472478908 ], [ 29.947560923, 51.47731489200001 ], [ 29.946358032, 51.48390790700001 ], [ 29.923283485, 51.490203564 ], [ 29.92435129, 51.487346513 ], [ 29.916611867, 51.48849367 ], [ 29.911285743, 51.486080641 ], [ 29.906006611, 51.486780258 ], [ 29.903564716, 51.485127202 ], [ 29.891567266, 51.484097064 ], [ 29.888320957, 51.481169343 ], [ 29.889288645, 51.478824698 ], [ 29.882758734, 51.477223227 ], [ 29.884452971, 51.474174469 ], [ 29.888812897, 51.473314472 ], [ 29.889438255, 51.471365425 ], [ 29.886040474, 51.470675437 ], [ 29.887248372, 51.467934994 ], [ 29.885111629, 51.466759634 ], [ 29.884815296, 51.462710772 ], [ 29.874720403, 51.455892481 ], [ 29.877774109, 51.445421785 ], [ 29.873462254, 51.444376002 ], [ 29.859940458, 51.448455148 ], [ 29.848408, 51.449002179 ], [ 29.843025393, 51.457289184 ], [ 29.812943101, 51.448865122 ], [ 29.809768617, 51.459087581 ], [ 29.790750344, 51.457875136 ], [ 29.793374801, 51.441611848 ], [ 29.781764028, 51.446422122 ], [ 29.765940785, 51.449092087 ], [ 29.739088992, 51.45896213 ], [ 29.741033754, 51.462359717 ], [ 29.732680523, 51.469845178 ], [ 29.732874502, 51.477204612 ], [ 29.725297853, 51.49134413 ], [ 29.745462655, 51.493167011 ], [ 29.73612682, 51.510828216 ], [ 29.742706359, 51.513361469 ], [ 29.738169534, 51.531068067 ], [ 29.706541837, 51.527809808 ], [ 29.707239783, 51.52115606 ], [ 29.698210545, 51.517984194 ], [ 29.686682277, 51.516832965 ], [ 29.684152827, 51.514476659 ], [ 29.672358422, 51.511595661 ], [ 29.669451052, 51.508578561 ], [ 29.668525855, 51.502671356 ], [ 29.652293112, 51.505698919 ], [ 29.647346596, 51.500975311 ], [ 29.640097175, 51.4985971 ], [ 29.63333055, 51.50603223200001 ], [ 29.626304099, 51.502446004 ], [ 29.620846908, 51.493692191 ], [ 29.613705187, 51.492362623 ], [ 29.605485904, 51.494448599 ], [ 29.60378641, 51.487533179 ], [ 29.607182911, 51.480301169 ], [ 29.604402215, 51.472637879 ], [ 29.580370761, 51.461683226 ], [ 29.574378634, 51.461769925 ], [ 29.537163962, 51.482552963 ], [ 29.531297171, 51.468328738 ], [ 29.533060208, 51.464227742 ], [ 29.520030012, 51.453654631 ], [ 29.515107941, 51.445304979 ], [ 29.520479736, 51.435000032 ], [ 29.518607127, 51.428786902 ], [ 29.516197743, 51.427718507 ], [ 29.519467037, 51.421865158 ], [ 29.51266378, 51.423334757 ], [ 29.503208324, 51.403176606 ], [ 29.495360018, 51.396587053 ], [ 29.48273345, 51.397639092 ], [ 29.427937262, 51.412932682 ], [ 29.416095913, 51.413501754 ], [ 29.392561765, 51.407764204 ], [ 29.372586018, 51.39831067 ], [ 29.370780499, 51.393875051 ], [ 29.365699534, 51.389581844 ], [ 29.359293003, 51.388385526 ], [ 29.35933642, 51.375934553 ], [ 29.393798219, 51.379529102 ], [ 29.392583325, 51.342480829 ], [ 29.39849983, 51.321233882 ], [ 29.354510473, 51.274440818 ], [ 29.335122684, 51.26986514 ], [ 29.33406458, 51.271325319 ], [ 29.329099472, 51.271074863 ], [ 29.333240524, 51.278114817 ], [ 29.331370315, 51.27862696 ], [ 29.329368855, 51.276482834 ], [ 29.32310063, 51.275141243 ], [ 29.310133586, 51.275736837 ], [ 29.307524952, 51.27139221 ], [ 29.301080509, 51.273694518 ], [ 29.267282391, 51.265313601 ], [ 29.301939789, 51.166831354 ], [ 29.316289683, 51.131488107 ], [ 29.320828645, 51.12690992 ], [ 29.328976357, 51.125861924 ], [ 29.330521654, 51.157616741 ], [ 29.348891193, 51.160087925 ], [ 29.427497545, 51.123954152 ], [ 29.458614482, 51.089759028 ], [ 29.467877558, 51.086222206 ], [ 29.48247574, 51.076880236 ], [ 29.494104893, 51.073297183 ], [ 29.511782495, 51.060641241 ], [ 29.474446685, 51.030432394 ], [ 29.476046137, 51.029944246 ], [ 29.467407695, 51.019083317 ], [ 29.464606698, 51.018967358 ], [ 29.468518885, 51.009564497 ], [ 29.465447273, 51.003793149 ], [ 29.467079928, 50.986688031 ], [ 29.474894344, 50.979132973 ], [ 29.440476088, 50.988538791 ], [ 29.412694184, 50.985386426 ], [ 29.411537864, 50.948949435 ], [ 29.435487877, 50.945555405 ], [ 29.467527832, 50.9247494 ], [ 29.475127951, 50.914815444 ], [ 29.471360852, 50.903663509 ], [ 29.489841085, 50.889920534 ], [ 29.500338859, 50.88704454 ], [ 29.513478805, 50.878700613 ], [ 29.521349863, 50.868876616 ], [ 29.497517944, 50.837305604 ], [ 29.529235993, 50.823835598 ], [ 29.534865912, 50.829917601 ], [ 29.542208857, 50.828403632 ], [ 29.548061186, 50.811895368 ], [ 29.539229966, 50.812311802 ], [ 29.517300993, 50.817472632 ], [ 29.500963902, 50.818864608 ], [ 29.488234065, 50.812241541 ], [ 29.494305915, 50.809230937 ], [ 29.491844189, 50.8067409 ], [ 29.498833023, 50.801257547 ], [ 29.515185939, 50.793316671 ], [ 29.517892291, 50.794192283 ], [ 29.521930691, 50.791925106 ], [ 29.51573858, 50.787723211 ], [ 29.506362053, 50.785364476 ], [ 29.506085205, 50.782885479 ], [ 29.510680626, 50.781695636 ], [ 29.510462542, 50.775507609 ], [ 29.501723007, 50.774321308 ], [ 29.497939681, 50.775519146 ], [ 29.485780664, 50.77363777 ], [ 29.474864194, 50.774241019 ], [ 29.475066461, 50.772574332 ], [ 29.489725966, 50.770719404 ], [ 29.490238722, 50.768835407 ], [ 29.494772441, 50.769493188 ], [ 29.503115357, 50.766082854 ], [ 29.515497331, 50.771580924 ], [ 29.528583227, 50.771854581 ], [ 29.535831349, 50.776288106 ], [ 29.543034586, 50.775966514 ], [ 29.544322831, 50.773288256 ], [ 29.55219011, 50.771729566 ], [ 29.557756572, 50.772587715 ], [ 29.562649211, 50.770161534 ], [ 29.569455748, 50.771945711 ], [ 29.568985832, 50.768673442 ], [ 29.571001844, 50.769333802 ], [ 29.571682893, 50.767592485 ], [ 29.567776795, 50.767501274 ], [ 29.569452945, 50.765497705 ], [ 29.568336453, 50.763370229 ], [ 29.56606133, 50.763279385 ], [ 29.568060381, 50.761605493 ], [ 29.569889333, 50.762663813 ], [ 29.572223082, 50.761542395 ], [ 29.572032958, 50.759113738 ], [ 29.57403388, 50.75894886 ], [ 29.575023897, 50.756493024 ], [ 29.573660954, 50.754091766 ], [ 29.576211739, 50.753176595 ], [ 29.577431127, 50.748294896 ], [ 29.580869405, 50.74930035300001 ], [ 29.578800147, 50.740432783 ], [ 29.586660652, 50.738479013 ], [ 29.585498743, 50.736534832 ], [ 29.59034034, 50.73189957 ], [ 29.589571622, 50.728931543 ], [ 29.593909842, 50.728372991 ], [ 29.591920979, 50.730559355 ], [ 29.594394517, 50.731744459 ], [ 29.59717609, 50.729201572 ], [ 29.590745249, 50.720462868 ], [ 29.586002127, 50.709277302 ], [ 29.578490704, 50.703479969 ], [ 29.576440803, 50.699285256 ], [ 29.574017675, 50.699596015 ], [ 29.572621833, 50.697769762 ], [ 29.569571142, 50.698668915 ], [ 29.56569094, 50.693227563 ], [ 29.563786154, 50.694985109 ], [ 29.561801376, 50.692687901 ], [ 29.553961565, 50.692056256 ], [ 29.54934926, 50.693247836 ], [ 29.545912745, 50.690218234 ], [ 29.54640858, 50.688137132 ], [ 29.541906438, 50.689667298 ], [ 29.542016475, 50.686339403 ], [ 29.539460913, 50.685477989 ], [ 29.542120031, 50.684932178 ], [ 29.540429267, 50.680950959 ], [ 29.537836551, 50.681895018 ], [ 29.536788979, 50.680325024 ], [ 29.527800438, 50.678007892 ], [ 29.530792464, 50.673480571 ], [ 29.527164309, 50.666311995 ], [ 29.531743196, 50.667195312 ], [ 29.529668764, 50.664220641 ], [ 29.505054913, 50.658319452 ], [ 29.500001234, 50.661291647 ], [ 29.498453755, 50.659970467 ], [ 29.494239621, 50.661043288 ], [ 29.493528865, 50.659425899 ], [ 29.493877221, 50.662589079 ], [ 29.485785348, 50.662702113 ], [ 29.486195098, 50.659508711 ], [ 29.483223417, 50.659211882 ], [ 29.482602666, 50.657072288 ], [ 29.478376684, 50.657176588 ], [ 29.47790743, 50.653466984 ], [ 29.476043812, 50.653343691 ], [ 29.484888926, 50.64673238 ], [ 29.46358371, 50.633313538 ], [ 29.472530676, 50.628178629 ], [ 29.444710264, 50.621209042 ], [ 29.461672317, 50.611598823 ], [ 29.475734083, 50.607955107 ], [ 29.480518157, 50.602650496 ], [ 29.492504215, 50.595702935 ], [ 29.498006631, 50.590276253 ], [ 29.498516051, 50.577373689 ], [ 29.504918053, 50.572700865 ], [ 29.49936142, 50.566183136 ], [ 29.498508649, 50.560349521 ], [ 29.503367656, 50.552355036 ], [ 29.502917474, 50.549437526 ], [ 29.493143149, 50.544642907 ], [ 29.486854818, 50.537372818 ], [ 29.481378881, 50.539228928 ], [ 29.458763811, 50.539480977 ], [ 29.461095466, 50.53147163300001 ], [ 29.466791424, 50.528139984 ], [ 29.46457182, 50.521043917 ], [ 29.460185744, 50.517248814 ], [ 29.467358523, 50.513068352 ], [ 29.483240395, 50.50963472 ], [ 29.485002635, 50.506768016 ], [ 29.506629042, 50.50013735 ], [ 29.503298471, 50.498905095 ], [ 29.503432478, 50.495114102 ], [ 29.509089388, 50.487960154 ], [ 29.50257553, 50.483912113 ], [ 29.510870891, 50.47076189 ], [ 29.505413475, 50.465979166 ], [ 29.500737552, 50.467715101 ], [ 29.483450913, 50.459207628 ], [ 29.466318072, 50.465611491 ], [ 29.457196814, 50.471111012 ], [ 29.446859165, 50.452817775 ], [ 29.451739001, 50.451358001 ], [ 29.476486071, 50.451942596 ], [ 29.476604953, 50.449310363 ], [ 29.497627609, 50.450492081 ], [ 29.498393465, 50.439781365 ], [ 29.496942546, 50.435006141 ], [ 29.489358051, 50.429740991 ], [ 29.481651541, 50.419604655 ], [ 29.471821988, 50.420982363 ], [ 29.469342666, 50.415484174 ], [ 29.449094703, 50.420398181 ], [ 29.442456793, 50.418824885 ], [ 29.442613715, 50.415444208 ], [ 29.454792667, 50.401467154 ], [ 29.48167857, 50.404007188 ], [ 29.480322643, 50.41315922 ], [ 29.560273518, 50.422522184 ], [ 29.590389397, 50.400374198 ], [ 29.586036588, 50.389230248 ], [ 29.589355745, 50.380278723 ], [ 29.588792489, 50.374877516 ], [ 29.602646575, 50.374252486 ], [ 29.608944508, 50.372579839 ], [ 29.617762901, 50.364916994 ], [ 29.619416647, 50.366210182 ], [ 29.621835713, 50.365206875 ], [ 29.630741359, 50.372654618 ], [ 29.63569561, 50.371205691 ], [ 29.635745049, 50.358177689 ], [ 29.63326234, 50.355406507 ], [ 29.627826535, 50.354062383 ], [ 29.622758138, 50.348945071 ], [ 29.623030752, 50.346782158 ], [ 29.611985968, 50.341126351 ], [ 29.619308036, 50.337453594 ], [ 29.62602051, 50.330101334 ], [ 29.644988598, 50.324401316 ], [ 29.663108349, 50.324071512 ], [ 29.675683623, 50.32103812 ], [ 29.692861437, 50.324741467 ], [ 29.690787883, 50.309776069 ], [ 29.682086547, 50.31165441 ], [ 29.675576495, 50.297622352 ], [ 29.677959511, 50.285110513 ], [ 29.689822903, 50.284247337 ], [ 29.688700296, 50.279422371 ], [ 29.681090634, 50.273817378 ], [ 29.67338519, 50.27802922 ], [ 29.666288855, 50.2745107 ], [ 29.673712641, 50.267445425 ], [ 29.665591545, 50.264992463 ], [ 29.676657685, 50.259586475 ], [ 29.675266582, 50.259100522 ], [ 29.677304219, 50.254612717 ], [ 29.681450309, 50.255409138 ], [ 29.686967523, 50.242477555 ], [ 29.699540575, 50.233657557 ], [ 29.701252476, 50.230777336 ], [ 29.693727709, 50.228260178 ], [ 29.689782274, 50.228391862 ], [ 29.68587093, 50.226151711 ], [ 29.682860662, 50.216361543 ], [ 29.675929657, 50.20683056 ], [ 29.655233444, 50.187620113 ], [ 29.650034065, 50.186345422 ], [ 29.643065971, 50.179849243 ], [ 29.650770807, 50.172034632 ], [ 29.664116824, 50.168418906 ], [ 29.678208576, 50.158614163 ], [ 29.693498805, 50.155557685 ], [ 29.688109881, 50.143906604 ], [ 29.659074121, 50.127612015 ], [ 29.655689155, 50.118300126 ], [ 29.671650006, 50.116409405 ], [ 29.669875704, 50.113705037 ], [ 29.666565058, 50.111806824 ], [ 29.652318883, 50.11020055 ], [ 29.646298443, 50.106764703 ], [ 29.697252206, 50.068419963 ], [ 29.695347733, 50.044237261 ], [ 29.691744402, 50.041273487 ], [ 29.671502573, 50.032229835 ], [ 29.677696378, 50.02936691 ], [ 29.683530384, 50.012229879 ], [ 29.690184285, 50.008676539 ], [ 29.693140871, 50.004188239 ], [ 29.698511501, 50.006347349 ], [ 29.698261973, 50.004169349 ], [ 29.691422996, 50.001146458 ], [ 29.690797157, 49.998000786 ], [ 29.694341529, 49.996475623 ], [ 29.696504407, 49.991227971 ], [ 29.717259563, 49.978905954 ], [ 29.711575946, 49.972310898 ], [ 29.714176858, 49.967618846 ], [ 29.728179083, 49.970271603 ], [ 29.73200834, 49.963129959 ], [ 29.72156902, 49.959430213 ], [ 29.732085051, 49.950367059 ], [ 29.735192682, 49.944525317 ], [ 29.725111152, 49.941759129 ], [ 29.727929128, 49.932768965 ], [ 29.665972665, 49.911277465 ], [ 29.656131332, 49.902316941 ], [ 29.643033836, 49.89833452 ], [ 29.633602473, 49.885639285 ], [ 29.627177001, 49.886498794 ], [ 29.633194521, 49.877063459 ], [ 29.649638402, 49.878240434 ], [ 29.650454247, 49.87703404 ], [ 29.666663153, 49.873995544 ], [ 29.652650111, 49.864910008 ], [ 29.640710806, 49.870323607 ], [ 29.635995911, 49.864867662 ], [ 29.633268023, 49.863436341 ], [ 29.631307716, 49.864043443 ], [ 29.626254366, 49.859851108 ], [ 29.626812469, 49.8564809 ], [ 29.621023059, 49.852403361 ], [ 29.603758665, 49.855741766 ], [ 29.598644227, 49.851175559 ], [ 29.600270342, 49.847419038 ], [ 29.592968345, 49.841473045 ], [ 29.573147394, 49.840418061 ], [ 29.574477454, 49.837512959 ], [ 29.546930363, 49.835492991 ], [ 29.547627428, 49.82886806 ], [ 29.550217324, 49.828088022 ], [ 29.5419275, 49.819020101 ], [ 29.538174254, 49.821644569 ], [ 29.526614457, 49.825226117 ], [ 29.522433375, 49.82882844 ], [ 29.511694877, 49.832049798 ], [ 29.509114376, 49.835064046 ], [ 29.490715256, 49.825381065 ], [ 29.497584409, 49.816020006 ], [ 29.494947504, 49.815252057 ], [ 29.498308194, 49.811191749 ], [ 29.487629997, 49.806357174 ], [ 29.489503355, 49.804398459 ], [ 29.481935799, 49.801342291 ], [ 29.470039551, 49.814444935 ], [ 29.448684562, 49.802555736 ], [ 29.438740071, 49.80552295 ], [ 29.456162577, 49.775837541 ], [ 29.462076613, 49.761936047 ], [ 29.444650167, 49.732101108 ], [ 29.435679929, 49.729468051 ], [ 29.446005279, 49.713455553 ], [ 29.482578622, 49.712014173 ], [ 29.49734216, 49.713836377 ], [ 29.495992477, 49.710403252 ], [ 29.491070772, 49.707385535 ], [ 29.489035634, 49.66915607 ], [ 29.513605248, 49.663118036 ], [ 29.505251001, 49.649215964 ], [ 29.520538656, 49.645147301 ], [ 29.52171171, 49.640243284 ], [ 29.535272664, 49.636688313 ], [ 29.531753668, 49.631125326 ], [ 29.527167719, 49.632737271 ], [ 29.519415777, 49.624171373 ], [ 29.508370745, 49.619547358 ], [ 29.511438866, 49.612655258 ], [ 29.496320793, 49.600029339 ], [ 29.502857831, 49.599162358 ], [ 29.505627645, 49.59650966 ], [ 29.499287683, 49.593743421 ], [ 29.530739823, 49.562072478 ], [ 29.538005615, 49.538175327 ], [ 29.543761518, 49.537889534 ], [ 29.546257732, 49.53148631 ], [ 29.542639121, 49.532152985 ], [ 29.539093882, 49.520991556 ], [ 29.550512879, 49.51857743 ], [ 29.569876808, 49.503184515 ], [ 29.574331835, 49.507302533 ], [ 29.584849181, 49.506564574 ], [ 29.584395684, 49.494666612 ], [ 29.568394737, 49.497661943 ], [ 29.562212987, 49.496533111 ], [ 29.55991678, 49.498004993 ], [ 29.554705295, 49.49471988 ], [ 29.551076172, 49.487757969 ], [ 29.544216732, 49.486572219 ], [ 29.543456869, 49.48367277 ], [ 29.560847435, 49.464317758 ], [ 29.573398797, 49.457785851 ], [ 29.589734791, 49.454152735 ], [ 29.594857209, 49.443262554 ], [ 29.572457995, 49.433284626 ], [ 29.575750953, 49.428866532 ], [ 29.558663602, 49.417524245 ], [ 29.562413744, 49.414472166 ], [ 29.541617454, 49.401429102 ], [ 29.505266972, 49.395835459 ], [ 29.507507235, 49.385650444 ], [ 29.503866683, 49.385758213 ], [ 29.501095439, 49.377564839 ], [ 29.502656839, 49.369862451 ], [ 29.515639307, 49.365160448 ], [ 29.51995345, 49.360463872 ], [ 29.519702789, 49.354794826 ], [ 29.523095345, 49.349809576 ], [ 29.522827131, 49.337572696 ], [ 29.535348147, 49.323820389 ], [ 29.551193126, 49.321758699 ], [ 29.560761697, 49.322122593 ], [ 29.567954219, 49.319686568 ], [ 29.573315033, 49.324027695 ], [ 29.593644545, 49.317978029 ], [ 29.619134039, 49.305829339 ], [ 29.615125087, 49.304450777 ], [ 29.614671122, 49.302101171 ], [ 29.607723315, 49.299657454 ], [ 29.610547834, 49.290906343 ], [ 29.616821072, 49.286529825 ], [ 29.619126939, 49.281418373 ], [ 29.618834117, 49.279183939 ], [ 29.614099743, 49.275546858 ], [ 29.616198027, 49.273915792 ], [ 29.621845443, 49.274118756 ], [ 29.613050856, 49.265435235 ], [ 29.626183084, 49.257950438 ], [ 29.638764191, 49.247448886 ], [ 29.647859112, 49.245691875 ], [ 29.66236065, 49.250008274 ], [ 29.689882931, 49.237396574 ], [ 29.695496057, 49.255824916 ], [ 29.700896032, 49.260548959 ], [ 29.710542667, 49.263151292 ], [ 29.722917203, 49.245177948 ], [ 29.717187991, 49.242741897 ], [ 29.716238072, 49.235871923 ], [ 29.724304386, 49.231338804 ], [ 29.736541301, 49.228401316 ] ], [ [ 30.57303635, 50.54826783 ], [ 30.574153102, 50.547163638 ], [ 30.570007054, 50.543647706 ], [ 30.571773787, 50.537964113 ], [ 30.653791081, 50.534778749 ], [ 30.663681134, 50.550659799 ], [ 30.667916127, 50.5531078 ], [ 30.681251115, 50.555566766 ], [ 30.69752414, 50.561633503 ], [ 30.69829048, 50.556393463 ], [ 30.713408073, 50.5576868 ], [ 30.710249208, 50.574950516 ], [ 30.721058111, 50.586104758 ], [ 30.718137069, 50.59083532 ], [ 30.753962224, 50.583297819 ], [ 30.766664946, 50.583794688 ], [ 30.770980397, 50.575758733 ], [ 30.783055745, 50.577434139 ], [ 30.783728115, 50.580017643 ], [ 30.796588792, 50.570454265 ], [ 30.813016086, 50.565903765 ], [ 30.816091042, 50.564188845 ], [ 30.814825169, 50.558223536 ], [ 30.81766715, 50.557187614 ], [ 30.821253082, 50.538783206 ], [ 30.823289418, 50.537035194 ], [ 30.765200018, 50.520953517 ], [ 30.768270056, 50.518768475 ], [ 30.766156257, 50.51401007 ], [ 30.761590117, 50.518945576 ], [ 30.754735078, 50.518973525 ], [ 30.753653685, 50.517308972 ], [ 30.761459141, 50.512065724 ], [ 30.761921648, 50.509020781 ], [ 30.757199308, 50.508774636 ], [ 30.757765957, 50.507787361 ], [ 30.749251781, 50.50463759 ], [ 30.750511288, 50.502280949 ], [ 30.746408045, 50.502195754 ], [ 30.737894109, 50.498663785 ], [ 30.742459043, 50.490326789 ], [ 30.746733042, 50.492018831 ], [ 30.749434145, 50.486551791 ], [ 30.754323127, 50.490198817 ], [ 30.760365794, 50.482376214 ], [ 30.749017055, 50.483600538 ], [ 30.746231137, 50.477658819 ], [ 30.750310055, 50.474584748 ], [ 30.741315108, 50.468708751 ], [ 30.751949029, 50.470346631 ], [ 30.753207142, 50.466332782 ], [ 30.75053012, 50.464325802 ], [ 30.754681127, 50.46156575 ], [ 30.742677069, 50.458505779 ], [ 30.760063089, 50.448201833 ], [ 30.776786135, 50.443135791 ], [ 30.776280116, 50.438868764 ], [ 30.787990054, 50.433614801 ], [ 30.791845553, 50.433874602 ], [ 30.802313054, 50.426360753 ], [ 30.802752031, 50.423609831 ], [ 30.80001114, 50.421706818 ], [ 30.801364066, 50.420867819 ], [ 30.795762085, 50.417626745 ], [ 30.808429308, 50.409543681 ], [ 30.810110491, 50.410594278 ], [ 30.821428046, 50.408226761 ], [ 30.825946092, 50.404716832 ], [ 30.821261032, 50.401033766 ], [ 30.821562074, 50.396414777 ], [ 30.819280101, 50.393903795 ], [ 30.812862078, 50.391807767 ], [ 30.797932054, 50.393780797 ], [ 30.790447074, 50.39782379 ], [ 30.776031116, 50.394747825 ], [ 30.775814034, 50.389705783 ], [ 30.780424531, 50.38523438 ], [ 30.772629086, 50.380973824 ], [ 30.776534345, 50.379007684 ], [ 30.774875088, 50.373511777 ], [ 30.777263348, 50.370488903 ], [ 30.75643404, 50.3727338 ], [ 30.745619119, 50.370637756 ], [ 30.726786124, 50.375395757 ], [ 30.728942068, 50.376622821 ], [ 30.725815126, 50.379648758 ], [ 30.717208117, 50.382511747 ], [ 30.711424125, 50.376524819 ], [ 30.712993024, 50.374275757 ], [ 30.710932022, 50.37275178 ], [ 30.714960131, 50.368582763 ], [ 30.709581031, 50.36794074 ], [ 30.707044038, 50.365591815 ], [ 30.713925077, 50.35676675500001 ], [ 30.713188117, 50.354442821 ], [ 30.711077099, 50.35422177 ], [ 30.71099309, 50.352379758 ], [ 30.696783099, 50.347287817 ], [ 30.695455057, 50.349686773 ], [ 30.685096099, 50.352763806 ], [ 30.677478064, 50.353119782 ], [ 30.6729961, 50.358238819 ], [ 30.647540041, 50.356633771 ], [ 30.646067117, 50.363024748 ], [ 30.63577207, 50.362416794 ], [ 30.626966044, 50.360098772 ], [ 30.625318021, 50.35191481 ], [ 30.620092105, 50.350868763 ], [ 30.624933119, 50.349376784 ], [ 30.625943061, 50.347451816 ], [ 30.631978022, 50.34743175 ], [ 30.633242111, 50.339978799 ], [ 30.627596046, 50.341160789 ], [ 30.628731072, 50.338584808 ], [ 30.624846042, 50.337126813 ], [ 30.618369094, 50.337174767 ], [ 30.618933035, 50.335577784 ], [ 30.627788121, 50.326750747 ], [ 30.629079102, 50.320258761 ], [ 30.644683061, 50.306581755 ], [ 30.65374811, 50.293994815 ], [ 30.641888549, 50.290610764 ], [ 30.641446043, 50.285996757 ], [ 30.638371054, 50.284126819 ], [ 30.637459124, 50.285357811 ], [ 30.63539907, 50.284858772 ], [ 30.638051023, 50.284443803 ], [ 30.636074059, 50.2831868 ], [ 30.638624043, 50.283524822 ], [ 30.635862038, 50.281466739 ], [ 30.638667088, 50.282285787 ], [ 30.640640048, 50.28015578 ], [ 30.610805121, 50.280603786 ], [ 30.609759107, 50.276871789 ], [ 30.616053112, 50.271647274 ], [ 30.616753099, 50.265341817 ], [ 30.62667603, 50.262656745 ], [ 30.625314091, 50.257379753 ], [ 30.63312808, 50.25117876 ], [ 30.635936081, 50.245257779 ], [ 30.646707027, 50.239724788 ], [ 30.645751051, 50.236574823 ], [ 30.637424906, 50.234680488 ], [ 30.643667021, 50.225957784 ], [ 30.59347411, 50.213303431 ], [ 30.592308022, 50.216411804 ], [ 30.590000006, 50.216200789 ], [ 30.590928042, 50.231182814 ], [ 30.583356013, 50.250378764 ], [ 30.574726079, 50.259445767 ], [ 30.554677581, 50.258367767 ], [ 30.55261307, 50.259348823 ], [ 30.55100109, 50.26200380200001 ], [ 30.553950119, 50.262453825 ], [ 30.553797083, 50.26948374700001 ], [ 30.542592012, 50.27586482 ], [ 30.548032081, 50.282923777 ], [ 30.54623008, 50.291005809 ], [ 30.528106116, 50.290297771 ], [ 30.537060165, 50.300428271 ], [ 30.532321123, 50.302109774 ], [ 30.53540704, 50.31741182 ], [ 30.515820085, 50.321418255 ], [ 30.508519052, 50.32609376 ], [ 30.496295239, 50.321925238 ], [ 30.487621101, 50.328290791 ], [ 30.497030066, 50.332652748 ], [ 30.491116126, 50.335248799 ], [ 30.485915041, 50.336232792 ], [ 30.485204125, 50.333960776 ], [ 30.475237031, 50.333177811 ], [ 30.474266031, 50.335364786 ], [ 30.476974113, 50.336173753 ], [ 30.477827063, 50.339452753 ], [ 30.474079024, 50.340127792 ], [ 30.472752125, 50.350547802 ], [ 30.468048093, 50.352007765 ], [ 30.470275079, 50.355463781 ], [ 30.466707049, 50.358399772 ], [ 30.468393041, 50.3601288 ], [ 30.457702132, 50.360980787 ], [ 30.455043052, 50.359922795 ], [ 30.452083043, 50.354555763 ], [ 30.437633506, 50.356927344 ], [ 30.435916136, 50.36089579 ], [ 30.437477082, 50.367547789 ], [ 30.430558057, 50.3717898 ], [ 30.442174043, 50.381455737 ], [ 30.42854615, 50.391880767 ], [ 30.425982076, 50.391323809 ], [ 30.421955108, 50.393918765 ], [ 30.422672088, 50.395956749 ], [ 30.417317092, 50.39632176 ], [ 30.419981131, 50.397256783 ], [ 30.394218096, 50.405450753 ], [ 30.369132068, 50.420966814 ], [ 30.359674041, 50.433232795 ], [ 30.357801101, 50.44462277 ], [ 30.350731122, 50.445016823 ], [ 30.351067075, 50.44900876900001 ], [ 30.34812416, 50.448807788 ], [ 30.348691077, 50.451192295 ], [ 30.345661109, 50.45359279 ], [ 30.339599066, 50.452693788 ], [ 30.344012067, 50.449516797 ], [ 30.344012116, 50.445606788 ], [ 30.321872144, 50.442360773 ], [ 30.310854085, 50.442691807 ], [ 30.281260137, 50.447320785 ], [ 30.282050159, 50.442795784 ], [ 30.274793789, 50.431651593 ], [ 30.276252103, 50.430682732 ], [ 30.269308099, 50.426211817 ], [ 30.260220142, 50.431133754 ], [ 30.255238046, 50.431142798 ], [ 30.251084124, 50.42649874 ], [ 30.24438912, 50.422924742 ], [ 30.240883115, 50.428065746 ], [ 30.236491069, 50.430672762 ], [ 30.242062154, 50.435686791 ], [ 30.242306069, 50.43860274 ], [ 30.246829121, 50.440368794 ], [ 30.239408046, 50.449070199 ], [ 30.240867052, 50.455324739 ], [ 30.257772098, 50.469777795 ], [ 30.256222064, 50.472199816 ], [ 30.249418161, 50.474901771 ], [ 30.251684062, 50.485046764 ], [ 30.253412061, 50.486885753 ], [ 30.260368159, 50.485935761 ], [ 30.266350136, 50.492376747 ], [ 30.264652112, 50.494063773 ], [ 30.270006235, 50.498148119 ], [ 30.270352138, 50.502663817 ], [ 30.259386641, 50.509911792 ], [ 30.260650129, 50.511613762 ], [ 30.273656751, 50.52134978 ], [ 30.282018088, 50.522214794 ], [ 30.290845116, 50.527188818 ], [ 30.292775255, 50.532730507 ], [ 30.30258207, 50.533073772 ], [ 30.304324168, 50.543454798 ], [ 30.303025102, 50.547833817 ], [ 30.297254125, 50.551723773 ], [ 30.298026716, 50.554413786 ], [ 30.301489137, 50.553491769 ], [ 30.310950368, 50.555083244 ], [ 30.326509129, 50.546055752 ], [ 30.325873142, 50.550155797 ], [ 30.329127291, 50.549481344 ], [ 30.332681076, 50.551265618 ], [ 30.329247076, 50.553764798 ], [ 30.331865075, 50.554695767 ], [ 30.331779158, 50.556457803 ], [ 30.341889639, 50.5569318 ], [ 30.331714067, 50.559262828 ], [ 30.325548619, 50.563008124 ], [ 30.326560101, 50.564949776 ], [ 30.307402122, 50.57058381 ], [ 30.339185086, 50.573758755 ], [ 30.370747072, 50.573402798 ], [ 30.371004118, 50.586436827 ], [ 30.4468861, 50.586264816 ], [ 30.462866113, 50.58447183 ], [ 30.464562082, 50.57166375 ], [ 30.481521121, 50.572232813 ], [ 30.484954259, 50.569395444 ], [ 30.483880101, 50.567730774 ], [ 30.49020413, 50.568330808 ], [ 30.491109068, 50.560831775 ], [ 30.495531136, 50.551651785 ], [ 30.50256411, 50.546773802 ], [ 30.531534094, 50.535417764 ], [ 30.534746159, 50.526679773 ], [ 30.540950024, 50.52322889 ], [ 30.544378151, 50.528094668 ], [ 30.530953256, 50.541516731 ], [ 30.532275134, 50.547385572 ], [ 30.535184076, 50.548975664 ], [ 30.54558019, 50.549776723 ], [ 30.563781049, 50.54482071 ], [ 30.569663161, 50.545302646 ], [ 30.57303635, 50.54826783 ] ] ], [ [ [ 30.345649631, 50.495766994 ], [ 30.339302628, 50.498184108 ], [ 30.334832154, 50.493404763 ], [ 30.325165108, 50.492607756 ], [ 30.318851092, 50.495471799 ], [ 30.3173951, 50.492055788 ], [ 30.320713099, 50.487375787 ], [ 30.318903136, 50.487484298 ], [ 30.32789207, 50.48438079 ], [ 30.336408109, 50.483183285 ], [ 30.337324136, 50.485198825 ], [ 30.341366075, 50.482984814 ], [ 30.346278124, 50.482653781 ], [ 30.351805059, 50.484669797 ], [ 30.35071214, 50.490996793 ], [ 30.345439101, 50.49185975 ], [ 30.345649631, 50.495766994 ] ] ], [ [ [ 30.77683074, 51.509217512 ], [ 30.776516055, 51.511682533 ], [ 30.773180571, 51.511555142 ], [ 30.773440373, 51.509113527 ], [ 30.77683074, 51.509217512 ] ] ], [ [ [ 30.666654042, 51.512034466 ], [ 30.665656652, 51.513427961 ], [ 30.662893237, 51.512790232 ], [ 30.663989394, 51.510243102 ], [ 30.667176128, 51.510976446 ], [ 30.666654042, 51.512034466 ] ] ], [ [ [ 30.755115411, 51.514719667 ], [ 30.748167639, 51.515589589 ], [ 30.747857795, 51.514418919 ], [ 30.754799143, 51.513473052 ], [ 30.755115411, 51.514719667 ] ] ], [ [ [ 30.760987216, 51.539864018 ], [ 30.735969298, 51.540916418 ], [ 30.735559258, 51.548692455 ], [ 30.70885535, 51.553079579 ], [ 30.710124261, 51.530868 ], [ 30.69416903, 51.528872833 ], [ 30.689749933, 51.530667116 ], [ 30.670968374, 51.530878911 ], [ 30.669370629, 51.528059676 ], [ 30.661005204, 51.526422267 ], [ 30.626714573, 51.515059475 ], [ 30.605562272, 51.51588372 ], [ 30.601082206, 51.524946953 ], [ 30.592582045, 51.524279645 ], [ 30.59263198, 51.521136365 ], [ 30.585796374, 51.521831306 ], [ 30.585740289, 51.515877988 ], [ 30.595171985, 51.515317614 ], [ 30.592978274, 51.520882974 ], [ 30.596871566, 51.52003520200001 ], [ 30.598163526, 51.515811286 ], [ 30.595356518, 51.514755004 ], [ 30.599838032, 51.510347455 ], [ 30.601728126, 51.510517854 ], [ 30.602367652, 51.51224044 ], [ 30.605546524, 51.51249967 ], [ 30.604838994, 51.515420432 ], [ 30.628517177, 51.514989378 ], [ 30.652078413, 51.523335822 ], [ 30.654636712, 51.52007776 ], [ 30.658600646, 51.519829469 ], [ 30.658409979, 51.518665229 ], [ 30.67116922, 51.52202123 ], [ 30.698726798, 51.522135311 ], [ 30.752927296, 51.516501327 ], [ 30.782252862, 51.511851222 ], [ 30.783848332, 51.525141105 ], [ 30.786338273, 51.525032284 ], [ 30.786342763, 51.522938832 ], [ 30.789218519, 51.522859796 ], [ 30.789305321, 51.525121292 ], [ 30.783861889, 51.525228459 ], [ 30.785311195, 51.538846259 ], [ 30.760987216, 51.539864018 ] ] ] ] } },
{ "type": "Feature", "properties": { "shapeName": "Kirovohradska", "shapeISO": "", "shapeID": "82583831B10116413873639", "shapeGroup": "UKR", "shapeType": "ADM1" }, "geometry": { "type": "Polygon", "coordinates": [ [ [ 29.780590777, 48.208537346 ], [ 29.785431478, 48.207326411 ], [ 29.784010541, 48.205532427 ], [ 29.79339145, 48.20122964 ], [ 29.810175218, 48.207092784 ], [ 29.843028258, 48.212232446 ], [ 29.860447799, 48.204507997 ], [ 29.865519977, 48.197706438 ], [ 29.872319828, 48.194522955 ], [ 29.876414665, 48.188048844 ], [ 29.883109689, 48.185239832 ], [ 29.891504732, 48.184181722 ], [ 29.930304666, 48.233298368 ], [ 29.975039304, 48.217029147 ], [ 29.981002601, 48.223957945 ], [ 29.990388609, 48.229855745 ], [ 29.992396456, 48.219675764 ], [ 29.998903281, 48.217153281 ], [ 30.008833384, 48.20863196 ], [ 30.007144197, 48.202416964 ], [ 29.999922057, 48.195828994 ], [ 30.001524729, 48.184918805 ], [ 30.008880945, 48.182091773 ], [ 30.01618434, 48.186043392 ], [ 30.02229098, 48.185354312 ], [ 30.032591095, 48.178383296 ], [ 30.032216921, 48.172535934 ], [ 30.040441538, 48.164436039 ], [ 30.042695733, 48.156244666 ], [ 30.046044121, 48.152588236 ], [ 30.051274005, 48.149987109 ], [ 30.060861524, 48.151989906 ], [ 30.067883835, 48.144705638 ], [ 30.076885672, 48.146761699 ], [ 30.106363949, 48.13964638 ], [ 30.110801511, 48.143664969 ], [ 30.127600885, 48.147071869 ], [ 30.144434184, 48.145870347 ], [ 30.152356424, 48.143110138 ], [ 30.160947588, 48.145422677 ], [ 30.165836182, 48.145022033 ], [ 30.17185875, 48.149034481 ], [ 30.181014994, 48.151002305 ], [ 30.187615748, 48.154820977 ], [ 30.1971384, 48.149061513 ], [ 30.214250158, 48.147263736 ], [ 30.24227946, 48.140303199 ], [ 30.252705277, 48.142990477 ], [ 30.262376189, 48.14755674 ], [ 30.285729392, 48.140040288 ], [ 30.300664014, 48.142570638 ], [ 30.307808513, 48.141601627 ], [ 30.31749575, 48.140632621 ], [ 30.328316641, 48.147336624 ], [ 30.32759416, 48.160024446 ], [ 30.338901751, 48.161553514 ], [ 30.349068653, 48.167549946 ], [ 30.359937335, 48.169076322 ], [ 30.366595901, 48.174152482 ], [ 30.384103762, 48.174440612 ], [ 30.390005838, 48.165980992 ], [ 30.414828562, 48.162444615 ], [ 30.428207543, 48.16538037 ], [ 30.43577131, 48.171913075 ], [ 30.444044314, 48.169162043 ], [ 30.451301783, 48.168787633 ], [ 30.468464096, 48.162403566 ], [ 30.473629671, 48.16612404 ], [ 30.480006468, 48.166278387 ], [ 30.495640578, 48.169923837 ], [ 30.500318117, 48.167922025 ], [ 30.499993004, 48.163529 ], [ 30.504274099, 48.15793772 ], [ 30.526798914, 48.179547802 ], [ 30.553036569, 48.163136377 ], [ 30.556055669, 48.155928924 ], [ 30.58104677, 48.155025973 ], [ 30.585514626, 48.157035513 ], [ 30.590925741, 48.157076083 ], [ 30.617736036, 48.156077954 ], [ 30.620162395, 48.157466181 ], [ 30.620067979, 48.166309825 ], [ 30.637233398, 48.167359687 ], [ 30.656592695, 48.171912406 ], [ 30.648422311, 48.179460408 ], [ 30.647466876, 48.185252623 ], [ 30.684009226, 48.188119611 ], [ 30.716814073, 48.195547648 ], [ 30.719336926, 48.186547619 ], [ 30.785388902, 48.19139396 ], [ 30.792506417, 48.167779213 ], [ 30.815208592, 48.169699381 ], [ 30.813629376, 48.176079183 ], [ 30.819634467, 48.18051413 ], [ 30.819347907, 48.188525442 ], [ 30.823052124, 48.190797754 ], [ 30.82560806, 48.18866193 ], [ 30.827714115, 48.181583705 ], [ 30.848389374, 48.184365184 ], [ 30.855039186, 48.161058143 ], [ 30.869759633, 48.162303426 ], [ 30.872230948, 48.161015954 ], [ 30.879140006, 48.164407528 ], [ 30.894039161, 48.165413622 ], [ 30.900239647, 48.159320833 ], [ 30.903524295, 48.161884034 ], [ 30.903759706, 48.165012888 ], [ 30.906267196, 48.164126597 ], [ 30.917210294, 48.165333139 ], [ 30.920963067, 48.169774827 ], [ 30.930291986, 48.166239512 ], [ 30.929920251, 48.180134677 ], [ 30.931725587, 48.183966633 ], [ 30.945394761, 48.184060698 ], [ 30.955987587, 48.180655857 ], [ 30.96623982, 48.185319008 ], [ 30.973279453, 48.18540339 ], [ 30.978411619, 48.183734056 ], [ 30.989163119, 48.184455679 ], [ 30.987262922, 48.194713143 ], [ 30.989057159, 48.1945084 ], [ 30.981017136, 48.222140217 ], [ 31.053019139, 48.232284005 ], [ 31.056277731, 48.220138141 ], [ 31.137992221, 48.229277798 ], [ 31.140085936, 48.220694114 ], [ 31.163723229, 48.222522868 ], [ 31.164446411, 48.220381208 ], [ 31.168960234, 48.218433544 ], [ 31.168553719, 48.214990974 ], [ 31.171992901, 48.213737129 ], [ 31.17425056, 48.209095221 ], [ 31.184652041, 48.202999119 ], [ 31.186057533, 48.196471103 ], [ 31.192012959, 48.194086784 ], [ 31.188386505, 48.187831067 ], [ 31.180548849, 48.186276312 ], [ 31.179766943, 48.180904963 ], [ 31.201336412, 48.16838114 ], [ 31.220583556, 48.170748887 ], [ 31.236333689, 48.117031516 ], [ 31.320827479, 48.137180872 ], [ 31.325915449, 48.113348978 ], [ 31.337840849, 48.114577066 ], [ 31.342818393, 48.117321156 ], [ 31.350603412, 48.11895436 ], [ 31.367894085, 48.119244124 ], [ 31.378340798, 48.126096301 ], [ 31.381025884, 48.131198508 ], [ 31.387305127, 48.131400541 ], [ 31.39551713, 48.108369309 ], [ 31.420174554, 48.111739075 ], [ 31.417850196, 48.120878639 ], [ 31.486425113, 48.12963779 ], [ 31.498493068, 48.087213463 ], [ 31.475961043, 48.082812205 ], [ 31.472329424, 48.077798109 ], [ 31.470004034, 48.064040297 ], [ 31.488173477, 48.065360671 ], [ 31.492458765, 48.050731719 ], [ 31.502344495, 48.052190931 ], [ 31.507514933, 48.05560531 ], [ 31.512145633, 48.06050032 ], [ 31.510229694, 48.068828904 ], [ 31.537397549, 48.068333688 ], [ 31.551000425, 48.069791053 ], [ 31.540547696, 48.107791999 ], [ 31.558947599, 48.110300704 ], [ 31.569419761, 48.097422705 ], [ 31.567918133, 48.102597641 ], [ 31.58390936, 48.105509187 ], [ 31.582615447, 48.128762806 ], [ 31.633614608, 48.134765018 ], [ 31.637009767, 48.12451569 ], [ 31.639670809, 48.124871315 ], [ 31.641879322, 48.114940861 ], [ 31.685582768, 48.121004525 ], [ 31.686346875, 48.119852887 ], [ 31.682588247, 48.117645443 ], [ 31.682881261, 48.1145432 ], [ 31.687173797, 48.116398669 ], [ 31.694327198, 48.093359485 ], [ 31.767283869, 48.102123588 ], [ 31.78302028, 48.042229265 ], [ 31.729029424, 48.035464685 ], [ 31.752766378, 47.943449459 ], [ 31.76156001, 47.94552805 ], [ 31.766437997, 47.944680691 ], [ 31.771295016, 47.9489714 ], [ 31.770934347, 47.951852812 ], [ 31.77812337, 47.956710932 ], [ 31.776126828, 47.958414405 ], [ 31.780601637, 47.960283152 ], [ 31.782657097, 47.955239078 ], [ 31.784826265, 47.954886506 ], [ 31.801403923, 47.957560233 ], [ 31.800624913, 47.960251443 ], [ 31.808740982, 47.959829569 ], [ 31.843830439, 47.963581414 ], [ 31.85499407, 47.916117362 ], [ 31.8765917, 47.919422877 ], [ 31.877446036, 47.908640373 ], [ 31.884711527, 47.893933421 ], [ 31.880501516, 47.893663912 ], [ 31.880594649, 47.882445041 ], [ 31.884792046, 47.881626639 ], [ 31.889236568, 47.869762575 ], [ 31.89194779, 47.867555763 ], [ 31.888071205, 47.865442033 ], [ 31.857040421, 47.864658194 ], [ 31.859088586, 47.849528561 ], [ 31.853210559, 47.848402019 ], [ 31.856773411, 47.83855562 ], [ 31.860131084, 47.838790696 ], [ 31.861968571, 47.833667445 ], [ 31.871083867, 47.826556172 ], [ 31.868721072, 47.822556553 ], [ 31.86578893, 47.821796467 ], [ 31.827403163, 47.816517967 ], [ 31.837703386, 47.782798183 ], [ 31.863429819, 47.784995269 ], [ 31.874093216, 47.786445213 ], [ 31.873529338, 47.787762731 ], [ 31.962984973, 47.798689243 ], [ 31.959786363, 47.809526203 ], [ 32.013326905, 47.815847676 ], [ 32.015093478, 47.815978261 ], [ 32.015333151, 47.812742275 ], [ 32.054674341, 47.817253526 ], [ 32.059478795, 47.804714837 ], [ 32.076639761, 47.80685151 ], [ 32.079749653, 47.795839322 ], [ 32.085174433, 47.796577489 ], [ 32.089483416, 47.782275955 ], [ 32.10927853, 47.784601135 ], [ 32.11697571, 47.755909727 ], [ 32.135811865, 47.758098224 ], [ 32.134226749, 47.755753253 ], [ 32.138148111, 47.753564698 ], [ 32.140327473, 47.748901608 ], [ 32.146145356, 47.751089998 ], [ 32.145669716, 47.754089634 ], [ 32.153413513, 47.755921784 ], [ 32.153001417, 47.758147019 ], [ 32.156182752, 47.758888215 ], [ 32.154433619, 47.760942923 ], [ 32.157327034, 47.760740623 ], [ 32.160558662, 47.751126299 ], [ 32.23158328, 47.760404314 ], [ 32.222512693, 47.791446009 ], [ 32.239621121, 47.793805622 ], [ 32.236537151, 47.814685702 ], [ 32.30321339, 47.823732331 ], [ 32.309773754, 47.818165646 ], [ 32.313051506, 47.818875682 ], [ 32.317966789, 47.817357599 ], [ 32.320520495, 47.819110504 ], [ 32.32207944, 47.814465858 ], [ 32.327171016, 47.813583804 ], [ 32.331450663, 47.805007861 ], [ 32.338636704, 47.800179655 ], [ 32.346094631, 47.798561908 ], [ 32.356992487, 47.79096154 ], [ 32.36419822, 47.788589587 ], [ 32.368015893, 47.789836686 ], [ 32.370053206, 47.794596609 ], [ 32.375130719, 47.794112015 ], [ 32.378070599, 47.796826743 ], [ 32.386697244, 47.798810067 ], [ 32.388509065, 47.797431433 ], [ 32.395646029, 47.80016884 ], [ 32.403958415, 47.799681428 ], [ 32.402542244, 47.798328428 ], [ 32.396253898, 47.797884871 ], [ 32.402004796, 47.79474579 ], [ 32.415465234, 47.797508188 ], [ 32.41849452, 47.801499186 ], [ 32.422235033, 47.80154188 ], [ 32.425022044, 47.800545545 ], [ 32.427727259, 47.789565101 ], [ 32.601329419, 47.810195054 ], [ 32.624333839, 47.813338487 ], [ 32.624135431, 47.815972799 ], [ 32.657795565, 47.819935703 ], [ 32.65621623, 47.826381305 ], [ 32.664053418, 47.839393772 ], [ 32.672647471, 47.842441435 ], [ 32.679447174, 47.851798525 ], [ 32.675083313, 47.857607054 ], [ 32.669360932, 47.853029537 ], [ 32.664416214, 47.870907397 ], [ 32.685535848, 47.872983669 ], [ 32.676480197, 47.907009194 ], [ 32.65593788, 47.904818934 ], [ 32.651904559, 47.92152234 ], [ 32.745561538, 47.932507689 ], [ 32.743868709, 47.937164399 ], [ 32.73662887, 47.943574624 ], [ 32.738203544, 47.947792626 ], [ 32.737067915, 47.951632213 ], [ 32.697309194, 47.946530429 ], [ 32.689494957, 47.981838784 ], [ 32.794312289, 47.993173874 ], [ 32.79524355, 47.982590329 ], [ 32.796687751, 47.980816638 ], [ 32.800860864, 47.981836211 ], [ 32.801713061, 47.974937656 ], [ 32.809844239, 47.975125669 ], [ 32.812955812, 47.979088941 ], [ 32.850432961, 47.983587356 ], [ 32.865094015, 47.985120921 ], [ 32.86701547, 47.982523636 ], [ 32.894408729, 47.985526701 ], [ 32.884856904, 48.020199318 ], [ 32.87270402, 48.024128072 ], [ 32.870465314, 48.032334514 ], [ 32.881520398, 48.033811485 ], [ 32.883355141, 48.027614545 ], [ 32.915859321, 48.031584101 ], [ 32.913049031, 48.037566577 ], [ 32.945818809, 48.042507692 ], [ 32.95184256, 48.035226062 ], [ 32.954128476, 48.035419218 ], [ 32.990162155, 48.04823477 ], [ 33.004677947, 47.9891182 ], [ 33.02219009, 47.983589221 ], [ 33.024913016, 47.984168102 ], [ 33.021212422, 47.99195558 ], [ 33.023982902, 48.001178304 ], [ 33.026417133, 48.003393421 ], [ 33.024087094, 48.008521142 ], [ 33.035639047, 48.011873114 ], [ 33.035474935, 48.02168959 ], [ 33.033498899, 48.021680888 ], [ 33.031792014, 48.030916916 ], [ 33.03686295, 48.031256598 ], [ 33.03631503, 48.033880533 ], [ 33.110596874, 48.042889571 ], [ 33.104955311, 48.047471756 ], [ 33.103774661, 48.055492241 ], [ 33.107856013, 48.059134025 ], [ 33.105704781, 48.063879216 ], [ 33.114602516, 48.064656246 ], [ 33.115699804, 48.060983667 ], [ 33.143351123, 48.064012241 ], [ 33.148053066, 48.041582954 ], [ 33.153681947, 48.042080519 ], [ 33.148431454, 48.067626507 ], [ 33.144082023, 48.067155817 ], [ 33.141712051, 48.076484724 ], [ 33.154329665, 48.077842854 ], [ 33.153248287, 48.083321781 ], [ 33.170794309, 48.085132468 ], [ 33.172312049, 48.086578762 ], [ 33.224868251, 48.092045751 ], [ 33.221963988, 48.105786717 ], [ 33.23686401, 48.107293044 ], [ 33.235412175, 48.113379831 ], [ 33.224854686, 48.112425973 ], [ 33.22416039, 48.11535669 ], [ 33.219981596, 48.114924378 ], [ 33.221509557, 48.10777167 ], [ 33.186761525, 48.104217505 ], [ 33.184887612, 48.104458582 ], [ 33.181712842, 48.118136751 ], [ 33.218454602, 48.12189332 ], [ 33.217963082, 48.12420449 ], [ 33.232040781, 48.126774142 ], [ 33.227041884, 48.149227909 ], [ 33.217279204, 48.148240423 ], [ 33.21280714, 48.169906406 ], [ 33.242990232, 48.172635174 ], [ 33.247498976, 48.151130132 ], [ 33.271759184, 48.153689067 ], [ 33.275583826, 48.138468868 ], [ 33.271975558, 48.138084212 ], [ 33.277000454, 48.103194853 ], [ 33.293436088, 48.101755734 ], [ 33.297770281, 48.110711815 ], [ 33.301487072, 48.110615231 ], [ 33.30169087, 48.118654063 ], [ 33.315415294, 48.117973142 ], [ 33.316481672, 48.12489736 ], [ 33.314373503, 48.129016584 ], [ 33.306988417, 48.12783833 ], [ 33.290819989, 48.150025512 ], [ 33.316508594, 48.152152326 ], [ 33.315545746, 48.157860912 ], [ 33.356906342, 48.159074884 ], [ 33.360231592, 48.163454059 ], [ 33.375309886, 48.162306049 ], [ 33.380069731, 48.165075533 ], [ 33.430537779, 48.1700613 ], [ 33.428310296, 48.184019434 ], [ 33.430441126, 48.188715759 ], [ 33.478896818, 48.194378091 ], [ 33.477490802, 48.199677342 ], [ 33.496112419, 48.201988618 ], [ 33.497408816, 48.210570249 ], [ 33.491674652, 48.207607226 ], [ 33.484417509, 48.214474635 ], [ 33.498182741, 48.216969008 ], [ 33.500652809, 48.231946256 ], [ 33.512425581, 48.230564718 ], [ 33.520630751, 48.221104029 ], [ 33.525341151, 48.223745108 ], [ 33.527727198, 48.22185436 ], [ 33.53910342, 48.22744026 ], [ 33.540028278, 48.231368385 ], [ 33.546467183, 48.234726927 ], [ 33.539572165, 48.252848998 ], [ 33.535202577, 48.252334054 ], [ 33.529717752, 48.27578587 ], [ 33.513674731, 48.277294604 ], [ 33.514980798, 48.281994823 ], [ 33.517844148, 48.282653239 ], [ 33.5181763, 48.28481553 ], [ 33.515494233, 48.292426823 ], [ 33.510073279, 48.294168823 ], [ 33.517230921, 48.328320613 ], [ 33.50562661, 48.332417949 ], [ 33.477572743, 48.328673901 ], [ 33.476852085, 48.325664486 ], [ 33.472969205, 48.326089045 ], [ 33.478710772, 48.349303945 ], [ 33.461704047, 48.349456173 ], [ 33.460148689, 48.355557128 ], [ 33.459699114, 48.357558743 ], [ 33.47567676, 48.369711159 ], [ 33.469715531, 48.370769323 ], [ 33.471407771, 48.385090597 ], [ 33.475483938, 48.386980438 ], [ 33.484435671, 48.386430101 ], [ 33.485056799, 48.393125812 ], [ 33.497188342, 48.393683801 ], [ 33.494960606, 48.404744417 ], [ 33.486291866, 48.404185425 ], [ 33.489364762, 48.440322809 ], [ 33.469671182, 48.533614173 ], [ 33.479933613, 48.536022283 ], [ 33.472404527, 48.545027376 ], [ 33.484247447, 48.547759261 ], [ 33.48174574, 48.558071593 ], [ 33.503291299, 48.560452192 ], [ 33.504000286, 48.558099468 ], [ 33.511596093, 48.558922873 ], [ 33.509625382, 48.568114762 ], [ 33.584911491, 48.576385474 ], [ 33.590196684, 48.559557547 ], [ 33.622198248, 48.565943278 ], [ 33.609249197, 48.599428952 ], [ 33.625916778, 48.602176918 ], [ 33.626775346, 48.597774913 ], [ 33.65003007, 48.59986523 ], [ 33.651612824, 48.591906733 ], [ 33.656233256, 48.592235093 ], [ 33.657487742, 48.586043957 ], [ 33.66045892, 48.58566991 ], [ 33.700437428, 48.605852743 ], [ 33.722122554, 48.612634278 ], [ 33.722106713, 48.613889863 ], [ 33.73176669, 48.615378449 ], [ 33.732303684, 48.614144461 ], [ 33.736537835, 48.617230864 ], [ 33.743951154, 48.61527661 ], [ 33.744916431, 48.616470031 ], [ 33.742504976, 48.618137271 ], [ 33.744056406, 48.619386582 ], [ 33.751824846, 48.621105067 ], [ 33.754968886, 48.623714432 ], [ 33.76111827, 48.624410071 ], [ 33.76324143, 48.626631099 ], [ 33.759557474, 48.643140033 ], [ 33.763225024, 48.643404932 ], [ 33.762631687, 48.647157002 ], [ 33.759519739, 48.647070502 ], [ 33.75610421, 48.657213585 ], [ 33.802126539, 48.662866146 ], [ 33.805325061, 48.686824165 ], [ 33.750361291, 48.680737062 ], [ 33.746464896, 48.693387224 ], [ 33.730718699, 48.692187948 ], [ 33.681477158, 48.723187204 ], [ 33.650621674, 48.721027046 ], [ 33.649277677, 48.725591829 ], [ 33.634268268, 48.724222862 ], [ 33.618849337, 48.727580301 ], [ 33.607546151, 48.751373553 ], [ 33.592786356, 48.748093683 ], [ 33.589804085, 48.75340903 ], [ 33.58522919, 48.75439152 ], [ 33.585832452, 48.75735896 ], [ 33.578178762, 48.778840143 ], [ 33.587277036, 48.779573619 ], [ 33.583005684, 48.796784308 ], [ 33.6021693, 48.798632785 ], [ 33.60398087, 48.791673131 ], [ 33.616399471, 48.793235443 ], [ 33.617809851, 48.787606268 ], [ 33.656728682, 48.792648067 ], [ 33.674995845, 48.815166074 ], [ 33.685134998, 48.813667905 ], [ 33.689383753, 48.808122899 ], [ 33.70458865, 48.813383923 ], [ 33.714241132, 48.81353096 ], [ 33.712973661, 48.810229225 ], [ 33.720268229, 48.80980346 ], [ 33.725268426, 48.786667094 ], [ 33.742648515, 48.788664962 ], [ 33.748608878, 48.795285751 ], [ 33.77026289, 48.799177527 ], [ 33.772184005, 48.791937046 ], [ 33.793040952, 48.794194678 ], [ 33.79219593, 48.800518675 ], [ 33.811277097, 48.8028455 ], [ 33.818981223, 48.77607534 ], [ 33.828399128, 48.774289427 ], [ 33.830092559, 48.76885301 ], [ 33.850803309, 48.770823619 ], [ 33.853232447, 48.778764063 ], [ 33.847722908, 48.802583637 ], [ 33.850749688, 48.802824898 ], [ 33.862150975, 48.837453616 ], [ 33.873814747, 48.840686768 ], [ 33.893760485, 48.902014141 ], [ 33.862789116, 48.913236885 ], [ 33.835612241, 48.931031157 ], [ 33.810681027, 48.938730378 ], [ 33.785374383, 48.939571914 ], [ 33.759188433, 48.945383434 ], [ 33.73713359, 48.941152833 ], [ 33.715717228, 48.939739566 ], [ 33.709518971, 48.940882248 ], [ 33.694137031, 48.947336375 ], [ 33.690598617, 48.952784331 ], [ 33.680960052, 48.956764099 ], [ 33.664215659, 48.978545194 ], [ 33.647955824, 48.976962934 ], [ 33.63794337, 48.97399145 ], [ 33.635273824, 48.962052332 ], [ 33.621318747, 48.956613576 ], [ 33.613055611, 48.947689445 ], [ 33.607465871, 48.949715547 ], [ 33.60448192, 48.946688208 ], [ 33.600700141, 48.942225851 ], [ 33.609496223, 48.938514055 ], [ 33.589208167, 48.91688902 ], [ 33.581831405, 48.916069618 ], [ 33.580386694, 48.920418283 ], [ 33.567564573, 48.918862803 ], [ 33.568854686, 48.914798299 ], [ 33.5742531, 48.915416883 ], [ 33.575132473, 48.91114934 ], [ 33.547672548, 48.912627656 ], [ 33.546132427, 48.919295534 ], [ 33.540479783, 48.919223981 ], [ 33.536940845, 48.931388746 ], [ 33.497255866, 48.926582649 ], [ 33.498202001, 48.922765593 ], [ 33.490583479, 48.921427935 ], [ 33.486183838, 48.917647861 ], [ 33.485581819, 48.914717667 ], [ 33.478278402, 48.915694292 ], [ 33.473710272, 48.913733127 ], [ 33.478362932, 48.934415704 ], [ 33.472666624, 48.937801783 ], [ 33.475935785, 48.95195302 ], [ 33.431583999, 48.956631251 ], [ 33.430588731, 48.952433649 ], [ 33.425585356, 48.951649788 ], [ 33.42133346, 48.948869224 ], [ 33.415606532, 48.951796243 ], [ 33.416459563, 48.952647434 ], [ 33.422250563, 48.950177639 ], [ 33.424749266, 48.95533016 ], [ 33.420263155, 48.95837249 ], [ 33.411073974, 48.958110019 ], [ 33.407110049, 48.961454064 ], [ 33.401702402, 48.959236745 ], [ 33.403915488, 48.956452244 ], [ 33.39869865, 48.952160539 ], [ 33.401576237, 48.926860366 ], [ 33.352830555, 48.948359515 ], [ 33.352654891, 48.954226504 ], [ 33.348775243, 48.954387442 ], [ 33.333019974, 48.949144109 ], [ 33.331084363, 48.951877966 ], [ 33.319847371, 48.94847687 ], [ 33.313925853, 48.958216132 ], [ 33.325155791, 48.961315941 ], [ 33.297036792, 49.007911055 ], [ 33.299574559, 49.007948976 ], [ 33.299531348, 49.010943076 ], [ 33.307464718, 49.013378468 ], [ 33.311780013, 49.017500317 ], [ 33.334744046, 49.026987516 ], [ 33.321621198, 49.043236571 ], [ 33.316639635, 49.042761552 ], [ 33.313759107, 49.054129689 ], [ 33.298300192, 49.066231856 ], [ 33.307885907, 49.078188761 ], [ 33.296243447, 49.083381802 ], [ 33.277762016, 49.083317066 ], [ 33.278467594, 49.0872885 ], [ 33.270088609, 49.089117256 ], [ 33.270300322, 49.09140162 ], [ 33.262185007, 49.091872548 ], [ 33.263248679, 49.094273988 ], [ 33.275631566, 49.097939492 ], [ 33.281218777, 49.096345658 ], [ 33.283022062, 49.097584594 ], [ 33.288499197, 49.097056943 ], [ 33.304219089, 49.1183906 ], [ 33.285627646, 49.123749991 ], [ 33.272798373, 49.134623249 ], [ 33.267192452, 49.133438071 ], [ 33.266290906, 49.144406133 ], [ 33.261921006, 49.152298811 ], [ 33.240283191, 49.166706441 ], [ 33.238692728, 49.166552657 ], [ 33.248020419, 49.145774012 ], [ 33.248461236, 49.085252503 ], [ 33.244036818, 49.078731897 ], [ 33.230366866, 49.084210335 ], [ 33.225333059, 49.084839087 ], [ 33.223706859, 49.07774966 ], [ 33.202780632, 49.072939563 ], [ 33.199815389, 49.073818781 ], [ 33.195382699, 49.079752731 ], [ 33.18995552, 49.081737243 ], [ 33.197878868, 49.087912093 ], [ 33.185592851, 49.097238528 ], [ 33.163585118, 49.094986958 ], [ 33.156129897, 49.098424562 ], [ 33.157658541, 49.111869782 ], [ 33.150802074, 49.122422553 ], [ 33.157964547, 49.128315485 ], [ 33.157717851, 49.130576863 ], [ 33.131676182, 49.15767051 ], [ 33.121204243, 49.163989053 ], [ 33.117597773, 49.173631886 ], [ 33.107705218, 49.18163841 ], [ 33.076239658, 49.186147863 ], [ 33.057854974, 49.184469482 ], [ 33.029540395, 49.184802679 ], [ 33.017726177, 49.196336274 ], [ 32.994683844, 49.20307464 ], [ 32.984862942, 49.209067321 ], [ 32.982615275, 49.216821067 ], [ 32.988084687, 49.225732493 ], [ 32.987864619, 49.234057709 ], [ 32.982345008, 49.241182707 ], [ 32.972659409, 49.244936452 ], [ 32.96166744, 49.243676691 ], [ 32.940767001, 49.235405 ], [ 32.926002, 49.233396 ], [ 32.889314, 49.235704 ], [ 32.856102, 49.246188 ], [ 32.846856489, 49.230528547 ], [ 32.806778496, 49.210095616 ], [ 32.776700259, 49.185812826 ], [ 32.770491923, 49.177851381 ], [ 32.768672086, 49.171064678 ], [ 32.75744776, 49.16530578 ], [ 32.758041562, 49.158892843 ], [ 32.760783352, 49.154721597 ], [ 32.774981776, 49.144396983 ], [ 32.889152253, 49.121158186 ], [ 32.892504878, 49.103339074 ], [ 32.890520299, 49.095953598 ], [ 32.861037, 49.090975 ], [ 32.81431379, 49.074649614 ], [ 32.815699952, 49.072081364 ], [ 32.829192786, 49.067199181 ], [ 32.836970105, 49.027850625 ], [ 32.842604858, 49.028176606 ], [ 32.843201041, 49.025470969 ], [ 32.837646745, 49.022790565 ], [ 32.838755961, 49.015861039 ], [ 32.835460803, 49.016218425 ], [ 32.83434506, 49.01440796 ], [ 32.829415994, 49.016153636 ], [ 32.825456078, 49.015469388 ], [ 32.828679943, 49.009205059 ], [ 32.83574606, 49.007989428 ], [ 32.845339474, 49.012277489 ], [ 32.846197353, 49.006290323 ], [ 32.853248714, 49.000063659 ], [ 32.858698007, 48.998317622 ], [ 32.872254002, 49.00010802 ], [ 32.873750003, 48.992275481 ], [ 32.843418262, 48.990324704 ], [ 32.845228221, 48.980459242 ], [ 32.794884832, 48.975783444 ], [ 32.796373906, 48.970990333 ], [ 32.733286953, 48.964752633 ], [ 32.730258982, 48.977486719 ], [ 32.697921617, 48.974447369 ], [ 32.695707598, 48.982970593 ], [ 32.680213867, 48.981472559 ], [ 32.675334841, 48.985741319 ], [ 32.67024566, 48.981504575 ], [ 32.670383426, 48.978434629 ], [ 32.666583126, 48.976584121 ], [ 32.679717395, 48.9572958 ], [ 32.677303738, 48.95689802 ], [ 32.674517646, 48.960095418 ], [ 32.667564975, 48.959036075 ], [ 32.664829243, 48.957899983 ], [ 32.665814492, 48.956496192 ], [ 32.653597004, 48.953546924 ], [ 32.652835923, 48.954896544 ], [ 32.642383403, 48.952941476 ], [ 32.640310638, 48.957938678 ], [ 32.638202873, 48.955523406 ], [ 32.611428581, 48.953690034 ], [ 32.606601142, 48.956150383 ], [ 32.610047913, 48.959084873 ], [ 32.607591045, 48.964493691 ], [ 32.598208608, 48.960691287 ], [ 32.592052166, 48.960355504 ], [ 32.593760211, 48.955140142 ], [ 32.591040276, 48.955397105 ], [ 32.589527288, 48.95303065 ], [ 32.582299001, 48.950686462 ], [ 32.576616868, 48.95168325 ], [ 32.57801782, 48.959114365 ], [ 32.568253424, 48.957354271 ], [ 32.555019889, 48.962623078 ], [ 32.555694959, 48.965504871 ], [ 32.5388653, 48.96693354 ], [ 32.540123935, 48.961589522 ], [ 32.547526781, 48.958706315 ], [ 32.543094883, 48.95710718 ], [ 32.540371146, 48.95209919 ], [ 32.544284192, 48.950802076 ], [ 32.543258397, 48.949496714 ], [ 32.545584687, 48.946212769 ], [ 32.551695235, 48.941762039 ], [ 32.549108285, 48.93874886 ], [ 32.54278117, 48.939822945 ], [ 32.521894351, 48.938898074 ], [ 32.518932741, 48.940294798 ], [ 32.524071313, 48.94375937 ], [ 32.52075042, 48.947558587 ], [ 32.52146532, 48.949447012 ], [ 32.509593818, 48.960190427 ], [ 32.51472836, 48.965579316 ], [ 32.512521352, 48.965734515 ], [ 32.513925504, 48.968282063 ], [ 32.510306539, 48.971236512 ], [ 32.515474084, 48.974105955 ], [ 32.514548857, 48.978166114 ], [ 32.511844401, 48.983737876 ], [ 32.504576641, 48.985021909 ], [ 32.501806124, 48.987921273 ], [ 32.503956581, 48.992795487 ], [ 32.496028335, 49.000420914 ], [ 32.499208292, 49.003734183 ], [ 32.496798968, 49.009696548 ], [ 32.500538667, 49.014436928 ], [ 32.491412262, 49.013582275 ], [ 32.47572329, 49.005482997 ], [ 32.472381235, 49.008490498 ], [ 32.473939286, 49.014281265 ], [ 32.465399807, 49.031760186 ], [ 32.474538644, 49.033302453 ], [ 32.461481076, 49.037392668 ], [ 32.460142049, 49.040699502 ], [ 32.455906624, 49.038673192 ], [ 32.452083342, 49.038705085 ], [ 32.451471088, 49.043621284 ], [ 32.446543303, 49.045597034 ], [ 32.442714782, 49.052498197 ], [ 32.434573643, 49.039326102 ], [ 32.427307758, 49.041326841 ], [ 32.417551375, 49.027919933 ], [ 32.401236634, 49.02647836 ], [ 32.391503416, 49.03084607 ], [ 32.382595855, 49.03184005 ], [ 32.37834782, 49.037751864 ], [ 32.373613715, 49.036150798 ], [ 32.370684396, 49.038694657 ], [ 32.369470709, 49.046155668 ], [ 32.372882717, 49.046631237 ], [ 32.375334082, 49.050342723 ], [ 32.365339853, 49.07177066 ], [ 32.352905063, 49.069254707 ], [ 32.350442305, 49.07450405 ], [ 32.347352985, 49.074147846 ], [ 32.348300033, 49.079057821 ], [ 32.314433413, 49.080948167 ], [ 32.312691971, 49.074697489 ], [ 32.298047642, 49.073283171 ], [ 32.297302885, 49.07944164 ], [ 32.291812819, 49.078744042 ], [ 32.282375024, 49.084835136 ], [ 32.283173623, 49.078995581 ], [ 32.266582919, 49.081489793 ], [ 32.259868837, 49.078234722 ], [ 32.257025603, 49.068458075 ], [ 32.257349993, 49.066942415 ], [ 32.264726656, 49.067157879 ], [ 32.261969063, 49.058667135 ], [ 32.257635288, 49.059791307 ], [ 32.252055211, 49.058032088 ], [ 32.242991404, 49.061743565 ], [ 32.237958414, 49.062043657 ], [ 32.233652074, 49.059444635 ], [ 32.235747638, 49.051279411 ], [ 32.217490415, 48.987733907 ], [ 32.20885075, 48.991095013 ], [ 32.196420177, 48.990852012 ], [ 32.193959206, 48.995433257 ], [ 32.183792584, 48.996451609 ], [ 32.178943792, 48.990352892 ], [ 32.182414715, 48.988817181 ], [ 32.182606388, 48.985773211 ], [ 32.178154726, 48.972910503 ], [ 32.162980683, 48.97225873 ], [ 32.157788657, 48.969022779 ], [ 32.134746275, 48.966125695 ], [ 32.136135174, 48.964617571 ], [ 32.133387758, 48.962538136 ], [ 32.1349253, 48.954203286 ], [ 32.130585512, 48.951871431 ], [ 32.143569721, 48.951073251 ], [ 32.153956278, 48.944647707 ], [ 32.151993482, 48.939953361 ], [ 32.151509121, 48.916619066 ], [ 32.145799371, 48.912178369 ], [ 32.105474252, 48.91106327 ], [ 32.105233457, 48.902445954 ], [ 32.098749611, 48.90293774 ], [ 32.097023049, 48.907677368 ], [ 32.096450168, 48.905806824 ], [ 32.093149098, 48.907056686 ], [ 32.091838189, 48.90527552 ], [ 32.085819191, 48.905085152 ], [ 32.093710479, 48.912085644 ], [ 32.093307186, 48.918874884 ], [ 32.08359181, 48.917306798 ], [ 32.07968321, 48.92117451 ], [ 32.065359959, 48.917641395 ], [ 32.064646881, 48.918775613 ], [ 32.048902318, 48.916314375 ], [ 32.043963092, 48.922497687 ], [ 32.040870846, 48.922084242 ], [ 32.026421906, 48.930717444 ], [ 32.015780354, 48.923589301 ], [ 32.012853996, 48.918380926 ], [ 32.007962773, 48.916434813 ], [ 32.005943943, 48.913525512 ], [ 31.998625085, 48.916544525 ], [ 31.988802369, 48.912611275 ], [ 31.961116975, 48.906004859 ], [ 31.958925179, 48.908270071 ], [ 31.956545328, 48.90759163 ], [ 31.953206602, 48.909830799 ], [ 31.953021652, 48.906549303 ], [ 31.946105997, 48.904967429 ], [ 31.941554519, 48.898631845 ], [ 31.933096095, 48.894894347 ], [ 31.929820309, 48.888122087 ], [ 31.921081661, 48.880113197 ], [ 31.912342632, 48.886700414 ], [ 31.918517836, 48.897083926 ], [ 31.918234862, 48.906185376 ], [ 31.878065477, 48.91797862 ], [ 31.839154038, 48.935613923 ], [ 31.834221583, 48.936430559 ], [ 31.832121555, 48.934205814 ], [ 31.821855881, 48.936786788 ], [ 31.807708807, 48.944618291 ], [ 31.810446675, 48.94785687 ], [ 31.805341148, 48.949611554 ], [ 31.795378327, 48.939137007 ], [ 31.769581696, 48.935418936 ], [ 31.759164562, 48.931320494 ], [ 31.750987301, 48.926083648 ], [ 31.724788094, 48.933873633 ], [ 31.698530947, 48.931029405 ], [ 31.695846051, 48.9272826 ], [ 31.698603517, 48.924068115 ], [ 31.698719636, 48.918904368 ], [ 31.695493181, 48.907009511 ], [ 31.689451054, 48.896306352 ], [ 31.683447761, 48.897937093 ], [ 31.68031634, 48.90184329 ], [ 31.678755841, 48.900778122 ], [ 31.661692803, 48.900697637 ], [ 31.653577698, 48.902352924 ], [ 31.640535197, 48.900664664 ], [ 31.638730661, 48.904309874 ], [ 31.639927663, 48.90790941 ], [ 31.61982054, 48.905748061 ], [ 31.618299452, 48.902745634 ], [ 31.608166478, 48.899536738 ], [ 31.60216521, 48.90246419 ], [ 31.596810899, 48.897692245 ], [ 31.6011315, 48.895519227 ], [ 31.598971797, 48.89271775 ], [ 31.586400446, 48.890642165 ], [ 31.580675285, 48.887742256 ], [ 31.579372488, 48.892677648 ], [ 31.594791752, 48.906129261 ], [ 31.581668495, 48.912571345 ], [ 31.566947726, 48.899861468 ], [ 31.572247729, 48.900111687 ], [ 31.577057871, 48.896826521 ], [ 31.577720446, 48.895358949 ], [ 31.568574568, 48.891504031 ], [ 31.572063997, 48.888027282 ], [ 31.579481014, 48.884600909 ], [ 31.57433089, 48.880760212 ], [ 31.580691121, 48.877525388 ], [ 31.581858644, 48.874904825 ], [ 31.580077639, 48.872426491 ], [ 31.576001951, 48.872789987 ], [ 31.559369269, 48.862993394 ], [ 31.567157996, 48.857223869 ], [ 31.554613136, 48.836895425 ], [ 31.562182427, 48.834726463 ], [ 31.55890208, 48.828516169 ], [ 31.527155311, 48.816204938 ], [ 31.528224121, 48.804214807 ], [ 31.467987662, 48.788512562 ], [ 31.422621702, 48.763635672 ], [ 31.436135751, 48.753857099 ], [ 31.424288042, 48.743058045 ], [ 31.422106788, 48.743294787 ], [ 31.424414229, 48.748403582 ], [ 31.419181868, 48.752551018 ], [ 31.419142581, 48.756097147 ], [ 31.41654864, 48.755299827 ], [ 31.412029415, 48.756482534 ], [ 31.410137815, 48.755163936 ], [ 31.41411972, 48.749320391 ], [ 31.408689166, 48.742757952 ], [ 31.392890495, 48.735418388 ], [ 31.391935793, 48.736918953 ], [ 31.397224537, 48.742254754 ], [ 31.39908331, 48.747016723 ], [ 31.395995796, 48.748708016 ], [ 31.393434317, 48.7482068 ], [ 31.391566897, 48.743889024 ], [ 31.386902919, 48.742580097 ], [ 31.384163385, 48.734830414 ], [ 31.385164566, 48.729188793 ], [ 31.382152725, 48.727671206 ], [ 31.371111228, 48.730084148 ], [ 31.369306292, 48.73226756 ], [ 31.370239953, 48.735092199 ], [ 31.357580552, 48.741767763 ], [ 31.351906022, 48.739900288 ], [ 31.354864018, 48.731143076 ], [ 31.353665603, 48.72751856 ], [ 31.343596381, 48.728616515 ], [ 31.329826818, 48.725859485 ], [ 31.325650565, 48.727821415 ], [ 31.325853341, 48.730383225 ], [ 31.319196906, 48.730905423 ], [ 31.324775203, 48.735496213 ], [ 31.321704366, 48.739898341 ], [ 31.312923247, 48.746443529 ], [ 31.311529599, 48.75039687 ], [ 31.313158979, 48.754626784 ], [ 31.309706651, 48.759025023 ], [ 31.297968315, 48.758836294 ], [ 31.293201083, 48.757019201 ], [ 31.285546037, 48.758436699 ], [ 31.278315656, 48.753828854 ], [ 31.273385321, 48.754591163 ], [ 31.269290549, 48.753407989 ], [ 31.262015259, 48.748683514 ], [ 31.25712309, 48.75115819 ], [ 31.252358273, 48.758348936 ], [ 31.253284879, 48.764849407 ], [ 31.250092423, 48.767484959 ], [ 31.244016529, 48.768264236 ], [ 31.231310206, 48.765879421 ], [ 31.21549595, 48.768919369 ], [ 31.211283856, 48.766294888 ], [ 31.210978733, 48.759072947 ], [ 31.206392003, 48.756475736 ], [ 31.196311641, 48.760573798 ], [ 31.182830198, 48.760319102 ], [ 31.174069616, 48.762484515 ], [ 31.162857317, 48.753050651 ], [ 31.152170548, 48.74055423 ], [ 31.150264504, 48.740123739 ], [ 31.14934335, 48.743450974 ], [ 31.142454183, 48.746731206 ], [ 31.140826938, 48.744983954 ], [ 31.136003534, 48.744312822 ], [ 31.130076997, 48.736845613 ], [ 31.126122352, 48.741264772 ], [ 31.122652748, 48.741365385 ], [ 31.118377203, 48.737025246 ], [ 31.117326472, 48.729170705 ], [ 31.113525223, 48.727626731 ], [ 31.104872102, 48.730541094 ], [ 31.10356316, 48.736712867 ], [ 31.10077255, 48.739716148 ], [ 31.093713196, 48.740859951 ], [ 31.088696341, 48.738958215 ], [ 31.086705325, 48.736421008 ], [ 31.089117303, 48.73231681 ], [ 31.086555678, 48.731831537 ], [ 31.075394025, 48.736173702 ], [ 31.068922678, 48.736855683 ], [ 31.066632418, 48.740271196 ], [ 31.070319738, 48.743087476 ], [ 31.069724411, 48.745380516 ], [ 31.062581003, 48.747294628 ], [ 31.058349604, 48.754618926 ], [ 31.053274685, 48.755429491 ], [ 31.04860849, 48.751819256 ], [ 31.045490748, 48.752430527 ], [ 31.037631665, 48.760669895 ], [ 31.031665028, 48.760089649 ], [ 31.020360757, 48.761855638 ], [ 31.015465915, 48.75930511 ], [ 31.00973278, 48.759486137 ], [ 31.00617723, 48.757309001 ], [ 31.002189769, 48.757088169 ], [ 30.996139525, 48.761547472 ], [ 30.996328573, 48.764600626 ], [ 30.993700648, 48.765376122 ], [ 30.974103187, 48.761242393 ], [ 30.968783575, 48.762243699 ], [ 30.966512033, 48.761096744 ], [ 30.957735118, 48.766330088 ], [ 30.957866384, 48.769307901 ], [ 30.948765166, 48.771725957 ], [ 30.941490115, 48.771188553 ], [ 30.942364312, 48.767422324 ], [ 30.946777548, 48.764501772 ], [ 30.945333269, 48.758924632 ], [ 30.940432217, 48.761281778 ], [ 30.933131449, 48.762067473 ], [ 30.918598982, 48.760318069 ], [ 30.901738429, 48.762548196 ], [ 30.896963381, 48.759718898 ], [ 30.894508284, 48.755731626 ], [ 30.897097381, 48.747180893 ], [ 30.882609931, 48.744384393 ], [ 30.880010889, 48.7449912 ], [ 30.876875759, 48.74934912 ], [ 30.872629659, 48.750591907 ], [ 30.849241339, 48.752266952 ], [ 30.842218724, 48.751492902 ], [ 30.839525597, 48.749657108 ], [ 30.831169482, 48.75007032 ], [ 30.82848174, 48.756875091 ], [ 30.819184607, 48.766382991 ], [ 30.811445055, 48.769222643 ], [ 30.803947566, 48.756839835 ], [ 30.75332902, 48.76988632 ], [ 30.75141084, 48.760851069 ], [ 30.720700519, 48.761085189 ], [ 30.698036071, 48.767356899 ], [ 30.637031881, 48.751870819 ], [ 30.635406649, 48.73911984 ], [ 30.621898345, 48.739733376 ], [ 30.608974673, 48.719130704 ], [ 30.601687075, 48.720920122 ], [ 30.591860033, 48.720090488 ], [ 30.588097483, 48.722785008 ], [ 30.576029007, 48.720865273 ], [ 30.60134855, 48.699109358 ], [ 30.611177338, 48.697962111 ], [ 30.608225433, 48.686167283 ], [ 30.60480456, 48.685220151 ], [ 30.600950964, 48.678629275 ], [ 30.598646094, 48.66320024 ], [ 30.551352595, 48.653647952 ], [ 30.529402231, 48.627791834 ], [ 30.542728666, 48.619959505 ], [ 30.54435446, 48.621232075 ], [ 30.570847754, 48.605642391 ], [ 30.557806572, 48.595773471 ], [ 30.568554012, 48.59174232 ], [ 30.56315681, 48.578974933 ], [ 30.569117186, 48.577304866 ], [ 30.566431482, 48.567383402 ], [ 30.540309975, 48.571135508 ], [ 30.537701654, 48.567527954 ], [ 30.530366221, 48.567608815 ], [ 30.529676814, 48.565823659 ], [ 30.507265967, 48.568287164 ], [ 30.506233004, 48.563994114 ], [ 30.502588663, 48.564348887 ], [ 30.502591922, 48.56788831 ], [ 30.48703504, 48.569202766 ], [ 30.48616797, 48.564120382 ], [ 30.475359486, 48.5661664 ], [ 30.452829345, 48.583465026 ], [ 30.402836801, 48.573833747 ], [ 30.387280578, 48.542686361 ], [ 30.386594392, 48.527054099 ], [ 30.35362874, 48.525640289 ], [ 30.325410573, 48.52179769 ], [ 30.307163176, 48.512123306 ], [ 30.254873066, 48.505423775 ], [ 30.256279932, 48.489261737 ], [ 30.220327516, 48.480067547 ], [ 30.162857304, 48.503780128 ], [ 30.151803145, 48.497834246 ], [ 30.151280375, 48.491209327 ], [ 30.156453148, 48.485065793 ], [ 30.151208262, 48.482209426 ], [ 30.144674537, 48.472683933 ], [ 30.130536616, 48.470373438 ], [ 30.129599597, 48.462810376 ], [ 30.122690677, 48.463259072 ], [ 30.119745545, 48.459892865 ], [ 30.120717958, 48.453517234 ], [ 30.117869049, 48.452923005 ], [ 30.107298435, 48.452439931 ], [ 30.08818807, 48.457362929 ], [ 30.082476806, 48.466295416 ], [ 30.070867567, 48.469150896 ], [ 30.061869587, 48.477313682 ], [ 30.049839639, 48.482826086 ], [ 29.999690322, 48.478081843 ], [ 30.002263653, 48.47256128 ], [ 29.967909818, 48.47167291 ], [ 29.964289759, 48.460509144 ], [ 29.953497688, 48.462061629 ], [ 29.955055673, 48.454273891 ], [ 29.949521546, 48.452201986 ], [ 29.951311849, 48.450097294 ], [ 29.93477907, 48.44395764 ], [ 29.935435818, 48.442856203 ], [ 29.927382349, 48.439910602 ], [ 29.926149004, 48.443291561 ], [ 29.907346834, 48.439026689 ], [ 29.906961408, 48.436558071 ], [ 29.885946973, 48.427405799 ], [ 29.884219521, 48.43038673 ], [ 29.864087639, 48.425720315 ], [ 29.864805487, 48.422111382 ], [ 29.871744342, 48.416657544 ], [ 29.786995885, 48.369925261 ], [ 29.792497527, 48.365395242 ], [ 29.800749186, 48.364053925 ], [ 29.805614226, 48.360303803 ], [ 29.805775968, 48.353951582 ], [ 29.813160287, 48.347585607 ], [ 29.812523562, 48.346302818 ], [ 29.804327787, 48.3484705 ], [ 29.803875345, 48.332021413 ], [ 29.799425497, 48.332229963 ], [ 29.799014797, 48.329046939 ], [ 29.784205747, 48.329984225 ], [ 29.781852999, 48.314893486 ], [ 29.771958327, 48.313092203 ], [ 29.773064934, 48.309979719 ], [ 29.767885503, 48.308633478 ], [ 29.772624844, 48.304540904 ], [ 29.76428531, 48.300104045 ], [ 29.76288163, 48.296357069 ], [ 29.760711267, 48.297997291 ], [ 29.750499947, 48.299336539 ], [ 29.749390139, 48.289446144 ], [ 29.755093644, 48.288691869 ], [ 29.75422851, 48.283416601 ], [ 29.75788401, 48.282641297 ], [ 29.759475087, 48.277582588 ], [ 29.772684812, 48.272221778 ], [ 29.770969238, 48.268888027 ], [ 29.776034768, 48.259051778 ], [ 29.770728566, 48.25680284 ], [ 29.78243429, 48.242237005 ], [ 29.771156451, 48.226090945 ], [ 29.77345045, 48.217200596 ], [ 29.779097307, 48.212373614 ], [ 29.780590777, 48.208537346 ] ] ] } },
{ "type": "Feature", "properties": { "shapeName": "Luhanska", "shapeISO": "", "shapeID": "82583831B54873972991132", "shapeGroup": "UKR", "shapeType": "ADM1" }, "geometry": { "type": "Polygon", "coordinates": [ [ [ 39.074429209, 47.869496781 ], [ 39.082930218, 47.869569053 ], [ 39.083017352, 47.851663557 ], [ 39.109507386, 47.851680816 ], [ 39.109574132, 47.842595343 ], [ 39.146002041, 47.842463386 ], [ 39.149797927, 47.842488002 ], [ 39.150061046, 47.851563408 ], [ 39.161557791, 47.85189382 ], [ 39.171418932, 47.846290557 ], [ 39.180755981, 47.853520589 ], [ 39.234926698, 47.853938689 ], [ 39.234018931, 47.859864569 ], [ 39.237069266, 47.861034551 ], [ 39.23684923, 47.864586204 ], [ 39.24202807, 47.866730916 ], [ 39.344627719, 47.86663437 ], [ 39.348902146, 47.866849711 ], [ 39.348437672, 47.871145332 ], [ 39.35473035, 47.872397735 ], [ 39.386789125, 47.870878378 ], [ 39.412614248, 47.831157611 ], [ 39.421019221, 47.832639158 ], [ 39.42538703, 47.836367075 ], [ 39.432142411, 47.838010387 ], [ 39.432375525, 47.844546662 ], [ 39.441464663, 47.854682464 ], [ 39.445308119, 47.855171549 ], [ 39.444648358, 47.852784955 ], [ 39.44821094, 47.851836194 ], [ 39.464471243, 47.859440141 ], [ 39.472069386, 47.858962785 ], [ 39.477222285, 47.860179314 ], [ 39.519906853, 47.82504739 ], [ 39.534385539, 47.832361568 ], [ 39.542172507, 47.8253852 ], [ 39.566094353, 47.836314614 ], [ 39.610396815, 47.83639368 ], [ 39.626640079, 47.8390192 ], [ 39.64509174, 47.836233523 ], [ 39.652245958, 47.832729624 ], [ 39.737659998, 47.827519887 ], [ 39.756245087, 47.846554502 ], [ 39.763293772, 47.846339089 ], [ 39.762557144, 47.870762578 ], [ 39.776686361, 47.869119162 ], [ 39.793726122, 47.86933731 ], [ 39.793629144, 47.919136668 ], [ 39.80103137, 47.926421044 ], [ 39.800659117, 47.931634358 ], [ 39.80352093, 47.933882085 ], [ 39.803486313, 47.937082377 ], [ 39.806045682, 47.93740723 ], [ 39.805903627, 47.950538915 ], [ 39.818579206, 47.950718581 ], [ 39.824617076, 47.955203681 ], [ 39.82236249, 47.95625335 ], [ 39.821894639, 47.959637664 ], [ 39.817947267, 47.960578326 ], [ 39.816562739, 47.966337932 ], [ 39.818609123, 47.96778345 ], [ 39.81623557, 47.967941675 ], [ 39.815500637, 47.97153275 ], [ 39.817141539, 47.97637582 ], [ 39.822318793, 47.979571356 ], [ 39.822782626, 47.982726446 ], [ 39.816184876, 47.983481404 ], [ 39.814939248, 47.985659123 ], [ 39.815062068, 47.98888837 ], [ 39.818527069, 47.990316986 ], [ 39.816210478, 47.990712415 ], [ 39.817423413, 47.995121075 ], [ 39.81270894, 47.997025049 ], [ 39.816179384, 48.001366631 ], [ 39.809608644, 48.002673335 ], [ 39.810585055, 48.004553782 ], [ 39.803811567, 48.005579435 ], [ 39.802836302, 48.007635626 ], [ 39.80031438, 48.006886328 ], [ 39.790171624, 48.01362169 ], [ 39.78700313, 48.020472148 ], [ 39.783305839, 48.022938645 ], [ 39.785398806, 48.024860863 ], [ 39.783107251, 48.02578298 ], [ 39.784159718, 48.028189797 ], [ 39.77616347, 48.039732966 ], [ 39.832936311, 48.040805208 ], [ 39.834374311, 48.042169513 ], [ 39.847322822, 48.041031549 ], [ 39.874428208, 48.041495653 ], [ 39.881545814, 48.044575521 ], [ 39.884062787, 48.047734477 ], [ 39.848196548, 48.05780688 ], [ 39.832847967, 48.066062608 ], [ 39.86871713, 48.079246583 ], [ 39.873702959, 48.107234676 ], [ 39.870847156, 48.117696262 ], [ 39.876102923, 48.119214832 ], [ 39.886837713, 48.130311286 ], [ 39.896478277, 48.134312439 ], [ 39.903927961, 48.143655815 ], [ 39.906177836, 48.153743785 ], [ 39.904167373, 48.161279153 ], [ 39.906623221, 48.16471521 ], [ 39.909694239, 48.179716438 ], [ 39.925500564, 48.182088141 ], [ 39.937100773, 48.180610982 ], [ 39.940924571, 48.228474172 ], [ 40.001122254, 48.223564463 ], [ 40.007889058, 48.224393796 ], [ 40.009580267, 48.225805433 ], [ 40.006964522, 48.241915103 ], [ 40.020298003, 48.254112 ], [ 40.012610553, 48.266705475 ], [ 40.0165888, 48.267998285 ], [ 40.015319961, 48.269669966 ], [ 40.01072261, 48.269637255 ], [ 39.992640824, 48.300684186 ], [ 39.993978507, 48.31261853 ], [ 39.990475455, 48.317020943 ], [ 39.978813128, 48.315640872 ], [ 39.971929239, 48.312582031 ], [ 39.97103407, 48.307242668 ], [ 39.965774963, 48.306443129 ], [ 39.962941931, 48.302908426 ], [ 39.970789241, 48.302583195 ], [ 39.969855285, 48.298575605 ], [ 39.96575952, 48.299696953 ], [ 39.957993079, 48.297996607 ], [ 39.95560278, 48.299423665 ], [ 39.956334661, 48.303162512 ], [ 39.951881279, 48.30349982 ], [ 39.948254763, 48.294295096 ], [ 39.944091064, 48.291827064 ], [ 39.941162889, 48.292809845 ], [ 39.937338249, 48.291976799 ], [ 39.935275279, 48.284096853 ], [ 39.929964087, 48.282799732 ], [ 39.934699264, 48.279075045 ], [ 39.92841523, 48.276957691 ], [ 39.925232349, 48.271536159 ], [ 39.914862476, 48.269554477 ], [ 39.914532939, 48.27178289 ], [ 39.910221913, 48.271394197 ], [ 39.91207624, 48.273780176 ], [ 39.909506234, 48.276108137 ], [ 39.908781206, 48.280485048 ], [ 39.915503287, 48.287097661 ], [ 39.908175469, 48.293166508 ], [ 39.903053277, 48.293767413 ], [ 39.887142143, 48.303833274 ], [ 39.886919414, 48.308777739 ], [ 39.84109484, 48.309998062 ], [ 39.840653084, 48.328803118 ], [ 39.844806247, 48.329240995 ], [ 39.845237447, 48.332845971 ], [ 39.861770213, 48.334467298 ], [ 39.879260536, 48.334017941 ], [ 39.918130259, 48.341427569 ], [ 39.918686424, 48.347157573 ], [ 39.938958225, 48.347995968 ], [ 39.945257699, 48.350546897 ], [ 39.947251075, 48.354908524 ], [ 39.941044413, 48.354874057 ], [ 39.942975741, 48.358559925 ], [ 39.935433257, 48.361543278 ], [ 39.936362815, 48.367220268 ], [ 39.934579658, 48.37236624 ], [ 39.942068456, 48.382097374 ], [ 39.941865426, 48.386474346 ], [ 39.93932427, 48.387562319 ], [ 39.936641313, 48.386764739 ], [ 39.931419301, 48.377024719 ], [ 39.9273774, 48.375077508 ], [ 39.923727453, 48.375164885 ], [ 39.917863263, 48.378530782 ], [ 39.915038404, 48.386153708 ], [ 39.906032115, 48.389784937 ], [ 39.907050002, 48.392429985 ], [ 39.915608551, 48.394124275 ], [ 39.918484898, 48.397381228 ], [ 39.916099487, 48.400460511 ], [ 39.906066386, 48.403715362 ], [ 39.906722554, 48.407906996 ], [ 39.91190835, 48.414455518 ], [ 39.911852312, 48.419719338 ], [ 39.908543845, 48.422758861 ], [ 39.896846885, 48.428133511 ], [ 39.888994239, 48.44179532 ], [ 39.889928099, 48.443397317 ], [ 39.896886254, 48.444217365 ], [ 39.898328617, 48.447027543 ], [ 39.855841527, 48.464387826 ], [ 39.851245272, 48.467273967 ], [ 39.845765435, 48.474653543 ], [ 39.847477718, 48.501939461 ], [ 39.851830778, 48.503375474 ], [ 39.860411313, 48.501508737 ], [ 39.864944919, 48.50363864 ], [ 39.866924716, 48.507236579 ], [ 39.861856729, 48.524426915 ], [ 39.855340957, 48.535833321 ], [ 39.856915265, 48.543839385 ], [ 39.852514059, 48.55307968 ], [ 39.855148223, 48.560641206 ], [ 39.850862613, 48.56735866 ], [ 39.842201017, 48.572736301 ], [ 39.820389106, 48.578801327 ], [ 39.825734066, 48.582428398 ], [ 39.824596053, 48.586020363 ], [ 39.808320582, 48.583962692 ], [ 39.797048474, 48.591314379 ], [ 39.789860994, 48.593146005 ], [ 39.773275202, 48.592126115 ], [ 39.768842835, 48.587063326 ], [ 39.752741905, 48.581866514 ], [ 39.750187742, 48.583172414 ], [ 39.750147452, 48.589178361 ], [ 39.747324046, 48.590488135 ], [ 39.736297366, 48.586038433 ], [ 39.724723792, 48.586360661 ], [ 39.720793554, 48.584756759 ], [ 39.703394456, 48.587743403 ], [ 39.687439735, 48.586713848 ], [ 39.682823284, 48.592471958 ], [ 39.679960781, 48.592171861 ], [ 39.67851803, 48.589954597 ], [ 39.675984197, 48.591159941 ], [ 39.675452019, 48.593868664 ], [ 39.680205972, 48.59592165 ], [ 39.679309139, 48.59766536 ], [ 39.67611413, 48.597894353 ], [ 39.671988149, 48.595375831 ], [ 39.668863742, 48.596300915 ], [ 39.668098329, 48.601214901 ], [ 39.670954874, 48.603964677 ], [ 39.661489025, 48.605672901 ], [ 39.660559061, 48.609238468 ], [ 39.66980567, 48.623028192 ], [ 39.693651568, 48.636656746 ], [ 39.693719236, 48.642899299 ], [ 39.691163062, 48.645954955 ], [ 39.693632945, 48.649227076 ], [ 39.706137148, 48.656752473 ], [ 39.709128332, 48.654373816 ], [ 39.710907226, 48.655377511 ], [ 39.709479285, 48.661726671 ], [ 39.711260483, 48.667207872 ], [ 39.703721284, 48.666529164 ], [ 39.701744345, 48.669589309 ], [ 39.711972948, 48.67451575 ], [ 39.714409681, 48.680319473 ], [ 39.723119816, 48.683711467 ], [ 39.716679746, 48.689799376 ], [ 39.718330077, 48.692697341 ], [ 39.71591752, 48.695082837 ], [ 39.720096322, 48.697268063 ], [ 39.717947881, 48.702518407 ], [ 39.712212762, 48.700567136 ], [ 39.704846812, 48.705972368 ], [ 39.707186297, 48.711767659 ], [ 39.711795841, 48.711833915 ], [ 39.712092527, 48.715347219 ], [ 39.70741114, 48.716929002 ], [ 39.704112302, 48.720373793 ], [ 39.705910904, 48.721304979 ], [ 39.708933389, 48.719834603 ], [ 39.710566416, 48.724699158 ], [ 39.716067394, 48.727786359 ], [ 39.720363696, 48.728406665 ], [ 39.720465815, 48.725134447 ], [ 39.723447466, 48.725538623 ], [ 39.726389283, 48.728789616 ], [ 39.722650642, 48.731688974 ], [ 39.72496691, 48.740186932 ], [ 39.731243328, 48.74178425 ], [ 39.733530966, 48.744980556 ], [ 39.73582271, 48.743295069 ], [ 39.73929043, 48.74352736 ], [ 39.735757938, 48.75327631 ], [ 39.738619333, 48.756511022 ], [ 39.736813645, 48.764151809 ], [ 39.738998576, 48.766465428 ], [ 39.741590783, 48.7659101 ], [ 39.744856812, 48.767350059 ], [ 39.743811922, 48.770633679 ], [ 39.750909817, 48.77289045 ], [ 39.753366518, 48.76958917 ], [ 39.746000617, 48.767145815 ], [ 39.754998144, 48.768017757 ], [ 39.761277787, 48.76363941 ], [ 39.768026106, 48.765677472 ], [ 39.768078975, 48.769739343 ], [ 39.762424804, 48.772610059 ], [ 39.765477468, 48.775431905 ], [ 39.765916643, 48.778851567 ], [ 39.772212617, 48.783760103 ], [ 39.779445119, 48.785688546 ], [ 39.783682993, 48.791590646 ], [ 39.785533331, 48.799292606 ], [ 39.779903069, 48.806850171 ], [ 39.779764487, 48.81188528 ], [ 39.786929106, 48.817588915 ], [ 39.785491806, 48.824335205 ], [ 39.789268383, 48.824459643 ], [ 39.792121599, 48.822513483 ], [ 39.797509193, 48.824532575 ], [ 39.791498608, 48.828301881 ], [ 39.791276616, 48.835303903 ], [ 39.795671493, 48.837170037 ], [ 39.799796767, 48.842398725 ], [ 39.804928161, 48.843463251 ], [ 39.808215827, 48.838418201 ], [ 39.827965006, 48.831423769 ], [ 39.832011261, 48.833266612 ], [ 39.885579953, 48.821111182 ], [ 39.947855313, 48.796120797 ], [ 39.95861448, 48.796547854 ], [ 39.97596137, 48.793160065 ], [ 40.079047117, 48.86983889 ], [ 40.069743945, 48.879429302 ], [ 40.058166161, 48.904075773 ], [ 40.060021042, 48.90886752 ], [ 40.055412648, 48.910529331 ], [ 40.048553632, 48.910081203 ], [ 40.045159802, 48.912219558 ], [ 40.045261665, 48.914184967 ], [ 40.039761642, 48.914813197 ], [ 40.036597868, 48.91314403 ], [ 40.035187468, 48.915803745 ], [ 40.029127479, 48.915038238 ], [ 40.026954487, 48.913331939 ], [ 40.0291687, 48.911909713 ], [ 40.02476722, 48.911790876 ], [ 40.022415864, 48.909186447 ], [ 40.019165476, 48.909513976 ], [ 40.021019627, 48.905508543 ], [ 40.015004976, 48.903486797 ], [ 40.015234586, 48.901971716 ], [ 40.004044753, 48.901232853 ], [ 39.993210487, 48.868116833 ], [ 39.955694906, 48.873315776 ], [ 39.943931977, 48.880282443 ], [ 39.936302754, 48.889836273 ], [ 39.928392858, 48.892681884 ], [ 39.925065837, 48.895577358 ], [ 39.853133095, 48.890584088 ], [ 39.845547371, 48.902842657 ], [ 39.842196749, 48.900876136 ], [ 39.838035052, 48.903048008 ], [ 39.833669183, 48.900830249 ], [ 39.835954371, 48.89440442 ], [ 39.832871498, 48.888250607 ], [ 39.827121981, 48.886306026 ], [ 39.827503827, 48.889608077 ], [ 39.825185359, 48.892204685 ], [ 39.818251755, 48.895933186 ], [ 39.81884919, 48.907762961 ], [ 39.815499108, 48.907633147 ], [ 39.814270878, 48.909738512 ], [ 39.80427941, 48.914553179 ], [ 39.798108406, 48.91403134 ], [ 39.797230535, 48.910905726 ], [ 39.793840733, 48.910763926 ], [ 39.792969748, 48.914817993 ], [ 39.782226271, 48.915259675 ], [ 39.775299341, 48.92199589 ], [ 39.773761164, 48.924452584 ], [ 39.779003662, 48.926706641 ], [ 39.77842369, 48.931587733 ], [ 39.780782102, 48.934960931 ], [ 39.787366474, 48.934166818 ], [ 39.790421956, 48.938709944 ], [ 39.785008279, 48.943013479 ], [ 39.781551472, 48.942901774 ], [ 39.776804893, 48.945198192 ], [ 39.779310002, 48.949358433 ], [ 39.7774937, 48.955011933 ], [ 39.766873939, 48.957693165 ], [ 39.766224433, 48.96076159 ], [ 39.762676408, 48.961170738 ], [ 39.760302564, 48.964112272 ], [ 39.763581054, 48.967789478 ], [ 39.756983264, 48.967411644 ], [ 39.756694305, 48.970027885 ], [ 39.760253396, 48.971400346 ], [ 39.758404835, 48.975375858 ], [ 39.752483391, 48.975905276 ], [ 39.748485255, 48.978688319 ], [ 39.748604901, 48.982138793 ], [ 39.753050446, 48.984956753 ], [ 39.752090866, 48.98628778 ], [ 39.745627792, 48.986810548 ], [ 39.735387533, 48.982229822 ], [ 39.729991939, 48.976459068 ], [ 39.726603612, 48.975522965 ], [ 39.724565917, 48.978046163 ], [ 39.727261065, 48.979174816 ], [ 39.720785417, 48.979748615 ], [ 39.71675755, 48.982152261 ], [ 39.717318761, 48.986539999 ], [ 39.711356328, 48.991765855 ], [ 39.707690833, 48.992654692 ], [ 39.708149842, 48.994962641 ], [ 39.703552595, 48.999366391 ], [ 39.698538188, 49.000888269 ], [ 39.695439143, 48.999049886 ], [ 39.692142744, 48.999334914 ], [ 39.690055124, 48.995949053 ], [ 39.677100517, 48.989560679 ], [ 39.663978961, 49.000422807 ], [ 39.670694468, 49.003301615 ], [ 39.678400985, 49.013202363 ], [ 39.674287381, 49.014019312 ], [ 39.672794954, 49.016863628 ], [ 39.67684437, 49.02186362 ], [ 39.677125478, 49.027189786 ], [ 39.682727479, 49.029984963 ], [ 39.680556371, 49.033187211 ], [ 39.684981515, 49.033962553 ], [ 39.682011808, 49.038041768 ], [ 39.67909759, 49.036548379 ], [ 39.671730068, 49.040614394 ], [ 39.693996797, 49.050414874 ], [ 39.741526924, 49.041880715 ], [ 39.766573647, 49.040107845 ], [ 39.779167738, 49.044918781 ], [ 39.798118179, 49.056640843 ], [ 39.808917732, 49.06084243 ], [ 39.82048788, 49.057963662 ], [ 39.880179886, 49.06416966 ], [ 39.909967942, 49.057287559 ], [ 39.937833141, 49.056360582 ], [ 39.942374387, 49.070519881 ], [ 39.938559298, 49.082890891 ], [ 39.95909415, 49.105754618 ], [ 39.972729815, 49.124770219 ], [ 40.030873194, 49.179427929 ], [ 40.077446503, 49.186938244 ], [ 40.093383831, 49.202729896 ], [ 40.108326952, 49.211094421 ], [ 40.123501346, 49.231055604 ], [ 40.136766983, 49.239363824 ], [ 40.175571044, 49.237396416 ], [ 40.184976643, 49.238137151 ], [ 40.208447673, 49.242133611 ], [ 40.21392311, 49.245361851 ], [ 40.21688479, 49.245226427 ], [ 40.221824097, 49.250329949 ], [ 40.227882852, 49.260571792 ], [ 40.185591074, 49.2846813 ], [ 40.182933415, 49.302653117 ], [ 40.188517366, 49.309011564 ], [ 40.194374348, 49.32997759 ], [ 40.196308785, 49.342306897 ], [ 40.194553606, 49.346753517 ], [ 40.180579521, 49.353322007 ], [ 40.155938974, 49.372964375 ], [ 40.136266882, 49.382124867 ], [ 40.117841795, 49.387043016 ], [ 40.096180233, 49.398466437 ], [ 40.078974234, 49.410218358 ], [ 40.057462827, 49.438326892 ], [ 40.049352231, 49.444210006 ], [ 40.029357111, 49.453329835 ], [ 40.041823722, 49.499251852 ], [ 40.037415281, 49.516548133 ], [ 40.038462628, 49.519965307 ], [ 40.130537915, 49.5558604 ], [ 40.168901001, 49.56889804 ], [ 40.139174313, 49.595546659 ], [ 40.135578212, 49.616495762 ], [ 40.064954543, 49.598852146 ], [ 40.057088748, 49.60670628 ], [ 39.951885947, 49.596854498 ], [ 39.934809676, 49.573181272 ], [ 39.891933324, 49.558587962 ], [ 39.867422603, 49.559732821 ], [ 39.838446939, 49.563495168 ], [ 39.808955988, 49.558324545 ], [ 39.807637961, 49.556646456 ], [ 39.749040098, 49.597629106 ], [ 39.715077259, 49.605974666 ], [ 39.696560208, 49.604698363 ], [ 39.686670359, 49.611562427 ], [ 39.658894399, 49.615322114 ], [ 39.638429823, 49.634556908 ], [ 39.613382757, 49.691013059 ], [ 39.591332266, 49.718895251 ], [ 39.609941265, 49.733540297 ], [ 39.564067414, 49.736706187 ], [ 39.538392843, 49.740152539 ], [ 39.479350403, 49.756330786 ], [ 39.44258072, 49.759984905 ], [ 39.433578924, 49.759215065 ], [ 39.412318732, 49.753430421 ], [ 39.378521197, 49.738593304 ], [ 39.362931289, 49.740316733 ], [ 39.308193923, 49.752879782 ], [ 39.285101479, 49.755411952 ], [ 39.273504464, 49.768015794 ], [ 39.263468271, 49.768732438 ], [ 39.250379834, 49.777260257 ], [ 39.242226709, 49.788828516 ], [ 39.238058704, 49.798720715 ], [ 39.227243388, 49.808159711 ], [ 39.230164865, 49.811345219 ], [ 39.227759346, 49.816532296 ], [ 39.226265267, 49.839939986 ], [ 39.2021381, 49.869971343 ], [ 39.195089311, 49.872905685 ], [ 39.188635508, 49.884613183 ], [ 39.179821992, 49.888628704 ], [ 39.130728324, 49.861417911 ], [ 39.11657185, 49.843031071 ], [ 39.109810603, 49.837345057 ], [ 39.075725947, 49.821790309 ], [ 39.066857696, 49.815507135 ], [ 39.050970737, 49.817650848 ], [ 39.032306495, 49.822523104 ], [ 39.02202193, 49.821492533 ], [ 38.987070124, 49.808546488 ], [ 38.97103765, 49.806871508 ], [ 38.948862518, 49.796108727 ], [ 38.93933463, 49.800669884 ], [ 38.933618441, 49.799445271 ], [ 38.933362562, 49.79743379 ], [ 38.930311122, 49.796780688 ], [ 38.926686374, 49.800533692 ], [ 38.927525925, 49.804172224 ], [ 38.920330774, 49.805102256 ], [ 38.915857527, 49.812355724 ], [ 38.91793313, 49.814879006 ], [ 38.909390821, 49.818866631 ], [ 38.906636583, 49.826696283 ], [ 38.907453682, 49.828621941 ], [ 38.913093328, 49.82915273 ], [ 38.913853995, 49.83193872 ], [ 38.910767554, 49.834402386 ], [ 38.913527548, 49.836252385 ], [ 38.912024452, 49.843832317 ], [ 38.905595715, 49.845537904 ], [ 38.904336783, 49.848798763 ], [ 38.911162633, 49.852741856 ], [ 38.911616037, 49.856159667 ], [ 38.915816568, 49.855848165 ], [ 38.918246559, 49.858585557 ], [ 38.916447336, 49.859778159 ], [ 38.908200375, 49.859955167 ], [ 38.901015205, 49.869296196 ], [ 38.896212707, 49.870482241 ], [ 38.886366201, 49.868920435 ], [ 38.879110835, 49.869599509 ], [ 38.869808393, 49.864457637 ], [ 38.856378889, 49.868776064 ], [ 38.849661822, 49.865043373 ], [ 38.843901749, 49.8650681 ], [ 38.836687367, 49.867213123 ], [ 38.832442677, 49.875070527 ], [ 38.824971166, 49.87872855 ], [ 38.795460759, 49.883263235 ], [ 38.790673905, 49.878108221 ], [ 38.778170366, 49.884990649 ], [ 38.768462196, 49.895945615 ], [ 38.744630316, 49.897166453 ], [ 38.734853287, 49.904102735 ], [ 38.723633478, 49.92724322 ], [ 38.693870924, 49.934653461 ], [ 38.685935427, 49.962024332 ], [ 38.709941083, 49.979876309 ], [ 38.717680148, 49.98388074 ], [ 38.709643997, 49.990972798 ], [ 38.702651798, 49.993318476 ], [ 38.702373175, 49.996761931 ], [ 38.698159939, 50.001133268 ], [ 38.692704882, 50.002821043 ], [ 38.685995864, 50.00767399 ], [ 38.680006771, 50.006011437 ], [ 38.676975405, 49.994430253 ], [ 38.680546959, 49.9744746 ], [ 38.67664017, 49.972743789 ], [ 38.667426751, 49.972010721 ], [ 38.646868091, 49.955850409 ], [ 38.616091027, 49.974604644 ], [ 38.584443862, 49.97740734 ], [ 38.527170346, 49.958419254 ], [ 38.508394794, 49.963500101 ], [ 38.4884696, 49.963489467 ], [ 38.48344283, 49.969920044 ], [ 38.483015534, 49.977386659 ], [ 38.479456082, 49.977549068 ], [ 38.47830308, 49.983310429 ], [ 38.465018567, 49.983290587 ], [ 38.468618148, 49.995066466 ], [ 38.433831923, 50.00009297 ], [ 38.416585649, 49.981146835 ], [ 38.397348205, 49.991060121 ], [ 38.349987639, 50.006465384 ], [ 38.35402161, 50.018626855 ], [ 38.351148213, 50.035632671 ], [ 38.333175118, 50.058262445 ], [ 38.329677926, 50.085312808 ], [ 38.313310894, 50.08821564 ], [ 38.300696903, 50.086814896 ], [ 38.291002396, 50.079163823 ], [ 38.274965755, 50.073365757 ], [ 38.255725881, 50.072433363 ], [ 38.178541606, 50.079905257 ], [ 38.185013462, 50.056182823 ], [ 38.183827288, 50.046126989 ], [ 38.187843889, 50.03976735 ], [ 38.188488686, 50.024792878 ], [ 38.185879617, 50.022607016 ], [ 38.201218208, 50.005015556 ], [ 38.200808607, 50.003483677 ], [ 38.204955287, 50.000832489 ], [ 38.207613266, 49.991534985 ], [ 38.216932459, 49.986687914 ], [ 38.217451819, 49.979126546 ], [ 38.195818801, 49.969345676 ], [ 38.197898196, 49.962069982 ], [ 38.162453887, 49.951140525 ], [ 38.171030516, 49.941688228 ], [ 38.127340907, 49.922195048 ], [ 38.129496952, 49.930499286 ], [ 38.124725354, 49.942391242 ], [ 38.056549186, 49.923185496 ], [ 38.045461948, 49.914692104 ], [ 38.032795291, 49.900445165 ], [ 38.061705668, 49.870074952 ], [ 38.093696527, 49.845992825 ], [ 38.074076953, 49.836177638 ], [ 38.054542251, 49.837242868 ], [ 38.04785887, 49.838963641 ], [ 38.017779144, 49.837212572 ], [ 38.01968935, 49.834402354 ], [ 38.009640265, 49.812827123 ], [ 38.031771824, 49.801654964 ], [ 38.041534569, 49.794221547 ], [ 38.055100213, 49.791520039 ], [ 38.052769583, 49.78351668 ], [ 38.036772871, 49.783094713 ], [ 38.03473005, 49.778301432 ], [ 38.023198517, 49.77464265 ], [ 38.024409414, 49.772940568 ], [ 38.010694694, 49.765048475 ], [ 38.009278003, 49.757174108 ], [ 37.998569377, 49.753274253 ], [ 37.989538098, 49.752763257 ], [ 37.988584052, 49.75487536 ], [ 37.9823109, 49.757084282 ], [ 37.980233069, 49.764641535 ], [ 37.97659597, 49.767578285 ], [ 37.967848993, 49.758790459 ], [ 37.95142588, 49.731185199 ], [ 37.959773285, 49.718305503 ], [ 37.974677745, 49.708533917 ], [ 37.990725547, 49.715712635 ], [ 37.997069851, 49.713341977 ], [ 38.010098005, 49.714147015 ], [ 38.016986331, 49.712799942 ], [ 38.017633263, 49.705941897 ], [ 37.99892286, 49.700218395 ], [ 38.006221291, 49.695225494 ], [ 38.013556667, 49.695445228 ], [ 38.014122736, 49.685878585 ], [ 38.011311075, 49.684637266 ], [ 38.014135244, 49.68302109 ], [ 38.014595406, 49.67905226 ], [ 38.011254306, 49.677394281 ], [ 38.019810165, 49.677218784 ], [ 38.019245741, 49.675037786 ], [ 38.024997853, 49.670166468 ], [ 38.030777212, 49.667993277 ], [ 38.031710753, 49.666727138 ], [ 38.026810906, 49.663329741 ], [ 38.027705664, 49.662176009 ], [ 38.033243684, 49.659591168 ], [ 38.036088512, 49.662736076 ], [ 38.045803002, 49.657559711 ], [ 37.994940972, 49.646981276 ], [ 37.987322651, 49.641633503 ], [ 37.995694678, 49.628405918 ], [ 37.980620817, 49.626007573 ], [ 37.976617412, 49.621686581 ], [ 37.977819892, 49.617848504 ], [ 37.974514657, 49.615079147 ], [ 37.974948445, 49.611649134 ], [ 37.944261361, 49.611265 ], [ 37.942009556, 49.593836438 ], [ 37.934254697, 49.59383411 ], [ 37.934307528, 49.589689054 ], [ 37.938186608, 49.583267622 ], [ 37.952385276, 49.573477252 ], [ 37.952660048, 49.568388578 ], [ 37.923621488, 49.570027693 ], [ 37.922593631, 49.567520656 ], [ 37.904200508, 49.571631522 ], [ 37.901058083, 49.573779614 ], [ 37.886320375, 49.549227716 ], [ 37.927178074, 49.547976709 ], [ 37.925623592, 49.541592882 ], [ 37.91750892, 49.53415204 ], [ 37.894051313, 49.524597469 ], [ 37.885618107, 49.518832463 ], [ 37.846790025, 49.52058258 ], [ 37.841733001, 49.507957644 ], [ 37.844770591, 49.501734792 ], [ 37.836961357, 49.492515587 ], [ 37.845881, 49.490595 ], [ 37.850868127, 49.4877401 ], [ 37.843865703, 49.445154325 ], [ 37.87582905, 49.446742276 ], [ 37.874399393, 49.436653946 ], [ 37.879584905, 49.435870033 ], [ 37.877622098, 49.418886923 ], [ 37.88053286, 49.41640637 ], [ 37.87842979, 49.41342351 ], [ 37.88111455, 49.415192106 ], [ 37.896037737, 49.403506444 ], [ 37.885000154, 49.349733069 ], [ 37.886261103, 49.341655019 ], [ 37.883864616, 49.341274359 ], [ 37.87722436, 49.32884719 ], [ 37.884018792, 49.31745097 ], [ 37.88373977, 49.312871704 ], [ 37.945936834, 49.303737807 ], [ 37.958378982, 49.285210845 ], [ 37.950998466, 49.282218089 ], [ 37.913768329, 49.277706529 ], [ 37.900631654, 49.271207673 ], [ 37.898949967, 49.270250448 ], [ 37.911517615, 49.259720837 ], [ 37.894953138, 49.256002705 ], [ 37.896655409, 49.254427653 ], [ 37.895071003, 49.252721569 ], [ 37.866169996, 49.246355521 ], [ 37.872175867, 49.237604846 ], [ 37.878843498, 49.226304127 ], [ 37.877327343, 49.22589856 ], [ 37.879306543, 49.221503477 ], [ 37.889832216, 49.218840786 ], [ 37.889736941, 49.21176744 ], [ 37.907506171, 49.213997539 ], [ 37.915720487, 49.203044277 ], [ 37.923576442, 49.205705131 ], [ 37.935121954, 49.191706665 ], [ 37.912439952, 49.186006465 ], [ 37.907408838, 49.183803766 ], [ 37.904714976, 49.180263195 ], [ 37.893302671, 49.175024582 ], [ 37.902511839, 49.16677305 ], [ 37.892698418, 49.160572949 ], [ 37.907627824, 49.15163698 ], [ 37.924195413, 49.144468364 ], [ 37.944897301, 49.13902444 ], [ 37.955839343, 49.142611923 ], [ 37.959334518, 49.138146513 ], [ 37.958648348, 49.136075725 ], [ 37.976243704, 49.134130923 ], [ 37.980787799, 49.130727673 ], [ 38.039778324, 49.126807485 ], [ 38.043336278, 49.150573607 ], [ 38.066948878, 49.146652776 ], [ 38.081487415, 49.148180117 ], [ 38.083915253, 49.135313466 ], [ 38.067645723, 49.096135239 ], [ 38.062055282, 49.063388309 ], [ 38.05261219, 49.059404102 ], [ 38.072780473, 49.039502414 ], [ 38.097719513, 48.999516835 ], [ 38.098695349, 48.992401832 ], [ 38.080223689, 48.992033825 ], [ 38.052370299, 48.985726405 ], [ 38.050549908, 48.98287895 ], [ 38.052189363, 48.978991991 ], [ 38.057653972, 48.975799005 ], [ 38.052331169, 48.971527114 ], [ 38.053651442, 48.96518238 ], [ 38.029387148, 48.974576385 ], [ 38.004181477, 48.945946919 ], [ 38.017121768, 48.943562653 ], [ 38.039178143, 48.943956116 ], [ 38.041464338, 48.93781199 ], [ 38.04661315, 48.933908655 ], [ 38.059496497, 48.933238726 ], [ 38.06747615, 48.93524169 ], [ 38.084561865, 48.93460829 ], [ 38.114310189, 48.927146166 ], [ 38.127789065, 48.926491167 ], [ 38.132825661, 48.92373346 ], [ 38.13771107, 48.926155957 ], [ 38.142484276, 48.932909384 ], [ 38.15245894, 48.930968679 ], [ 38.16778196, 48.931392198 ], [ 38.196203543, 48.927870573 ], [ 38.223845989, 48.934787144 ], [ 38.228584537, 48.919210182 ], [ 38.229178889, 48.858800679 ], [ 38.227024647, 48.857396503 ], [ 38.221273883, 48.839403649 ], [ 38.259929631, 48.842653663 ], [ 38.271083699, 48.832382532 ], [ 38.272343701, 48.824929184 ], [ 38.313684743, 48.828423985 ], [ 38.316546225, 48.813936177 ], [ 38.289459614, 48.812003652 ], [ 38.283181226, 48.802686261 ], [ 38.278909939, 48.803360597 ], [ 38.283198512, 48.773259049 ], [ 38.27558007, 48.772725375 ], [ 38.26322844, 48.750207715 ], [ 38.276931517, 48.742968169 ], [ 38.283262592, 48.737312564 ], [ 38.297173301, 48.737075064 ], [ 38.319934406, 48.733405724 ], [ 38.323038863, 48.729066012 ], [ 38.32508492, 48.714177076 ], [ 38.303615728, 48.712087504 ], [ 38.314351644, 48.7042864 ], [ 38.314013174, 48.695698477 ], [ 38.308926612, 48.68925341 ], [ 38.313467255, 48.686280372 ], [ 38.313059541, 48.684002263 ], [ 38.306402523, 48.682106663 ], [ 38.304226205, 48.683247069 ], [ 38.284959542, 48.682004618 ], [ 38.283683168, 48.680979732 ], [ 38.285881914, 48.671206998 ], [ 38.258049903, 48.667950364 ], [ 38.259438573, 48.658442182 ], [ 38.238334236, 48.656639907 ], [ 38.238869104, 48.651751679 ], [ 38.231324223, 48.653133636 ], [ 38.233472079, 48.639940422 ], [ 38.262414257, 48.642401992 ], [ 38.279120646, 48.545928902 ], [ 38.273908536, 48.545351549 ], [ 38.281824967, 48.535628155 ], [ 38.285346543, 48.535766155 ], [ 38.318799766, 48.509228877 ], [ 38.312919399, 48.506832304 ], [ 38.312066112, 48.498298711 ], [ 38.304489486, 48.495158543 ], [ 38.299745216, 48.496286656 ], [ 38.297503891, 48.495206491 ], [ 38.297750041, 48.490307591 ], [ 38.305671849, 48.484350403 ], [ 38.301729324, 48.484675481 ], [ 38.305464116, 48.475184184 ], [ 38.303854225, 48.474446711 ], [ 38.297412635, 48.478604608 ], [ 38.296359981, 48.476424748 ], [ 38.292333192, 48.477262376 ], [ 38.288627878, 48.476099399 ], [ 38.318517829, 48.464602055 ], [ 38.311108781, 48.45561878 ], [ 38.34268579, 48.436839873 ], [ 38.349978595, 48.440701186 ], [ 38.356858611, 48.440573429 ], [ 38.362428003, 48.443346862 ], [ 38.372214751, 48.442542524 ], [ 38.375102136, 48.441126054 ], [ 38.379515962, 48.430266946 ], [ 38.381719468, 48.429291723 ], [ 38.403045675, 48.434406576 ], [ 38.400750847, 48.439734382 ], [ 38.433138863, 48.447428227 ], [ 38.434261173, 48.43824437 ], [ 38.432697768, 48.434768132 ], [ 38.439511904, 48.416845613 ], [ 38.436389576, 48.39624192 ], [ 38.44762136, 48.376340315 ], [ 38.449086598, 48.375906849 ], [ 38.452307735, 48.380289891 ], [ 38.467223217, 48.378960472 ], [ 38.472825074, 48.367020247 ], [ 38.483067231, 48.365417795 ], [ 38.487021514, 48.361892626 ], [ 38.469716947, 48.359881922 ], [ 38.471577607, 48.356031194 ], [ 38.464395937, 48.353467585 ], [ 38.462054605, 48.350195015 ], [ 38.465320026, 48.348825983 ], [ 38.460942249, 48.346783871 ], [ 38.448697588, 48.346054561 ], [ 38.433073266, 48.340592541 ], [ 38.438196276, 48.315960777 ], [ 38.426696942, 48.306947295 ], [ 38.434078082, 48.2973082 ], [ 38.429257147, 48.294253053 ], [ 38.428621949, 48.29040114 ], [ 38.424455041, 48.288142856 ], [ 38.42799203, 48.284379636 ], [ 38.426283176, 48.281532938 ], [ 38.427874707, 48.277702562 ], [ 38.480801143, 48.275136633 ], [ 38.493502385, 48.272713393 ], [ 38.502282377, 48.27407192 ], [ 38.541075639, 48.272006951 ], [ 38.559853202, 48.274367357 ], [ 38.57466819, 48.267253026 ], [ 38.587307066, 48.257714245 ], [ 38.590783704, 48.251738929 ], [ 38.587457063, 48.2412594 ], [ 38.589158162, 48.239154847 ], [ 38.587921501, 48.234623221 ], [ 38.589996371, 48.234036177 ], [ 38.588985043, 48.226773348 ], [ 38.594711233, 48.22068769 ], [ 38.595642081, 48.216747915 ], [ 38.613739285, 48.20373746 ], [ 38.608267274, 48.195847519 ], [ 38.611368668, 48.192533969 ], [ 38.610448583, 48.189845548 ], [ 38.604477321, 48.18893099 ], [ 38.597030054, 48.180463781 ], [ 38.602644603, 48.175393354 ], [ 38.601720917, 48.172675729 ], [ 38.637402147, 48.161334046 ], [ 38.640238974, 48.163367997 ], [ 38.671231587, 48.163930246 ], [ 38.670063022, 48.159543751 ], [ 38.672387906, 48.158914613 ], [ 38.694071159, 48.159094817 ], [ 38.689969591, 48.145692265 ], [ 38.737666869, 48.134346139 ], [ 38.745263898, 48.134906161 ], [ 38.757168796, 48.131441617 ], [ 38.76566827, 48.132585757 ], [ 38.767429158, 48.129761148 ], [ 38.770318817, 48.129884358 ], [ 38.773528515, 48.126535782 ], [ 38.780158643, 48.130305781 ], [ 38.781159238, 48.124658065 ], [ 38.78908948, 48.124246019 ], [ 38.800735706, 48.118005654 ], [ 38.809208295, 48.119341152 ], [ 38.811171631, 48.119009327 ], [ 38.811450979, 48.116951561 ], [ 38.819381998, 48.115758378 ], [ 38.806671878, 48.08857335 ], [ 38.817403312, 48.084208649 ], [ 38.808713433, 48.07800631 ], [ 38.804293463, 48.078649623 ], [ 38.79829258, 48.073847037 ], [ 38.80267481, 48.070099993 ], [ 38.817808444, 48.065264089 ], [ 38.824350814, 48.074419595 ], [ 38.828778089, 48.077368498 ], [ 38.825377118, 48.066164478 ], [ 38.829878407, 48.063553575 ], [ 38.820673403, 48.051243274 ], [ 38.814706693, 48.050688983 ], [ 38.812761256, 48.047986622 ], [ 38.819328704, 48.042142376 ], [ 38.821540785, 48.043118758 ], [ 38.825443068, 48.038182232 ], [ 38.821252052, 48.036031466 ], [ 38.831677678, 48.017881927 ], [ 38.837452178, 48.013192645 ], [ 38.841018083, 48.015597688 ], [ 38.846277854, 48.015716029 ], [ 39.039944046, 48.006419538 ], [ 39.044013555, 47.986885333 ], [ 39.038588081, 47.955957409 ], [ 39.045217169, 47.956476076 ], [ 39.048067146, 47.953689261 ], [ 39.052811025, 47.954472177 ], [ 39.050233635, 47.950524288 ], [ 39.054850941, 47.949927531 ], [ 39.057247433, 47.946418366 ], [ 39.060483105, 47.948739595 ], [ 39.064687271, 47.948385836 ], [ 39.0659266, 47.951315413 ], [ 39.068793542, 47.949537727 ], [ 39.073348308, 47.952994003 ], [ 39.076922416, 47.947980118 ], [ 39.079301198, 47.947496465 ], [ 39.081132091, 47.942811572 ], [ 39.0837425, 47.942129722 ], [ 39.083462552, 47.940565385 ], [ 39.090938815, 47.940495286 ], [ 39.065573183, 47.895559141 ], [ 39.074429209, 47.869496781 ] ] ] } },
{ "type": "Feature", "properties": { "shapeName": "Lvivska", "shapeISO": "", "shapeID": "82583831B29518876663819", "shapeGroup": "UKR", "shapeType": "ADM1" }, "geometry": { "type": "Polygon", "coordinates": [ [ [ 24.097894362, 50.63753803800001 ], [ 24.091056363, 50.619182264 ], [ 24.097373608, 50.610366815 ], [ 24.098581861, 50.599994896 ], [ 24.090232817, 50.577907166 ], [ 24.09114912, 50.561978087 ], [ 24.074212055, 50.519505933 ], [ 24.069854063, 50.50320869 ], [ 24.037902215, 50.455100991 ], [ 24.034411373, 50.444859585 ], [ 24.005583111, 50.43534469 ], [ 23.997399159, 50.412227155 ], [ 23.94057588, 50.413933459 ], [ 23.883924535, 50.408273184 ], [ 23.803330532, 50.404746686 ], [ 23.778351872, 50.401003061 ], [ 23.727112503, 50.388067092 ], [ 23.708694, 50.379298 ], [ 23.703463797, 50.375490541 ], [ 23.696269438, 50.366044054 ], [ 23.690798351, 50.353286454 ], [ 23.686003335, 50.331491713 ], [ 23.638841078, 50.320478541 ], [ 23.630942146, 50.304751018 ], [ 23.611422103, 50.299260229 ], [ 23.580950164, 50.265979919 ], [ 23.55805486, 50.256768436 ], [ 23.506367706, 50.230317098 ], [ 23.470399001, 50.217725 ], [ 23.429414303, 50.18402102 ], [ 23.380325384, 50.159323863 ], [ 23.341284914, 50.132902627 ], [ 23.31387753, 50.111933866 ], [ 23.298298577, 50.107003622 ], [ 23.296726383, 50.10290519 ], [ 23.283903325, 50.099016966 ], [ 23.279826409, 50.100580573 ], [ 23.279259734, 50.086296471 ], [ 23.264574853, 50.078926878 ], [ 23.239241582, 50.054365022 ], [ 23.21601393, 50.047483768 ], [ 23.212961486, 50.030984032 ], [ 23.142465973, 49.97109854 ], [ 23.114829982, 49.956427595 ], [ 23.107456336, 49.941768863 ], [ 23.088444707, 49.924775103 ], [ 23.063438942, 49.906844064 ], [ 23.033996321, 49.881730114 ], [ 22.995707715, 49.842200212 ], [ 22.970714004, 49.838482679 ], [ 22.956832385, 49.811143495 ], [ 22.96173474, 49.804464308 ], [ 22.954420237, 49.80307947 ], [ 22.932959295, 49.793185258 ], [ 22.902096623, 49.768422928 ], [ 22.898178586, 49.764413001 ], [ 22.896757533, 49.751672919 ], [ 22.884826753, 49.744486705 ], [ 22.87324174, 49.740502084 ], [ 22.851705147, 49.719942782 ], [ 22.84726213, 49.70969678 ], [ 22.822180411, 49.694539967 ], [ 22.805413924, 49.693328784 ], [ 22.787139001, 49.676389 ], [ 22.783114632, 49.656868142 ], [ 22.748286999, 49.630436999 ], [ 22.696545577, 49.583690133 ], [ 22.684450937, 49.571223166 ], [ 22.678170215, 49.560907036 ], [ 22.674630352, 49.549138366 ], [ 22.663186094, 49.538849583 ], [ 22.640716009, 49.529894948 ], [ 22.651398145, 49.508186797 ], [ 22.670128271, 49.497577966 ], [ 22.696520531, 49.495071262 ], [ 22.70018412, 49.488445624 ], [ 22.712774881, 49.437548031 ], [ 22.732823298, 49.397669993 ], [ 22.74684, 49.36 ], [ 22.742980762, 49.335984961 ], [ 22.750789065, 49.31662853 ], [ 22.74393292, 49.298742831 ], [ 22.739434973, 49.247323394 ], [ 22.721254439, 49.241346734 ], [ 22.71655454, 49.23579532 ], [ 22.714782572, 49.226452362 ], [ 22.720020926, 49.221172452 ], [ 22.728762669, 49.221219153 ], [ 22.735578766, 49.218414135 ], [ 22.741356014, 49.218822226 ], [ 22.747596335, 49.215385429 ], [ 22.740478165, 49.211625811 ], [ 22.733720351, 49.211237879 ], [ 22.734673229, 49.207165345 ], [ 22.729319483, 49.203715225 ], [ 22.728762139, 49.200585885 ], [ 22.730754615, 49.198382906 ], [ 22.722773861, 49.196009029 ], [ 22.716088925, 49.183510928 ], [ 22.708165736, 49.180800424 ], [ 22.707378495, 49.174468894 ], [ 22.709977828, 49.171928266 ], [ 22.713806357, 49.171092048 ], [ 22.7160419, 49.165333386 ], [ 22.71865835, 49.164826896 ], [ 22.724518954, 49.168047859 ], [ 22.724034605, 49.174415139 ], [ 22.729789862, 49.175292942 ], [ 22.733361237, 49.179498141 ], [ 22.73247857, 49.182100539 ], [ 22.737877468, 49.182163313 ], [ 22.740152604, 49.183641701 ], [ 22.742801047, 49.182619768 ], [ 22.747448529, 49.184468429 ], [ 22.752499579, 49.181264064 ], [ 22.755997197, 49.182589317 ], [ 22.756500193, 49.180928535 ], [ 22.749112516, 49.175740473 ], [ 22.749167452, 49.172775022 ], [ 22.742103033, 49.168639696 ], [ 22.738244855, 49.160721101 ], [ 22.739104079, 49.157869655 ], [ 22.74462832, 49.158033494 ], [ 22.745357295, 49.156109146 ], [ 22.74901608, 49.156303921 ], [ 22.75113776, 49.152711958 ], [ 22.755076414, 49.153936081 ], [ 22.760531192, 49.152423443 ], [ 22.763065306, 49.154070115 ], [ 22.766357809, 49.153577792 ], [ 22.773974748, 49.15584881 ], [ 22.772755733, 49.152285047 ], [ 22.784550074, 49.157400918 ], [ 22.789175975, 49.157616435 ], [ 22.792255089, 49.154666014 ], [ 22.788763312, 49.149517996 ], [ 22.792724711, 49.146431723 ], [ 22.793786395, 49.142718893 ], [ 22.79171656, 49.140935488 ], [ 22.793483447, 49.137734687 ], [ 22.799789018, 49.136041917 ], [ 22.801093434, 49.13367911 ], [ 22.807540307, 49.132718082 ], [ 22.807504977, 49.128537024 ], [ 22.812941687, 49.130441969 ], [ 22.816111157, 49.129911506 ], [ 22.816064053, 49.12775061 ], [ 22.81222014, 49.124867539 ], [ 22.81479594, 49.123213463 ], [ 22.818957461, 49.126065584 ], [ 22.819823855, 49.122707362 ], [ 22.830208733, 49.118395017 ], [ 22.828891782, 49.112843141 ], [ 22.831073896, 49.110988106 ], [ 22.836079991, 49.112509593 ], [ 22.837951486, 49.111981862 ], [ 22.836226785, 49.110425634 ], [ 22.841700254, 49.110122849 ], [ 22.850755567, 49.114814009 ], [ 22.854042192, 49.111016923 ], [ 22.860096806, 49.112179554 ], [ 22.854787317, 49.105848955 ], [ 22.855493889, 49.103583302 ], [ 22.859261427, 49.102896764 ], [ 22.862628805, 49.100012717 ], [ 22.866862686, 49.100596401 ], [ 22.867539917, 49.098999885 ], [ 22.870227477, 49.099513069 ], [ 22.875650499, 49.096521791 ], [ 22.87934489, 49.098538665 ], [ 22.880621356, 49.097050517 ], [ 22.885597773, 49.098745126 ], [ 22.884496502, 49.096550177 ], [ 22.889010096, 49.097384906 ], [ 22.892640208, 49.094551422 ], [ 22.885788426, 49.085789236 ], [ 22.880317397, 49.084198414 ], [ 22.881000863, 49.082696318 ], [ 22.88339202, 49.084008404 ], [ 22.883270624, 49.081157438 ], [ 22.867986027, 49.077412848 ], [ 22.866524985, 49.074653023 ], [ 22.871779861, 49.071875981 ], [ 22.866348327, 49.069796077 ], [ 22.866986368, 49.067981171 ], [ 22.864456427, 49.066723713 ], [ 22.868591623, 49.062368297 ], [ 22.866098251, 49.06008592 ], [ 22.867601561, 49.057454386 ], [ 22.870464609, 49.058643514 ], [ 22.870890556, 49.055522759 ], [ 22.874565692, 49.055675935 ], [ 22.875648016, 49.05129003 ], [ 22.870104097, 49.047122697 ], [ 22.871142596, 49.045854069 ], [ 22.866642765, 49.039914574 ], [ 22.873035859, 49.038452993 ], [ 22.873587464, 49.036669784 ], [ 22.877083453, 49.039934036 ], [ 22.881279211, 49.03832872 ], [ 22.874208301, 49.033916694 ], [ 22.873863465, 49.030928004 ], [ 22.879506865, 49.023888007 ], [ 22.885841889, 49.02134044 ], [ 22.886143384, 49.019485422 ], [ 22.892855663, 49.018851719 ], [ 22.893883138, 49.016680571 ], [ 22.889266171, 49.014039945 ], [ 22.891479719, 49.007783192 ], [ 22.868769327, 49.003553081 ], [ 22.873414519, 49.001051909 ], [ 22.879991461, 48.999955149 ], [ 22.897921373, 49.004863716 ], [ 22.913672372, 48.989735183 ], [ 22.917948073, 48.982097585 ], [ 22.915657778, 48.976170666 ], [ 22.919142443, 48.969959768 ], [ 22.915455159, 48.967007957 ], [ 22.911987908, 48.965628697 ], [ 22.905673987, 48.966177824 ], [ 22.901974881, 48.969462104 ], [ 22.899454629, 48.969512579 ], [ 22.893857291, 48.965113754 ], [ 22.877573537, 48.959399532 ], [ 22.872710519, 48.956016327 ], [ 22.873306337, 48.940842555 ], [ 22.878049496, 48.932207472 ], [ 22.887423388, 48.922795181 ], [ 22.891335094, 48.910995529 ], [ 22.89822256, 48.904347114 ], [ 22.919765951, 48.894648064 ], [ 22.92951636, 48.887861317 ], [ 22.970081005, 48.874665279 ], [ 22.969852594, 48.8626184 ], [ 22.972263416, 48.859056167 ], [ 22.971727025, 48.850897615 ], [ 22.974743399, 48.844851875 ], [ 22.9861372, 48.83633671 ], [ 22.991025379, 48.835428617 ], [ 23.001008473, 48.829514162 ], [ 23.010694978, 48.836547415 ], [ 23.013745398, 48.842624872 ], [ 23.020117294, 48.847175183 ], [ 23.029907009, 48.846587356 ], [ 23.045137189, 48.851283716 ], [ 23.051474434, 48.850298574 ], [ 23.057663491, 48.846687073 ], [ 23.068894319, 48.854638324 ], [ 23.07655276, 48.853099683 ], [ 23.084878257, 48.854603942 ], [ 23.08741411, 48.860659871 ], [ 23.098522508, 48.862831469 ], [ 23.104497389, 48.858335474 ], [ 23.121922901, 48.854499711 ], [ 23.124715727, 48.851084928 ], [ 23.131470867, 48.852566384 ], [ 23.136080132, 48.845090023 ], [ 23.130723706, 48.840272765 ], [ 23.133612545, 48.834083555 ], [ 23.150799568, 48.83213733 ], [ 23.167999153, 48.816825386 ], [ 23.170819365, 48.808994465 ], [ 23.17764316, 48.806054881 ], [ 23.179412244, 48.791637409 ], [ 23.189533751, 48.781834465 ], [ 23.192359062, 48.773155605 ], [ 23.201368994, 48.760425026 ], [ 23.215827426, 48.760535066 ], [ 23.224723481, 48.763453459 ], [ 23.239960014, 48.758652969 ], [ 23.247624651, 48.759782796 ], [ 23.25277014, 48.762737216 ], [ 23.259342337, 48.760783474 ], [ 23.267973237, 48.761672749 ], [ 23.272357391, 48.765904964 ], [ 23.278966802, 48.766905403 ], [ 23.280886936, 48.774788093 ], [ 23.285411486, 48.775826722 ], [ 23.290515407, 48.773527861 ], [ 23.295858637, 48.766902844 ], [ 23.300520968, 48.766289445 ], [ 23.307264008, 48.761455986 ], [ 23.312838571, 48.75999739 ], [ 23.31729583, 48.753539738 ], [ 23.324830179, 48.753594719 ], [ 23.339600345, 48.756475483 ], [ 23.343257427, 48.759605248 ], [ 23.353580846, 48.763448609 ], [ 23.35924513, 48.772683926 ], [ 23.369198413, 48.765517845 ], [ 23.374072737, 48.759445193 ], [ 23.378030812, 48.743789334 ], [ 23.380458705, 48.742006866 ], [ 23.391181777, 48.739658107 ], [ 23.396819758, 48.732935394 ], [ 23.410041852, 48.735706978 ], [ 23.430570502, 48.726406295 ], [ 23.454357328, 48.725851809 ], [ 23.466748074, 48.723794294 ], [ 23.468844767, 48.719311452 ], [ 23.471870871, 48.718299849 ], [ 23.478661115, 48.721360576 ], [ 23.491896118, 48.722555378 ], [ 23.511737982, 48.734746546 ], [ 23.525777337, 48.727217895 ], [ 23.540570707, 48.723457178 ], [ 23.548214253, 48.725116597 ], [ 23.549763375, 48.735332482 ], [ 23.548887951, 48.738495238 ], [ 23.544620797, 48.74071641 ], [ 23.549719793, 48.74031559 ], [ 23.552803933, 48.742510584 ], [ 23.554965094, 48.75058943 ], [ 23.56089676, 48.759461826 ], [ 23.560841379, 48.763245224 ], [ 23.565424397, 48.766821712 ], [ 23.568697609, 48.773132319 ], [ 23.577491476, 48.778314423 ], [ 23.576139908, 48.781314844 ], [ 23.578998215, 48.784464535 ], [ 23.574437908, 48.787801159 ], [ 23.569694118, 48.795689559 ], [ 23.570131581, 48.803915241 ], [ 23.557805771, 48.81439167 ], [ 23.556182172, 48.819801585 ], [ 23.55150825, 48.822472235 ], [ 23.564597169, 48.82904392 ], [ 23.569497416, 48.838914376 ], [ 23.567506562, 48.842536414 ], [ 23.574410862, 48.845622543 ], [ 23.568663928, 48.854158821 ], [ 23.575883487, 48.866603881 ], [ 23.583024809, 48.871993534 ], [ 23.592475874, 48.87075476 ], [ 23.597942618, 48.872757293 ], [ 23.606725472, 48.873271343 ], [ 23.607756999, 48.878129 ], [ 23.607367001, 48.882376 ], [ 23.596542126, 48.883760836 ], [ 23.589703, 48.882327 ], [ 23.577777532, 48.886459925 ], [ 23.572475, 48.893138999 ], [ 23.571827684, 48.899326943 ], [ 23.562784, 48.910133 ], [ 23.569131811, 48.92611528 ], [ 23.583658586, 48.94580496 ], [ 23.585801, 48.953262 ], [ 23.585305, 48.955905 ], [ 23.579839, 48.958750999 ], [ 23.577839841, 48.964941907 ], [ 23.567903849, 48.968916217 ], [ 23.565752655, 48.974633419 ], [ 23.575681999, 48.979449 ], [ 23.585832529, 48.987096048 ], [ 23.59894227, 48.999981019 ], [ 23.611931885, 49.005161938 ], [ 23.62468, 49.013831 ], [ 23.620186754, 49.022564605 ], [ 23.621892743, 49.025393664 ], [ 23.629684825, 49.027521301 ], [ 23.636239984, 49.031571828 ], [ 23.640870789, 49.029811769 ], [ 23.64285974, 49.025264677 ], [ 23.649703651, 49.022648483 ], [ 23.655637999, 49.026651 ], [ 23.659815674, 49.025682094 ], [ 23.664205001, 49.028108999 ], [ 23.672845999, 49.035941001 ], [ 23.672998158, 49.040347811 ], [ 23.677647999, 49.043826999 ], [ 23.677206001, 49.051064 ], [ 23.681187055, 49.061639585 ], [ 23.687776039, 49.065753652 ], [ 23.686068509, 49.069709412 ], [ 23.679935296, 49.071783022 ], [ 23.676824983, 49.075030362 ], [ 23.685339, 49.083479 ], [ 23.684157, 49.087443 ], [ 23.691086589, 49.096296052 ], [ 23.695805248, 49.097309422 ], [ 23.699140892, 49.100728441 ], [ 23.706054001, 49.097984999 ], [ 23.710542528, 49.101794436 ], [ 23.719542111, 49.094037138 ], [ 23.726744251, 49.096736638 ], [ 23.737280654, 49.103711495 ], [ 23.737625673, 49.10941882 ], [ 23.753051, 49.116267 ], [ 23.752729082, 49.124002534 ], [ 23.761480397, 49.124495418 ], [ 23.774254499, 49.116111384 ], [ 23.783810999, 49.119437 ], [ 23.791556007, 49.114856411 ], [ 23.799117671, 49.106759682 ], [ 23.803327758, 49.106869109 ], [ 23.809997595, 49.109874129 ], [ 23.822279583, 49.110028212 ], [ 23.830140514, 49.113349109 ], [ 23.878594596, 49.108693076 ], [ 23.905946644, 49.099212065 ], [ 23.91394125, 49.109635293 ], [ 23.928238053, 49.116926294 ], [ 23.932263661, 49.121641173 ], [ 23.946036323, 49.127126814 ], [ 23.957320672, 49.129363753 ], [ 23.969983999, 49.139965 ], [ 23.979779001, 49.138027 ], [ 23.988541, 49.133229 ], [ 24.008034069, 49.129715417 ], [ 24.012685001, 49.12511 ], [ 24.013596001, 49.118051 ], [ 24.021300758, 49.1163952 ], [ 24.042541029, 49.13058406 ], [ 24.058504999, 49.147062 ], [ 24.076677924, 49.146637576 ], [ 24.080965408, 49.145296959 ], [ 24.083896118, 49.149144641 ], [ 24.099850369, 49.144634719 ], [ 24.108371474, 49.140432526 ], [ 24.120162001, 49.138086999 ], [ 24.139333999, 49.140416001 ], [ 24.149410398, 49.129434804 ], [ 24.154476859, 49.127561137 ], [ 24.165903995, 49.127575195 ], [ 24.165115846, 49.136648981 ], [ 24.17187191, 49.143732225 ], [ 24.181729108, 49.143051472 ], [ 24.195143729, 49.13763869 ], [ 24.206656073, 49.146256305 ], [ 24.207316544, 49.148792542 ], [ 24.219865697, 49.145205469 ], [ 24.234301441, 49.144531317 ], [ 24.245533901, 49.150841444 ], [ 24.248006724, 49.149340175 ], [ 24.254634922, 49.154607681 ], [ 24.280982249, 49.168202714 ], [ 24.294003954, 49.168106816 ], [ 24.307528701, 49.17071126 ], [ 24.334000896, 49.180116091 ], [ 24.349568704, 49.180387977 ], [ 24.353369012, 49.181367574 ], [ 24.357050389, 49.185871782 ], [ 24.383686486, 49.189171136 ], [ 24.391699429, 49.181019674 ], [ 24.416333052, 49.168080106 ], [ 24.43510535, 49.173744552 ], [ 24.437497118, 49.176523428 ], [ 24.434100052, 49.17790802 ], [ 24.435862545, 49.182460398 ], [ 24.431618139, 49.190692005 ], [ 24.43875701, 49.199674374 ], [ 24.435416366, 49.207489573 ], [ 24.437600595, 49.206559701 ], [ 24.442631754, 49.212470542 ], [ 24.439068605, 49.213860467 ], [ 24.43942095, 49.215851221 ], [ 24.445900764, 49.216258585 ], [ 24.443079993, 49.222265643 ], [ 24.44875648, 49.231230151 ], [ 24.441321976, 49.230207408 ], [ 24.431195233, 49.233170147 ], [ 24.40559438, 49.228631484 ], [ 24.388181126, 49.227797643 ], [ 24.380270022, 49.230564681 ], [ 24.354354957, 49.234115197 ], [ 24.348306258, 49.232520589 ], [ 24.340354017, 49.242065801 ], [ 24.343825666, 49.243530568 ], [ 24.348004709, 49.254073079 ], [ 24.352624692, 49.253375394 ], [ 24.353473924, 49.272468084 ], [ 24.35996378, 49.272022086 ], [ 24.363890728, 49.28035275 ], [ 24.35884187, 49.280779159 ], [ 24.358174167, 49.285989243 ], [ 24.338963784, 49.291969859 ], [ 24.331610043, 49.287609165 ], [ 24.324457466, 49.286009663 ], [ 24.311822885, 49.278157948 ], [ 24.305381057, 49.277297906 ], [ 24.298812585, 49.292050027 ], [ 24.301701988, 49.315941173 ], [ 24.341399337, 49.310454526 ], [ 24.34295109, 49.312394208 ], [ 24.34596809, 49.311323886 ], [ 24.358522672, 49.32225997 ], [ 24.380524582, 49.307996059 ], [ 24.39327261, 49.332739616 ], [ 24.400109369, 49.335786368 ], [ 24.401623102, 49.339008921 ], [ 24.39375524, 49.340845322 ], [ 24.396094361, 49.352598928 ], [ 24.390833289, 49.353952952 ], [ 24.396977697, 49.358359287 ], [ 24.403791532, 49.355553252 ], [ 24.403208826, 49.358434932 ], [ 24.409481427, 49.362458928 ], [ 24.406861204, 49.366363434 ], [ 24.41627147, 49.368283743 ], [ 24.429225591, 49.373374253 ], [ 24.430905887, 49.378039122 ], [ 24.436895892, 49.380509075 ], [ 24.422676003, 49.384811327 ], [ 24.423659088, 49.386494099 ], [ 24.420271452, 49.386623987 ], [ 24.41957805, 49.388045919 ], [ 24.405223225, 49.393493586 ], [ 24.387131293, 49.395154928 ], [ 24.389324352, 49.402736693 ], [ 24.388098996, 49.408064655 ], [ 24.37590244, 49.412784934 ], [ 24.373606137, 49.429841547 ], [ 24.370124594, 49.429865707 ], [ 24.371572714, 49.435681366 ], [ 24.383782318, 49.442487648 ], [ 24.410404233, 49.444875778 ], [ 24.417848292, 49.473702043 ], [ 24.414348259, 49.472483334 ], [ 24.407164692, 49.482690032 ], [ 24.402251782, 49.495720245 ], [ 24.412166348, 49.504433031 ], [ 24.439772855, 49.503714098 ], [ 24.441014238, 49.505805768 ], [ 24.446219967, 49.507284864 ], [ 24.434474354, 49.536705855 ], [ 24.451371789, 49.546041247 ], [ 24.456069783, 49.551731386 ], [ 24.459735063, 49.551953784 ], [ 24.468248155, 49.548262198 ], [ 24.467339337, 49.555029881 ], [ 24.480481544, 49.552655129 ], [ 24.481226265, 49.5539548 ], [ 24.474056722, 49.556404769 ], [ 24.472611836, 49.559316677 ], [ 24.479766072, 49.559162486 ], [ 24.49406458, 49.555282158 ], [ 24.495279185, 49.55706022 ], [ 24.502821014, 49.555539917 ], [ 24.507781598, 49.551875006 ], [ 24.506620886, 49.547700258 ], [ 24.521336123, 49.542631802 ], [ 24.523823566, 49.540188724 ], [ 24.51944946, 49.53816979 ], [ 24.510839572, 49.539147344 ], [ 24.507580126, 49.535511701 ], [ 24.514339705, 49.531652711 ], [ 24.512830532, 49.528017452 ], [ 24.520601404, 49.523590786 ], [ 24.51937918, 49.521520321 ], [ 24.527708885, 49.522782337 ], [ 24.530420702, 49.524951598 ], [ 24.53659044, 49.522760631 ], [ 24.542733549, 49.522713253 ], [ 24.542036421, 49.524659783 ], [ 24.548493701, 49.527132959 ], [ 24.570301636, 49.534469025 ], [ 24.573330526, 49.53430922 ], [ 24.574365235, 49.529604039 ], [ 24.576658921, 49.528043816 ], [ 24.57567815, 49.526585197 ], [ 24.579385298, 49.526232454 ], [ 24.589654589, 49.51909101 ], [ 24.603683333, 49.512986094 ], [ 24.616586857, 49.508779009 ], [ 24.62076166, 49.511150438 ], [ 24.631547173, 49.500736697 ], [ 24.638517152, 49.497649141 ], [ 24.640681536, 49.501602063 ], [ 24.651238776, 49.49989054 ], [ 24.655923299, 49.505338462 ], [ 24.677409532, 49.496505203 ], [ 24.684585188, 49.498266557 ], [ 24.6995743, 49.493347028 ], [ 24.720709275, 49.496901694 ], [ 24.723027572, 49.508043691 ], [ 24.720830868, 49.510500542 ], [ 24.717874348, 49.531342443 ], [ 24.723672461, 49.53402989 ], [ 24.722208654, 49.539750711 ], [ 24.729282463, 49.547151839 ], [ 24.72153512, 49.568362159 ], [ 24.717972894, 49.570316596 ], [ 24.724576549, 49.572544464 ], [ 24.728621359, 49.572427984 ], [ 24.728995878, 49.570216232 ], [ 24.760191228, 49.571633109 ], [ 24.761227425, 49.573954198 ], [ 24.7655789, 49.572341047 ], [ 24.791193038, 49.572680114 ], [ 24.799540397, 49.586490909 ], [ 24.801872783, 49.587649881 ], [ 24.81472012, 49.586547156 ], [ 24.828127901, 49.59294211 ], [ 24.831451698, 49.590075465 ], [ 24.833851452, 49.579709831 ], [ 24.839760005, 49.580808947 ], [ 24.839211043, 49.586965535 ], [ 24.833622404, 49.599261026 ], [ 24.843710766, 49.59994688 ], [ 24.844987437, 49.601124459 ], [ 24.864054904, 49.599199506 ], [ 24.865388791, 49.605366751 ], [ 24.870020834, 49.60453823 ], [ 24.871416649, 49.609237624 ], [ 24.882551637, 49.608622035 ], [ 24.885935012, 49.601951081 ], [ 24.903011342, 49.599205469 ], [ 24.904730459, 49.602099412 ], [ 24.900681087, 49.605086312 ], [ 24.902884714, 49.607898282 ], [ 24.898360054, 49.610356857 ], [ 24.905814079, 49.61416422 ], [ 24.915539204, 49.614281327 ], [ 24.926160425, 49.609952256 ], [ 24.941596928, 49.608118296 ], [ 24.938880335, 49.614552882 ], [ 24.929750972, 49.617355833 ], [ 24.947638793, 49.617320133 ], [ 24.947363017, 49.614574936 ], [ 24.951774211, 49.614272165 ], [ 24.954395539, 49.616032345 ], [ 24.954047091, 49.618577604 ], [ 24.957662031, 49.620354789 ], [ 24.959209977, 49.625590417 ], [ 24.963076536, 49.626426979 ], [ 24.962725852, 49.63163054 ], [ 24.964348908, 49.63190383 ], [ 24.966475711, 49.640753869 ], [ 24.982716358, 49.636629607 ], [ 24.990526807, 49.645051467 ], [ 24.98696105, 49.651541976 ], [ 24.990229131, 49.662585837 ], [ 24.995912456, 49.662330254 ], [ 24.994260804, 49.668539486 ], [ 24.999188777, 49.699741609 ], [ 25.022505823, 49.736053046 ], [ 25.044624734, 49.729519155 ], [ 25.067598684, 49.711491014 ], [ 25.074338265, 49.714830413 ], [ 25.072224091, 49.716821338 ], [ 25.079403357, 49.721855792 ], [ 25.093749636, 49.730792114 ], [ 25.094884467, 49.729479218 ], [ 25.10058278, 49.732723592 ], [ 25.111851001, 49.741482 ], [ 25.114986568, 49.745924586 ], [ 25.103769088, 49.756667641 ], [ 25.091550402, 49.759825086 ], [ 25.072344096, 49.770216345 ], [ 25.075091445, 49.772425629 ], [ 25.075606623, 49.779137684 ], [ 25.086554353, 49.778090997 ], [ 25.089792261, 49.782147489 ], [ 25.089506108, 49.788414671 ], [ 25.084075434, 49.796803519 ], [ 25.083257294, 49.82723892 ], [ 25.085184489, 49.828068596 ], [ 25.090611, 49.826554 ], [ 25.096481355, 49.822245161 ], [ 25.109135714, 49.818615668 ], [ 25.124439563, 49.818601274 ], [ 25.134396897, 49.816889873 ], [ 25.137566714, 49.814906046 ], [ 25.14363415, 49.817474695 ], [ 25.144143822, 49.828066699 ], [ 25.151240995, 49.828210863 ], [ 25.151660617, 49.833149652 ], [ 25.160349544, 49.834212571 ], [ 25.172735694, 49.832036198 ], [ 25.180341644, 49.838029828 ], [ 25.209109493, 49.830216748 ], [ 25.211479668, 49.826748034 ], [ 25.236428292, 49.824031158 ], [ 25.247340599, 49.825728982 ], [ 25.247707396, 49.834012782 ], [ 25.255278454, 49.833727877 ], [ 25.255893921, 49.83669222 ], [ 25.262210928, 49.836746401 ], [ 25.263124129, 49.832710527 ], [ 25.265859093, 49.830719001 ], [ 25.269411808, 49.832484061 ], [ 25.270582385, 49.829680947 ], [ 25.285906115, 49.827896389 ], [ 25.293277345, 49.83381682 ], [ 25.292559032, 49.839075346 ], [ 25.290141459, 49.840125666 ], [ 25.293117339, 49.843620238 ], [ 25.300658095, 49.846319523 ], [ 25.299972552, 49.848325861 ], [ 25.296803537, 49.849315783 ], [ 25.299110512, 49.853707194 ], [ 25.309012237, 49.852716321 ], [ 25.311944665, 49.854577283 ], [ 25.336418457, 49.859310979 ], [ 25.336183406, 49.863144964 ], [ 25.337798894, 49.863640304 ], [ 25.349706007, 49.862697419 ], [ 25.359314633, 49.8650698 ], [ 25.371207852, 49.865371454 ], [ 25.375199999, 49.868006 ], [ 25.371894598, 49.876026625 ], [ 25.38060174, 49.876950831 ], [ 25.381558648, 49.88408796 ], [ 25.389084319, 49.897173499 ], [ 25.376359357, 49.913210271 ], [ 25.387004396, 49.927094424 ], [ 25.387233312, 49.932611073 ], [ 25.389202939, 49.934209267 ], [ 25.396042518, 49.934721405 ], [ 25.400526758, 49.937477872 ], [ 25.416142688, 49.934460605 ], [ 25.421408053, 49.938243388 ], [ 25.426575469, 49.939048355 ], [ 25.426897585, 49.941972274 ], [ 25.418060542, 49.946142836 ], [ 25.413970337, 49.944959332 ], [ 25.403875976, 49.947756429 ], [ 25.401644021, 49.954965865 ], [ 25.412045141, 49.969572851 ], [ 25.402217172, 49.986012189 ], [ 25.373187336, 49.991850705 ], [ 25.361074315, 49.996036439 ], [ 25.349094291, 50.002945709 ], [ 25.309728519, 50.025081084 ], [ 25.305403395, 50.031316363 ], [ 25.211182282, 50.114987039 ], [ 25.197250062, 50.131099979 ], [ 25.206974633, 50.157667687 ], [ 25.201029287, 50.166645147 ], [ 25.203989858, 50.170039222 ], [ 25.21070594, 50.171209243 ], [ 25.214957103, 50.17975356 ], [ 25.203844452, 50.187233383 ], [ 25.169584031, 50.202650454 ], [ 25.165470639, 50.209219255 ], [ 25.169470915, 50.223001737 ], [ 25.18273499, 50.224208181 ], [ 25.18021663, 50.226481296 ], [ 25.182811144, 50.228802284 ], [ 25.178996114, 50.229205064 ], [ 25.177067815, 50.232630736 ], [ 25.180664962, 50.236438385 ], [ 25.183031194, 50.23637212 ], [ 25.190004769, 50.248723074 ], [ 25.206462315, 50.247289602 ], [ 25.203282778, 50.255688442 ], [ 25.20479325, 50.279365076 ], [ 25.175302709, 50.289158505 ], [ 25.165020794, 50.290249446 ], [ 25.152060042, 50.288863159 ], [ 25.128082523, 50.282124484 ], [ 25.116383275, 50.283406463 ], [ 25.112884629, 50.284925677 ], [ 25.112613117, 50.287237057 ], [ 25.071077682, 50.29436068 ], [ 25.065387743, 50.298169946 ], [ 25.05412406, 50.300964814 ], [ 25.056147476, 50.303031575 ], [ 25.052207318, 50.305996651 ], [ 25.054716074, 50.306324182 ], [ 25.053431379, 50.30832468 ], [ 25.056958113, 50.311781854 ], [ 25.053285968, 50.313522224 ], [ 25.054996793, 50.314512709 ], [ 25.05309182, 50.315899894 ], [ 25.055708338, 50.317302779 ], [ 25.055295783, 50.319362681 ], [ 25.057559273, 50.319763855 ], [ 25.056140504, 50.323804711 ], [ 25.059593107, 50.324510488 ], [ 25.060133724, 50.329214068 ], [ 25.057353372, 50.334243622 ], [ 25.054148222, 50.335504227 ], [ 25.056555573, 50.339829627 ], [ 25.059688452, 50.34088826 ], [ 25.05893945, 50.342280246 ], [ 25.044558092, 50.342428877 ], [ 25.03333876, 50.345842581 ], [ 25.016829487, 50.341724962 ], [ 24.967893836, 50.372312317 ], [ 24.948405001, 50.387171 ], [ 24.941911, 50.38945 ], [ 24.936966258, 50.382653564 ], [ 24.9293329, 50.378208432 ], [ 24.935689917, 50.372777629 ], [ 24.93948644, 50.364199778 ], [ 24.936748937, 50.345587914 ], [ 24.924851104, 50.346503056 ], [ 24.920594084, 50.345542252 ], [ 24.91225357, 50.346917939 ], [ 24.911401082, 50.345390648 ], [ 24.888833447, 50.34601987 ], [ 24.885585543, 50.344663813 ], [ 24.887217159, 50.358588286 ], [ 24.865806312, 50.359614188 ], [ 24.860824067, 50.354515919 ], [ 24.859359523, 50.34960278 ], [ 24.855977211, 50.351198544 ], [ 24.849464414, 50.351400782 ], [ 24.810644026, 50.348019719 ], [ 24.807886631, 50.346635078 ], [ 24.789294514, 50.345970471 ], [ 24.777279046, 50.337659863 ], [ 24.713798882, 50.342300233 ], [ 24.71492802, 50.358092442 ], [ 24.721729309, 50.372289581 ], [ 24.714941401, 50.378850055 ], [ 24.676414999, 50.397394001 ], [ 24.655890178, 50.401202001 ], [ 24.651293834, 50.403301957 ], [ 24.653811916, 50.409994507 ], [ 24.648382257, 50.410757326 ], [ 24.64172989, 50.408248267 ], [ 24.630471063, 50.408112625 ], [ 24.596653437, 50.413491201 ], [ 24.599333997, 50.456189076 ], [ 24.590603, 50.457673001 ], [ 24.588644958, 50.461680071 ], [ 24.597968207, 50.466423897 ], [ 24.597586162, 50.478901191 ], [ 24.592482065, 50.480604769 ], [ 24.587768504, 50.493399412 ], [ 24.596527788, 50.495621128 ], [ 24.5961002, 50.497825494 ], [ 24.586577455, 50.49999408 ], [ 24.587923182, 50.49374152 ], [ 24.582192459, 50.491189151 ], [ 24.569962342, 50.488927966 ], [ 24.563221973, 50.489127499 ], [ 24.562915183, 50.492624759 ], [ 24.554729555, 50.492870992 ], [ 24.553564895, 50.50593743 ], [ 24.559229545, 50.510893183 ], [ 24.5503089, 50.52088951 ], [ 24.548211595, 50.533461145 ], [ 24.531503106, 50.550333741 ], [ 24.516497834, 50.55556583 ], [ 24.507427768, 50.555834241 ], [ 24.500635885, 50.55456248 ], [ 24.499630765, 50.552097425 ], [ 24.487676516, 50.551010481 ], [ 24.467267676, 50.542295104 ], [ 24.466704971, 50.540808704 ], [ 24.453295339, 50.540898744 ], [ 24.450389002, 50.539244123 ], [ 24.434921645, 50.545554953 ], [ 24.418764271, 50.554676836 ], [ 24.415793558, 50.55843281 ], [ 24.406193027, 50.560312852 ], [ 24.400930163, 50.568750994 ], [ 24.403312522, 50.571174401 ], [ 24.398546247, 50.574405751 ], [ 24.408983311, 50.581296641 ], [ 24.413471447, 50.586343307 ], [ 24.399570001, 50.591262 ], [ 24.395166412, 50.597442355 ], [ 24.380879979, 50.609151592 ], [ 24.362062284, 50.596631768 ], [ 24.352757339, 50.598994721 ], [ 24.338994892, 50.598405306 ], [ 24.323532096, 50.599809883 ], [ 24.326366427, 50.593003876 ], [ 24.319314449, 50.582293474 ], [ 24.317938857, 50.573281273 ], [ 24.312461169, 50.571551551 ], [ 24.308699851, 50.573742612 ], [ 24.299394406, 50.574906927 ], [ 24.293199274, 50.574017011 ], [ 24.27149154, 50.578365822 ], [ 24.266464808, 50.58056779 ], [ 24.243807908, 50.58139073 ], [ 24.234922044, 50.585185933 ], [ 24.231095634, 50.583365965 ], [ 24.226705001, 50.587418 ], [ 24.220884951, 50.58957767 ], [ 24.225297722, 50.592810562 ], [ 24.219140116, 50.593938487 ], [ 24.216895885, 50.591460458 ], [ 24.211543154, 50.591922897 ], [ 24.212932211, 50.596410997 ], [ 24.208636824, 50.598034117 ], [ 24.211312246, 50.59890301 ], [ 24.209607393, 50.601935915 ], [ 24.206097068, 50.601740442 ], [ 24.207560665, 50.604034097 ], [ 24.204200211, 50.603399198 ], [ 24.202790271, 50.606504548 ], [ 24.205188233, 50.607356036 ], [ 24.199513512, 50.607875747 ], [ 24.203945358, 50.611486568 ], [ 24.200163606, 50.614465053 ], [ 24.195412412, 50.613029973 ], [ 24.191528582, 50.617346785 ], [ 24.187251503, 50.614578464 ], [ 24.184618343, 50.619362482 ], [ 24.182536484, 50.616961721 ], [ 24.177631157, 50.618920037 ], [ 24.173390888, 50.616516522 ], [ 24.173703282, 50.619431106 ], [ 24.176289446, 50.618917797 ], [ 24.173443827, 50.6226741 ], [ 24.175626856, 50.623623083 ], [ 24.169978044, 50.623277578 ], [ 24.171450939, 50.625446035 ], [ 24.173604591, 50.624365481 ], [ 24.174279912, 50.625476026 ], [ 24.169175627, 50.626693754 ], [ 24.171720328, 50.628309646 ], [ 24.169831924, 50.629930385 ], [ 24.163239095, 50.631520713 ], [ 24.172223105, 50.630771302 ], [ 24.17229465, 50.633848775 ], [ 24.170709276, 50.634777144 ], [ 24.167595458, 50.633671099 ], [ 24.167175478, 50.636410505 ], [ 24.159791118, 50.640039088 ], [ 24.159845026, 50.642848113 ], [ 24.157463197, 50.642828143 ], [ 24.158072192, 50.639568941 ], [ 24.155895874, 50.642507899 ], [ 24.152939482, 50.642749174 ], [ 24.154721795, 50.646611131 ], [ 24.151247371, 50.643444922 ], [ 24.148871379, 50.647236672 ], [ 24.144808119, 50.642784898 ], [ 24.141303384, 50.643623089 ], [ 24.139059197, 50.646576983 ], [ 24.137793911, 50.642982018 ], [ 24.13480114, 50.645352368 ], [ 24.129882232, 50.645733529 ], [ 24.130180255, 50.64843255 ], [ 24.125753319, 50.648896078 ], [ 24.121243335, 50.64605131 ], [ 24.118103697, 50.647867032 ], [ 24.117842568, 50.644922451 ], [ 24.121876865, 50.643679014 ], [ 24.115160054, 50.642137327 ], [ 24.116570647, 50.640981593 ], [ 24.110612635, 50.636537325 ], [ 24.104505482, 50.634582712 ], [ 24.097894362, 50.63753803800001 ] ] ] } },
{ "type": "Feature", "properties": { "shapeName": "Mykolaivska", "shapeISO": "", "shapeID": "82583831B18817350158740", "shapeGroup": "UKR", "shapeType": "ADM1" }, "geometry": { "type": "MultiPolygon", "coordinates": [ [ [ [ 31.769190318, 46.382588887 ], [ 31.757220653, 46.397937272 ], [ 31.736026986, 46.413478052 ], [ 31.729920027, 46.423935282 ], [ 31.728314791, 46.421518384 ], [ 31.751714348, 46.385564063 ], [ 31.766243426, 46.372756052 ], [ 31.768754425, 46.372847412 ], [ 31.765158137, 46.373973043 ], [ 31.762211234, 46.377260592 ], [ 31.769293272, 46.373822368 ], [ 31.775589126, 46.37288985 ], [ 31.771493549, 46.37910375 ], [ 31.769061572, 46.380458697 ], [ 31.771333852, 46.377914999 ], [ 31.767174178, 46.378531011 ], [ 31.762013047, 46.381969677 ], [ 31.761491063, 46.384130926 ], [ 31.766214053, 46.384878491 ], [ 31.769190318, 46.382588887 ] ] ], [ [ [ 31.723314371, 46.42827218 ], [ 31.720753574, 46.429541312 ], [ 31.726861967, 46.425483846 ], [ 31.723314371, 46.42827218 ] ] ], [ [ [ 31.857341461, 46.516763057 ], [ 31.856677353, 46.51783794 ], [ 31.850400334, 46.517835025 ], [ 31.845529809, 46.520704784 ], [ 31.843206545, 46.519876955 ], [ 31.835774099, 46.521090033 ], [ 31.835118105, 46.522326701 ], [ 31.831689863, 46.520324305 ], [ 31.827366236, 46.523276144 ], [ 31.824805305, 46.522535513 ], [ 31.814252544, 46.526972533 ], [ 31.811402053, 46.524905036 ], [ 31.803082312, 46.526126358 ], [ 31.794209155, 46.52962441 ], [ 31.791193048, 46.533078578 ], [ 31.7888396, 46.53216313 ], [ 31.777064912, 46.535654804 ], [ 31.770772276, 46.541747736 ], [ 31.753100765, 46.546408038 ], [ 31.736336442, 46.546131701 ], [ 31.71825357, 46.543859837 ], [ 31.708732972, 46.545025233 ], [ 31.690631331, 46.541499218 ], [ 31.689449391, 46.539421221 ], [ 31.685349492, 46.540984304 ], [ 31.677427662, 46.539371416 ], [ 31.67363605, 46.538038827 ], [ 31.676974258, 46.5381775 ], [ 31.674150888, 46.53509026 ], [ 31.673195343, 46.537942279 ], [ 31.672011025, 46.536841299 ], [ 31.670609771, 46.537929399 ], [ 31.669665327, 46.536672598 ], [ 31.658266796, 46.536576591 ], [ 31.635782418, 46.539293004 ], [ 31.579983349, 46.536760081 ], [ 31.556453666, 46.543851051 ], [ 31.535977319, 46.553386649 ], [ 31.524228511, 46.562315873 ], [ 31.512810963, 46.577863332 ], [ 31.511956187, 46.577047386 ], [ 31.522071388, 46.562596854 ], [ 31.538247936, 46.547856808 ], [ 31.556549328, 46.534886202 ], [ 31.604734747, 46.507796028 ], [ 31.632979619, 46.489693533 ], [ 31.709510204, 46.428842144 ], [ 31.705051439, 46.435150163 ], [ 31.692257845, 46.443344693 ], [ 31.705988728, 46.436396442 ], [ 31.709116468, 46.436378812 ], [ 31.708560846, 46.438393576 ], [ 31.704853343, 46.438417127 ], [ 31.706198826, 46.44009443 ], [ 31.702595799, 46.443459193 ], [ 31.696099921, 46.446404174 ], [ 31.694864051, 46.449835035 ], [ 31.698644169, 46.466993262 ], [ 31.712520899, 46.479886064 ], [ 31.729349182, 46.485496213 ], [ 31.753497431, 46.488312223 ], [ 31.770035079, 46.486711931 ], [ 31.806945502, 46.47893137 ], [ 31.813818704, 46.492113658 ], [ 31.82017982, 46.496292454 ], [ 31.831887862, 46.499992463 ], [ 31.845450851, 46.497559568 ], [ 31.857341461, 46.516763057 ] ] ], [ [ [ 31.560042917, 46.569408276 ], [ 31.562368997, 46.570751931 ], [ 31.560088431, 46.571262811 ], [ 31.559004325, 46.57498851 ], [ 31.557915439, 46.571517361 ], [ 31.560042917, 46.569408276 ] ] ], [ [ [ 31.412868732, 46.600695978 ], [ 31.410682162, 46.602283603 ], [ 31.406776846, 46.600449127 ], [ 31.410670206, 46.598440269 ], [ 31.412705678, 46.594214618 ], [ 31.414549224, 46.597801191 ], [ 31.412868732, 46.600695978 ] ] ], [ [ [ 33.004677947, 47.9891182 ], [ 32.990162155, 48.04823477 ], [ 32.954128476, 48.035419218 ], [ 32.95184256, 48.035226062 ], [ 32.945818809, 48.042507692 ], [ 32.913049031, 48.037566577 ], [ 32.915859321, 48.031584101 ], [ 32.883355141, 48.027614545 ], [ 32.881520398, 48.033811485 ], [ 32.870465314, 48.032334514 ], [ 32.87270402, 48.024128072 ], [ 32.884856904, 48.020199318 ], [ 32.894408729, 47.985526701 ], [ 32.86701547, 47.982523636 ], [ 32.865094015, 47.985120921 ], [ 32.850432961, 47.983587356 ], [ 32.812955812, 47.979088941 ], [ 32.809844239, 47.975125669 ], [ 32.801713061, 47.974937656 ], [ 32.800860864, 47.981836211 ], [ 32.796687751, 47.980816638 ], [ 32.79524355, 47.982590329 ], [ 32.794312289, 47.993173874 ], [ 32.689494957, 47.981838784 ], [ 32.697309194, 47.946530429 ], [ 32.737067915, 47.951632213 ], [ 32.738203544, 47.947792626 ], [ 32.73662887, 47.943574624 ], [ 32.743868709, 47.937164399 ], [ 32.745561538, 47.932507689 ], [ 32.651904559, 47.92152234 ], [ 32.65593788, 47.904818934 ], [ 32.676480197, 47.907009194 ], [ 32.685535848, 47.872983669 ], [ 32.664416214, 47.870907397 ], [ 32.669360932, 47.853029537 ], [ 32.675083313, 47.857607054 ], [ 32.679447174, 47.851798525 ], [ 32.672647471, 47.842441435 ], [ 32.664053418, 47.839393772 ], [ 32.65621623, 47.826381305 ], [ 32.657795565, 47.819935703 ], [ 32.624135431, 47.815972799 ], [ 32.624333839, 47.813338487 ], [ 32.601329419, 47.810195054 ], [ 32.427727259, 47.789565101 ], [ 32.425022044, 47.800545545 ], [ 32.422235033, 47.80154188 ], [ 32.41849452, 47.801499186 ], [ 32.415465234, 47.797508188 ], [ 32.402004796, 47.79474579 ], [ 32.396253898, 47.797884871 ], [ 32.402542244, 47.798328428 ], [ 32.403958415, 47.799681428 ], [ 32.395646029, 47.80016884 ], [ 32.388509065, 47.797431433 ], [ 32.386697244, 47.798810067 ], [ 32.378070599, 47.796826743 ], [ 32.375130719, 47.794112015 ], [ 32.370053206, 47.794596609 ], [ 32.368015893, 47.789836686 ], [ 32.36419822, 47.788589587 ], [ 32.356992487, 47.79096154 ], [ 32.346094631, 47.798561908 ], [ 32.338636704, 47.800179655 ], [ 32.331450663, 47.805007861 ], [ 32.327171016, 47.813583804 ], [ 32.32207944, 47.814465858 ], [ 32.320520495, 47.819110504 ], [ 32.317966789, 47.817357599 ], [ 32.313051506, 47.818875682 ], [ 32.309773754, 47.818165646 ], [ 32.30321339, 47.823732331 ], [ 32.236537151, 47.814685702 ], [ 32.239621121, 47.793805622 ], [ 32.222512693, 47.791446009 ], [ 32.23158328, 47.760404314 ], [ 32.160558662, 47.751126299 ], [ 32.157327034, 47.760740623 ], [ 32.154433619, 47.760942923 ], [ 32.156182752, 47.758888215 ], [ 32.153001417, 47.758147019 ], [ 32.153413513, 47.755921784 ], [ 32.145669716, 47.754089634 ], [ 32.146145356, 47.751089998 ], [ 32.140327473, 47.748901608 ], [ 32.138148111, 47.753564698 ], [ 32.134226749, 47.755753253 ], [ 32.135811865, 47.758098224 ], [ 32.11697571, 47.755909727 ], [ 32.10927853, 47.784601135 ], [ 32.089483416, 47.782275955 ], [ 32.085174433, 47.796577489 ], [ 32.079749653, 47.795839322 ], [ 32.076639761, 47.80685151 ], [ 32.059478795, 47.804714837 ], [ 32.054674341, 47.817253526 ], [ 32.015333151, 47.812742275 ], [ 32.015093478, 47.815978261 ], [ 32.013326905, 47.815847676 ], [ 31.959786363, 47.809526203 ], [ 31.962984973, 47.798689243 ], [ 31.873529338, 47.787762731 ], [ 31.874093216, 47.786445213 ], [ 31.863429819, 47.784995269 ], [ 31.837703386, 47.782798183 ], [ 31.827403163, 47.816517967 ], [ 31.86578893, 47.821796467 ], [ 31.868721072, 47.822556553 ], [ 31.871083867, 47.826556172 ], [ 31.861968571, 47.833667445 ], [ 31.860131084, 47.838790696 ], [ 31.856773411, 47.83855562 ], [ 31.853210559, 47.848402019 ], [ 31.859088586, 47.849528561 ], [ 31.857040421, 47.864658194 ], [ 31.888071205, 47.865442033 ], [ 31.89194779, 47.867555763 ], [ 31.889236568, 47.869762575 ], [ 31.884792046, 47.881626639 ], [ 31.880594649, 47.882445041 ], [ 31.880501516, 47.893663912 ], [ 31.884711527, 47.893933421 ], [ 31.877446036, 47.908640373 ], [ 31.8765917, 47.919422877 ], [ 31.85499407, 47.916117362 ], [ 31.843830439, 47.963581414 ], [ 31.808740982, 47.959829569 ], [ 31.800624913, 47.960251443 ], [ 31.801403923, 47.957560233 ], [ 31.784826265, 47.954886506 ], [ 31.782657097, 47.955239078 ], [ 31.780601637, 47.960283152 ], [ 31.776126828, 47.958414405 ], [ 31.77812337, 47.956710932 ], [ 31.770934347, 47.951852812 ], [ 31.771295016, 47.9489714 ], [ 31.766437997, 47.944680691 ], [ 31.76156001, 47.94552805 ], [ 31.752766378, 47.943449459 ], [ 31.729029424, 48.035464685 ], [ 31.78302028, 48.042229265 ], [ 31.767283869, 48.102123588 ], [ 31.694327198, 48.093359485 ], [ 31.687173797, 48.116398669 ], [ 31.682881261, 48.1145432 ], [ 31.682588247, 48.117645443 ], [ 31.686346875, 48.119852887 ], [ 31.685582768, 48.121004525 ], [ 31.641879322, 48.114940861 ], [ 31.639670809, 48.124871315 ], [ 31.637009767, 48.12451569 ], [ 31.633614608, 48.134765018 ], [ 31.582615447, 48.128762806 ], [ 31.58390936, 48.105509187 ], [ 31.567918133, 48.102597641 ], [ 31.569419761, 48.097422705 ], [ 31.558947599, 48.110300704 ], [ 31.540547696, 48.107791999 ], [ 31.551000425, 48.069791053 ], [ 31.537397549, 48.068333688 ], [ 31.510229694, 48.068828904 ], [ 31.512145633, 48.06050032 ], [ 31.507514933, 48.05560531 ], [ 31.502344495, 48.052190931 ], [ 31.492458765, 48.050731719 ], [ 31.488173477, 48.065360671 ], [ 31.470004034, 48.064040297 ], [ 31.472329424, 48.077798109 ], [ 31.475961043, 48.082812205 ], [ 31.498493068, 48.087213463 ], [ 31.486425113, 48.12963779 ], [ 31.417850196, 48.120878639 ], [ 31.420174554, 48.111739075 ], [ 31.39551713, 48.108369309 ], [ 31.387305127, 48.131400541 ], [ 31.381025884, 48.131198508 ], [ 31.378340798, 48.126096301 ], [ 31.367894085, 48.119244124 ], [ 31.350603412, 48.11895436 ], [ 31.342818393, 48.117321156 ], [ 31.337840849, 48.114577066 ], [ 31.325915449, 48.113348978 ], [ 31.320827479, 48.137180872 ], [ 31.236333689, 48.117031516 ], [ 31.220583556, 48.170748887 ], [ 31.201336412, 48.16838114 ], [ 31.179766943, 48.180904963 ], [ 31.180548849, 48.186276312 ], [ 31.188386505, 48.187831067 ], [ 31.192012959, 48.194086784 ], [ 31.186057533, 48.196471103 ], [ 31.184652041, 48.202999119 ], [ 31.17425056, 48.209095221 ], [ 31.171992901, 48.213737129 ], [ 31.168553719, 48.214990974 ], [ 31.168960234, 48.218433544 ], [ 31.164446411, 48.220381208 ], [ 31.163723229, 48.222522868 ], [ 31.140085936, 48.220694114 ], [ 31.137992221, 48.229277798 ], [ 31.056277731, 48.220138141 ], [ 31.053019139, 48.232284005 ], [ 30.981017136, 48.222140217 ], [ 30.989057159, 48.1945084 ], [ 30.987262922, 48.194713143 ], [ 30.989163119, 48.184455679 ], [ 30.978411619, 48.183734056 ], [ 30.973279453, 48.18540339 ], [ 30.96623982, 48.185319008 ], [ 30.955987587, 48.180655857 ], [ 30.945394761, 48.184060698 ], [ 30.931725587, 48.183966633 ], [ 30.929920251, 48.180134677 ], [ 30.930291986, 48.166239512 ], [ 30.920963067, 48.169774827 ], [ 30.917210294, 48.165333139 ], [ 30.906267196, 48.164126597 ], [ 30.903759706, 48.165012888 ], [ 30.903524295, 48.161884034 ], [ 30.900239647, 48.159320833 ], [ 30.894039161, 48.165413622 ], [ 30.879140006, 48.164407528 ], [ 30.872230948, 48.161015954 ], [ 30.869759633, 48.162303426 ], [ 30.855039186, 48.161058143 ], [ 30.848389374, 48.184365184 ], [ 30.827714115, 48.181583705 ], [ 30.82560806, 48.18866193 ], [ 30.823052124, 48.190797754 ], [ 30.819347907, 48.188525442 ], [ 30.819634467, 48.18051413 ], [ 30.813629376, 48.176079183 ], [ 30.815208592, 48.169699381 ], [ 30.792506417, 48.167779213 ], [ 30.785388902, 48.19139396 ], [ 30.719336926, 48.186547619 ], [ 30.716814073, 48.195547648 ], [ 30.684009226, 48.188119611 ], [ 30.647466876, 48.185252623 ], [ 30.648422311, 48.179460408 ], [ 30.656592695, 48.171912406 ], [ 30.637233398, 48.167359687 ], [ 30.620067979, 48.166309825 ], [ 30.620162395, 48.157466181 ], [ 30.617736036, 48.156077954 ], [ 30.590925741, 48.157076083 ], [ 30.585514626, 48.157035513 ], [ 30.58104677, 48.155025973 ], [ 30.556055669, 48.155928924 ], [ 30.553036569, 48.163136377 ], [ 30.526798914, 48.179547802 ], [ 30.504274099, 48.15793772 ], [ 30.499993004, 48.163529 ], [ 30.500318117, 48.167922025 ], [ 30.495640578, 48.169923837 ], [ 30.480006468, 48.166278387 ], [ 30.473629671, 48.16612404 ], [ 30.468464096, 48.162403566 ], [ 30.451301783, 48.168787633 ], [ 30.444044314, 48.169162043 ], [ 30.43577131, 48.171913075 ], [ 30.428207543, 48.16538037 ], [ 30.414828562, 48.162444615 ], [ 30.390005838, 48.165980992 ], [ 30.384103762, 48.174440612 ], [ 30.366595901, 48.174152482 ], [ 30.359937335, 48.169076322 ], [ 30.349068653, 48.167549946 ], [ 30.338901751, 48.161553514 ], [ 30.32759416, 48.160024446 ], [ 30.328316641, 48.147336624 ], [ 30.31749575, 48.140632621 ], [ 30.307808513, 48.141601627 ], [ 30.315363764, 48.116681889 ], [ 30.356840015, 48.112662858 ], [ 30.356777317, 48.101588006 ], [ 30.326487467, 48.097211672 ], [ 30.328657516, 48.099776242 ], [ 30.327396429, 48.101915283 ], [ 30.31408702, 48.105771071 ], [ 30.314225937, 48.099970055 ], [ 30.326074667, 48.096975414 ], [ 30.3243348, 48.094295367 ], [ 30.301168479, 48.096943914 ], [ 30.289067685, 48.096263422 ], [ 30.284401357, 48.093241533 ], [ 30.282511473, 48.084909977 ], [ 30.265754329, 48.088237334 ], [ 30.248777236, 48.089567825 ], [ 30.249202802, 48.086387792 ], [ 30.244303641, 48.078636477 ], [ 30.239716944, 48.074235157 ], [ 30.23417808, 48.072563147 ], [ 30.233377932, 48.070227058 ], [ 30.226205092, 48.070348641 ], [ 30.221417526, 48.068867576 ], [ 30.21501896, 48.072081354 ], [ 30.206639585, 48.067592806 ], [ 30.227038195, 48.055445473 ], [ 30.233998684, 48.059946395 ], [ 30.2561758, 48.027782089 ], [ 30.257504787, 48.021169427 ], [ 30.225665188, 48.011866631 ], [ 30.248924742, 47.98162299 ], [ 30.246700073, 47.980896449 ], [ 30.245440272, 47.967132144 ], [ 30.282047611, 47.950214381 ], [ 30.307531702, 47.929738964 ], [ 30.300071507, 47.925307249 ], [ 30.297983824, 47.922099921 ], [ 30.322153878, 47.831464228 ], [ 30.330896655, 47.809855484 ], [ 30.333043741, 47.809126934 ], [ 30.422421695, 47.821155326 ], [ 30.42825173, 47.799635518 ], [ 30.436205668, 47.800680523 ], [ 30.439822444, 47.789121881 ], [ 30.416118581, 47.787185633 ], [ 30.423923247, 47.760841543 ], [ 30.398406102, 47.757536611 ], [ 30.396913839, 47.753904641 ], [ 30.38869686, 47.752435914 ], [ 30.414320257, 47.670652389 ], [ 30.409881974, 47.670025124 ], [ 30.420418638, 47.634082902 ], [ 30.463928431, 47.640365265 ], [ 30.470888381, 47.618143211 ], [ 30.558437491, 47.630648049 ], [ 30.560142689, 47.626260878 ], [ 30.57449188, 47.626919604 ], [ 30.613554821, 47.635541123 ], [ 30.6182479, 47.62404872 ], [ 30.664752021, 47.634156517 ], [ 30.665923912, 47.617218798 ], [ 30.658084898, 47.616763724 ], [ 30.660063363, 47.600101328 ], [ 30.701204482, 47.602099031 ], [ 30.720007895, 47.608388169 ], [ 30.709271765, 47.638891331 ], [ 30.788094669, 47.648976901 ], [ 30.792398852, 47.635978972 ], [ 30.780811881, 47.634445473 ], [ 30.77913149, 47.631138498 ], [ 30.781342815, 47.62421516 ], [ 30.774547295, 47.623196665 ], [ 30.774316086, 47.613883587 ], [ 30.779367994, 47.597932638 ], [ 30.774175818, 47.597093033 ], [ 30.778731555, 47.583983559 ], [ 30.744959129, 47.578940055 ], [ 30.75178539, 47.559159908 ], [ 30.755806408, 47.559813729 ], [ 30.757785936, 47.55538225 ], [ 30.763118221, 47.552563205 ], [ 30.770590182, 47.553362191 ], [ 30.773009877, 47.545933187 ], [ 30.785616433, 47.548009011 ], [ 30.802924149, 47.554218104 ], [ 30.804907725, 47.546838156 ], [ 30.828760419, 47.549395163 ], [ 30.834034443, 47.536612842 ], [ 30.87623406, 47.544353873 ], [ 30.879495646, 47.533870472 ], [ 30.875351693, 47.533252755 ], [ 30.882889041, 47.507107519 ], [ 30.853180242, 47.502735695 ], [ 30.859522053, 47.482735638 ], [ 30.853948132, 47.481928367 ], [ 30.865723193, 47.444227379 ], [ 30.848230631, 47.444047801 ], [ 30.851535081, 47.420487362 ], [ 30.887173905, 47.425654489 ], [ 30.893367407, 47.403307837 ], [ 30.873896355, 47.400651585 ], [ 30.882575034, 47.366829942 ], [ 30.885318404, 47.365676662 ], [ 30.886008768, 47.358779213 ], [ 30.900949675, 47.359677083 ], [ 30.909147238, 47.344170026 ], [ 30.889195153, 47.341108845 ], [ 30.890323876, 47.337396359 ], [ 30.865841333, 47.333615589 ], [ 30.872745826, 47.31801799 ], [ 30.892652978, 47.320825416 ], [ 30.907383923, 47.276727782 ], [ 30.999251, 47.289823 ], [ 30.989917039, 47.268572797 ], [ 31.007390351, 47.270266527 ], [ 31.018867729, 47.238924545 ], [ 31.080009989, 47.24774683 ], [ 31.078307046, 47.252775362 ], [ 31.170644915, 47.265879873 ], [ 31.175616203, 47.25648259 ], [ 31.167818697, 47.25534202 ], [ 31.178026312, 47.222207302 ], [ 31.145656751, 47.217915127 ], [ 31.156773524, 47.180983605 ], [ 31.122842082, 47.176280104 ], [ 31.118788753, 47.18861357 ], [ 31.10893037, 47.18712233 ], [ 31.115578388, 47.166037006 ], [ 31.105606123, 47.164901051 ], [ 31.108984103, 47.154318762 ], [ 31.128923093, 47.156803897 ], [ 31.130385354, 47.152638358 ], [ 31.161905478, 47.156986869 ], [ 31.198446061, 47.15467089 ], [ 31.200777571, 47.171418218 ], [ 31.246466094, 47.17760387 ], [ 31.249083781, 47.1686713 ], [ 31.269408381, 47.1714683 ], [ 31.293180844, 47.092575129 ], [ 31.302141901, 47.082506459 ], [ 31.293675146, 47.08137211 ], [ 31.30502471, 47.04750822 ], [ 31.294851822, 47.045921118 ], [ 31.29799827, 47.032137015 ], [ 31.289228858, 47.031071646 ], [ 31.291222017, 47.024530738 ], [ 31.267986895, 47.021362244 ], [ 31.266091055, 47.027887024 ], [ 31.236087678, 47.023684772 ], [ 31.236437255, 47.022551382 ], [ 31.229819728, 47.021597512 ], [ 31.238437112, 46.997355648 ], [ 31.244085935, 46.992322951 ], [ 31.242786679, 46.991508632 ], [ 31.139931888, 46.978412139 ], [ 31.136239591, 46.989154234 ], [ 31.086933035, 46.982387046 ], [ 31.089909086, 46.97354838 ], [ 31.040164984, 46.968552354 ], [ 31.027503271, 46.964549198 ], [ 31.017629082, 46.96335574 ], [ 31.013759, 46.951161 ], [ 31.016951, 46.944539 ], [ 31.026088, 46.935703 ], [ 31.032949, 46.931739 ], [ 31.03836, 46.925246 ], [ 31.040892, 46.918322 ], [ 31.041654, 46.898799 ], [ 31.064835, 46.896801 ], [ 31.092131, 46.882634 ], [ 31.104417, 46.870468 ], [ 31.106474, 46.857163 ], [ 31.112712, 46.844464 ], [ 31.132354, 46.845636 ], [ 31.142395, 46.84412 ], [ 31.152292, 46.839401 ], [ 31.156856016, 46.834643626 ], [ 31.157169762, 46.825660346 ], [ 31.152536038, 46.807877514 ], [ 31.152894674, 46.794973489 ], [ 31.154684726, 46.791083013 ], [ 31.177503943, 46.768081511 ], [ 31.169092291, 46.756565548 ], [ 31.153204721, 46.744976121 ], [ 31.155753847, 46.727111287 ], [ 31.160175918, 46.717229426 ], [ 31.178941757, 46.708957672 ], [ 31.179063924, 46.68062423 ], [ 31.18512517, 46.66286206 ], [ 31.198717758, 46.660248522 ], [ 31.193415811, 46.65671806 ], [ 31.175845508, 46.651847283 ], [ 31.176422775, 46.64867514 ], [ 31.188668675, 46.648520633 ], [ 31.190104311, 46.647221895 ], [ 31.18749316, 46.643467857 ], [ 31.189336399, 46.641737437 ], [ 31.188602547, 46.639571426 ], [ 31.177769008, 46.634168201 ], [ 31.176431799, 46.627528164 ], [ 31.207098323, 46.622103028 ], [ 31.237616439, 46.6104186 ], [ 31.257497277, 46.609470136 ], [ 31.273082168, 46.612260296 ], [ 31.286569435, 46.612037511 ], [ 31.333458871, 46.605267822 ], [ 31.34938742, 46.600331714 ], [ 31.352227378, 46.601006049 ], [ 31.354603939, 46.615683353 ], [ 31.35881779, 46.619567055 ], [ 31.367671655, 46.622738277 ], [ 31.388477595, 46.623355474 ], [ 31.409165648, 46.618345141 ], [ 31.415890546, 46.623260275 ], [ 31.418642166, 46.627807141 ], [ 31.424290451, 46.628172611 ], [ 31.422952375, 46.626106395 ], [ 31.428287706, 46.624742108 ], [ 31.454432105, 46.627221284 ], [ 31.481100969, 46.626428436 ], [ 31.494803729, 46.624728478 ], [ 31.516492134, 46.619247102 ], [ 31.533792805, 46.609398576 ], [ 31.5366821, 46.609626066 ], [ 31.549849553, 46.600281484 ], [ 31.551900697, 46.601818063 ], [ 31.549566905, 46.60331242 ], [ 31.556314927, 46.602848918 ], [ 31.559285246, 46.611737041 ], [ 31.558105836, 46.613169779 ], [ 31.562378552, 46.615055253 ], [ 31.560942878, 46.615742967 ], [ 31.56303959, 46.616505095 ], [ 31.56229209, 46.618034388 ], [ 31.567433759, 46.617117785 ], [ 31.568791302, 46.614168901 ], [ 31.567468153, 46.617459369 ], [ 31.564073895, 46.618633955 ], [ 31.566862537, 46.622882094 ], [ 31.575928973, 46.630052979 ], [ 31.580623411, 46.630064893 ], [ 31.579720755, 46.63095661 ], [ 31.583930756, 46.633237535 ], [ 31.586732807, 46.632730244 ], [ 31.59253848, 46.641002251 ], [ 31.604326644, 46.645463072 ], [ 31.627013433, 46.649096657 ], [ 31.656424036, 46.648896658 ], [ 31.694320716, 46.641252789 ], [ 31.729572436, 46.628242611 ], [ 31.771462833, 46.624718937 ], [ 31.787847144, 46.616811263 ], [ 31.796204, 46.608763 ], [ 31.806201, 46.614531 ], [ 31.830841, 46.623041 ], [ 31.882823, 46.63465 ], [ 31.893309, 46.640093 ], [ 31.902844, 46.650947 ], [ 31.940294295, 46.652669298 ], [ 31.940806573, 46.651243792 ], [ 31.988137, 46.659074 ], [ 31.986873898, 46.664111454 ], [ 32.007740616, 46.666518266 ], [ 32.031773341, 46.667170714 ], [ 32.020277044, 46.677383474 ], [ 32.0711975, 46.6835825 ], [ 32.071655559, 46.681906105 ], [ 32.086763999, 46.683563488 ], [ 32.075428758, 46.730029481 ], [ 32.06089521, 46.728239625 ], [ 32.057069331, 46.744341913 ], [ 32.109318922, 46.752621226 ], [ 32.11049737, 46.74837387 ], [ 32.113785353, 46.748756538 ], [ 32.114641806, 46.74530314 ], [ 32.171444105, 46.752478103 ], [ 32.168679467, 46.763301327 ], [ 32.218519991, 46.771206424 ], [ 32.209715044, 46.805889242 ], [ 32.230755252, 46.808473113 ], [ 32.252361556, 46.819614809 ], [ 32.231517729, 46.83860897 ], [ 32.229055973, 46.844487492 ], [ 32.326752671, 46.800952276 ], [ 32.34204181, 46.795504244 ], [ 32.372949797, 46.799075193 ], [ 32.365498209, 46.829425684 ], [ 32.462906451, 46.840945063 ], [ 32.469089063, 46.816077519 ], [ 32.531209003, 46.823191821 ], [ 32.524849341, 46.848148256 ], [ 32.541450326, 46.850123751 ], [ 32.534679257, 46.881506663 ], [ 32.544850647, 46.882555588 ], [ 32.547039322, 46.869541735 ], [ 32.571571226, 46.872242501 ], [ 32.571507846, 46.862791397 ], [ 32.577664804, 46.862721755 ], [ 32.578238617, 46.859142279 ], [ 32.584127062, 46.859544077 ], [ 32.585051079, 46.854947355 ], [ 32.611339723, 46.858054352 ], [ 32.612361024, 46.854411339 ], [ 32.61713966, 46.854012176 ], [ 32.687802683, 46.862044323 ], [ 32.697973981, 46.822361728 ], [ 32.701105019, 46.820703244 ], [ 32.707025579, 46.82113754 ], [ 32.707665808, 46.822886389 ], [ 32.744687552, 46.826929916 ], [ 32.74602178, 46.825373328 ], [ 32.764153827, 46.827336723 ], [ 32.767439766, 46.819158793 ], [ 32.769364148, 46.819308821 ], [ 32.778931855, 46.824860258 ], [ 32.774872654, 46.830031257 ], [ 32.814837647, 46.834494402 ], [ 32.813610903, 46.840151112 ], [ 32.949100501, 46.857387273 ], [ 32.945972212, 46.86858221 ], [ 32.920226792, 46.865945676 ], [ 32.916126331, 46.88302021 ], [ 32.859551843, 46.876290806 ], [ 32.854496852, 46.876983401 ], [ 32.85088467, 46.879454575 ], [ 32.846973655, 46.879433937 ], [ 32.836286934, 46.884110206 ], [ 32.841178526, 46.890708697 ], [ 32.840071052, 46.895384585 ], [ 32.842404778, 46.899435993 ], [ 32.92661231, 46.909741843 ], [ 32.922063614, 46.926648006 ], [ 32.979864504, 46.93367785 ], [ 32.975966294, 46.948813857 ], [ 32.948916512, 46.945320676 ], [ 32.942550173, 46.971002474 ], [ 32.933556843, 46.985318944 ], [ 32.950160601, 47.003507201 ], [ 33.022395615, 46.972476097 ], [ 33.067432106, 47.022122186 ], [ 33.071842668, 47.020211737 ], [ 33.089176889, 47.040784132 ], [ 33.093281919, 47.039019696 ], [ 33.158076056, 47.116859317 ], [ 33.10491582, 47.137035767 ], [ 33.082087188, 47.107748244 ], [ 33.103146464, 47.099782005 ], [ 33.073026001, 47.063032 ], [ 33.051971, 47.070604001 ], [ 33.027092683, 47.039490668 ], [ 32.927813324, 47.081538154 ], [ 32.925485141, 47.083817906 ], [ 32.914529208, 47.087179078 ], [ 32.909473094, 47.094907087 ], [ 32.914310228, 47.104230389 ], [ 32.911277439, 47.114189691 ], [ 32.907193855, 47.119957707 ], [ 32.911710648, 47.126708443 ], [ 32.919324194, 47.132475772 ], [ 32.918229162, 47.144293752 ], [ 32.932471739, 47.150400166 ], [ 32.947998397, 47.163288731 ], [ 32.958918569, 47.18261381 ], [ 32.960611885, 47.189619725 ], [ 32.981984922, 47.191652671 ], [ 32.989464772, 47.193613367 ], [ 32.991906444, 47.192416 ], [ 32.989253187, 47.189473809 ], [ 32.995688086, 47.191271772 ], [ 33.00188318, 47.189965348 ], [ 33.003511685, 47.191224183 ], [ 32.999495094, 47.192599175 ], [ 33.000324647, 47.196021643 ], [ 33.005730115, 47.196619687 ], [ 33.012531399, 47.190705717 ], [ 33.014045483, 47.187485443 ], [ 33.012237314, 47.183848902 ], [ 33.015702252, 47.180241489 ], [ 33.025735498, 47.176593993 ], [ 33.037688368, 47.178109828 ], [ 33.035125431, 47.183488988 ], [ 33.036736915, 47.188331132 ], [ 33.052314548, 47.191271378 ], [ 33.066241409, 47.200935168 ], [ 33.067391093, 47.206755658 ], [ 33.064093984, 47.214785742 ], [ 33.06491196, 47.219349346 ], [ 33.067078157, 47.220412332 ], [ 33.071760572, 47.217570348 ], [ 33.0748535, 47.217839785 ], [ 33.072061965, 47.223373446 ], [ 33.080785728, 47.220432058 ], [ 33.088702606, 47.223795798 ], [ 33.098704213, 47.223497157 ], [ 33.10646942, 47.216400074 ], [ 33.104686179, 47.212273343 ], [ 33.110671056, 47.207020346 ], [ 33.116931921, 47.203899986 ], [ 33.130239672, 47.202871393 ], [ 33.134390686, 47.205956933 ], [ 33.137653579, 47.205891157 ], [ 33.142556817, 47.210423045 ], [ 33.134477191, 47.212537475 ], [ 33.128610674, 47.219478243 ], [ 33.12712109, 47.230791248 ], [ 33.134050944, 47.233057045 ], [ 33.142439738, 47.230363726 ], [ 33.147337275, 47.230614663 ], [ 33.151640275, 47.234406476 ], [ 33.162068761, 47.236469855 ], [ 33.16370133, 47.23536759 ], [ 33.159316738, 47.232654862 ], [ 33.161808905, 47.231489524 ], [ 33.166512709, 47.234348809 ], [ 33.172755238, 47.233671744 ], [ 33.176308119, 47.237808977 ], [ 33.180824985, 47.236891271 ], [ 33.183583066, 47.238103251 ], [ 33.136233578, 47.267488109 ], [ 33.140034639, 47.272053543 ], [ 33.120333035, 47.277346291 ], [ 33.119281732, 47.281334935 ], [ 33.105197963, 47.279541607 ], [ 33.101668227, 47.290278574 ], [ 33.109890304, 47.293098667 ], [ 33.110074654, 47.302463999 ], [ 33.102399859, 47.321473965 ], [ 33.132427922, 47.327813173 ], [ 33.1328318, 47.331544991 ], [ 33.138096181, 47.332685587 ], [ 33.132392777, 47.345131927 ], [ 33.121701584, 47.389422088 ], [ 33.039202803, 47.379213713 ], [ 33.034177635, 47.397512253 ], [ 33.035553457, 47.397661649 ], [ 33.028675235, 47.423700679 ], [ 33.038140871, 47.425239546 ], [ 33.033486976, 47.441337259 ], [ 33.054081304, 47.443643477 ], [ 33.046999346, 47.468196126 ], [ 33.070202517, 47.475193 ], [ 33.071210604, 47.411853613 ], [ 33.137727477, 47.419637251 ], [ 33.126141337, 47.475642676 ], [ 33.128230617, 47.475891605 ], [ 33.127257794, 47.480033489 ], [ 33.129961527, 47.480339826 ], [ 33.122935433, 47.508143209 ], [ 33.147091502, 47.514343579 ], [ 33.141112769, 47.543224425 ], [ 33.094658899, 47.527264315 ], [ 33.089129403, 47.551928839 ], [ 33.092618032, 47.578689384 ], [ 33.094963454, 47.597043301 ], [ 32.961343905, 47.58984061 ], [ 32.959567864, 47.592968212 ], [ 32.960071131, 47.597589287 ], [ 32.970527281, 47.602338291 ], [ 32.971106487, 47.605219056 ], [ 32.975372811, 47.60278212 ], [ 32.978951183, 47.606389555 ], [ 32.982489908, 47.603683323 ], [ 32.990377817, 47.606405367 ], [ 32.987149844, 47.613787628 ], [ 32.989663142, 47.616294729 ], [ 32.997130803, 47.616552436 ], [ 32.996608054, 47.622284908 ], [ 32.993607644, 47.624522608 ], [ 32.993390051, 47.63240591 ], [ 32.97202096, 47.722629122 ], [ 33.008625104, 47.726275688 ], [ 33.007573084, 47.731942757 ], [ 33.072162335, 47.738878398 ], [ 33.06680484, 47.762631313 ], [ 33.05453405, 47.761606992 ], [ 33.049624624, 47.781862657 ], [ 33.06776395, 47.783591221 ], [ 33.057236432, 47.831851621 ], [ 33.08103626, 47.8348278 ], [ 33.069742006, 47.882539159 ], [ 33.086432208, 47.885174886 ], [ 33.0782823, 47.920376871 ], [ 33.013390996, 47.910444802 ], [ 33.003094171, 47.915967094 ], [ 32.993497999, 47.93489518 ], [ 33.007674942, 47.936760092 ], [ 33.001442507, 47.967122567 ], [ 32.995201984, 47.967401553 ], [ 32.996160293, 47.986474911 ], [ 33.004677947, 47.9891182 ] ] ] ] } },
{ "type": "Feature", "properties": { "shapeName": "Odeska", "shapeISO": "", "shapeID": "82583831B78920109116756", "shapeGroup": "UKR", "shapeType": "ADM1" }, "geometry": { "type": "MultiPolygon", "coordinates": [ [ [ [ 30.206475586, 45.255941607 ], [ 30.206855874, 45.257388842 ], [ 30.200212725, 45.256886915 ], [ 30.201900252, 45.25262454 ], [ 30.206245651, 45.252569923 ], [ 30.206475586, 45.255941607 ] ] ], [ [ [ 29.645821329, 45.474867879 ], [ 29.630162328, 45.480142703 ], [ 29.624709275, 45.478257217 ], [ 29.640951212, 45.475123567 ], [ 29.64813417, 45.470976386 ], [ 29.648626356, 45.473092633 ], [ 29.645821329, 45.474867879 ] ] ], [ [ [ 28.84700091, 48.078870657 ], [ 28.840164554, 48.078470166 ], [ 28.833282697, 48.072839294 ], [ 28.836506288, 48.071199056 ], [ 28.842026066, 48.075407562 ], [ 28.849818712, 48.070463135 ], [ 28.843833001, 48.065595788 ], [ 28.852028795, 48.06090438 ], [ 28.849285422, 48.051867994 ], [ 28.839390208, 48.03484073 ], [ 28.854572352, 48.027154462 ], [ 28.856332123, 48.019807082 ], [ 28.864762321, 48.02089003 ], [ 28.882489044, 48.010450361 ], [ 28.878026856, 48.000751614 ], [ 28.924865018, 47.960992456 ], [ 28.949417, 47.971756001 ], [ 28.961549133, 47.979242315 ], [ 28.981862232, 47.96921221 ], [ 28.990356429, 47.962551876 ], [ 29.000813922, 47.962931344 ], [ 29.00263845, 47.958451774 ], [ 29.01244408, 47.955964399 ], [ 29.026646265, 47.945038458 ], [ 29.033141648, 47.942466987 ], [ 29.037416203, 47.947457976 ], [ 29.039738297, 47.947681063 ], [ 29.051436407, 47.942912695 ], [ 29.069781222, 47.943542916 ], [ 29.086237656, 47.946936889 ], [ 29.08399677, 47.95875399 ], [ 29.07774788, 47.967767202 ], [ 29.079395351, 47.971338038 ], [ 29.082007374, 47.971541596 ], [ 29.086171091, 47.968240224 ], [ 29.091154893, 47.967600627 ], [ 29.094753526, 47.960322779 ], [ 29.097531644, 47.960150666 ], [ 29.096429243, 47.973256792 ], [ 29.09148228, 47.97340261 ], [ 29.088048058, 47.976238077 ], [ 29.08506066, 47.975602773 ], [ 29.083232921, 47.977073793 ], [ 29.089251106, 47.981336552 ], [ 29.091696159, 47.980143633 ], [ 29.091496642, 47.982032184 ], [ 29.09378643, 47.98308168 ], [ 29.102461614, 47.981738628 ], [ 29.10923097, 47.984272174 ], [ 29.131092079, 47.982077009 ], [ 29.131607699, 47.984337815 ], [ 29.123927524, 47.988848584 ], [ 29.124813905, 47.993678795 ], [ 29.174394314, 47.993416096 ], [ 29.179847765, 47.964263098 ], [ 29.184956938, 47.963968855 ], [ 29.188616157, 47.935708138 ], [ 29.201633032, 47.88430396 ], [ 29.212709996, 47.885551379 ], [ 29.214892329, 47.896148389 ], [ 29.217745076, 47.895652746 ], [ 29.223212, 47.891048999 ], [ 29.222339574, 47.889446733 ], [ 29.216984, 47.888127245 ], [ 29.217537687, 47.886359703 ], [ 29.275218316, 47.890581383 ], [ 29.281023606, 47.888417324 ], [ 29.277466061, 47.886194647 ], [ 29.274402367, 47.88035202 ], [ 29.268688069, 47.879044727 ], [ 29.266575943, 47.875490092 ], [ 29.243543271, 47.866489762 ], [ 29.236209508, 47.86261096 ], [ 29.234984987, 47.858808648 ], [ 29.224688228, 47.855222249 ], [ 29.214788372, 47.840771204 ], [ 29.208690716, 47.837283802 ], [ 29.202291175, 47.830195376 ], [ 29.199157301, 47.818890825 ], [ 29.20998743, 47.805724772 ], [ 29.219956586, 47.797413847 ], [ 29.233229235, 47.797555294 ], [ 29.247694288, 47.810766503 ], [ 29.275384999, 47.803984 ], [ 29.271864, 47.791817 ], [ 29.250052488, 47.752526256 ], [ 29.214200225, 47.738431605 ], [ 29.203811462, 47.719427106 ], [ 29.222427823, 47.697613697 ], [ 29.220126643, 47.696324638 ], [ 29.221401711, 47.694057004 ], [ 29.230577058, 47.683689645 ], [ 29.228807448, 47.68258586 ], [ 29.218725429, 47.682551221 ], [ 29.219876162, 47.65825319 ], [ 29.209615885, 47.657926966 ], [ 29.208814877, 47.641506335 ], [ 29.233749468, 47.642138285 ], [ 29.223098238, 47.634965678 ], [ 29.219009452, 47.626941875 ], [ 29.213881316, 47.625679775 ], [ 29.208992155, 47.628554037 ], [ 29.217464492, 47.612354217 ], [ 29.203864749, 47.603953683 ], [ 29.202920335, 47.595414532 ], [ 29.199889403, 47.592356626 ], [ 29.192648966, 47.590416039 ], [ 29.185811, 47.584975 ], [ 29.184050788, 47.571583775 ], [ 29.171717156, 47.56798142 ], [ 29.166224408, 47.571167038 ], [ 29.116328436, 47.55456783 ], [ 29.151476901, 47.505737728 ], [ 29.183566641, 47.518491416 ], [ 29.190211109, 47.51435512 ], [ 29.183744112, 47.510722795 ], [ 29.182556041, 47.494753115 ], [ 29.191607141, 47.48775858 ], [ 29.19143544, 47.484695435 ], [ 29.184100669, 47.480241298 ], [ 29.18677596, 47.475701407 ], [ 29.15730259, 47.459143025 ], [ 29.16229295, 47.452719268 ], [ 29.190905629, 47.468333378 ], [ 29.188936023, 47.463144151 ], [ 29.193478321, 47.460532458 ], [ 29.18169884, 47.449824908 ], [ 29.188053596, 47.438891176 ], [ 29.184741755, 47.437030917 ], [ 29.183971003, 47.434225186 ], [ 29.190232132, 47.424550583 ], [ 29.242100996, 47.461815914 ], [ 29.242962299, 47.427773505 ], [ 29.245234658, 47.414489311 ], [ 29.251779854, 47.416375854 ], [ 29.254552365, 47.422889827 ], [ 29.261690191, 47.426357555 ], [ 29.261960424, 47.428187979 ], [ 29.268711408, 47.431334591 ], [ 29.272465132, 47.435419137 ], [ 29.279475905, 47.437323519 ], [ 29.28838289, 47.436031516 ], [ 29.296862776, 47.441272573 ], [ 29.307032578, 47.440795021 ], [ 29.309176385, 47.442137168 ], [ 29.3085245, 47.444131295 ], [ 29.317854839, 47.447803259 ], [ 29.337395297, 47.370551504 ], [ 29.360350158, 47.372890928 ], [ 29.360811133, 47.375358185 ], [ 29.390594759, 47.37938471 ], [ 29.396911675, 47.353586177 ], [ 29.382706136, 47.344132898 ], [ 29.397812, 47.300516 ], [ 29.42273, 47.304396 ], [ 29.426526, 47.291824001 ], [ 29.446954999, 47.294452999 ], [ 29.445409, 47.30005 ], [ 29.486196999, 47.306129 ], [ 29.483293, 47.33236 ], [ 29.492768, 47.333081001 ], [ 29.494957, 47.337562001 ], [ 29.487234903, 47.339137381 ], [ 29.491403319, 47.349235145 ], [ 29.486567057, 47.349886885 ], [ 29.487250656, 47.356051219 ], [ 29.494566445, 47.355956389 ], [ 29.4962597, 47.358345846 ], [ 29.51701243, 47.364530979 ], [ 29.574300495, 47.370368327 ], [ 29.597969363, 47.257058958 ], [ 29.551125, 47.251732 ], [ 29.580797, 47.135825999 ], [ 29.501556, 47.127964 ], [ 29.494566999, 47.130697999 ], [ 29.499873001, 47.108922 ], [ 29.516016001, 47.112467 ], [ 29.527679999, 47.085957001 ], [ 29.530263001, 47.075293999 ], [ 29.549836001, 47.075704999 ], [ 29.548016, 47.093574999 ], [ 29.612039001, 47.099904 ], [ 29.628365001, 47.045106 ], [ 29.602189, 47.041575 ], [ 29.596053713, 46.963617409 ], [ 29.556049491, 46.957728693 ], [ 29.57130217, 46.940018166 ], [ 29.639408566, 46.955041302 ], [ 29.648010606, 46.919214184 ], [ 29.701187, 46.925142001 ], [ 29.701616999, 46.923396 ], [ 29.711329999, 46.923976001 ], [ 29.710353, 46.928159 ], [ 29.718615524, 46.931968554 ], [ 29.721643117, 46.918241197 ], [ 29.730809764, 46.919330183 ], [ 29.74937768, 46.860635732 ], [ 29.848891017, 46.875218405 ], [ 29.847031064, 46.881687392 ], [ 29.883868572, 46.886255798 ], [ 29.892125001, 46.853467 ], [ 29.883559076, 46.850694712 ], [ 29.905080866, 46.819859042 ], [ 29.930258488, 46.828646712 ], [ 29.924991186, 46.834159612 ], [ 29.949449001, 46.841721 ], [ 29.969177, 46.832029 ], [ 29.972409, 46.823363 ], [ 29.978587001, 46.820373 ], [ 29.978206, 46.816923999 ], [ 29.963724, 46.818208 ], [ 29.934937999, 46.805907001 ], [ 29.9438, 46.796651 ], [ 29.942795001, 46.795035 ], [ 29.944532001, 46.793146 ], [ 29.964019, 46.775419999 ], [ 29.966316001, 46.758379999 ], [ 29.969015, 46.755677 ], [ 29.974466999, 46.754016 ], [ 29.971798, 46.738085 ], [ 29.968803001, 46.731690001 ], [ 29.968548999, 46.719336 ], [ 29.972126, 46.713823001 ], [ 29.968550999, 46.700777 ], [ 29.974136283, 46.694634458 ], [ 29.972745298, 46.688350457 ], [ 29.967236314, 46.68229045 ], [ 29.960582324, 46.678580442 ], [ 29.955562367, 46.661303437 ], [ 29.947814456, 46.652764705 ], [ 29.944932452, 46.646377361 ], [ 29.946310415, 46.642194424 ], [ 29.95611, 46.632879 ], [ 29.956327001, 46.62345 ], [ 29.959983998, 46.611741 ], [ 29.950018, 46.59267 ], [ 29.947543, 46.590706 ], [ 29.939777, 46.589825999 ], [ 29.934083, 46.581295001 ], [ 29.938984481, 46.568471832 ], [ 29.948334115, 46.568602795 ], [ 29.947236999, 46.566782 ], [ 29.943148508, 46.565580086 ], [ 29.942421001, 46.561086563 ], [ 29.940146862, 46.559168291 ], [ 29.94851073, 46.560534933 ], [ 29.944617, 46.554763 ], [ 29.875579701, 46.546789215 ], [ 29.879642893, 46.541901717 ], [ 29.884939015, 46.546985182 ], [ 29.888281439, 46.546778577 ], [ 29.893475477, 46.539228272 ], [ 29.902005307, 46.532756448 ], [ 29.895756097, 46.530705634 ], [ 29.895698671, 46.527477401 ], [ 29.913206663, 46.521724536 ], [ 29.911723264, 46.519291242 ], [ 29.905105776, 46.517064288 ], [ 29.905915519, 46.514347707 ], [ 29.911145582, 46.512750838 ], [ 29.927458234, 46.51309535 ], [ 29.923577204, 46.503334718 ], [ 29.932183403, 46.500851389 ], [ 29.943330089, 46.501935922 ], [ 29.934686353, 46.496203556 ], [ 29.935579845, 46.494417722 ], [ 29.943681969, 46.494432295 ], [ 29.951756131, 46.498029421 ], [ 29.956836766, 46.50276076 ], [ 29.957672305, 46.50879581 ], [ 29.960478301, 46.509811093 ], [ 29.964105726, 46.508157256 ], [ 29.964505118, 46.505012634 ], [ 29.951957793, 46.490724171 ], [ 29.960376567, 46.490615034 ], [ 29.966144557, 46.494149775 ], [ 29.971740326, 46.501727882 ], [ 29.982559729, 46.498775498 ], [ 29.983467654, 46.508848578 ], [ 29.984617863, 46.51018865 ], [ 29.986939706, 46.509678378 ], [ 29.992339191, 46.501212197 ], [ 29.987163812, 46.49564649 ], [ 29.987490784, 46.493785783 ], [ 29.990260286, 46.493584908 ], [ 29.998543311, 46.496886552 ], [ 30.00088912, 46.495614608 ], [ 29.98942332, 46.486368331 ], [ 29.991128459, 46.477959585 ], [ 29.993355766, 46.476765369 ], [ 29.99912736, 46.481684735 ], [ 30.006560524, 46.484180034 ], [ 30.012338844, 46.484045493 ], [ 30.016850002, 46.481362927 ], [ 30.00567856, 46.474626923 ], [ 29.993815545, 46.475987139 ], [ 29.993992509, 46.474277249 ], [ 30.000329796, 46.470728931 ], [ 30.019209519, 46.471494435 ], [ 30.023296549, 46.468600518 ], [ 30.022859295, 46.466003022 ], [ 30.020265038, 46.464663783 ], [ 29.995583188, 46.464546166 ], [ 29.993656836, 46.461980831 ], [ 30.007287343, 46.453594428 ], [ 30.018893932, 46.454940832 ], [ 30.026083215, 46.452756371 ], [ 30.022332734, 46.444200259 ], [ 30.023008609, 46.441660332 ], [ 30.047586537, 46.443126707 ], [ 30.064072914, 46.442365584 ], [ 30.06436766, 46.439958502 ], [ 30.055560376, 46.434645405 ], [ 30.056694618, 46.427402075 ], [ 30.078311521, 46.423470434 ], [ 30.079744491, 46.424492931 ], [ 30.079296698, 46.432096942 ], [ 30.082985671, 46.434605827 ], [ 30.088109343, 46.432693337 ], [ 30.0921456, 46.42558073 ], [ 30.097281246, 46.425754168 ], [ 30.098195962, 46.430706725 ], [ 30.090230348, 46.437876718 ], [ 30.091504364, 46.439566547 ], [ 30.095568823, 46.4396985 ], [ 30.100708476, 46.435928428 ], [ 30.105298126, 46.427314885 ], [ 30.107427316, 46.427297362 ], [ 30.111148059, 46.431177777 ], [ 30.12234819, 46.426859676 ], [ 30.135154382, 46.417094204 ], [ 30.135437283, 46.415243869 ], [ 30.129937292, 46.412976962 ], [ 30.133938446, 46.410734172 ], [ 30.145201473, 46.413402192 ], [ 30.1486183, 46.417202355 ], [ 30.149856881, 46.427520526 ], [ 30.156336858, 46.428867855 ], [ 30.160663274, 46.42633218 ], [ 30.161180188, 46.415586255 ], [ 30.16359113, 46.413079205 ], [ 30.088548665, 46.383716 ], [ 30.070982, 46.396632 ], [ 30.057846, 46.39833 ], [ 30.021725002, 46.382976 ], [ 29.997227304, 46.389590268 ], [ 29.987812905, 46.384065405 ], [ 29.937978092, 46.40023424 ], [ 29.886316, 46.371511 ], [ 29.890698537, 46.352175453 ], [ 29.805120771, 46.385453756 ], [ 29.82245561, 46.395689911 ], [ 29.797324989, 46.416051256 ], [ 29.793712949, 46.414235367 ], [ 29.786754998, 46.419850384 ], [ 29.789691197, 46.421742756 ], [ 29.776399803, 46.454409714 ], [ 29.767893627, 46.452300041 ], [ 29.748850076, 46.47064379 ], [ 29.74080728, 46.472867429 ], [ 29.726357832, 46.466965326 ], [ 29.741963574, 46.443407418 ], [ 29.731069992, 46.439798067 ], [ 29.734257262, 46.435174138 ], [ 29.685784821, 46.426265027 ], [ 29.685267438, 46.431953379 ], [ 29.681026027, 46.431187266 ], [ 29.677876932, 46.441907114 ], [ 29.660031594, 46.436016806 ], [ 29.676438589, 46.372069713 ], [ 29.676771329, 46.361149791 ], [ 29.602970732, 46.353380003 ], [ 29.599953, 46.36275065 ], [ 29.5801425, 46.360687514 ], [ 29.565546861, 46.416276481 ], [ 29.50720949, 46.423323427 ], [ 29.493235275, 46.431796887 ], [ 29.479765342, 46.441355803 ], [ 29.503371019, 46.45982073 ], [ 29.447883344, 46.498732144 ], [ 29.386638678, 46.446383691 ], [ 29.399168758, 46.425826734 ], [ 29.396536322, 46.425100218 ], [ 29.37604028, 46.458303827 ], [ 29.378898257, 46.45916604 ], [ 29.350326603, 46.504236582 ], [ 29.331679753, 46.495980729 ], [ 29.338224079, 46.481416555 ], [ 29.332298046, 46.479111745 ], [ 29.336351185, 46.473583625 ], [ 29.308519346, 46.464957489 ], [ 29.318516109, 46.447662529 ], [ 29.305977572, 46.44448823 ], [ 29.324106707, 46.414679106 ], [ 29.303514507, 46.408199044 ], [ 29.296622255, 46.41693464 ], [ 29.263096822, 46.405683421 ], [ 29.264314003, 46.404194371 ], [ 29.262768077, 46.403543672 ], [ 29.26644716, 46.399406163 ], [ 29.26664499, 46.393554191 ], [ 29.240645734, 46.376031242 ], [ 29.20764939, 46.38455436 ], [ 29.20657164, 46.386299876 ], [ 29.244424155, 46.414927172 ], [ 29.246809507, 46.41933576 ], [ 29.231115198, 46.433893292 ], [ 29.229607975, 46.458184903 ], [ 29.219935063, 46.463509113 ], [ 29.25527994, 46.485784637 ], [ 29.249348472, 46.499830806 ], [ 29.241118005, 46.499130942 ], [ 29.239950101, 46.503093906 ], [ 29.235360382, 46.558488793 ], [ 29.161667855, 46.544739021 ], [ 29.163432069, 46.515225976 ], [ 29.06310803, 46.512140449 ], [ 29.062262179, 46.506953116 ], [ 29.039712639, 46.506001915 ], [ 29.039198148, 46.493599134 ], [ 29.033235999, 46.493549999 ], [ 29.033042457, 46.490925669 ], [ 28.988918951, 46.489014128 ], [ 28.989088299, 46.479220433 ], [ 29.023250626, 46.479990429 ], [ 29.025882248, 46.462515066 ], [ 28.998417999, 46.459951 ], [ 28.930330588, 46.45731937 ], [ 28.937074095, 46.451539197 ], [ 28.941591763, 46.430457234 ], [ 28.967349538, 46.374176625 ], [ 28.993688135, 46.331901645 ], [ 28.949186861, 46.260453554 ], [ 29.067582, 46.195511 ], [ 28.950455059, 46.093940186 ], [ 29.004096539, 46.05098576 ], [ 29.005573452, 46.049523944 ], [ 29.003663304, 46.045284613 ], [ 28.979016147, 46.003462159 ], [ 28.776182298, 45.970626618 ], [ 28.779513131, 45.960247142 ], [ 28.757133752, 45.957102069 ], [ 28.763691461, 45.933996754 ], [ 28.759772506, 45.928192498 ], [ 28.754645947, 45.927215893 ], [ 28.786241416, 45.832390167 ], [ 28.69662213, 45.817928907 ], [ 28.709234943, 45.779893406 ], [ 28.624602245, 45.766360486 ], [ 28.587795321, 45.7727445 ], [ 28.579482538, 45.769951608 ], [ 28.589751415, 45.75704543 ], [ 28.595043975, 45.740145104 ], [ 28.595022055, 45.735242849 ], [ 28.588684384, 45.728924667 ], [ 28.564034162, 45.726496968 ], [ 28.556240117, 45.736395963 ], [ 28.53375756, 45.733940897 ], [ 28.522759342, 45.738606278 ], [ 28.518786557, 45.737249862 ], [ 28.504110953, 45.700309139 ], [ 28.494190001, 45.691467 ], [ 28.484683755, 45.686318473 ], [ 28.480596154, 45.678566178 ], [ 28.482520033, 45.673583787 ], [ 28.481211638, 45.665205662 ], [ 28.482979, 45.659762001 ], [ 28.515778, 45.665345999 ], [ 28.544116877, 45.580071064 ], [ 28.491505966, 45.571207893 ], [ 28.515253, 45.499863 ], [ 28.427620558, 45.486125258 ], [ 28.425194032, 45.493840014 ], [ 28.42706, 45.497369001 ], [ 28.424839255, 45.519264175 ], [ 28.426736218, 45.530534212 ], [ 28.422540678, 45.525661984 ], [ 28.421613345, 45.521230533 ], [ 28.420078724, 45.521145067 ], [ 28.420251491, 45.516936426 ], [ 28.415499504, 45.513979471 ], [ 28.305865999, 45.546775999 ], [ 28.261479985, 45.520325069 ], [ 28.246667454, 45.506675596 ], [ 28.211248746, 45.467071288 ], [ 28.226406655, 45.465338621 ], [ 28.261826055, 45.455682256 ], [ 28.271115805, 45.451840577 ], [ 28.278539908, 45.446015499 ], [ 28.284127871, 45.438863578 ], [ 28.286387983, 45.432050131 ], [ 28.282207619, 45.397606353 ], [ 28.285770104, 45.392990353 ], [ 28.300385513, 45.381447266 ], [ 28.33496599, 45.330089228 ], [ 28.342752558, 45.323262542 ], [ 28.392038001, 45.306034 ], [ 28.454998, 45.287716 ], [ 28.532848, 45.262367999 ], [ 28.55908, 45.24901 ], [ 28.64941, 45.240822 ], [ 28.698766999, 45.225759 ], [ 28.709768, 45.224056001 ], [ 28.718867, 45.224317 ], [ 28.746347001, 45.233581 ], [ 28.781639, 45.237184 ], [ 28.791387, 45.242201 ], [ 28.790819, 45.248846001 ], [ 28.780864, 45.256181998 ], [ 28.766785, 45.26251 ], [ 28.75544, 45.274516999 ], [ 28.751622, 45.281513 ], [ 28.754639999, 45.287437001 ], [ 28.75946, 45.289963 ], [ 28.789742, 45.291585 ], [ 28.802695, 45.301899 ], [ 28.805246, 45.307162999 ], [ 28.804462999, 45.311427001 ], [ 28.79951, 45.314659001 ], [ 28.783245001, 45.320191 ], [ 28.780866, 45.323238 ], [ 28.781909, 45.327401 ], [ 28.797503, 45.335079 ], [ 28.809470001, 45.336492 ], [ 28.820002, 45.334921 ], [ 28.837155001, 45.321335001 ], [ 28.849261, 45.316294 ], [ 28.859869, 45.316004 ], [ 28.867872, 45.317385 ], [ 28.872859, 45.316233 ], [ 28.919230999, 45.283623 ], [ 28.929286654, 45.280006944 ], [ 28.940077779, 45.279405659 ], [ 28.948122194, 45.282406945 ], [ 28.952878402, 45.287248757 ], [ 28.954425875, 45.296220759 ], [ 28.949260203, 45.305626086 ], [ 28.949313816, 45.311687029 ], [ 28.958535, 45.325695999 ], [ 28.963885999, 45.329945 ], [ 28.97117457, 45.33205749 ], [ 28.985570999, 45.331897001 ], [ 28.995069, 45.335735 ], [ 29.010725, 45.345389 ], [ 29.03105, 45.352825 ], [ 29.042555, 45.360121 ], [ 29.053400999, 45.359314 ], [ 29.058842, 45.360476 ], [ 29.073112, 45.366102 ], [ 29.084191, 45.373920999 ], [ 29.106105, 45.374613 ], [ 29.123875, 45.382939 ], [ 29.1468, 45.38732 ], [ 29.169495, 45.394926 ], [ 29.180150321, 45.400314949 ], [ 29.18310579, 45.407773451 ], [ 29.18803687, 45.412286763 ], [ 29.201677287, 45.417062497 ], [ 29.212355572, 45.417544006 ], [ 29.219040321, 45.419878161 ], [ 29.238010274, 45.432628071 ], [ 29.248931465, 45.435250328 ], [ 29.277970841, 45.427318039 ], [ 29.293226128, 45.427548128 ], [ 29.303578991, 45.432609012 ], [ 29.31999618, 45.446298285 ], [ 29.327331042, 45.44824552 ], [ 29.336903036, 45.446082342 ], [ 29.353149958, 45.437463328 ], [ 29.372828, 45.437925001 ], [ 29.381456999, 45.439793 ], [ 29.393338001, 45.436182999 ], [ 29.398733, 45.437285001 ], [ 29.398928999, 45.439201 ], [ 29.404091, 45.438873 ], [ 29.427387999, 45.44327 ], [ 29.430946, 45.441903 ], [ 29.438682, 45.434423 ], [ 29.458510001, 45.429687999 ], [ 29.475715999, 45.422819 ], [ 29.550346, 45.409156 ], [ 29.563594, 45.40171 ], [ 29.594918, 45.38818 ], [ 29.598197, 45.382963 ], [ 29.605091, 45.378514 ], [ 29.630423999, 45.354624 ], [ 29.650882872, 45.34019079 ], [ 29.656234324, 45.333736248 ], [ 29.662032852, 45.319196848 ], [ 29.669600717, 45.308043139 ], [ 29.670459027, 45.293397056 ], [ 29.676793694, 45.276929032 ], [ 29.677164901, 45.268727793 ], [ 29.663594549, 45.259490914 ], [ 29.659894499, 45.247607566 ], [ 29.670756139, 45.220945791 ], [ 29.677135861, 45.21267675 ], [ 29.683673429, 45.208032122 ], [ 29.685941764, 45.203272699 ], [ 29.690097088, 45.203655319 ], [ 29.688144023, 45.208278687 ], [ 29.692096144, 45.205201865 ], [ 29.695769471, 45.205475033 ], [ 29.694376759, 45.210900696 ], [ 29.703146285, 45.211618888 ], [ 29.702714934, 45.213833313 ], [ 29.705177699, 45.21640525 ], [ 29.70383189, 45.218116925 ], [ 29.707190253, 45.219773918 ], [ 29.707723777, 45.218122126 ], [ 29.716019912, 45.216551139 ], [ 29.717349264, 45.208682148 ], [ 29.722691192, 45.209240616 ], [ 29.728552327, 45.216957636 ], [ 29.727881054, 45.224188277 ], [ 29.734494901, 45.227374123 ], [ 29.747352008, 45.222602712 ], [ 29.756997738, 45.222595068 ], [ 29.747521309, 45.239737884 ], [ 29.739821218, 45.246163032 ], [ 29.742649671, 45.247640683 ], [ 29.740932077, 45.264743363 ], [ 29.74365474, 45.282490815 ], [ 29.749661602, 45.296387716 ], [ 29.75409458, 45.30154759 ], [ 29.751665845, 45.304361486 ], [ 29.760077296, 45.309552154 ], [ 29.765795671, 45.32178232 ], [ 29.758598123, 45.337935479 ], [ 29.759740693, 45.340547275 ], [ 29.764815144, 45.340216131 ], [ 29.767258107, 45.341971592 ], [ 29.757473989, 45.356366184 ], [ 29.754656791, 45.375871644 ], [ 29.761515669, 45.407224456 ], [ 29.756773091, 45.410775346 ], [ 29.758964691, 45.415166256 ], [ 29.762815697, 45.413906133 ], [ 29.766505548, 45.417535589 ], [ 29.764210425, 45.421745572 ], [ 29.766362523, 45.424033416 ], [ 29.760864118, 45.431903584 ], [ 29.760486074, 45.438061292 ], [ 29.755760466, 45.438909454 ], [ 29.754985896, 45.443859093 ], [ 29.75607262, 45.444967683 ], [ 29.759552902, 45.443572097 ], [ 29.762389963, 45.445873506 ], [ 29.761901203, 45.448056694 ], [ 29.77367705, 45.452117957 ], [ 29.77547965, 45.446404567 ], [ 29.771389374, 45.435470437 ], [ 29.772805419, 45.434699497 ], [ 29.777539217, 45.440227689 ], [ 29.781665637, 45.451537826 ], [ 29.781353735, 45.461174631 ], [ 29.779104367, 45.463379661 ], [ 29.781376968, 45.467450876 ], [ 29.778588898, 45.470194426 ], [ 29.77434045, 45.467978576 ], [ 29.766241628, 45.471244382 ], [ 29.762522793, 45.468358381 ], [ 29.756694128, 45.467150895 ], [ 29.753012304, 45.468207824 ], [ 29.751816387, 45.466401855 ], [ 29.748068487, 45.467302532 ], [ 29.744955522, 45.477095143 ], [ 29.747351285, 45.482579275 ], [ 29.754384268, 45.489217063 ], [ 29.751538587, 45.4903007 ], [ 29.747602484, 45.488445229 ], [ 29.74513935, 45.489939721 ], [ 29.729752067, 45.484037509 ], [ 29.724638984, 45.478808576 ], [ 29.705969218, 45.46955612 ], [ 29.709413907, 45.468819561 ], [ 29.708106101, 45.467127796 ], [ 29.710361155, 45.467375028 ], [ 29.713506396, 45.463578843 ], [ 29.709847222, 45.465302481 ], [ 29.707461771, 45.461021756 ], [ 29.708547311, 45.457898604 ], [ 29.703142597, 45.458221275 ], [ 29.699330019, 45.462397988 ], [ 29.699602266, 45.465385284 ], [ 29.694477921, 45.465762095 ], [ 29.692640438, 45.467923765 ], [ 29.682619825, 45.464264045 ], [ 29.682790016, 45.458338728 ], [ 29.679073889, 45.458516424 ], [ 29.676883144, 45.46149994 ], [ 29.67160828, 45.462539386 ], [ 29.672624919, 45.464844688 ], [ 29.670367349, 45.463896084 ], [ 29.671940691, 45.465428476 ], [ 29.670349789, 45.465717871 ], [ 29.673787289, 45.465710959 ], [ 29.672895188, 45.466720959 ], [ 29.676412994, 45.467248604 ], [ 29.677476498, 45.469883892 ], [ 29.670570299, 45.474294604 ], [ 29.660522593, 45.476594562 ], [ 29.652854093, 45.474639063 ], [ 29.651125841, 45.466709068 ], [ 29.65415947, 45.465664411 ], [ 29.656900581, 45.468073995 ], [ 29.660101508, 45.467748571 ], [ 29.659104636, 45.462856093 ], [ 29.660515395, 45.462006662 ], [ 29.653481665, 45.453336247 ], [ 29.648439578, 45.451625894 ], [ 29.642413406, 45.454297153 ], [ 29.63934922, 45.458593913 ], [ 29.632736041, 45.461895172 ], [ 29.633707795, 45.463762469 ], [ 29.629986339, 45.469978227 ], [ 29.632655857, 45.472474037 ], [ 29.631270401, 45.474890156 ], [ 29.625271271, 45.476055517 ], [ 29.625071125, 45.472924301 ], [ 29.61898772, 45.469453967 ], [ 29.615851239, 45.469786278 ], [ 29.607128358, 45.476095264 ], [ 29.603901206, 45.481628264 ], [ 29.606853111, 45.48692605 ], [ 29.610960052, 45.487941448 ], [ 29.60991507, 45.485796223 ], [ 29.611602937, 45.485869517 ], [ 29.611864611, 45.483823406 ], [ 29.609747187, 45.478878476 ], [ 29.61256648, 45.479069428 ], [ 29.616392071, 45.474869834 ], [ 29.612876395, 45.483040166 ], [ 29.616470557, 45.486524838 ], [ 29.620182931, 45.482194222 ], [ 29.622334978, 45.482288746 ], [ 29.622531104, 45.483582282 ], [ 29.624424522, 45.483317451 ], [ 29.623059081, 45.488500143 ], [ 29.625297398, 45.484476054 ], [ 29.625739777, 45.485836547 ], [ 29.628803312, 45.483069151 ], [ 29.622651864, 45.495208341 ], [ 29.624310673, 45.502123654 ], [ 29.629127433, 45.509266725 ], [ 29.644096631, 45.521092121 ], [ 29.653877868, 45.533430357 ], [ 29.707022817, 45.575235107 ], [ 29.769878696, 45.611688545 ], [ 29.853928869, 45.653232521 ], [ 29.921792628, 45.694876758 ], [ 30.001589336, 45.738740682 ], [ 30.085315814, 45.792776792 ], [ 30.128633237, 45.816355943 ], [ 30.187369651, 45.845360064 ], [ 30.21757932, 45.863089787 ], [ 30.25624603, 45.89246986 ], [ 30.29168095, 45.925098851 ], [ 30.319870549, 45.954073472 ], [ 30.355698361, 45.986234166 ], [ 30.430766481, 46.046320767 ], [ 30.458487562, 46.065649127 ], [ 30.470041054, 46.071573344 ], [ 30.472647627, 46.074421931 ], [ 30.468917356, 46.074989572 ], [ 30.470620196, 46.077190146 ], [ 30.477174313, 46.078358545 ], [ 30.481757883, 46.081555501 ], [ 30.485968966, 46.090097447 ], [ 30.500075591, 46.105271672 ], [ 30.511406504, 46.122479289 ], [ 30.543233705, 46.143300326 ], [ 30.55820795, 46.156090202 ], [ 30.585074556, 46.199566155 ], [ 30.626431568, 46.242693964 ], [ 30.652513869, 46.282735928 ], [ 30.658344124, 46.28751482 ], [ 30.663697229, 46.288827908 ], [ 30.663085301, 46.295880439 ], [ 30.665843411, 46.300425517 ], [ 30.681011697, 46.315263842 ], [ 30.677263772, 46.316426247 ], [ 30.680792376, 46.324662086 ], [ 30.714989875, 46.358723526 ], [ 30.740751118, 46.373687636 ], [ 30.743056401, 46.372962886 ], [ 30.747464529, 46.375397704 ], [ 30.752126811, 46.37522211 ], [ 30.749549882, 46.379837025 ], [ 30.754157252, 46.398615852 ], [ 30.760046749, 46.407600437 ], [ 30.762245435, 46.415198053 ], [ 30.768090855, 46.421920329 ], [ 30.766506053, 46.42682929 ], [ 30.771574339, 46.434661328 ], [ 30.772558922, 46.441177761 ], [ 30.768573135, 46.456534081 ], [ 30.763156042, 46.462390071 ], [ 30.766033281, 46.475911833 ], [ 30.75932799, 46.491266775 ], [ 30.753425956, 46.489245958 ], [ 30.74237836, 46.495567787 ], [ 30.73516317, 46.497648554 ], [ 30.731321899, 46.506763945 ], [ 30.736411581, 46.509436559 ], [ 30.738338035, 46.512797379 ], [ 30.733344189, 46.51525967 ], [ 30.737797435, 46.526165905 ], [ 30.735729981, 46.527376001 ], [ 30.74094814, 46.535319395 ], [ 30.750168479, 46.544033104 ], [ 30.770109461, 46.553347643 ], [ 30.796755914, 46.558261111 ], [ 30.808440905, 46.557789171 ], [ 30.818172346, 46.553346215 ], [ 30.820884891, 46.548961756 ], [ 30.830696447, 46.549326917 ], [ 30.844567267, 46.554208078 ], [ 30.866494059, 46.559100731 ], [ 30.872234678, 46.562722349 ], [ 30.89204145, 46.568661199 ], [ 30.894624916, 46.57113543 ], [ 30.916701431, 46.574216228 ], [ 30.927600988, 46.578876631 ], [ 30.953787275, 46.581939767 ], [ 30.977164282, 46.586961122 ], [ 31.004750826, 46.593857648 ], [ 31.011666415, 46.599078267 ], [ 31.022704748, 46.599370223 ], [ 31.027560497, 46.60131139 ], [ 31.031570059, 46.600299422 ], [ 31.031707664, 46.601871206 ], [ 31.102727667, 46.615377094 ], [ 31.132123968, 46.616987013 ], [ 31.138820939, 46.621826927 ], [ 31.148903368, 46.624634254 ], [ 31.176431799, 46.627528164 ], [ 31.177769008, 46.634168201 ], [ 31.188602547, 46.639571426 ], [ 31.189336399, 46.641737437 ], [ 31.18749316, 46.643467857 ], [ 31.190104311, 46.647221895 ], [ 31.188668675, 46.648520633 ], [ 31.176422775, 46.64867514 ], [ 31.175845508, 46.651847283 ], [ 31.193415811, 46.65671806 ], [ 31.198717758, 46.660248522 ], [ 31.18512517, 46.66286206 ], [ 31.179063924, 46.68062423 ], [ 31.178941757, 46.708957672 ], [ 31.160175918, 46.717229426 ], [ 31.155753847, 46.727111287 ], [ 31.153204721, 46.744976121 ], [ 31.169092291, 46.756565548 ], [ 31.177503943, 46.768081511 ], [ 31.154684726, 46.791083013 ], [ 31.152894674, 46.794973489 ], [ 31.152536038, 46.807877514 ], [ 31.157169762, 46.825660346 ], [ 31.156856016, 46.834643626 ], [ 31.152292, 46.839401 ], [ 31.142395, 46.84412 ], [ 31.132354, 46.845636 ], [ 31.112712, 46.844464 ], [ 31.106474, 46.857163 ], [ 31.104417, 46.870468 ], [ 31.092131, 46.882634 ], [ 31.064835, 46.896801 ], [ 31.041654, 46.898799 ], [ 31.040892, 46.918322 ], [ 31.03836, 46.925246 ], [ 31.032949, 46.931739 ], [ 31.026088, 46.935703 ], [ 31.016951, 46.944539 ], [ 31.013759, 46.951161 ], [ 31.017629082, 46.96335574 ], [ 31.027503271, 46.964549198 ], [ 31.040164984, 46.968552354 ], [ 31.089909086, 46.97354838 ], [ 31.086933035, 46.982387046 ], [ 31.136239591, 46.989154234 ], [ 31.139931888, 46.978412139 ], [ 31.242786679, 46.991508632 ], [ 31.244085935, 46.992322951 ], [ 31.238437112, 46.997355648 ], [ 31.229819728, 47.021597512 ], [ 31.236437255, 47.022551382 ], [ 31.236087678, 47.023684772 ], [ 31.266091055, 47.027887024 ], [ 31.267986895, 47.021362244 ], [ 31.291222017, 47.024530738 ], [ 31.289228858, 47.031071646 ], [ 31.29799827, 47.032137015 ], [ 31.294851822, 47.045921118 ], [ 31.30502471, 47.04750822 ], [ 31.293675146, 47.08137211 ], [ 31.302141901, 47.082506459 ], [ 31.293180844, 47.092575129 ], [ 31.269408381, 47.1714683 ], [ 31.249083781, 47.1686713 ], [ 31.246466094, 47.17760387 ], [ 31.200777571, 47.171418218 ], [ 31.198446061, 47.15467089 ], [ 31.161905478, 47.156986869 ], [ 31.130385354, 47.152638358 ], [ 31.128923093, 47.156803897 ], [ 31.108984103, 47.154318762 ], [ 31.105606123, 47.164901051 ], [ 31.115578388, 47.166037006 ], [ 31.10893037, 47.18712233 ], [ 31.118788753, 47.18861357 ], [ 31.122842082, 47.176280104 ], [ 31.156773524, 47.180983605 ], [ 31.145656751, 47.217915127 ], [ 31.178026312, 47.222207302 ], [ 31.167818697, 47.25534202 ], [ 31.175616203, 47.25648259 ], [ 31.170644915, 47.265879873 ], [ 31.078307046, 47.252775362 ], [ 31.080009989, 47.24774683 ], [ 31.018867729, 47.238924545 ], [ 31.007390351, 47.270266527 ], [ 30.989917039, 47.268572797 ], [ 30.999251, 47.289823 ], [ 30.907383923, 47.276727782 ], [ 30.892652978, 47.320825416 ], [ 30.872745826, 47.31801799 ], [ 30.865841333, 47.333615589 ], [ 30.890323876, 47.337396359 ], [ 30.889195153, 47.341108845 ], [ 30.909147238, 47.344170026 ], [ 30.900949675, 47.359677083 ], [ 30.886008768, 47.358779213 ], [ 30.885318404, 47.365676662 ], [ 30.882575034, 47.366829942 ], [ 30.873896355, 47.400651585 ], [ 30.893367407, 47.403307837 ], [ 30.887173905, 47.425654489 ], [ 30.851535081, 47.420487362 ], [ 30.848230631, 47.444047801 ], [ 30.865723193, 47.444227379 ], [ 30.853948132, 47.481928367 ], [ 30.859522053, 47.482735638 ], [ 30.853180242, 47.502735695 ], [ 30.882889041, 47.507107519 ], [ 30.875351693, 47.533252755 ], [ 30.879495646, 47.533870472 ], [ 30.87623406, 47.544353873 ], [ 30.834034443, 47.536612842 ], [ 30.828760419, 47.549395163 ], [ 30.804907725, 47.546838156 ], [ 30.802924149, 47.554218104 ], [ 30.785616433, 47.548009011 ], [ 30.773009877, 47.545933187 ], [ 30.770590182, 47.553362191 ], [ 30.763118221, 47.552563205 ], [ 30.757785936, 47.55538225 ], [ 30.755806408, 47.559813729 ], [ 30.75178539, 47.559159908 ], [ 30.744959129, 47.578940055 ], [ 30.778731555, 47.583983559 ], [ 30.774175818, 47.597093033 ], [ 30.779367994, 47.597932638 ], [ 30.774316086, 47.613883587 ], [ 30.774547295, 47.623196665 ], [ 30.781342815, 47.62421516 ], [ 30.77913149, 47.631138498 ], [ 30.780811881, 47.634445473 ], [ 30.792398852, 47.635978972 ], [ 30.788094669, 47.648976901 ], [ 30.709271765, 47.638891331 ], [ 30.720007895, 47.608388169 ], [ 30.701204482, 47.602099031 ], [ 30.660063363, 47.600101328 ], [ 30.658084898, 47.616763724 ], [ 30.665923912, 47.617218798 ], [ 30.664752021, 47.634156517 ], [ 30.6182479, 47.62404872 ], [ 30.613554821, 47.635541123 ], [ 30.57449188, 47.626919604 ], [ 30.560142689, 47.626260878 ], [ 30.558437491, 47.630648049 ], [ 30.470888381, 47.618143211 ], [ 30.463928431, 47.640365265 ], [ 30.420418638, 47.634082902 ], [ 30.409881974, 47.670025124 ], [ 30.414320257, 47.670652389 ], [ 30.38869686, 47.752435914 ], [ 30.396913839, 47.753904641 ], [ 30.398406102, 47.757536611 ], [ 30.423923247, 47.760841543 ], [ 30.416118581, 47.787185633 ], [ 30.439822444, 47.789121881 ], [ 30.436205668, 47.800680523 ], [ 30.42825173, 47.799635518 ], [ 30.422421695, 47.821155326 ], [ 30.333043741, 47.809126934 ], [ 30.330896655, 47.809855484 ], [ 30.322153878, 47.831464228 ], [ 30.297983824, 47.922099921 ], [ 30.300071507, 47.925307249 ], [ 30.307531702, 47.929738964 ], [ 30.282047611, 47.950214381 ], [ 30.245440272, 47.967132144 ], [ 30.246700073, 47.980896449 ], [ 30.248924742, 47.98162299 ], [ 30.225665188, 48.011866631 ], [ 30.257504787, 48.021169427 ], [ 30.2561758, 48.027782089 ], [ 30.233998684, 48.059946395 ], [ 30.227038195, 48.055445473 ], [ 30.206639585, 48.067592806 ], [ 30.21501896, 48.072081354 ], [ 30.221417526, 48.068867576 ], [ 30.226205092, 48.070348641 ], [ 30.233377932, 48.070227058 ], [ 30.23417808, 48.072563147 ], [ 30.239716944, 48.074235157 ], [ 30.244303641, 48.078636477 ], [ 30.249202802, 48.086387792 ], [ 30.248777236, 48.089567825 ], [ 30.265754329, 48.088237334 ], [ 30.282511473, 48.084909977 ], [ 30.284401357, 48.093241533 ], [ 30.289067685, 48.096263422 ], [ 30.301168479, 48.096943914 ], [ 30.3243348, 48.094295367 ], [ 30.326074667, 48.096975414 ], [ 30.314225937, 48.099970055 ], [ 30.31408702, 48.105771071 ], [ 30.327396429, 48.101915283 ], [ 30.328657516, 48.099776242 ], [ 30.326487467, 48.097211672 ], [ 30.356777317, 48.101588006 ], [ 30.356840015, 48.112662858 ], [ 30.315363764, 48.116681889 ], [ 30.307808513, 48.141601627 ], [ 30.300664014, 48.142570638 ], [ 30.285729392, 48.140040288 ], [ 30.262376189, 48.14755674 ], [ 30.252705277, 48.142990477 ], [ 30.24227946, 48.140303199 ], [ 30.214250158, 48.147263736 ], [ 30.1971384, 48.149061513 ], [ 30.187615748, 48.154820977 ], [ 30.181014994, 48.151002305 ], [ 30.17185875, 48.149034481 ], [ 30.165836182, 48.145022033 ], [ 30.160947588, 48.145422677 ], [ 30.152356424, 48.143110138 ], [ 30.144434184, 48.145870347 ], [ 30.127600885, 48.147071869 ], [ 30.110801511, 48.143664969 ], [ 30.106363949, 48.13964638 ], [ 30.076885672, 48.146761699 ], [ 30.067883835, 48.144705638 ], [ 30.060861524, 48.151989906 ], [ 30.051274005, 48.149987109 ], [ 30.046044121, 48.152588236 ], [ 30.042695733, 48.156244666 ], [ 30.040441538, 48.164436039 ], [ 30.032216921, 48.172535934 ], [ 30.032591095, 48.178383296 ], [ 30.02229098, 48.185354312 ], [ 30.01618434, 48.186043392 ], [ 30.008880945, 48.182091773 ], [ 30.001524729, 48.184918805 ], [ 29.999922057, 48.195828994 ], [ 30.007144197, 48.202416964 ], [ 30.008833384, 48.20863196 ], [ 29.998903281, 48.217153281 ], [ 29.992396456, 48.219675764 ], [ 29.990388609, 48.229855745 ], [ 29.981002601, 48.223957945 ], [ 29.975039304, 48.217029147 ], [ 29.930304666, 48.233298368 ], [ 29.891504732, 48.184181722 ], [ 29.883109689, 48.185239832 ], [ 29.876414665, 48.188048844 ], [ 29.872319828, 48.194522955 ], [ 29.865519977, 48.197706438 ], [ 29.860447799, 48.204507997 ], [ 29.843028258, 48.212232446 ], [ 29.810175218, 48.207092784 ], [ 29.79339145, 48.20122964 ], [ 29.784010541, 48.205532427 ], [ 29.785431478, 48.207326411 ], [ 29.780590777, 48.208537346 ], [ 29.77960728, 48.205385897 ], [ 29.774600266, 48.202540747 ], [ 29.768334571, 48.202726494 ], [ 29.763453708, 48.200379618 ], [ 29.732572539, 48.202892419 ], [ 29.717460299, 48.201398402 ], [ 29.691418162, 48.193485925 ], [ 29.682335428, 48.187847865 ], [ 29.666473275, 48.196097409 ], [ 29.65493879, 48.195017514 ], [ 29.661600527, 48.18345056 ], [ 29.673796052, 48.16863716 ], [ 29.675889287, 48.162138449 ], [ 29.675952417, 48.154279749 ], [ 29.670793547, 48.134141127 ], [ 29.67274221, 48.127113821 ], [ 29.668222625, 48.120707585 ], [ 29.66416787, 48.121546954 ], [ 29.66319041, 48.119675732 ], [ 29.657824493, 48.120862436 ], [ 29.656723903, 48.118859033 ], [ 29.668260407, 48.116385431 ], [ 29.663635291, 48.107516598 ], [ 29.657514813, 48.11100355 ], [ 29.637832687, 48.111643033 ], [ 29.640353206, 48.122827327 ], [ 29.602498001, 48.132906999 ], [ 29.598204295, 48.119819529 ], [ 29.593274187, 48.116273136 ], [ 29.587592926, 48.11679188 ], [ 29.581306204, 48.11106918 ], [ 29.584451719, 48.109881883 ], [ 29.58754203, 48.101983421 ], [ 29.581378837, 48.10154765 ], [ 29.573599194, 48.104022713 ], [ 29.570064751, 48.098727748 ], [ 29.564593166, 48.100506952 ], [ 29.556319684, 48.098227656 ], [ 29.540878401, 48.101250017 ], [ 29.531867957, 48.099892885 ], [ 29.530755719, 48.097492619 ], [ 29.522056365, 48.099679334 ], [ 29.494838262, 48.102627298 ], [ 29.489309236, 48.105611397 ], [ 29.477625689, 48.107795034 ], [ 29.472312485, 48.122105409 ], [ 29.466932113, 48.12300073 ], [ 29.442903589, 48.121815751 ], [ 29.394495408, 48.113737606 ], [ 29.382374703, 48.102568727 ], [ 29.387510356, 48.095150889 ], [ 29.37186272, 48.090553405 ], [ 29.368920197, 48.094484207 ], [ 29.352121283, 48.08936853 ], [ 29.350455643, 48.091380308 ], [ 29.35128, 48.096669 ], [ 29.343140805, 48.093049251 ], [ 29.333411998, 48.094276 ], [ 29.311589, 48.086007 ], [ 29.305591, 48.089951999 ], [ 29.290721, 48.090402 ], [ 29.285456999, 48.093519 ], [ 29.276667999, 48.090824 ], [ 29.265146118, 48.093994002 ], [ 29.266508922, 48.106604069 ], [ 29.256882874, 48.107176236 ], [ 29.259754553, 48.10996692 ], [ 29.257834603, 48.112168673 ], [ 29.252229287, 48.109021393 ], [ 29.246208076, 48.110673244 ], [ 29.240970581, 48.107210259 ], [ 29.235514735, 48.108602891 ], [ 29.232269976, 48.103540149 ], [ 29.227796659, 48.103268086 ], [ 29.217130587, 48.105030535 ], [ 29.219117957, 48.108573349 ], [ 29.211130051, 48.114941272 ], [ 29.203219406, 48.118443652 ], [ 29.205476269, 48.122337751 ], [ 29.220776001, 48.125086 ], [ 29.220895, 48.123922 ], [ 29.225738647, 48.123657193 ], [ 29.225284609, 48.122332699 ], [ 29.234944015, 48.120328509 ], [ 29.237650151, 48.121738722 ], [ 29.241735555, 48.128772029 ], [ 29.248847982, 48.129756092 ], [ 29.249747236, 48.128239284 ], [ 29.254337277, 48.127917739 ], [ 29.26140746, 48.130367587 ], [ 29.261080806, 48.133779584 ], [ 29.255730268, 48.133178469 ], [ 29.253921601, 48.136205166 ], [ 29.251244674, 48.149711329 ], [ 29.241251609, 48.141289701 ], [ 29.230542587, 48.140622721 ], [ 29.224864413, 48.14275092 ], [ 29.213277765, 48.143083527 ], [ 29.209554392, 48.138817643 ], [ 29.2092683, 48.134212791 ], [ 29.193425107, 48.134450356 ], [ 29.181900737, 48.141175862 ], [ 29.169958003, 48.141912289 ], [ 29.167100529, 48.140044414 ], [ 29.141497576, 48.140662721 ], [ 29.149754154, 48.142673891 ], [ 29.158243842, 48.148587996 ], [ 29.14957623, 48.151726224 ], [ 29.145680673, 48.155746091 ], [ 29.134295181, 48.15250592 ], [ 29.120183505, 48.160887221 ], [ 29.083904085, 48.188886349 ], [ 29.081289296, 48.187665236 ], [ 29.077653735, 48.193512494 ], [ 29.064630055, 48.194563042 ], [ 29.06213564, 48.191798805 ], [ 29.059379359, 48.192895307 ], [ 29.05777914, 48.189637266 ], [ 29.061993766, 48.187150878 ], [ 29.05920519, 48.185209849 ], [ 29.061224919, 48.183945785 ], [ 29.059648626, 48.179665302 ], [ 29.054255064, 48.181515814 ], [ 29.045867403, 48.173311463 ], [ 29.044707478, 48.160016612 ], [ 29.042636052, 48.157639217 ], [ 29.049981277, 48.149537576 ], [ 29.042705991, 48.139461208 ], [ 29.033828642, 48.132269303 ], [ 29.036631797, 48.130176612 ], [ 29.032244778, 48.125631913 ], [ 29.024770025, 48.12782573 ], [ 29.019038494, 48.131441003 ], [ 29.009908791, 48.14828758 ], [ 29.006550946, 48.147835521 ], [ 29.004475351, 48.150380455 ], [ 29.000930138, 48.148439825 ], [ 28.993809827, 48.151866371 ], [ 28.984370131, 48.144983676 ], [ 28.976752743, 48.151824752 ], [ 28.968881677, 48.154299546 ], [ 28.945159804, 48.156685793 ], [ 28.933096904, 48.126859179 ], [ 28.928293726, 48.098644174 ], [ 28.923925886, 48.098470468 ], [ 28.927179799, 48.094362123 ], [ 28.873014937, 48.082613892 ], [ 28.868266821, 48.078546829 ], [ 28.873196443, 48.076890803 ], [ 28.874156795, 48.075103776 ], [ 28.868075954, 48.069341598 ], [ 28.856717975, 48.074190598 ], [ 28.857090142, 48.078575824 ], [ 28.84700091, 48.078870657 ] ] ] ] } },
{ "type": "Feature", "properties": { "shapeName": "Poltavska", "shapeISO": "", "shapeID": "82583831B11695179874863", "shapeGroup": "UKR", "shapeType": "ADM1" }, "geometry": { "type": "Polygon", "coordinates": [ [ [ 35.017717424, 49.150803482 ], [ 34.980248482, 49.250034086 ], [ 35.006246816, 49.302077002 ], [ 35.011941125, 49.300237813 ], [ 35.015862624, 49.304845852 ], [ 35.014357565, 49.305430446 ], [ 35.02393245, 49.317202812 ], [ 35.019057298, 49.318432758 ], [ 35.024540226, 49.325259805 ], [ 35.036568444, 49.331497061 ], [ 35.079059425, 49.317099931 ], [ 35.07892049, 49.308330803 ], [ 35.090916788, 49.300374694 ], [ 35.095988507, 49.302182342 ], [ 35.099400988, 49.3006018 ], [ 35.106824536, 49.301347952 ], [ 35.107955187, 49.300421655 ], [ 35.124732995, 49.30280862 ], [ 35.170408063, 49.295819442 ], [ 35.214780695, 49.295822332 ], [ 35.216704889, 49.298433468 ], [ 35.242479189, 49.296696197 ], [ 35.262958676, 49.288756139 ], [ 35.258702801, 49.28216319 ], [ 35.271828824, 49.277056768 ], [ 35.278556927, 49.284333629 ], [ 35.278464143, 49.287322199 ], [ 35.280706332, 49.288598985 ], [ 35.279547799, 49.291410419 ], [ 35.289076319, 49.294895793 ], [ 35.279213665, 49.31816419 ], [ 35.345533397, 49.37014198 ], [ 35.377581954, 49.397916863 ], [ 35.348579001, 49.40464 ], [ 35.363663213, 49.447350169 ], [ 35.354920982, 49.444926237 ], [ 35.346748099, 49.450590847 ], [ 35.315744161, 49.455504956 ], [ 35.330706433, 49.49563573 ], [ 35.328147675, 49.496051618 ], [ 35.331745116, 49.504218161 ], [ 35.460687596, 49.483847282 ], [ 35.462548159, 49.486997181 ], [ 35.481469616, 49.484018164 ], [ 35.490682436, 49.507877095 ], [ 35.48534758, 49.516203695 ], [ 35.427554109, 49.526406949 ], [ 35.432398506, 49.539663764 ], [ 35.424504571, 49.540742655 ], [ 35.427429987, 49.549312706 ], [ 35.408477374, 49.552231952 ], [ 35.404313497, 49.555946005 ], [ 35.406571755, 49.560828899 ], [ 35.473764301, 49.565809777 ], [ 35.475097899, 49.568661302 ], [ 35.485425985, 49.571331788 ], [ 35.464941329, 49.602179009 ], [ 35.450951432, 49.632016849 ], [ 35.443475, 49.641662367 ], [ 35.425173971, 49.656594963 ], [ 35.423586471, 49.66367807 ], [ 35.434412689, 49.665840731 ], [ 35.433419427, 49.673209916 ], [ 35.426810209, 49.673119466 ], [ 35.425444374, 49.671541488 ], [ 35.421120701, 49.671103622 ], [ 35.390598969, 49.669558462 ], [ 35.390754222, 49.667244206 ], [ 35.344323367, 49.664994971 ], [ 35.329705296, 49.682579798 ], [ 35.297813154, 49.685414529 ], [ 35.29250584, 49.687071602 ], [ 35.2665984, 49.685777353 ], [ 35.243134211, 49.693412026 ], [ 35.256274499, 49.708793541 ], [ 35.252714256, 49.71203346 ], [ 35.245659376, 49.709935001 ], [ 35.242427706, 49.7128656 ], [ 35.248196842, 49.714612949 ], [ 35.251815538, 49.712330721 ], [ 35.26492249, 49.714455148 ], [ 35.259397391, 49.733651488 ], [ 35.23725911, 49.736379097 ], [ 35.224006671, 49.736315465 ], [ 35.209230497, 49.746685099 ], [ 35.211568878, 49.748189894 ], [ 35.20969591, 49.753894883 ], [ 35.20604566, 49.756918251 ], [ 35.206819, 49.76373 ], [ 35.212092776, 49.771390751 ], [ 35.206087511, 49.782182591 ], [ 35.212471395, 49.789290536 ], [ 35.2006768, 49.795708854 ], [ 35.204015201, 49.79668503 ], [ 35.200024026, 49.800543364 ], [ 35.204573535, 49.801312538 ], [ 35.209094688, 49.805266572 ], [ 35.213673, 49.803101 ], [ 35.219612702, 49.804028975 ], [ 35.222574629, 49.806714011 ], [ 35.217307537, 49.811149349 ], [ 35.214893183, 49.81819115 ], [ 35.219777855, 49.829459074 ], [ 35.213435213, 49.833442527 ], [ 35.196956642, 49.83559292 ], [ 35.199433759, 49.840100179 ], [ 35.168443878, 49.847818872 ], [ 35.163727001, 49.853693 ], [ 35.139897069, 49.859698292 ], [ 35.132710348, 49.855394896 ], [ 35.119438739, 49.851592369 ], [ 35.106756657, 49.857192941 ], [ 35.096432826, 49.858779616 ], [ 35.084971535, 49.860128796 ], [ 35.074145431, 49.858013279 ], [ 35.067870416, 49.858329041 ], [ 35.06183641, 49.863601152 ], [ 35.053172147, 49.868066169 ], [ 35.050371206, 49.867681409 ], [ 35.045353489, 49.873110177 ], [ 35.055838199, 49.874514487 ], [ 35.054099513, 49.880509683 ], [ 35.063481567, 49.881816087 ], [ 35.064401973, 49.886099942 ], [ 35.033579758, 49.888407987 ], [ 35.015482575, 49.87665541 ], [ 34.979705832, 49.889490406 ], [ 34.970667462, 49.885098691 ], [ 34.945074387, 49.898297964 ], [ 34.937558764, 49.904567678 ], [ 34.912307339, 49.935237548 ], [ 34.89299141, 49.931971785 ], [ 34.878896186, 49.943578793 ], [ 34.869874197, 49.948549417 ], [ 34.860363357, 49.949305494 ], [ 34.863351712, 49.952791992 ], [ 34.868261441, 49.9536123 ], [ 34.872444721, 49.956522105 ], [ 34.865379528, 49.962689996 ], [ 34.856179601, 49.986899622 ], [ 34.863722661, 49.991295718 ], [ 34.880173744, 50.005598938 ], [ 34.902246523, 50.032015823 ], [ 34.934159796, 50.054556541 ], [ 34.937442661, 50.061578629 ], [ 34.963492763, 50.073744691 ], [ 34.961714169, 50.081266678 ], [ 34.956628063, 50.08206651 ], [ 34.95575908, 50.093428468 ], [ 34.949731734, 50.094405678 ], [ 34.94905322, 50.096282904 ], [ 34.936949203, 50.095209921 ], [ 34.932766001, 50.133927001 ], [ 34.940784822, 50.152353196 ], [ 34.901404525, 50.159227927 ], [ 34.853501084, 50.162412786 ], [ 34.848491021, 50.164995885 ], [ 34.842402355, 50.159198155 ], [ 34.83129502, 50.15629611 ], [ 34.822030127, 50.160298244 ], [ 34.797971635, 50.159657509 ], [ 34.800602434, 50.154794025 ], [ 34.781440262, 50.153459118 ], [ 34.765481887, 50.147794069 ], [ 34.764973873, 50.146469092 ], [ 34.747331374, 50.144466385 ], [ 34.739754182, 50.144865747 ], [ 34.750647762, 50.153851119 ], [ 34.748688643, 50.155431179 ], [ 34.749609367, 50.157793799 ], [ 34.734030477, 50.160492974 ], [ 34.72517534, 50.157778621 ], [ 34.720105216, 50.150933353 ], [ 34.706960373, 50.152164458 ], [ 34.699632455, 50.14933191 ], [ 34.703430252, 50.135414659 ], [ 34.701996974, 50.132487613 ], [ 34.696603481, 50.132399447 ], [ 34.69641321, 50.124506007 ], [ 34.700309971, 50.120530867 ], [ 34.69772721, 50.119196745 ], [ 34.699221261, 50.112888199 ], [ 34.698069044, 50.111152321 ], [ 34.691306426, 50.109660377 ], [ 34.677294267, 50.111050036 ], [ 34.679955, 50.114973 ], [ 34.675511001, 50.118832 ], [ 34.675102, 50.123922001 ], [ 34.675957712, 50.127023787 ], [ 34.680680069, 50.130828017 ], [ 34.676459172, 50.133548624 ], [ 34.672319265, 50.132673044 ], [ 34.67568774, 50.130534451 ], [ 34.670297511, 50.126603339 ], [ 34.666740153, 50.117183136 ], [ 34.662427155, 50.114959255 ], [ 34.663442591, 50.112222204 ], [ 34.666346031, 50.111428543 ], [ 34.664598756, 50.110558801 ], [ 34.656568579, 50.11120675 ], [ 34.656469302, 50.114121054 ], [ 34.653463817, 50.115184839 ], [ 34.650985821, 50.112542822 ], [ 34.640258871, 50.114862889 ], [ 34.637019027, 50.112647805 ], [ 34.632092, 50.112019 ], [ 34.622727066, 50.11783764 ], [ 34.61550315, 50.118052723 ], [ 34.600546953, 50.122536277 ], [ 34.598141995, 50.121455663 ], [ 34.596807889, 50.124967559 ], [ 34.590210643, 50.127847225 ], [ 34.580151782, 50.128836528 ], [ 34.580290234, 50.125621928 ], [ 34.573000764, 50.120676242 ], [ 34.569086533, 50.124643338 ], [ 34.550085552, 50.132459314 ], [ 34.546378468, 50.132556805 ], [ 34.546637548, 50.140592248 ], [ 34.539110224, 50.141420481 ], [ 34.537346326, 50.154514804 ], [ 34.526436101, 50.154367156 ], [ 34.534223938, 50.171327449 ], [ 34.525445732, 50.172128455 ], [ 34.52299996, 50.177015264 ], [ 34.553659903, 50.206336676 ], [ 34.559885418, 50.205919559 ], [ 34.571132402, 50.226625033 ], [ 34.562707905, 50.236375246 ], [ 34.558936447, 50.233870975 ], [ 34.562108777, 50.232637213 ], [ 34.562941771, 50.230281495 ], [ 34.559615434, 50.229118095 ], [ 34.555162449, 50.233512532 ], [ 34.554027694, 50.240972266 ], [ 34.551594263, 50.242833836 ], [ 34.553211666, 50.244644625 ], [ 34.551246447, 50.246047188 ], [ 34.544462725, 50.244576027 ], [ 34.543422285, 50.247118323 ], [ 34.533865126, 50.248244369 ], [ 34.532721757, 50.250490456 ], [ 34.527897551, 50.248769193 ], [ 34.528201323, 50.247533686 ], [ 34.534931868, 50.243905114 ], [ 34.527017928, 50.240254288 ], [ 34.52628713, 50.242720533 ], [ 34.51932044, 50.244811249 ], [ 34.514561652, 50.248281151 ], [ 34.5135, 50.254776 ], [ 34.516745814, 50.255239545 ], [ 34.517982249, 50.252507031 ], [ 34.518031968, 50.255415508 ], [ 34.523386269, 50.256173581 ], [ 34.519487576, 50.256367411 ], [ 34.519233697, 50.259121696 ], [ 34.522375471, 50.261260407 ], [ 34.513831068, 50.269868595 ], [ 34.515336714, 50.273413745 ], [ 34.512054762, 50.27448934 ], [ 34.519969002, 50.280747883 ], [ 34.507379048, 50.284814238 ], [ 34.465239567, 50.288559219 ], [ 34.458526505, 50.285533112 ], [ 34.399566264, 50.31848377 ], [ 34.408927357, 50.33159283 ], [ 34.409995082, 50.337447414 ], [ 34.391403989, 50.344635055 ], [ 34.38432156, 50.350192826 ], [ 34.383364564, 50.357190908 ], [ 34.377056763, 50.358760205 ], [ 34.390834547, 50.366978192 ], [ 34.374170057, 50.371872723 ], [ 34.369761099, 50.378371689 ], [ 34.366363311, 50.376590685 ], [ 34.342473776, 50.390580415 ], [ 34.335614765, 50.392242998 ], [ 34.286722911, 50.4131962 ], [ 34.271310099, 50.432504314 ], [ 34.265842024, 50.432123707 ], [ 34.259604829, 50.434390954 ], [ 34.252269071, 50.442540054 ], [ 34.250045224, 50.453611207 ], [ 34.25479451, 50.490122567 ], [ 34.248818448, 50.518381188 ], [ 34.245624179, 50.522975745 ], [ 34.230341912, 50.526775951 ], [ 34.22858301, 50.526005175 ], [ 34.219288268, 50.533359748 ], [ 34.20414957, 50.524033179 ], [ 34.194516613, 50.523342399 ], [ 34.188350176, 50.524925253 ], [ 34.174754257, 50.525275554 ], [ 34.158664825, 50.522438803 ], [ 34.156204926, 50.519531642 ], [ 34.153652296, 50.520156614 ], [ 34.141373015, 50.513671993 ], [ 34.119852317, 50.510092745 ], [ 34.117488527, 50.494017693 ], [ 34.110091183, 50.482076431 ], [ 34.107579483, 50.480882021 ], [ 34.103777418, 50.481921128 ], [ 34.098179417, 50.480921694 ], [ 34.085661085, 50.488142869 ], [ 34.08228743, 50.488388448 ], [ 34.085203012, 50.49077237 ], [ 34.091416401, 50.490926377 ], [ 34.105459339, 50.503693251 ], [ 34.093131054, 50.50853914 ], [ 34.0875131, 50.509098603 ], [ 34.08723145, 50.511365855 ], [ 34.06238687, 50.516402239 ], [ 34.054875721, 50.512230188 ], [ 34.0548655, 50.509037504 ], [ 34.058973688, 50.507581417 ], [ 34.056246041, 50.505407494 ], [ 34.049790423, 50.509062401 ], [ 34.04102471, 50.504992554 ], [ 34.032699614, 50.504285421 ], [ 34.029462794, 50.499239569 ], [ 34.027729591, 50.499601007 ], [ 34.031484143, 50.507078106 ], [ 34.030773195, 50.511236709 ], [ 34.020585032, 50.511250379 ], [ 34.006838051, 50.519606503 ], [ 34.008357993, 50.521063412 ], [ 33.95462354, 50.547476298 ], [ 33.917687, 50.516065 ], [ 33.912988117, 50.514486934 ], [ 33.896958904, 50.524398478 ], [ 33.892396304, 50.533720607 ], [ 33.878834247, 50.530989427 ], [ 33.877945547, 50.533502283 ], [ 33.838899516, 50.523232881 ], [ 33.841520972, 50.519462025 ], [ 33.819790916, 50.515266965 ], [ 33.817697874, 50.517740066 ], [ 33.811687568, 50.515473994 ], [ 33.815380055, 50.508086265 ], [ 33.824632864, 50.50837916 ], [ 33.845758586, 50.504009897 ], [ 33.847672485, 50.501718078 ], [ 33.851130878, 50.501268892 ], [ 33.844852557, 50.49080878 ], [ 33.839001103, 50.4929063 ], [ 33.825314455, 50.488378344 ], [ 33.830040934, 50.482248384 ], [ 33.804889822, 50.47793384300001 ], [ 33.787501126, 50.477660645 ], [ 33.78975617, 50.46752998600001 ], [ 33.786074787, 50.464056996 ], [ 33.786195788, 50.460898997 ], [ 33.735007378, 50.458488291 ], [ 33.717292629, 50.467733822 ], [ 33.626965001, 50.480682001 ], [ 33.613850556, 50.483311403 ], [ 33.61335125, 50.48720128 ], [ 33.588026681, 50.492198842 ], [ 33.581391399, 50.490654877 ], [ 33.571287375, 50.494716742 ], [ 33.563137754, 50.492036286 ], [ 33.563293394, 50.490015733 ], [ 33.538554908, 50.489515102 ], [ 33.53891993, 50.485238871 ], [ 33.531737314, 50.480335648 ], [ 33.524231844, 50.48034779 ], [ 33.516769364, 50.482399949 ], [ 33.503553607, 50.494562673 ], [ 33.504286273, 50.496427693 ], [ 33.501680178, 50.496961599 ], [ 33.494600855, 50.491789127 ], [ 33.49292895, 50.487185657 ], [ 33.486478755, 50.481565038 ], [ 33.478522434, 50.48249271 ], [ 33.479144893, 50.48854478 ], [ 33.47726477, 50.490217912 ], [ 33.463681702, 50.492642785 ], [ 33.434840862, 50.484973148 ], [ 33.432861245, 50.48383123 ], [ 33.437718898, 50.477217496 ], [ 33.433909461, 50.475604592 ], [ 33.419166751, 50.482797687 ], [ 33.420118047, 50.491385814 ], [ 33.413911792, 50.491629885 ], [ 33.412284234, 50.499619989 ], [ 33.37499169, 50.497526667 ], [ 33.373875679, 50.52116355 ], [ 33.31886394, 50.520515003 ], [ 33.317671279, 50.532996212 ], [ 33.300400296, 50.535136064 ], [ 33.291549565, 50.545182071 ], [ 33.283747018, 50.545522572 ], [ 33.285138136, 50.550182918 ], [ 33.276344039, 50.553428301 ], [ 33.268206908, 50.553598784 ], [ 33.264741902, 50.546086977 ], [ 33.261255521, 50.547874985 ], [ 33.257302113, 50.544150412 ], [ 33.244439454, 50.539768264 ], [ 33.242798828, 50.537261923 ], [ 33.244316788, 50.531683099 ], [ 33.239445242, 50.518681182 ], [ 33.234492876, 50.515065014 ], [ 33.238708306, 50.509802971 ], [ 33.227327328, 50.509435399 ], [ 33.220757, 50.503845 ], [ 33.214068773, 50.506930728 ], [ 33.205959464, 50.508237709 ], [ 33.193256187, 50.507793111 ], [ 33.185132126, 50.512825969 ], [ 33.178294052, 50.520970211 ], [ 33.171931089, 50.522781732 ], [ 33.167076427, 50.521187903 ], [ 33.152464316, 50.521982183 ], [ 33.146116218, 50.511342193 ], [ 33.134469899, 50.510004686 ], [ 33.129893516, 50.512141889 ], [ 33.117740645, 50.505073501 ], [ 33.101118655, 50.517293435 ], [ 33.072676815, 50.518840437 ], [ 33.069831043, 50.51757868 ], [ 33.065279573, 50.519827848 ], [ 33.058168815, 50.516551883 ], [ 33.042515188, 50.502217575 ], [ 33.032721413, 50.501813849 ], [ 33.02847043, 50.503332674 ], [ 33.022863763, 50.501418433 ], [ 33.022146929, 50.495516995 ], [ 33.025234405, 50.493196376 ], [ 33.01306686, 50.480356318 ], [ 33.016190945, 50.470720754 ], [ 32.99002563, 50.477530352 ], [ 32.988412876, 50.473752528 ], [ 32.972780406, 50.475796521 ], [ 32.970477052, 50.474144597 ], [ 32.978267867, 50.462359515 ], [ 32.976330804, 50.459652465 ], [ 32.969689229, 50.459243689 ], [ 32.967862791, 50.457250598 ], [ 32.966379999, 50.453769 ], [ 32.969755586, 50.451306493 ], [ 32.969801835, 50.448907973 ], [ 32.964796317, 50.444707943 ], [ 32.959108005, 50.442621643 ], [ 32.948987517, 50.446286833 ], [ 32.93200677, 50.436727354 ], [ 32.935467547, 50.435380385 ], [ 32.940501785, 50.429208741 ], [ 32.931934698, 50.428734093 ], [ 32.929790677, 50.430154573 ], [ 32.91999492, 50.429267834 ], [ 32.921009999, 50.424666 ], [ 32.91206304, 50.423624881 ], [ 32.914543396, 50.411018522 ], [ 32.917244282, 50.408717082 ], [ 32.915578942, 50.407145406 ], [ 32.912084871, 50.405386188 ], [ 32.899558965, 50.40634391 ], [ 32.836574102, 50.374286032 ], [ 32.810552798, 50.374696293 ], [ 32.7898402, 50.37089011 ], [ 32.790484506, 50.367405098 ], [ 32.786658745, 50.367697965 ], [ 32.791689928, 50.363602299 ], [ 32.786378329, 50.361682305 ], [ 32.80101965, 50.356329333 ], [ 32.792855732, 50.346293847 ], [ 32.769781327, 50.353239884 ], [ 32.763778533, 50.348751931 ], [ 32.761146564, 50.348560951 ], [ 32.750341719, 50.357668633 ], [ 32.75036214, 50.359448571 ], [ 32.746490001, 50.358144 ], [ 32.742673677, 50.351798559 ], [ 32.739732697, 50.354505762 ], [ 32.742237924, 50.356168294 ], [ 32.741394346, 50.357403782 ], [ 32.730992257, 50.355847764 ], [ 32.670745703, 50.358030772 ], [ 32.671734, 50.370026 ], [ 32.632376701, 50.36620758 ], [ 32.634269995, 50.356676108 ], [ 32.584681908, 50.355243327 ], [ 32.578599373, 50.358482401 ], [ 32.562567807, 50.358700094 ], [ 32.552524279, 50.354012249 ], [ 32.544499803, 50.354186754 ], [ 32.54221372, 50.35116219 ], [ 32.525874418, 50.345472652 ], [ 32.510893443, 50.359558059 ], [ 32.493771043, 50.364598915 ], [ 32.495119658, 50.366180869 ], [ 32.485919643, 50.369182927 ], [ 32.485281059, 50.374046275 ], [ 32.492523958, 50.376981145 ], [ 32.493106439, 50.389999132 ], [ 32.489097251, 50.392917586 ], [ 32.491729054, 50.39263084 ], [ 32.493629654, 50.39416798 ], [ 32.491654495, 50.396122484 ], [ 32.49451137, 50.397889839 ], [ 32.493567999, 50.399597 ], [ 32.489295819, 50.397555571 ], [ 32.484272985, 50.400857492 ], [ 32.476762396, 50.397269881 ], [ 32.446199458, 50.398870858 ], [ 32.401427209, 50.412640795 ], [ 32.397181078, 50.406906034 ], [ 32.369699962, 50.415380406 ], [ 32.36674419, 50.418514846 ], [ 32.364752153, 50.426674238 ], [ 32.3384162, 50.428229279 ], [ 32.335634448, 50.426036154 ], [ 32.33180366, 50.426942237 ], [ 32.322195559, 50.424297727 ], [ 32.316044323, 50.417828804 ], [ 32.325662518, 50.403512507 ], [ 32.306674987, 50.401965832 ], [ 32.301527123, 50.397268741 ], [ 32.295767405, 50.398576083 ], [ 32.290181138, 50.379475311 ], [ 32.278171296, 50.380296116 ], [ 32.278457, 50.373825 ], [ 32.251595276, 50.373821151 ], [ 32.255296131, 50.368306756 ], [ 32.259939728, 50.366837268 ], [ 32.259518628, 50.363615509 ], [ 32.263985018, 50.362501667 ], [ 32.263584862, 50.360635455 ], [ 32.256144511, 50.357331147 ], [ 32.254586879, 50.352288378 ], [ 32.264276571, 50.354610676 ], [ 32.268873604, 50.351950751 ], [ 32.254504742, 50.346845765 ], [ 32.237978309, 50.350100163 ], [ 32.239839293, 50.352537571 ], [ 32.236199306, 50.35404652 ], [ 32.228248053, 50.350338997 ], [ 32.216361689, 50.357971169 ], [ 32.16066533, 50.351703913 ], [ 32.143312643, 50.348251211 ], [ 32.152339566, 50.337454788 ], [ 32.142261698, 50.321227039 ], [ 32.129001579, 50.315719045 ], [ 32.140222648, 50.30465704 ], [ 32.098805669, 50.28717309 ], [ 32.091738554, 50.287024151 ], [ 32.089871106, 50.284014765 ], [ 32.086770489, 50.283654597 ], [ 32.101073068, 50.278071928 ], [ 32.096455749, 50.276389429 ], [ 32.100544077, 50.27540266 ], [ 32.08945078, 50.24697712 ], [ 32.100478, 50.241740098 ], [ 32.096840786, 50.238506075 ], [ 32.117167094, 50.228902421 ], [ 32.125555435, 50.224775406 ], [ 32.1117019, 50.212592795 ], [ 32.154820829, 50.188557364 ], [ 32.162757801, 50.187421973 ], [ 32.163599001, 50.180241969 ], [ 32.176819874, 50.164997062 ], [ 32.298588266, 50.142738149 ], [ 32.303936901, 50.119892778 ], [ 32.285497459, 50.120689327 ], [ 32.250328198, 50.114626173 ], [ 32.250055521, 50.11230595 ], [ 32.258252529, 50.104857878 ], [ 32.263968135, 50.103704415 ], [ 32.276414094, 50.096853038 ], [ 32.264846215, 50.087550448 ], [ 32.261526717, 50.082358545 ], [ 32.277568292, 50.064299898 ], [ 32.313822243, 50.03859648 ], [ 32.32160526, 50.039527481 ], [ 32.325754479, 50.051234993 ], [ 32.333760357, 50.058291225 ], [ 32.347694151, 50.047927112 ], [ 32.351002801, 50.047342366 ], [ 32.345170271, 50.035802999 ], [ 32.364479546, 50.033552086 ], [ 32.368487351, 50.002076087 ], [ 32.377176944, 50.000599746 ], [ 32.378869598, 49.980976218 ], [ 32.428585945, 49.960273561 ], [ 32.418067998, 49.934464169 ], [ 32.42542403, 49.933472801 ], [ 32.430080865, 49.931249312 ], [ 32.428396483, 49.927279818 ], [ 32.419531678, 49.928106404 ], [ 32.418778879, 49.918161455 ], [ 32.414047943, 49.903445931 ], [ 32.423142688, 49.895295694 ], [ 32.434572065, 49.888210264 ], [ 32.402900521, 49.875227119 ], [ 32.39279867, 49.884758874 ], [ 32.373863283, 49.874414512 ], [ 32.410055346, 49.847909588 ], [ 32.414438223, 49.840321317 ], [ 32.437242579, 49.821559023 ], [ 32.449322414, 49.796209101 ], [ 32.504089955, 49.804464868 ], [ 32.514283137, 49.774393722 ], [ 32.555727315, 49.773543074 ], [ 32.572556488, 49.752932348 ], [ 32.567964054, 49.74816897 ], [ 32.57404213, 49.702542759 ], [ 32.66384253, 49.680443107 ], [ 32.660208084, 49.676943364 ], [ 32.675021015, 49.675190812 ], [ 32.677479926, 49.672133665 ], [ 32.672427748, 49.671041186 ], [ 32.681022162, 49.66831196 ], [ 32.682481201, 49.663986276 ], [ 32.692395845, 49.657829135 ], [ 32.696688297, 49.658111778 ], [ 32.69661971, 49.659414554 ], [ 32.700775266, 49.658797093 ], [ 32.700439161, 49.656175444 ], [ 32.704270318, 49.655116445 ], [ 32.708438801, 49.656859531 ], [ 32.707191193, 49.655230961 ], [ 32.709175755, 49.653865815 ], [ 32.704957897, 49.650990523 ], [ 32.709396897, 49.649107404 ], [ 32.701224145, 49.647787216 ], [ 32.702297513, 49.64381566 ], [ 32.706754854, 49.6400074 ], [ 32.703859128, 49.63521656 ], [ 32.708706628, 49.63379798 ], [ 32.709308243, 49.630550418 ], [ 32.712290125, 49.631878677 ], [ 32.71447855, 49.630759621 ], [ 32.711831424, 49.628582649 ], [ 32.712903696, 49.624733541 ], [ 32.710446654, 49.623927796 ], [ 32.715987043, 49.6189617 ], [ 32.712174393, 49.618873749 ], [ 32.707100054, 49.615698208 ], [ 32.714103041, 49.615101715 ], [ 32.715151863, 49.612366288 ], [ 32.706627189, 49.606362696 ], [ 32.696321669, 49.602714781 ], [ 32.702897973, 49.600342476 ], [ 32.712192012, 49.594017184 ], [ 32.721254886, 49.596035546 ], [ 32.738182356, 49.585508518 ], [ 32.749733437, 49.573434868 ], [ 32.750740813, 49.576114385 ], [ 32.757309496, 49.575500062 ], [ 32.748884698, 49.56981326 ], [ 32.752355414, 49.569478038 ], [ 32.75060909, 49.567489483 ], [ 32.753157438, 49.567173664 ], [ 32.753529443, 49.565417919 ], [ 32.750539756, 49.563323182 ], [ 32.753273162, 49.561817827 ], [ 32.749265452, 49.560309898 ], [ 32.752227326, 49.557008262 ], [ 32.750205639, 49.5483991 ], [ 32.747159132, 49.546203002 ], [ 32.751826469, 49.543252544 ], [ 32.750047737, 49.523568079 ], [ 32.747103397, 49.523835367 ], [ 32.709984001, 49.499018 ], [ 32.703756946, 49.498362897 ], [ 32.682967324, 49.500600842 ], [ 32.677260903, 49.499273483 ], [ 32.670459975, 49.489589552 ], [ 32.670701999, 49.476285999 ], [ 32.666944734, 49.471387512 ], [ 32.666321096, 49.466423609 ], [ 32.665876981, 49.45923976 ], [ 32.672874119, 49.448014672 ], [ 32.667641821, 49.444458439 ], [ 32.654711803, 49.441399669 ], [ 32.6508957, 49.436556975 ], [ 32.65231071, 49.433594071 ], [ 32.658578053, 49.431242341 ], [ 32.659009952, 49.428420035 ], [ 32.678989142, 49.425299625 ], [ 32.681020658, 49.411339833 ], [ 32.677351, 49.400868 ], [ 32.689917491, 49.385189505 ], [ 32.698218094, 49.382274622 ], [ 32.712201131, 49.384577011 ], [ 32.729463661, 49.373780438 ], [ 32.737082677, 49.372127295 ], [ 32.735178475, 49.364304825 ], [ 32.73820086, 49.353751861 ], [ 32.730446, 49.352319 ], [ 32.710126313, 49.354291768 ], [ 32.694270589, 49.35372257 ], [ 32.687155197, 49.352018525 ], [ 32.676922305, 49.352475889 ], [ 32.666514447, 49.35615192 ], [ 32.650901435, 49.356794582 ], [ 32.635649985, 49.363677941 ], [ 32.593563956, 49.37801162 ], [ 32.573733349, 49.37903022 ], [ 32.562449929, 49.382509002 ], [ 32.552411887, 49.380649716 ], [ 32.544809, 49.381824 ], [ 32.528143948, 49.390190695 ], [ 32.523045874, 49.40178152 ], [ 32.509872001, 49.407844999 ], [ 32.507308286, 49.406184872 ], [ 32.503740738, 49.398287248 ], [ 32.497986577, 49.396129978 ], [ 32.488778486, 49.375488788 ], [ 32.478813116, 49.366552775 ], [ 32.477717692, 49.35712319 ], [ 32.461063816, 49.347393608 ], [ 32.460670613, 49.343374388 ], [ 32.463348931, 49.340930726 ], [ 32.47937068, 49.340663667 ], [ 32.466251379, 49.328242119 ], [ 32.504848691, 49.307608303 ], [ 32.526640667, 49.303415653 ], [ 32.545467637, 49.29515178 ], [ 32.566649484, 49.283161869 ], [ 32.595664995, 49.276241319 ], [ 32.599829001, 49.270604 ], [ 32.604994882, 49.256559634 ], [ 32.609556603, 49.253533503 ], [ 32.625604558, 49.260369611 ], [ 32.633131893, 49.260365198 ], [ 32.648938613, 49.250133024 ], [ 32.655875552, 49.247689704 ], [ 32.67013478, 49.250675603 ], [ 32.678218115, 49.255655682 ], [ 32.687856724, 49.255158526 ], [ 32.713912771, 49.257582178 ], [ 32.721678712, 49.253864557 ], [ 32.735317599, 49.25306361 ], [ 32.747324545, 49.244236911 ], [ 32.756455907, 49.242804724 ], [ 32.757756, 49.235273 ], [ 32.762718925, 49.23298836 ], [ 32.775636974, 49.237464771 ], [ 32.78972511, 49.237911917 ], [ 32.799542999, 49.239841 ], [ 32.813431058, 49.248884571 ], [ 32.831769999, 49.246807 ], [ 32.845857793, 49.249574984 ], [ 32.856102, 49.246188 ], [ 32.889314, 49.235704 ], [ 32.926002, 49.233396 ], [ 32.940767001, 49.235405 ], [ 32.96166744, 49.243676691 ], [ 32.972659409, 49.244936452 ], [ 32.982345008, 49.241182707 ], [ 32.987864619, 49.234057709 ], [ 32.988084687, 49.225732493 ], [ 32.982615275, 49.216821067 ], [ 32.984862942, 49.209067321 ], [ 32.994683844, 49.20307464 ], [ 33.017726177, 49.196336274 ], [ 33.029540395, 49.184802679 ], [ 33.057854974, 49.184469482 ], [ 33.076239658, 49.186147863 ], [ 33.107705218, 49.18163841 ], [ 33.117597773, 49.173631886 ], [ 33.121204243, 49.163989053 ], [ 33.131676182, 49.15767051 ], [ 33.157717851, 49.130576863 ], [ 33.157964547, 49.128315485 ], [ 33.150802074, 49.122422553 ], [ 33.157658541, 49.111869782 ], [ 33.156129897, 49.098424562 ], [ 33.163585118, 49.094986958 ], [ 33.185592851, 49.097238528 ], [ 33.197878868, 49.087912093 ], [ 33.18995552, 49.081737243 ], [ 33.195382699, 49.079752731 ], [ 33.199815389, 49.073818781 ], [ 33.202780632, 49.072939563 ], [ 33.223706859, 49.07774966 ], [ 33.225333059, 49.084839087 ], [ 33.230366866, 49.084210335 ], [ 33.244036818, 49.078731897 ], [ 33.248461236, 49.085252503 ], [ 33.248020419, 49.145774012 ], [ 33.238692728, 49.166552657 ], [ 33.240283191, 49.166706441 ], [ 33.261921006, 49.152298811 ], [ 33.266290906, 49.144406133 ], [ 33.267192452, 49.133438071 ], [ 33.272798373, 49.134623249 ], [ 33.285627646, 49.123749991 ], [ 33.304219089, 49.1183906 ], [ 33.288499197, 49.097056943 ], [ 33.283022062, 49.097584594 ], [ 33.281218777, 49.096345658 ], [ 33.275631566, 49.097939492 ], [ 33.263248679, 49.094273988 ], [ 33.262185007, 49.091872548 ], [ 33.270300322, 49.09140162 ], [ 33.270088609, 49.089117256 ], [ 33.278467594, 49.0872885 ], [ 33.277762016, 49.083317066 ], [ 33.296243447, 49.083381802 ], [ 33.307885907, 49.078188761 ], [ 33.298300192, 49.066231856 ], [ 33.313759107, 49.054129689 ], [ 33.316639635, 49.042761552 ], [ 33.321621198, 49.043236571 ], [ 33.334744046, 49.026987516 ], [ 33.311780013, 49.017500317 ], [ 33.307464718, 49.013378468 ], [ 33.299531348, 49.010943076 ], [ 33.299574559, 49.007948976 ], [ 33.297036792, 49.007911055 ], [ 33.325155791, 48.961315941 ], [ 33.313925853, 48.958216132 ], [ 33.319847371, 48.94847687 ], [ 33.331084363, 48.951877966 ], [ 33.333019974, 48.949144109 ], [ 33.348775243, 48.954387442 ], [ 33.352654891, 48.954226504 ], [ 33.352830555, 48.948359515 ], [ 33.401576237, 48.926860366 ], [ 33.39869865, 48.952160539 ], [ 33.403915488, 48.956452244 ], [ 33.401702402, 48.959236745 ], [ 33.407110049, 48.961454064 ], [ 33.411073974, 48.958110019 ], [ 33.420263155, 48.95837249 ], [ 33.424749266, 48.95533016 ], [ 33.422250563, 48.950177639 ], [ 33.416459563, 48.952647434 ], [ 33.415606532, 48.951796243 ], [ 33.42133346, 48.948869224 ], [ 33.425585356, 48.951649788 ], [ 33.430588731, 48.952433649 ], [ 33.431583999, 48.956631251 ], [ 33.475935785, 48.95195302 ], [ 33.472666624, 48.937801783 ], [ 33.478362932, 48.934415704 ], [ 33.473710272, 48.913733127 ], [ 33.478278402, 48.915694292 ], [ 33.485581819, 48.914717667 ], [ 33.486183838, 48.917647861 ], [ 33.490583479, 48.921427935 ], [ 33.498202001, 48.922765593 ], [ 33.497255866, 48.926582649 ], [ 33.536940845, 48.931388746 ], [ 33.540479783, 48.919223981 ], [ 33.546132427, 48.919295534 ], [ 33.547672548, 48.912627656 ], [ 33.575132473, 48.91114934 ], [ 33.5742531, 48.915416883 ], [ 33.568854686, 48.914798299 ], [ 33.567564573, 48.918862803 ], [ 33.580386694, 48.920418283 ], [ 33.581831405, 48.916069618 ], [ 33.589208167, 48.91688902 ], [ 33.609496223, 48.938514055 ], [ 33.600700141, 48.942225851 ], [ 33.60448192, 48.946688208 ], [ 33.607465871, 48.949715547 ], [ 33.613055611, 48.947689445 ], [ 33.621318747, 48.956613576 ], [ 33.635273824, 48.962052332 ], [ 33.63794337, 48.97399145 ], [ 33.647955824, 48.976962934 ], [ 33.664215659, 48.978545194 ], [ 33.680960052, 48.956764099 ], [ 33.690598617, 48.952784331 ], [ 33.694137031, 48.947336375 ], [ 33.709518971, 48.940882248 ], [ 33.715717228, 48.939739566 ], [ 33.73713359, 48.941152833 ], [ 33.759188433, 48.945383434 ], [ 33.785374383, 48.939571914 ], [ 33.810681027, 48.938730378 ], [ 33.835612241, 48.931031157 ], [ 33.862789116, 48.913236885 ], [ 33.893760485, 48.902014141 ], [ 33.917579999, 48.885283 ], [ 33.926433, 48.881076 ], [ 33.934135479, 48.879231704 ], [ 33.946263964, 48.878882373 ], [ 33.985320529, 48.864984893 ], [ 34.002499757, 48.865312837 ], [ 34.025315184, 48.862493973 ], [ 34.030359751, 48.858688278 ], [ 34.030836734, 48.846782978 ], [ 34.032871284, 48.844003724 ], [ 34.055959754, 48.834491924 ], [ 34.072496593, 48.823771075 ], [ 34.082719441, 48.821843585 ], [ 34.107100172, 48.824248265 ], [ 34.118106468, 48.82129511 ], [ 34.12755157, 48.812177603 ], [ 34.117059996, 48.797391387 ], [ 34.118293494, 48.787239601 ], [ 34.125513071, 48.779064587 ], [ 34.142077872, 48.773403242 ], [ 34.151210475, 48.772642944 ], [ 34.169581991, 48.7761265 ], [ 34.175527468, 48.775975145 ], [ 34.187071123, 48.771963347 ], [ 34.202332056, 48.760865239 ], [ 34.2294621, 48.757258497 ], [ 34.25278215, 48.743903919 ], [ 34.261502273, 48.742880469 ], [ 34.273437001, 48.745177064 ], [ 34.28845325, 48.743367731 ], [ 34.298228343, 48.737223992 ], [ 34.292158734, 48.723653192 ], [ 34.297809587, 48.723054109 ], [ 34.306176425, 48.727315482 ], [ 34.301686859, 48.733357217 ], [ 34.303963632, 48.735659646 ], [ 34.308734481, 48.736462455 ], [ 34.306310487, 48.738739332 ], [ 34.311959211, 48.739153239 ], [ 34.308546369, 48.744757745 ], [ 34.314159946, 48.747257963 ], [ 34.316383516, 48.754873278 ], [ 34.31622574, 48.75744578 ], [ 34.311283176, 48.758867842 ], [ 34.308737573, 48.765105306 ], [ 34.321048564, 48.768317441 ], [ 34.324069184, 48.773502711 ], [ 34.340925127, 48.781971991 ], [ 34.342491302, 48.784194048 ], [ 34.323294985, 48.792357375 ], [ 34.314053996, 48.784891492 ], [ 34.298057281, 48.78458692 ], [ 34.297091938, 48.820749065 ], [ 34.326359506, 48.821278991 ], [ 34.329407469, 48.822415633 ], [ 34.332659303, 48.82091328 ], [ 34.34348211, 48.82445795 ], [ 34.333995026, 48.828033946 ], [ 34.330745873, 48.827351478 ], [ 34.328451662, 48.82920776 ], [ 34.323032768, 48.828900036 ], [ 34.325140535, 48.844243632 ], [ 34.337162125, 48.843974827 ], [ 34.338447316, 48.8405778 ], [ 34.346307445, 48.843462865 ], [ 34.349799165, 48.846716293 ], [ 34.350612311, 48.850667497 ], [ 34.35033017, 48.856269135 ], [ 34.334944539, 48.856834959 ], [ 34.337375812, 48.871472157 ], [ 34.305953213, 48.884792011 ], [ 34.311639694, 48.889422456 ], [ 34.300188882, 48.895769885 ], [ 34.311851957, 48.940663996 ], [ 34.352898645, 48.983864421 ], [ 34.343566548, 48.988660503 ], [ 34.346046949, 48.992711413 ], [ 34.325498049, 48.998814131 ], [ 34.333906131, 49.010027513 ], [ 34.343794138, 49.01620486 ], [ 34.353172837, 49.016463493 ], [ 34.352032322, 49.021356906 ], [ 34.36368804, 49.028376195 ], [ 34.360194351, 49.033410581 ], [ 34.395297051, 49.043109656 ], [ 34.390188366, 49.0504487 ], [ 34.415679796, 49.054851514 ], [ 34.409798678, 49.069581795 ], [ 34.404296174, 49.074861789 ], [ 34.40758253, 49.07854922 ], [ 34.40211183, 49.093859573 ], [ 34.411012151, 49.091009162 ], [ 34.465843043, 49.064267365 ], [ 34.474933617, 49.07369601 ], [ 34.499146789, 49.061705563 ], [ 34.508994162, 49.069951605 ], [ 34.515800353, 49.071911492 ], [ 34.538339691, 49.05799107 ], [ 34.545276007, 49.055710515 ], [ 34.558209878, 49.055515156 ], [ 34.573886474, 49.063313298 ], [ 34.569474314, 49.066693763 ], [ 34.571127585, 49.067800434 ], [ 34.564054188, 49.073040124 ], [ 34.567901558, 49.078725254 ], [ 34.566489419, 49.082810081 ], [ 34.572210907, 49.084457929 ], [ 34.568969557, 49.087606033 ], [ 34.573891084, 49.091535656 ], [ 34.572305937, 49.095168674 ], [ 34.576311706, 49.096535308 ], [ 34.57791092, 49.094389349 ], [ 34.593976818, 49.093344634 ], [ 34.588975883, 49.10401086 ], [ 34.5917007, 49.105477078 ], [ 34.590709318, 49.107918531 ], [ 34.587555433, 49.107755237 ], [ 34.58974523, 49.112119814 ], [ 34.593835747, 49.112773645 ], [ 34.596965789, 49.111035973 ], [ 34.598811729, 49.112423368 ], [ 34.597079746, 49.109614969 ], [ 34.600585005, 49.109230452 ], [ 34.608233273, 49.11221004 ], [ 34.60677107, 49.114958352 ], [ 34.620801426, 49.120578193 ], [ 34.625199678, 49.123811827 ], [ 34.630695923, 49.124875098 ], [ 34.632221544, 49.126605943 ], [ 34.632091896, 49.124847831 ], [ 34.636601247, 49.124257366 ], [ 34.635993762, 49.126598556 ], [ 34.645787552, 49.128455229 ], [ 34.64310951, 49.130037644 ], [ 34.64811641, 49.131567767 ], [ 34.651155376, 49.128328941 ], [ 34.651858017, 49.123141988 ], [ 34.656080194, 49.124548673 ], [ 34.663151267, 49.119324243 ], [ 34.682013342, 49.121869353 ], [ 34.680956776, 49.129301948 ], [ 34.687448422, 49.133021478 ], [ 34.695379217, 49.134007292 ], [ 34.695069304, 49.132193419 ], [ 34.698727173, 49.130373544 ], [ 34.705979932, 49.129818545 ], [ 34.720353419, 49.136704374 ], [ 34.729327946, 49.136415444 ], [ 34.740624833, 49.144743402 ], [ 34.748132732, 49.140661083 ], [ 34.749983482, 49.141294734 ], [ 34.750094035, 49.144364431 ], [ 34.762860602, 49.1433347 ], [ 34.766324086, 49.144992342 ], [ 34.763769644, 49.149571851 ], [ 34.765235974, 49.155709379 ], [ 34.760692106, 49.158487965 ], [ 34.757365502, 49.166138199 ], [ 34.758376998, 49.16838403 ], [ 34.764267882, 49.168925704 ], [ 34.765395769, 49.170933228 ], [ 34.766778301, 49.169885489 ], [ 34.773406026, 49.171180814 ], [ 34.774781637, 49.176322302 ], [ 34.782872626, 49.176609411 ], [ 34.784142121, 49.178071228 ], [ 34.785309743, 49.17484278 ], [ 34.788624514, 49.176377878 ], [ 34.792916833, 49.175909275 ], [ 34.798135403, 49.179098759 ], [ 34.803596414, 49.179152103 ], [ 34.805433107, 49.176912693 ], [ 34.802995635, 49.175874938 ], [ 34.803207156, 49.173503343 ], [ 34.809261546, 49.175072374 ], [ 34.805415875, 49.168156229 ], [ 34.807976998, 49.166419068 ], [ 34.811955515, 49.166825589 ], [ 34.814990091, 49.168826635 ], [ 34.815713584, 49.172330808 ], [ 34.826559939, 49.174832546 ], [ 34.828206101, 49.176403602 ], [ 34.825889956, 49.177442319 ], [ 34.821799803, 49.176157522 ], [ 34.82539541, 49.1802335 ], [ 34.821530414, 49.181270424 ], [ 34.818323632, 49.184761741 ], [ 34.823572491, 49.189034149 ], [ 34.82536931, 49.187598975 ], [ 34.846597035, 49.191094771 ], [ 34.856869377, 49.190657943 ], [ 34.856964863, 49.184324694 ], [ 34.864956332, 49.181292629 ], [ 34.885905, 49.180051 ], [ 34.893868887, 49.177335945 ], [ 34.897269522, 49.178597794 ], [ 34.901939978, 49.178169224 ], [ 34.896502558, 49.169139631 ], [ 34.890938993, 49.16736005 ], [ 34.881648942, 49.169176807 ], [ 34.871186937, 49.168128575 ], [ 34.865936179, 49.165927895 ], [ 34.864872236, 49.161434202 ], [ 34.866988843, 49.159530169 ], [ 34.878177817, 49.158331807 ], [ 34.888471993, 49.155181952 ], [ 34.888637101, 49.15331123 ], [ 34.899608769, 49.150424319 ], [ 34.906321128, 49.153798152 ], [ 34.907630563, 49.156286461 ], [ 34.911855035, 49.154031528 ], [ 34.919228776, 49.155991116 ], [ 34.921436501, 49.175800205 ], [ 34.926908949, 49.184342031 ], [ 34.929296266, 49.185712567 ], [ 34.935402164, 49.181369497 ], [ 34.947494716, 49.193454232 ], [ 34.948361094, 49.191531576 ], [ 34.95580543, 49.192670196 ], [ 34.959588127, 49.19109164 ], [ 34.956445651, 49.186620539 ], [ 34.9604615, 49.185831208 ], [ 34.962768054, 49.189612269 ], [ 34.96416701, 49.182880461 ], [ 34.976969502, 49.18104814 ], [ 34.9767085, 49.177808362 ], [ 34.98726077, 49.168553431 ], [ 34.989088385, 49.169775709 ], [ 35.001196763, 49.161246732 ], [ 35.003489177, 49.162070639 ], [ 35.007595989, 49.160094699 ], [ 35.007722447, 49.155865769 ], [ 35.015015804, 49.154499764 ], [ 35.011852745, 49.149230693 ], [ 35.017717424, 49.150803482 ] ] ] } },
{ "type": "Feature", "properties": { "shapeName": "Rivnenska", "shapeISO": "", "shapeID": "82583831B61452359234308", "shapeGroup": "UKR", "shapeType": "ADM1" }, "geometry": { "type": "Polygon", "coordinates": [ [ [ 25.112613117, 50.287237057 ], [ 25.112884629, 50.284925677 ], [ 25.116383275, 50.283406463 ], [ 25.128082523, 50.282124484 ], [ 25.152060042, 50.288863159 ], [ 25.165020794, 50.290249446 ], [ 25.175302709, 50.289158505 ], [ 25.20479325, 50.279365076 ], [ 25.203282778, 50.255688442 ], [ 25.206462315, 50.247289602 ], [ 25.190004769, 50.248723074 ], [ 25.183031194, 50.23637212 ], [ 25.180664962, 50.236438385 ], [ 25.177067815, 50.232630736 ], [ 25.178996114, 50.229205064 ], [ 25.182811144, 50.228802284 ], [ 25.18021663, 50.226481296 ], [ 25.18273499, 50.224208181 ], [ 25.169470915, 50.223001737 ], [ 25.165470639, 50.209219255 ], [ 25.169584031, 50.202650454 ], [ 25.203844452, 50.187233383 ], [ 25.214957103, 50.17975356 ], [ 25.21070594, 50.171209243 ], [ 25.203989858, 50.170039222 ], [ 25.201029287, 50.166645147 ], [ 25.206974633, 50.157667687 ], [ 25.197250062, 50.131099979 ], [ 25.211182282, 50.114987039 ], [ 25.305403395, 50.031316363 ], [ 25.309728519, 50.025081084 ], [ 25.349094291, 50.002945709 ], [ 25.352873476, 50.017335233 ], [ 25.36047888, 50.017050092 ], [ 25.364388692, 50.046029292 ], [ 25.384641928, 50.048948565 ], [ 25.388441491, 50.046831975 ], [ 25.392672083, 50.048940444 ], [ 25.416200804, 50.049802223 ], [ 25.431391495, 50.052967657 ], [ 25.438818827, 50.07224097 ], [ 25.450966245, 50.074673528 ], [ 25.451259846, 50.081069001 ], [ 25.45717887, 50.082055336 ], [ 25.454107995, 50.094289843 ], [ 25.466057885, 50.094415643 ], [ 25.464748788, 50.098291862 ], [ 25.489024649, 50.101840168 ], [ 25.483997001, 50.114067215 ], [ 25.456005899, 50.116806476 ], [ 25.448389118, 50.124059267 ], [ 25.4493804, 50.15043045 ], [ 25.476011074, 50.16615791 ], [ 25.501992694, 50.164050962 ], [ 25.503437812, 50.161940183 ], [ 25.500061116, 50.159937572 ], [ 25.499413855, 50.15648084 ], [ 25.554111355, 50.150451257 ], [ 25.575712016, 50.176327853 ], [ 25.609556534, 50.162835105 ], [ 25.625379692, 50.152113597 ], [ 25.688130958, 50.17842149 ], [ 25.692682582, 50.178555512 ], [ 25.703261691, 50.171143159 ], [ 25.720734818, 50.173278466 ], [ 25.723574321, 50.175165592 ], [ 25.728962548, 50.186971146 ], [ 25.757170049, 50.17909754 ], [ 25.776275031, 50.18040444 ], [ 25.79591398, 50.185082959 ], [ 25.820616999, 50.181532 ], [ 25.85477307, 50.189784462 ], [ 25.87063598, 50.204589718 ], [ 25.869755442, 50.209539676 ], [ 25.874713915, 50.213872678 ], [ 25.877390644, 50.219344046 ], [ 25.883895079, 50.221621227 ], [ 25.899449476, 50.235065574 ], [ 25.923041534, 50.24829572 ], [ 25.92177621, 50.253871809 ], [ 25.931345405, 50.256138701 ], [ 25.942432987, 50.257225033 ], [ 25.949666518, 50.255832322 ], [ 25.958191155, 50.257374011 ], [ 25.963045552, 50.256218321 ], [ 25.970238858, 50.246349782 ], [ 25.979532, 50.244809 ], [ 25.991652489, 50.246719655 ], [ 25.991929821, 50.24335659 ], [ 26.001454816, 50.239905362 ], [ 26.007444, 50.235391 ], [ 26.008835559, 50.22846871 ], [ 26.019402209, 50.229059456 ], [ 26.060416525, 50.255429327 ], [ 26.07410674, 50.251001828 ], [ 26.165276431, 50.231110122 ], [ 26.165686072, 50.236185193 ], [ 26.169811831, 50.239663436 ], [ 26.170295891, 50.244520973 ], [ 26.191326139, 50.262773325 ], [ 26.217154414, 50.263656421 ], [ 26.21668911, 50.266135705 ], [ 26.220935693, 50.26688644 ], [ 26.221927421, 50.257924982 ], [ 26.216968509, 50.25581290200001 ], [ 26.218122778, 50.230166881 ], [ 26.203761537, 50.230625443 ], [ 26.194850652, 50.227286947 ], [ 26.188248756, 50.229932815 ], [ 26.185369092, 50.229129823 ], [ 26.18524565, 50.216885848 ], [ 26.19162112, 50.218411631 ], [ 26.179273, 50.197093 ], [ 26.193024328, 50.193742887 ], [ 26.191727, 50.191444999 ], [ 26.199134156, 50.18641891 ], [ 26.211239213, 50.184699945 ], [ 26.220448925, 50.17969946 ], [ 26.229650752, 50.172066243 ], [ 26.231256668, 50.173232456 ], [ 26.238837179, 50.173023738 ], [ 26.239833449, 50.17428665 ], [ 26.240272232, 50.17330588 ], [ 26.243599364, 50.17460398 ], [ 26.24475415, 50.173806083 ], [ 26.24601247, 50.176614847 ], [ 26.24841754, 50.176231129 ], [ 26.251572821, 50.178935187 ], [ 26.257416456, 50.180158608 ], [ 26.26489557, 50.178316705 ], [ 26.273466106, 50.178748874 ], [ 26.273980395, 50.180658186 ], [ 26.281545652, 50.183488198 ], [ 26.28255841, 50.181701465 ], [ 26.288407948, 50.18126678 ], [ 26.288958591, 50.186123063 ], [ 26.2939609, 50.1880215 ], [ 26.294871909, 50.19112165 ], [ 26.305430238, 50.198969215 ], [ 26.304952258, 50.202407798 ], [ 26.301608807, 50.205136088 ], [ 26.305082345, 50.208646244 ], [ 26.305517323, 50.213053458 ], [ 26.313854547, 50.215399707 ], [ 26.315845312, 50.219162956 ], [ 26.324709304, 50.225236802 ], [ 26.323983425, 50.231146621 ], [ 26.328907849, 50.231233096 ], [ 26.332448199, 50.234627925 ], [ 26.341087707, 50.235704503 ], [ 26.342942308, 50.236786177 ], [ 26.341432408, 50.237605603 ], [ 26.345143956, 50.238112219 ], [ 26.345422642, 50.239463331 ], [ 26.349104627, 50.238425575 ], [ 26.351736724, 50.241840882 ], [ 26.360291995, 50.246515251 ], [ 26.359856142, 50.249811915 ], [ 26.361847095, 50.251595295 ], [ 26.372209596, 50.252824688 ], [ 26.376415161, 50.251118711 ], [ 26.38132906, 50.252948144 ], [ 26.383334025, 50.255075563 ], [ 26.381308572, 50.257624325 ], [ 26.383382739, 50.258317771 ], [ 26.382852759, 50.260629913 ], [ 26.388965172, 50.261263708 ], [ 26.389893738, 50.262941241 ], [ 26.395685491, 50.263677354 ], [ 26.396042863, 50.265134399 ], [ 26.398833281, 50.265234903 ], [ 26.398762537, 50.263870459 ], [ 26.405296457, 50.263951464 ], [ 26.407034833, 50.262318686 ], [ 26.40797683, 50.263381575 ], [ 26.409850391, 50.261635062 ], [ 26.416431456, 50.263153173 ], [ 26.416446484, 50.261068878 ], [ 26.419188013, 50.262082434 ], [ 26.419140132, 50.260537769 ], [ 26.424086149, 50.260829334 ], [ 26.426925975, 50.262630351 ], [ 26.42895919, 50.26039379 ], [ 26.43293917, 50.260059841 ], [ 26.435846774, 50.261961629 ], [ 26.435971352, 50.2603429 ], [ 26.440821794, 50.26064652 ], [ 26.445351776, 50.263857918 ], [ 26.452709296, 50.264630352 ], [ 26.454966284, 50.262844461 ], [ 26.452102395, 50.260351253 ], [ 26.471695392, 50.260518843 ], [ 26.478776402, 50.264989134 ], [ 26.48864658, 50.265683059 ], [ 26.493862285, 50.262913554 ], [ 26.504455047, 50.26165015 ], [ 26.50632899, 50.264256835 ], [ 26.492576111, 50.267796528 ], [ 26.498399995, 50.271959522 ], [ 26.494661333, 50.274560692 ], [ 26.493471913, 50.279416263 ], [ 26.499749162, 50.283428351 ], [ 26.502510772, 50.281667949 ], [ 26.505142702, 50.284680746 ], [ 26.514649694, 50.281412089 ], [ 26.51462182, 50.284340878 ], [ 26.508395263, 50.288880893 ], [ 26.511605286, 50.290222291 ], [ 26.515023512, 50.289699122 ], [ 26.51422075, 50.293999643 ], [ 26.516423807, 50.297490577 ], [ 26.519704111, 50.296959535 ], [ 26.522549924, 50.298250445 ], [ 26.523436012, 50.301782265 ], [ 26.519756752, 50.305092408 ], [ 26.527064824, 50.310949486 ], [ 26.532547365, 50.306617047 ], [ 26.548003504, 50.307230678 ], [ 26.542520617, 50.318551266 ], [ 26.560642921, 50.316993288 ], [ 26.563602423, 50.32138611 ], [ 26.55272899, 50.330254716 ], [ 26.571643734, 50.334646687 ], [ 26.584681602, 50.340604526 ], [ 26.586610787, 50.339649458 ], [ 26.587952637, 50.345799757 ], [ 26.601868553, 50.368240796 ], [ 26.623034013, 50.371129047 ], [ 26.647964205, 50.364575302 ], [ 26.659506194, 50.392214863 ], [ 26.682467449, 50.389312571 ], [ 26.692017727, 50.420112088 ], [ 26.712585383, 50.416961954 ], [ 26.717582824, 50.445765031 ], [ 26.723293228, 50.444298168 ], [ 26.7369189, 50.444292869 ], [ 26.738923848, 50.452142927 ], [ 26.727766596, 50.457741795 ], [ 26.73039827, 50.462004461 ], [ 26.734422942, 50.462363008 ], [ 26.736200954, 50.471790562 ], [ 26.734398756, 50.477254585 ], [ 26.745169207, 50.479600523 ], [ 26.746935546, 50.472410377 ], [ 26.7431235, 50.464385384 ], [ 26.740530336, 50.463992016 ], [ 26.74116824, 50.461205917 ], [ 26.758273885, 50.463411079 ], [ 26.765892101, 50.461334557 ], [ 26.766737062, 50.467177846 ], [ 26.769637676, 50.467518362 ], [ 26.7704387, 50.464244324 ], [ 26.772307498, 50.463992654 ], [ 26.774809172, 50.467525302 ], [ 26.778932311, 50.466579566 ], [ 26.786549859, 50.467714096 ], [ 26.789178344, 50.475247675 ], [ 26.774011114, 50.473718385 ], [ 26.774445704, 50.471678211 ], [ 26.761561361, 50.470457004 ], [ 26.760023173, 50.476700412 ], [ 26.768591211, 50.477479994 ], [ 26.766902035, 50.48458468 ], [ 26.768246243, 50.487649252 ], [ 26.76504299, 50.489080574 ], [ 26.767738303, 50.491431486 ], [ 26.775766765, 50.489971676 ], [ 26.7815404, 50.49555099 ], [ 26.781434966, 50.497886467 ], [ 26.777581663, 50.499446182 ], [ 26.778338111, 50.502128072 ], [ 26.783841145, 50.501663001 ], [ 26.789157322, 50.50358433000001 ], [ 26.801576871, 50.502169979 ], [ 26.817377416, 50.502526488 ], [ 26.819192811, 50.514141485 ], [ 26.827239278, 50.523066855 ], [ 26.83474601, 50.522657909 ], [ 26.838627234, 50.515986437 ], [ 26.856317939, 50.509003294 ], [ 26.86025117, 50.515250157 ], [ 26.872291519, 50.521097908 ], [ 26.879302502, 50.534169668 ], [ 26.899663914, 50.546353328 ], [ 26.916487871, 50.537353645 ], [ 26.924793972, 50.536092612 ], [ 26.935974939, 50.531495164 ], [ 26.941872152, 50.530076618 ], [ 26.966883123, 50.529162842 ], [ 26.982791461, 50.522743465 ], [ 26.988354229, 50.533377535 ], [ 27.007530049, 50.539617958 ], [ 27.017519485, 50.559002554 ], [ 27.050872, 50.551928556 ], [ 27.071440547, 50.551108419 ], [ 27.075770914, 50.5548453 ], [ 27.064740749, 50.561980576 ], [ 27.07037019, 50.569283672 ], [ 27.071814291, 50.57526009 ], [ 27.078353301, 50.576197571 ], [ 27.076118263, 50.577572222 ], [ 27.079462597, 50.583675987 ], [ 27.087690127, 50.579853375 ], [ 27.090070232, 50.587734804 ], [ 27.103265287, 50.583689596 ], [ 27.108019526, 50.590350247 ], [ 27.111346313, 50.591385476 ], [ 27.111467492, 50.593630608 ], [ 27.117906023, 50.594955446 ], [ 27.120226178, 50.590472213 ], [ 27.130505824, 50.587861056 ], [ 27.127130831, 50.575375868 ], [ 27.123915781, 50.573455635 ], [ 27.130690698, 50.560865164 ], [ 27.153541084, 50.563113668 ], [ 27.172165544, 50.561227242 ], [ 27.196326655, 50.562095923 ], [ 27.210898805, 50.563762976 ], [ 27.211330263, 50.565363638 ], [ 27.231163619, 50.566737584 ], [ 27.215155931, 50.588387117 ], [ 27.22363101, 50.59914498 ], [ 27.224818114, 50.606042092 ], [ 27.210437028, 50.610315395 ], [ 27.208312326, 50.612635909 ], [ 27.204250862, 50.612511454 ], [ 27.198019199, 50.619539916 ], [ 27.189686285, 50.620848882 ], [ 27.189670132, 50.623478661 ], [ 27.186400459, 50.625320463 ], [ 27.190981662, 50.62741054 ], [ 27.19749409, 50.626444699 ], [ 27.205470753, 50.62861684 ], [ 27.200194614, 50.630389111 ], [ 27.200511523, 50.632705781 ], [ 27.21372354, 50.639634668 ], [ 27.211350607, 50.641255616 ], [ 27.209502753, 50.640694756 ], [ 27.210731459, 50.641410536 ], [ 27.207503729, 50.643710129 ], [ 27.21236947, 50.647101672 ], [ 27.211001958, 50.652554206 ], [ 27.213524508, 50.657529282 ], [ 27.20405417, 50.659409769 ], [ 27.201277203, 50.663161539 ], [ 27.2054504, 50.667491445 ], [ 27.206383318, 50.666537616 ], [ 27.212761613, 50.670043682 ], [ 27.220271681, 50.670110822 ], [ 27.222140118, 50.672809728 ], [ 27.227737702, 50.670801481 ], [ 27.23055764, 50.67360762500001 ], [ 27.238497731, 50.672681371 ], [ 27.240824575, 50.6747157 ], [ 27.24459731, 50.673073992 ], [ 27.251276582, 50.689066426 ], [ 27.254313459, 50.689297038 ], [ 27.253475395, 50.69163993 ], [ 27.251966711, 50.690779311 ], [ 27.25003646, 50.692805966 ], [ 27.252217719, 50.692310115 ], [ 27.251515357, 50.693975958 ], [ 27.261270312, 50.698681553 ], [ 27.258031316, 50.701620817 ], [ 27.258708869, 50.703559719 ], [ 27.262701078, 50.706119629 ], [ 27.263332755, 50.708680259 ], [ 27.267238085, 50.709667005 ], [ 27.266518744, 50.711028733 ], [ 27.272238421, 50.71184850400001 ], [ 27.275728361, 50.722300395 ], [ 27.270206121, 50.72947814 ], [ 27.272256752, 50.733594998 ], [ 27.270682485, 50.735832478 ], [ 27.267412319, 50.736236855 ], [ 27.268960244, 50.738078085 ], [ 27.266640656, 50.73844599000001 ], [ 27.267120261, 50.740352437 ], [ 27.264136997, 50.741662891 ], [ 27.265427845, 50.743467186 ], [ 27.262616458, 50.745663769 ], [ 27.270852711, 50.755212631 ], [ 27.270456661, 50.763336487 ], [ 27.26486835, 50.763775444 ], [ 27.260876519, 50.761762329 ], [ 27.2583469, 50.764549131 ], [ 27.259289892, 50.76641131200001 ], [ 27.241722626, 50.77032456100001 ], [ 27.243552701, 50.772508553 ], [ 27.239890344, 50.776632591 ], [ 27.243429214, 50.792846656 ], [ 27.233974108, 50.795931554 ], [ 27.234111342, 50.802068103 ], [ 27.237004122, 50.806199335 ], [ 27.234315212, 50.811692137 ], [ 27.239090967, 50.814332802 ], [ 27.237866969, 50.822911717 ], [ 27.241837522, 50.828067313 ], [ 27.236019282, 50.835839978 ], [ 27.231462272, 50.838774887 ], [ 27.235560779, 50.840165023 ], [ 27.235936369, 50.845342607 ], [ 27.238998009, 50.849610033 ], [ 27.24896896, 50.856819615 ], [ 27.244186719, 50.869320047 ], [ 27.252738044, 50.881721642 ], [ 27.24633829, 50.883239298 ], [ 27.256250983, 50.895971432 ], [ 27.234047268, 50.906392379 ], [ 27.235752303, 50.910273309 ], [ 27.233351938, 50.910635599 ], [ 27.233495583, 50.9121059 ], [ 27.224803502, 50.911025006 ], [ 27.217315548, 50.9180189 ], [ 27.215255425, 50.925898762 ], [ 27.217241261, 50.925532755 ], [ 27.220465103, 50.930831861 ], [ 27.224141051, 50.929893277 ], [ 27.228399967, 50.932867454 ], [ 27.237682847, 50.935186889 ], [ 27.238831731, 50.936857671 ], [ 27.233956327, 50.938145354 ], [ 27.238346285, 50.945400953 ], [ 27.232179137, 50.946881863 ], [ 27.233988885, 50.948886493 ], [ 27.223242475, 50.952072745 ], [ 27.225788815, 50.962157969 ], [ 27.219424778, 50.973103322 ], [ 27.203750371, 50.988964744 ], [ 27.199990048, 51.000175676 ], [ 27.211517725, 51.004233161 ], [ 27.21570412, 51.008595368 ], [ 27.226261085, 51.00792201 ], [ 27.228741125, 51.021606015 ], [ 27.220174509, 51.027582815 ], [ 27.219361966, 51.030097889 ], [ 27.276602704, 51.032706701 ], [ 27.277890637, 51.040258229 ], [ 27.325908208, 51.042221176 ], [ 27.317383946, 51.052725871 ], [ 27.324189271, 51.06899607 ], [ 27.322293468, 51.076172713 ], [ 27.324015287, 51.081549965 ], [ 27.333618735, 51.082983174 ], [ 27.336085805, 51.088313094 ], [ 27.354988451, 51.086948659 ], [ 27.353868908, 51.095446503 ], [ 27.366713818, 51.097554243 ], [ 27.364532868, 51.10926433 ], [ 27.368934714, 51.112265108 ], [ 27.364017042, 51.142940185 ], [ 27.370902964, 51.14289501 ], [ 27.380310356, 51.147750849 ], [ 27.373999164, 51.154871951 ], [ 27.398244764, 51.17023294900001 ], [ 27.394412456, 51.172151403 ], [ 27.403962867, 51.182204532 ], [ 27.406011585, 51.187863467 ], [ 27.402405914, 51.18921759700001 ], [ 27.40040974, 51.200710582 ], [ 27.415894384, 51.201795128 ], [ 27.442803551, 51.222563886 ], [ 27.458094795, 51.223779613 ], [ 27.46352122, 51.236303826 ], [ 27.472947272, 51.237248012 ], [ 27.471757752, 51.240528176 ], [ 27.465220683, 51.244554295 ], [ 27.463445226, 51.247717992 ], [ 27.454412884, 51.248077021 ], [ 27.454068513, 51.252945994 ], [ 27.449716379, 51.2534741 ], [ 27.447359623, 51.258219637 ], [ 27.454289791, 51.258221323 ], [ 27.451257147, 51.261312248 ], [ 27.46139126, 51.264147282 ], [ 27.44823736, 51.282003708 ], [ 27.440728923, 51.310542015 ], [ 27.490002234, 51.315596373 ], [ 27.49977815, 51.322250116 ], [ 27.511039054, 51.335098536 ], [ 27.522213844, 51.341739975 ], [ 27.522288983, 51.347164488 ], [ 27.527615831, 51.353441536 ], [ 27.524116269, 51.360144286 ], [ 27.526065816, 51.366391914 ], [ 27.494736078, 51.374730403 ], [ 27.492080835, 51.408078059 ], [ 27.499413355, 51.4178687 ], [ 27.499270168, 51.422948958 ], [ 27.504931283, 51.435068543 ], [ 27.505020509, 51.451485836 ], [ 27.534478346, 51.452945807 ], [ 27.526485177, 51.44307518 ], [ 27.533106554, 51.434746096 ], [ 27.531881376, 51.429573788 ], [ 27.553562544, 51.41969154200001 ], [ 27.56793374, 51.415635834 ], [ 27.573407668, 51.411562277 ], [ 27.583723059, 51.407394408 ], [ 27.584392723, 51.401645596 ], [ 27.614142399, 51.402950785 ], [ 27.613514543, 51.410135664 ], [ 27.603127083, 51.414462001 ], [ 27.604784347, 51.420193335 ], [ 27.599620109, 51.422034266 ], [ 27.59895117, 51.430188572 ], [ 27.582494451, 51.429730639 ], [ 27.578845059, 51.478483318 ], [ 27.623314737, 51.482882683 ], [ 27.646413625, 51.497749537 ], [ 27.648429451, 51.501760884 ], [ 27.669125962, 51.496952819 ], [ 27.662949517, 51.517297257 ], [ 27.67815163, 51.519593721 ], [ 27.67649736, 51.539497417 ], [ 27.703929939, 51.55471503 ], [ 27.7204807, 51.561291275 ], [ 27.729500633, 51.59211532 ], [ 27.725093007, 51.594793294 ], [ 27.722922046, 51.603444042 ], [ 27.701971405, 51.605692818 ], [ 27.689408422, 51.604381307 ], [ 27.687805395, 51.607785382 ], [ 27.684273209, 51.608309692 ], [ 27.683641214, 51.611745899 ], [ 27.668050123, 51.610997498 ], [ 27.645524188, 51.615993945 ], [ 27.64114394, 51.610940601 ], [ 27.618963179, 51.60544243 ], [ 27.549991684, 51.637176009 ], [ 27.539895118, 51.620566282 ], [ 27.517969352, 51.636326526 ], [ 27.507994234, 51.628819174 ], [ 27.512334411, 51.607258709 ], [ 27.527906224, 51.607680023 ], [ 27.514531565, 51.59226464 ], [ 27.503405983, 51.587185773 ], [ 27.482223308, 51.59328689 ], [ 27.479666165, 51.602584035 ], [ 27.487422337, 51.608579627 ], [ 27.486627302, 51.612325116 ], [ 27.482778542, 51.614489235 ], [ 27.468174785, 51.606036527 ], [ 27.455812159, 51.610817864 ], [ 27.45413066, 51.619716575 ], [ 27.426861362, 51.614025904 ], [ 27.42718429, 51.605722441 ], [ 27.425363854, 51.605550002 ], [ 27.392752628, 51.604863686 ], [ 27.359187282, 51.615886026 ], [ 27.343793157, 51.60587942 ], [ 27.267277523, 51.606219913 ], [ 27.268198637, 51.602367589 ], [ 27.240256138, 51.601751942 ], [ 27.248866745, 51.609743295 ], [ 27.244629678, 51.621103599 ], [ 27.271385241, 51.645352219 ], [ 27.272758143, 51.654327194 ], [ 27.250014034, 51.667176561 ], [ 27.208195504, 51.66385183 ], [ 27.201321615, 51.773441657 ], [ 26.994577173, 51.768833897 ], [ 26.94821169, 51.735883838 ], [ 26.913475845, 51.747655509 ], [ 26.905100706, 51.749043409 ], [ 26.895250502, 51.746622192 ], [ 26.885384509, 51.750016527 ], [ 26.876713753, 51.747648164 ], [ 26.846966138, 51.765679454 ], [ 26.816722715, 51.762681833 ], [ 26.807079532, 51.75529188 ], [ 26.790796565, 51.756992836 ], [ 26.786974913, 51.761109394 ], [ 26.791475139, 51.763722392 ], [ 26.788514585, 51.766066759 ], [ 26.777734253, 51.764717901 ], [ 26.776938364, 51.767769039 ], [ 26.764415533, 51.774214577 ], [ 26.75320519, 51.772626951 ], [ 26.751664477, 51.773824047 ], [ 26.753717502, 51.775002522 ], [ 26.7557727, 51.774168183 ], [ 26.753574117, 51.776833931 ], [ 26.757220968, 51.777870781 ], [ 26.754140589, 51.779507548 ], [ 26.758690313, 51.780557716 ], [ 26.757801092, 51.783011734 ], [ 26.756638513, 51.780827132 ], [ 26.754425761, 51.781052194 ], [ 26.755624517, 51.786175649 ], [ 26.760382605, 51.785036082 ], [ 26.758314224, 51.786812642 ], [ 26.758893667, 51.789816629 ], [ 26.756373641, 51.790082537 ], [ 26.758600734, 51.792196657 ], [ 26.75754329, 51.794192792 ], [ 26.749841337, 51.794279222 ], [ 26.750518122, 51.798084872 ], [ 26.75479661, 51.797917621 ], [ 26.751000419, 51.799648384 ], [ 26.754008764, 51.80093806 ], [ 26.718829587, 51.812610777 ], [ 26.708428945, 51.811177582 ], [ 26.704764822, 51.812294468 ], [ 26.691695735, 51.82338754300001 ], [ 26.656775976, 51.825120676 ], [ 26.644292204, 51.823913286 ], [ 26.6118071, 51.824539959 ], [ 26.602380965, 51.829094442 ], [ 26.59539374, 51.829023035 ], [ 26.592736076, 51.830955441 ], [ 26.590248247, 51.820824796 ], [ 26.552111323, 51.812738629 ], [ 26.555669947, 51.804324252 ], [ 26.546599683, 51.796282153 ], [ 26.46988875, 51.799807618 ], [ 26.4692391, 51.812122895 ], [ 26.438812197, 51.818102395 ], [ 26.42740229, 51.833029503 ], [ 26.395720888, 51.831115601 ], [ 26.395239822, 51.878281687 ], [ 26.371025169, 51.862964192 ], [ 26.328782361, 51.863690113 ], [ 26.303559487, 51.859984741 ], [ 26.28960424, 51.868243148 ], [ 26.279007028, 51.866040569 ], [ 26.275750341, 51.871415222 ], [ 26.226953526, 51.869666816 ], [ 26.220833982, 51.87087142 ], [ 26.221011501, 51.866504718 ], [ 26.217264501, 51.867280586 ], [ 26.190806798, 51.86231282 ], [ 26.175390209, 51.869302831 ], [ 26.170979256, 51.865657819 ], [ 26.172740322, 51.868465214 ], [ 26.168714135, 51.866547908 ], [ 26.155826079, 51.86682440300001 ], [ 26.15696417, 51.878832659 ], [ 26.144714517, 51.879264915 ], [ 26.146628036, 51.87669969200001 ], [ 26.141847136, 51.874323616 ], [ 26.132650733, 51.88046630600001 ], [ 26.125203587, 51.893517946 ], [ 26.121206593, 51.892879341 ], [ 26.112677112, 51.897522926 ], [ 26.10401717, 51.899424124 ], [ 26.095142814, 51.912237081 ], [ 26.048220707, 51.913569195 ], [ 26.043233532, 51.925594918 ], [ 26.000240842, 51.930706231 ], [ 25.999568623, 51.93341969 ], [ 25.995401006, 51.933348315 ], [ 25.998201009, 51.932042329 ], [ 25.995816137, 51.931129892 ], [ 25.987988241, 51.931833644 ], [ 25.984713155, 51.928769864 ], [ 25.981229421, 51.929672326 ], [ 25.981113571, 51.927311373 ], [ 25.978639521, 51.928488939 ], [ 25.974211311, 51.925663058 ], [ 25.972010937, 51.92560897100001 ], [ 25.972674484, 51.927556014 ], [ 25.967050432, 51.92714519 ], [ 25.966423026, 51.922223828 ], [ 25.965441949, 51.924636302 ], [ 25.958688273, 51.922511788 ], [ 25.956143167, 51.923027271 ], [ 25.953192475, 51.921600144 ], [ 25.95482648, 51.919098904 ], [ 25.950114334, 51.920447892 ], [ 25.950217766, 51.922266845 ], [ 25.943550978, 51.920854009 ], [ 25.943412856, 51.91870372 ], [ 25.938690926, 51.917668384 ], [ 25.937163322, 51.915697648 ], [ 25.932924878, 51.917523759 ], [ 25.928814431, 51.915583511 ], [ 25.923227958, 51.915474862 ], [ 25.906016812, 51.921124953 ], [ 25.89217541, 51.919200565 ], [ 25.880490314, 51.922356781 ], [ 25.873078418, 51.92087768 ], [ 25.86516728, 51.925179039 ], [ 25.825502469, 51.924983018 ], [ 25.817935994, 51.929038194 ], [ 25.819494187, 51.937192132 ], [ 25.824493766, 51.936976715 ], [ 25.824578868, 51.942749932 ], [ 25.810080834, 51.946128103 ], [ 25.781397688, 51.945561127 ], [ 25.77971299, 51.949452411 ], [ 25.765488135, 51.94957041 ], [ 25.780063922, 51.922141731 ], [ 25.759773121, 51.924292729 ], [ 25.706250783, 51.916514111 ], [ 25.59269741, 51.92439252 ], [ 25.595192999, 51.918536 ], [ 25.59703442, 51.918367668 ], [ 25.595301455, 51.916446427 ], [ 25.623374001, 51.90546 ], [ 25.629282788, 51.901694174 ], [ 25.67642531, 51.902373004 ], [ 25.705875718, 51.895250108 ], [ 25.688627938, 51.879720356 ], [ 25.678566168, 51.878223702 ], [ 25.670849, 51.873715209 ], [ 25.659652418, 51.870073854 ], [ 25.658211565, 51.863834466 ], [ 25.640123204, 51.848837989 ], [ 25.64025441, 51.833834066 ], [ 25.6453263, 51.828751908 ], [ 25.648984999, 51.828818 ], [ 25.648197926, 51.826091557 ], [ 25.651152992, 51.823547994 ], [ 25.647725058, 51.819932925 ], [ 25.650240077, 51.819167488 ], [ 25.648359618, 51.816217523 ], [ 25.643282325, 51.817278404 ], [ 25.642995016, 51.815615625 ], [ 25.636766129, 51.814269002 ], [ 25.634535381, 51.81232293 ], [ 25.636761907, 51.808101539 ], [ 25.635341782, 51.806701117 ], [ 25.632029453, 51.806969214 ], [ 25.631300071, 51.803855029 ], [ 25.646981849, 51.795223526 ], [ 25.648259301, 51.789387907 ], [ 25.654110089, 51.789471734 ], [ 25.659524899, 51.783398361 ], [ 25.655085368, 51.781285224 ], [ 25.649724775, 51.766770628 ], [ 25.653244772, 51.766534287 ], [ 25.656065993, 51.763951752 ], [ 25.659207471, 51.764616231 ], [ 25.670333143, 51.77205891700001 ], [ 25.682667405, 51.755903355 ], [ 25.675265012, 51.744849769 ], [ 25.674987576, 51.740900664 ], [ 25.661665834, 51.730457011 ], [ 25.665963868, 51.724472265 ], [ 25.665666827, 51.719999506 ], [ 25.648249278, 51.708150942 ], [ 25.65115812, 51.703969817 ], [ 25.649088083, 51.694140905 ], [ 25.645738359, 51.691469881 ], [ 25.6363366, 51.68867621 ], [ 25.638442252, 51.682520055 ], [ 25.640944999, 51.68137 ], [ 25.634703325, 51.674016609 ], [ 25.625842439, 51.671952343 ], [ 25.626892367, 51.665462478 ], [ 25.618547731, 51.657980034 ], [ 25.618692461, 51.653856612 ], [ 25.60851356, 51.641205411 ], [ 25.588609398, 51.644555079 ], [ 25.577574989, 51.624708073 ], [ 25.566773811, 51.626395087 ], [ 25.567700835, 51.632748486 ], [ 25.533852284, 51.631328715 ], [ 25.532634, 51.614482 ], [ 25.54305, 51.616758 ], [ 25.541706, 51.619503999 ], [ 25.555246, 51.624345 ], [ 25.563539, 51.603254 ], [ 25.582134502, 51.60572336100001 ], [ 25.585141001, 51.594045001 ], [ 25.602435, 51.582603999 ], [ 25.595876525, 51.562330537 ], [ 25.5852589, 51.561122488 ], [ 25.574242001, 51.554587 ], [ 25.565176, 51.539964 ], [ 25.595823, 51.528890001 ], [ 25.597522001, 51.525144 ], [ 25.594910999, 51.522193 ], [ 25.551914489, 51.512879653 ], [ 25.555387407, 51.500774853 ], [ 25.61032832, 51.507167787 ], [ 25.602235379, 51.493440139 ], [ 25.623050001, 51.493215999 ], [ 25.617958475, 51.477209568 ], [ 25.64180141, 51.479452516 ], [ 25.646266684, 51.444100285 ], [ 25.636141, 51.438449001 ], [ 25.646490962, 51.417063978 ], [ 25.654083321, 51.418370083 ], [ 25.658139077, 51.412447168 ], [ 25.668983712, 51.414072586 ], [ 25.67959885, 51.410769643 ], [ 25.687572661, 51.404610075 ], [ 25.690755436, 51.390775888 ], [ 25.702955697, 51.39368393 ], [ 25.704419013, 51.388087127 ], [ 25.70108152, 51.386331348 ], [ 25.704119489, 51.383852155 ], [ 25.695750924, 51.383013291 ], [ 25.70009611, 51.375995969 ], [ 25.703731975, 51.377202044 ], [ 25.703855847, 51.380576907 ], [ 25.711551067, 51.382055053 ], [ 25.71981258, 51.379872045 ], [ 25.724777431, 51.380622989 ], [ 25.723694785, 51.384423845 ], [ 25.717314461, 51.388844521 ], [ 25.726405, 51.396596 ], [ 25.724855309, 51.400141514 ], [ 25.759832191, 51.400378845 ], [ 25.755286085, 51.38117723300001 ], [ 25.781163816, 51.374278935 ], [ 25.788960791, 51.37872745 ], [ 25.807122769, 51.374644409 ], [ 25.831112828, 51.387150096 ], [ 25.843825523, 51.375750308 ], [ 25.840689293, 51.373065417 ], [ 25.836674596, 51.37443674 ], [ 25.836918101, 51.372602731 ], [ 25.829496687, 51.370534917 ], [ 25.827117119, 51.366388142 ], [ 25.834773568, 51.361947967 ], [ 25.826899128, 51.349308523 ], [ 25.82353477, 51.349567572 ], [ 25.821148891, 51.345588464 ], [ 25.82306362, 51.343124343 ], [ 25.829666635, 51.342146103 ], [ 25.830784842, 51.33396568 ], [ 25.839027987, 51.333752006 ], [ 25.84090756, 51.329279696 ], [ 25.844230957, 51.33010348 ], [ 25.84565881, 51.326236219 ], [ 25.843802973, 51.322391985 ], [ 25.851091576, 51.318007808 ], [ 25.857775264, 51.320425873 ], [ 25.856441417, 51.318299277 ], [ 25.864821346, 51.317687286 ], [ 25.864294583, 51.315343444 ], [ 25.866493497, 51.317887542 ], [ 25.869348967, 51.318087346 ], [ 25.868975628, 51.316126928 ], [ 25.872326447, 51.315817529 ], [ 25.87274794, 51.314131877 ], [ 25.875750429, 51.314675285 ], [ 25.878488849, 51.312077619 ], [ 25.875097805, 51.304393969 ], [ 25.887609736, 51.305405891 ], [ 25.887946784, 51.302685774 ], [ 25.884555364, 51.301084522 ], [ 25.888149438, 51.301137678 ], [ 25.886898159, 51.29817999 ], [ 25.893138191, 51.30078909400001 ], [ 25.897676217, 51.300298865 ], [ 25.896799165, 51.293989065 ], [ 25.894342865, 51.292291389 ], [ 25.898134835, 51.291018056 ], [ 25.901521012, 51.293007055 ], [ 25.906980157, 51.288848239 ], [ 25.915405411, 51.288904717 ], [ 25.917037796, 51.286606501 ], [ 25.920893151, 51.285798755 ], [ 25.917658856, 51.284791899 ], [ 25.920791122, 51.283409388 ], [ 25.922113757, 51.280062761 ], [ 25.926432986, 51.27832325 ], [ 25.929404506, 51.278913547 ], [ 25.930839332, 51.276755693 ], [ 25.938292453, 51.277754782 ], [ 25.933166202, 51.274477377 ], [ 25.93794062, 51.27196552600001 ], [ 25.935522425, 51.271497175 ], [ 25.934235304, 51.272748908 ], [ 25.930560766, 51.270003399 ], [ 25.932797545, 51.271068554 ], [ 25.936189124, 51.269177098 ], [ 25.935901479, 51.266852769 ], [ 25.932980249, 51.267123609 ], [ 25.93757, 51.264005 ], [ 25.935037542, 51.262031696 ], [ 25.931157784, 51.263760183 ], [ 25.934466151, 51.255712839 ], [ 25.938118327, 51.258138735 ], [ 25.942173494, 51.251902392 ], [ 25.947174203, 51.250745643 ], [ 25.947489845, 51.247642856 ], [ 25.944628358, 51.244830231 ], [ 25.94744077, 51.243886457 ], [ 25.94459087, 51.241431997 ], [ 25.94692252, 51.240014979 ], [ 25.944332222, 51.236861291 ], [ 25.94604693, 51.232558929 ], [ 25.995721884, 51.227816909 ], [ 26.065390638, 51.179356878 ], [ 26.067731826, 51.176884382 ], [ 26.058117097, 51.172140126 ], [ 26.061008615, 51.166070197 ], [ 26.07083594, 51.155572486 ], [ 26.067188704, 51.147946654 ], [ 26.058686787, 51.142609409 ], [ 26.046138504, 51.141917571 ], [ 26.043202914, 51.139483059 ], [ 26.011778532, 51.130850368 ], [ 26.008404481, 51.140209029 ], [ 25.993246361, 51.139258415 ], [ 25.994730077, 51.123395082 ], [ 25.97990276, 51.122787471 ], [ 25.972067458, 51.125390692 ], [ 25.959446846, 51.125723736 ], [ 25.941607685, 51.119373354 ], [ 25.938191217, 51.112513788 ], [ 25.949878141, 51.103207 ], [ 25.948956843, 51.09569055 ], [ 25.9439596, 51.093762739 ], [ 25.946556703, 51.08688466 ], [ 25.944136387, 51.085007745 ], [ 25.941344244, 51.086082324 ], [ 25.941586794, 51.083993231 ], [ 25.982220513, 51.077549695 ], [ 25.99737123, 51.07872926 ], [ 26.017503591, 51.083097513 ], [ 26.090910339, 51.050973523 ], [ 26.107271712, 51.005249524 ], [ 26.088122688, 51.00419026 ], [ 26.085684649, 51.002792603 ], [ 26.078965263, 50.990088256 ], [ 26.082826001, 50.97318 ], [ 26.080748, 50.971668 ], [ 26.069371862, 50.97211378 ], [ 26.060885601, 50.970174513 ], [ 26.047980965, 50.97204923 ], [ 26.019068574, 50.963429938 ], [ 26.00106222, 50.964554292 ], [ 25.990574549, 50.960956983 ], [ 25.983470858, 50.96151967 ], [ 25.966323767, 50.95743056100001 ], [ 26.000699294, 50.935390606 ], [ 25.991678717, 50.865835956 ], [ 25.999461032, 50.862015923 ], [ 26.007497864, 50.865694878 ], [ 26.014157001, 50.865831 ], [ 26.032601131, 50.853907106 ], [ 26.032018214, 50.852563642 ], [ 26.037667048, 50.85082411 ], [ 26.036776643, 50.845972526 ], [ 26.039503938, 50.8417392 ], [ 26.029541471, 50.840294692 ], [ 26.028779347, 50.834158223 ], [ 26.027117253, 50.834268085 ], [ 26.02187621, 50.821044349 ], [ 26.012965464, 50.823728242 ], [ 26.012107196, 50.822628083 ], [ 26.007592181, 50.823233189 ], [ 25.999608714, 50.81961729 ], [ 25.989676741, 50.8235578 ], [ 25.97764455, 50.82101718700001 ], [ 25.969298347, 50.826464828 ], [ 25.957982401, 50.824348997 ], [ 25.955118382, 50.826742959 ], [ 25.956830468, 50.828452403 ], [ 25.954317537, 50.829798263 ], [ 25.947446194, 50.826193152 ], [ 25.94324661, 50.827382089 ], [ 25.943055836, 50.829311484 ], [ 25.933222, 50.830757001 ], [ 25.930236893, 50.829654005 ], [ 25.922796016, 50.832340055 ], [ 25.916739997, 50.829128196 ], [ 25.910171266, 50.832551602 ], [ 25.906473118, 50.831155141 ], [ 25.908704671, 50.815624943 ], [ 25.898907762, 50.811488642 ], [ 25.892171, 50.803108 ], [ 25.887471492, 50.786354868 ], [ 25.887149202, 50.764970818 ], [ 25.877036, 50.753321 ], [ 25.871853798, 50.738627853 ], [ 25.877191047, 50.720288404 ], [ 25.874087308, 50.719686707 ], [ 25.875452, 50.716853999 ], [ 25.877766622, 50.717296933 ], [ 25.877496837, 50.710290312 ], [ 25.879325851, 50.708129321 ], [ 25.870511982, 50.696486223 ], [ 25.869180606, 50.68727604 ], [ 25.853726699, 50.676557563 ], [ 25.85064192, 50.668876873 ], [ 25.823525437, 50.64673768 ], [ 25.826381109, 50.64123066 ], [ 25.84391482, 50.63119786 ], [ 25.829335397, 50.61981204 ], [ 25.825419311, 50.620893862 ], [ 25.817835369, 50.628269899 ], [ 25.818632643, 50.632945759 ], [ 25.792549109, 50.666704296 ], [ 25.795213895, 50.669516748 ], [ 25.786275947, 50.669811938 ], [ 25.772883479, 50.676255718 ], [ 25.742345953, 50.669688561 ], [ 25.708798965, 50.671456654 ], [ 25.708046932, 50.679143642 ], [ 25.722097437, 50.683508816 ], [ 25.706805278, 50.693274468 ], [ 25.703400295, 50.699497617 ], [ 25.695505972, 50.703176278 ], [ 25.69850474, 50.705948628 ], [ 25.693959999, 50.724743 ], [ 25.629350188, 50.714352656 ], [ 25.606876132, 50.71740063 ], [ 25.597414303, 50.714352414 ], [ 25.601669154, 50.696236802 ], [ 25.598245383, 50.69612908 ], [ 25.591839, 50.700197999 ], [ 25.579199732, 50.70008824 ], [ 25.566772223, 50.692931499 ], [ 25.563494365, 50.692274753 ], [ 25.562308605, 50.694634542 ], [ 25.53004627, 50.685087015 ], [ 25.512686533, 50.684387044 ], [ 25.50286954, 50.680828538 ], [ 25.50354861, 50.679692634 ], [ 25.475620797, 50.672454333 ], [ 25.46956063, 50.680045512 ], [ 25.458947923, 50.674819477 ], [ 25.463793814, 50.669255477 ], [ 25.457016094, 50.662515535 ], [ 25.438316201, 50.665340144 ], [ 25.43454365, 50.664761051 ], [ 25.429838174, 50.666818288 ], [ 25.404655132, 50.668985819 ], [ 25.404018928, 50.670792596 ], [ 25.396509692, 50.674312537 ], [ 25.385864926, 50.689034341 ], [ 25.381094001, 50.686484 ], [ 25.375643307, 50.682172976 ], [ 25.381168259, 50.680986382 ], [ 25.387409988, 50.675275461 ], [ 25.388457034, 50.665498949 ], [ 25.384480941, 50.665595222 ], [ 25.386873936, 50.657809675 ], [ 25.379195569, 50.651329124 ], [ 25.371509567, 50.651528433 ], [ 25.37149686, 50.654310486 ], [ 25.362209031, 50.651886969 ], [ 25.358071552, 50.649009982 ], [ 25.357081779, 50.645318694 ], [ 25.355733923, 50.64889104200001 ], [ 25.352872083, 50.649426793 ], [ 25.353910474, 50.643893757 ], [ 25.351205985, 50.641493652 ], [ 25.356672665, 50.639280148 ], [ 25.362778263, 50.64319518 ], [ 25.361370001, 50.639532828 ], [ 25.363630184, 50.637979858 ], [ 25.37121196, 50.634085165 ], [ 25.379696344, 50.633422013 ], [ 25.378174743, 50.63148652 ], [ 25.382978186, 50.631331716 ], [ 25.38603284, 50.629542226 ], [ 25.386156045, 50.628495578 ], [ 25.382467823, 50.62911119 ], [ 25.382481574, 50.624578467 ], [ 25.384583409, 50.623000475 ], [ 25.382882115, 50.619634982 ], [ 25.388614185, 50.617675867 ], [ 25.389711012, 50.615650371 ], [ 25.39299856, 50.616939348 ], [ 25.399606757, 50.615764235 ], [ 25.405759868, 50.611498394 ], [ 25.398351095, 50.607411973 ], [ 25.393923155, 50.608108072 ], [ 25.39113254, 50.605631754 ], [ 25.392387302, 50.607883252 ], [ 25.383336167, 50.609085602 ], [ 25.383141, 50.611490999 ], [ 25.371025, 50.611488999 ], [ 25.370971819, 50.609617989 ], [ 25.349992576, 50.610173451 ], [ 25.348982179, 50.614295736 ], [ 25.327862056, 50.612128648 ], [ 25.322099116, 50.620040802 ], [ 25.31182501, 50.629156194 ], [ 25.29194938, 50.630519487 ], [ 25.292420285, 50.612124126 ], [ 25.300533298, 50.610412427 ], [ 25.299150281, 50.60545176 ], [ 25.304829894, 50.602994121 ], [ 25.300172501, 50.579646702 ], [ 25.318767813, 50.58361389 ], [ 25.32141589, 50.568726764 ], [ 25.315327218, 50.556756331 ], [ 25.31099509, 50.55775956 ], [ 25.310913925, 50.546405527 ], [ 25.305669632, 50.544877131 ], [ 25.301420003, 50.541459806 ], [ 25.300494701, 50.538084002 ], [ 25.295896008, 50.538987798 ], [ 25.279505136, 50.536699573 ], [ 25.270667021, 50.532952362 ], [ 25.243393514, 50.533751496 ], [ 25.246511015, 50.537473305 ], [ 25.23048187, 50.541066437 ], [ 25.191177735, 50.54301086 ], [ 25.188656915, 50.545663163 ], [ 25.191252673, 50.551478889 ], [ 25.150596764, 50.547433644 ], [ 25.136843782, 50.547892328 ], [ 25.123678002, 50.553491 ], [ 25.122419441, 50.543207213 ], [ 25.117318764, 50.537475524 ], [ 25.1221, 50.532989 ], [ 25.122195355, 50.528830251 ], [ 25.144047501, 50.521331238 ], [ 25.151528144, 50.515559882 ], [ 25.152709341, 50.511034435 ], [ 25.157902014, 50.508275624 ], [ 25.159873218, 50.502974103 ], [ 25.16300754, 50.500634217 ], [ 25.159903097, 50.495410129 ], [ 25.158219003, 50.483512201 ], [ 25.150624042, 50.468354444 ], [ 25.149492926, 50.466816393 ], [ 25.139056471, 50.471545009 ], [ 25.136487672, 50.468013327 ], [ 25.113138134, 50.471930151 ], [ 25.103322249, 50.470658044 ], [ 25.090333389, 50.475448878 ], [ 25.084088798, 50.475424015 ], [ 25.094021057, 50.469394643 ], [ 25.113063999, 50.465353 ], [ 25.125011331, 50.461013306 ], [ 25.134990664, 50.460056977 ], [ 25.138311676, 50.461123142 ], [ 25.137988168, 50.452956925 ], [ 25.149266363, 50.452278976 ], [ 25.151752836, 50.446805906 ], [ 25.147588541, 50.44145402 ], [ 25.145270625, 50.441475387 ], [ 25.145665168, 50.439386549 ], [ 25.14155069, 50.441621943 ], [ 25.141914219, 50.438488085 ], [ 25.13697306, 50.436789052 ], [ 25.135991962, 50.433718715 ], [ 25.139509024, 50.431538275 ], [ 25.139129006, 50.428241841 ], [ 25.145699558, 50.427279034 ], [ 25.148423511, 50.429186333 ], [ 25.149449689, 50.427390679 ], [ 25.153613363, 50.429146481 ], [ 25.158543485, 50.428942178 ], [ 25.156471773, 50.425645519 ], [ 25.158059932, 50.422735353 ], [ 25.163029362, 50.418290394 ], [ 25.166699385, 50.418882351 ], [ 25.168290431, 50.417073567 ], [ 25.166955282, 50.412244165 ], [ 25.169182818, 50.411229386 ], [ 25.172682602, 50.401054046 ], [ 25.169409578, 50.400010004 ], [ 25.169357085, 50.395859 ], [ 25.177916225, 50.392633938 ], [ 25.180748848, 50.396142165 ], [ 25.197404924, 50.393399847 ], [ 25.202717517, 50.390695169 ], [ 25.202308126, 50.386341079 ], [ 25.206854772, 50.386409287 ], [ 25.205361066, 50.380772376 ], [ 25.209833776, 50.381195434 ], [ 25.207346941, 50.379750151 ], [ 25.208724141, 50.37286455 ], [ 25.205567163, 50.37397231 ], [ 25.206893571, 50.372030806 ], [ 25.20412006, 50.371581582 ], [ 25.203041636, 50.368536996 ], [ 25.205728295, 50.367974462 ], [ 25.203563635, 50.366727201 ], [ 25.201681005, 50.367397562 ], [ 25.198654022, 50.36310998 ], [ 25.195636348, 50.364561772 ], [ 25.194823159, 50.362511679 ], [ 25.192286472, 50.364367725 ], [ 25.187487798, 50.362927893 ], [ 25.186474542, 50.364933259 ], [ 25.182747439, 50.361745667 ], [ 25.179285913, 50.362194448 ], [ 25.180340216, 50.365607091 ], [ 25.172508453, 50.370789183 ], [ 25.173034433, 50.375548223 ], [ 25.172022043, 50.37699896 ], [ 25.168466374, 50.377265858 ], [ 25.168977081, 50.379707944 ], [ 25.162153701, 50.37953631 ], [ 25.163571752, 50.376514477 ], [ 25.160250728, 50.375950787 ], [ 25.159735571, 50.372988569 ], [ 25.153134738, 50.372020985 ], [ 25.151151683, 50.370046062 ], [ 25.147366305, 50.371428998 ], [ 25.141741004, 50.369149901 ], [ 25.146979918, 50.365268782 ], [ 25.143828884, 50.361748357 ], [ 25.15183983, 50.352041165 ], [ 25.145896373, 50.344247678 ], [ 25.154779439, 50.34082844 ], [ 25.166320912, 50.331112994 ], [ 25.129504321, 50.318414202 ], [ 25.131899365, 50.313284799 ], [ 25.130261181, 50.310641645 ], [ 25.109045871, 50.31221009 ], [ 25.110454238, 50.30518729 ], [ 25.106722115, 50.305467264 ], [ 25.106658907, 50.299980978 ], [ 25.100583366, 50.300389407 ], [ 25.101319947, 50.295058204 ], [ 25.111434105, 50.294281379 ], [ 25.112613117, 50.287237057 ] ] ] } },
{ "type": "Feature", "properties": { "shapeName": "Sumska", "shapeISO": "", "shapeID": "82583831B74892353494024", "shapeGroup": "UKR", "shapeType": "ADM1" }, "geometry": { "type": "Polygon", "coordinates": [ [ [ 34.940784822, 50.152353196 ], [ 34.964152991, 50.155491296 ], [ 34.97355345, 50.158530431 ], [ 34.962061854, 50.184665629 ], [ 34.9773925, 50.182221323 ], [ 34.994140382, 50.183632561 ], [ 35.001471612, 50.182491896 ], [ 35.003706654, 50.180741752 ], [ 35.003065671, 50.178413575 ], [ 35.006219753, 50.177896981 ], [ 35.008908222, 50.184583424 ], [ 35.032528443, 50.180153934 ], [ 35.02960948, 50.166153011 ], [ 35.039577143, 50.164656318 ], [ 35.04282223, 50.166053695 ], [ 35.058677743, 50.18565996000001 ], [ 35.062561265, 50.183619965 ], [ 35.064476156, 50.188057481 ], [ 35.065853627, 50.18749701 ], [ 35.072461394, 50.19546899 ], [ 35.069705888, 50.196512906 ], [ 35.076957436, 50.200550727 ], [ 35.070241344, 50.205882575 ], [ 35.089538497, 50.212333527 ], [ 35.105743721, 50.214478427 ], [ 35.1264809, 50.225579004 ], [ 35.148487136, 50.242569993 ], [ 35.192737517, 50.228484776 ], [ 35.197663529, 50.238225794 ], [ 35.200306664, 50.238093275 ], [ 35.199330906, 50.235516483 ], [ 35.234900274, 50.228244131 ], [ 35.237477838, 50.236530013 ], [ 35.260348641, 50.234563734 ], [ 35.259155611, 50.243288039 ], [ 35.262610761, 50.24830429 ], [ 35.260801643, 50.258781623 ], [ 35.266480128, 50.265473559 ], [ 35.299876532, 50.262477147 ], [ 35.315946061, 50.270784929 ], [ 35.32990489, 50.274218509 ], [ 35.331080939, 50.276703361 ], [ 35.325288055, 50.27759253 ], [ 35.296483528, 50.28966322 ], [ 35.321411254, 50.311520021 ], [ 35.31867303, 50.313573108 ], [ 35.32993711, 50.318670003 ], [ 35.382187016, 50.294559604 ], [ 35.385124904, 50.305974251 ], [ 35.380179999, 50.311234 ], [ 35.37891917, 50.32054424 ], [ 35.396896292, 50.31878496 ], [ 35.410226514, 50.321014407 ], [ 35.414896534, 50.328625148 ], [ 35.419433728, 50.330482326 ], [ 35.423424508, 50.335111451 ], [ 35.436117846, 50.322660766 ], [ 35.438999569, 50.31691796 ], [ 35.459569077, 50.314899354 ], [ 35.458258341, 50.309593611 ], [ 35.496201596, 50.292472593 ], [ 35.504170637, 50.29984379 ], [ 35.524417161, 50.290123716 ], [ 35.527509198, 50.294090054 ], [ 35.529136317, 50.292668218 ], [ 35.531399219, 50.293543006 ], [ 35.531139369, 50.298289754 ], [ 35.534094739, 50.298318151 ], [ 35.53531666, 50.30201141 ], [ 35.515830753, 50.317214622 ], [ 35.55726533, 50.321240896 ], [ 35.573211604, 50.319642309 ], [ 35.593827258, 50.331203125 ], [ 35.611612284, 50.326206618 ], [ 35.630306233, 50.32440694 ], [ 35.62384777, 50.320388656 ], [ 35.628088561, 50.317566989 ], [ 35.637037203, 50.315043726 ], [ 35.636547088, 50.313441198 ], [ 35.650099761, 50.309788704 ], [ 35.651231225, 50.312690317 ], [ 35.655763994, 50.312394016 ], [ 35.660360205, 50.326811761 ], [ 35.673451052, 50.325649833 ], [ 35.677899305, 50.330928526 ], [ 35.682077541, 50.331174885 ], [ 35.68308714, 50.335102421 ], [ 35.688653659, 50.334705886 ], [ 35.69272691, 50.345578734 ], [ 35.682261524, 50.347491113 ], [ 35.680035559, 50.342639625 ], [ 35.653697791, 50.346800175 ], [ 35.658030363, 50.351158715 ], [ 35.628265509, 50.354451067 ], [ 35.626426658, 50.351891936 ], [ 35.601390848, 50.367302569 ], [ 35.610973065, 50.37398333 ], [ 35.59787079, 50.382676009 ], [ 35.593881108, 50.39298234 ], [ 35.584261364, 50.39257142 ], [ 35.583477662, 50.430004976 ], [ 35.587188443, 50.431225191 ], [ 35.586458918, 50.448477462 ], [ 35.571835826, 50.460455285 ], [ 35.569864629, 50.46420346 ], [ 35.561866536, 50.458679941 ], [ 35.561925184, 50.456355652 ], [ 35.571468949, 50.457694553 ], [ 35.5709437, 50.455619428 ], [ 35.56839504, 50.455504383 ], [ 35.56941652, 50.454679779 ], [ 35.563726399, 50.451085494 ], [ 35.558735905, 50.454275042 ], [ 35.554894218, 50.45382163 ], [ 35.55268165, 50.458193968 ], [ 35.548931435, 50.45695059 ], [ 35.537013755, 50.459621135 ], [ 35.537769296, 50.460989774 ], [ 35.532613867, 50.465498851 ], [ 35.516119193, 50.472116026 ], [ 35.502841135, 50.481038004 ], [ 35.476798991, 50.488488298 ], [ 35.46291033, 50.50465407 ], [ 35.459139028, 50.504184491 ], [ 35.456963081, 50.506462655 ], [ 35.459349274, 50.508553096 ], [ 35.457602078, 50.513140975 ], [ 35.445310135, 50.523259971 ], [ 35.444489517, 50.529285355 ], [ 35.43624266, 50.52955349 ], [ 35.435383613, 50.536120203 ], [ 35.439617452, 50.542029995 ], [ 35.427732792, 50.561978239 ], [ 35.390323999, 50.579974177 ], [ 35.400085376, 50.590324403 ], [ 35.420623007, 50.599370501 ], [ 35.424954643, 50.603026705 ], [ 35.418688141, 50.608961024 ], [ 35.422160482, 50.61546005 ], [ 35.416761638, 50.615795946 ], [ 35.412806401, 50.613354151 ], [ 35.402026794, 50.632063275 ], [ 35.391985666, 50.641757373 ], [ 35.39283393, 50.649945704 ], [ 35.400533365, 50.656453704 ], [ 35.427076965, 50.654909013 ], [ 35.462555069, 50.666271199 ], [ 35.485651661, 50.655854319 ], [ 35.488611121, 50.658448387 ], [ 35.486723052, 50.670756782 ], [ 35.495694614, 50.678580121 ], [ 35.480984627, 50.681703259 ], [ 35.472018285, 50.680974063 ], [ 35.46325247, 50.685068619 ], [ 35.460137, 50.689324 ], [ 35.463316669, 50.69380124 ], [ 35.459446727, 50.704615515 ], [ 35.463014643, 50.708461146 ], [ 35.46557723, 50.708014277 ], [ 35.467245693, 50.716553916 ], [ 35.473413, 50.725048 ], [ 35.464099992, 50.734962036 ], [ 35.471618081, 50.737077791 ], [ 35.473445217, 50.74034388 ], [ 35.469526575, 50.744304776 ], [ 35.46974509, 50.746572684 ], [ 35.476336009, 50.752389474 ], [ 35.47460689, 50.755903863 ], [ 35.488026559, 50.777001442 ], [ 35.473746942, 50.784467964 ], [ 35.454627999, 50.782178 ], [ 35.449769676, 50.783050592 ], [ 35.432934756, 50.794347772 ], [ 35.418151266, 50.79787878 ], [ 35.411846872, 50.801941891 ], [ 35.410486931, 50.807913496 ], [ 35.420225547, 50.828901258 ], [ 35.419034948, 50.843732979 ], [ 35.4036708, 50.864623119 ], [ 35.39499, 50.864804 ], [ 35.385145176, 50.867762447 ], [ 35.38196489, 50.870156658 ], [ 35.386848479, 50.8750543 ], [ 35.40158727, 50.879635059 ], [ 35.388650045, 50.885347877 ], [ 35.379813327, 50.895625248 ], [ 35.403490689, 50.9028122 ], [ 35.396894999, 50.906775435 ], [ 35.396955457, 50.908972939 ], [ 35.401481571, 50.910573846 ], [ 35.400139289, 50.914417897 ], [ 35.392437643, 50.91926649 ], [ 35.392931054, 50.924665692 ], [ 35.373798706, 50.923271621 ], [ 35.365794067, 50.925787843 ], [ 35.372198844, 50.932413376 ], [ 35.348431984, 50.93179538 ], [ 35.34521084, 50.932892446 ], [ 35.343764371, 50.93557039 ], [ 35.333224633, 50.934623457 ], [ 35.32540642, 50.946891327 ], [ 35.328913015, 50.947968431 ], [ 35.330021653, 50.952107626 ], [ 35.33543233, 50.956268096 ], [ 35.336447474, 50.963283944 ], [ 35.342465658, 50.963945848 ], [ 35.342835735, 50.967555557 ], [ 35.352090351, 50.973199726 ], [ 35.343229833, 50.987915041 ], [ 35.332580639, 50.992201091 ], [ 35.329772892, 50.996227029 ], [ 35.33763825, 50.998853786 ], [ 35.331037403, 51.002965751 ], [ 35.323730009, 51.012772861 ], [ 35.326120936, 51.013786233 ], [ 35.330341764, 51.010524993 ], [ 35.340136333, 51.007532421 ], [ 35.357804209, 51.005381569 ], [ 35.368505365, 51.008431141 ], [ 35.374694116, 51.008668361 ], [ 35.375425463, 51.011620666 ], [ 35.38239157, 51.012857497 ], [ 35.383727, 51.01988 ], [ 35.394348901, 51.020131304 ], [ 35.395464907, 51.022429793 ], [ 35.403941661, 51.022775008 ], [ 35.409162311, 51.02640356 ], [ 35.407833815, 51.02898318 ], [ 35.403749413, 51.028903707 ], [ 35.402896678, 51.031318434 ], [ 35.39969684, 51.031700667 ], [ 35.400007268, 51.033548483 ], [ 35.403599529, 51.034557078 ], [ 35.403774161, 51.038892013 ], [ 35.409213341, 51.039095983 ], [ 35.407771804, 51.042450138 ], [ 35.405620958, 51.042759906 ], [ 35.405966032, 51.048117931 ], [ 35.394852801, 51.054881173 ], [ 35.386726888, 51.05347303 ], [ 35.375053007, 51.067072823 ], [ 35.372576835, 51.065826214 ], [ 35.360563244, 51.066307531 ], [ 35.350793676, 51.062251243 ], [ 35.3289351, 51.07080484 ], [ 35.326020654, 51.074146817 ], [ 35.327664075, 51.076184386 ], [ 35.306720377, 51.078540945 ], [ 35.303629641, 51.077887804 ], [ 35.301631128, 51.071935392 ], [ 35.2984671, 51.0721119 ], [ 35.295855093, 51.069367729 ], [ 35.289911527, 51.06947009 ], [ 35.28270418, 51.0663415 ], [ 35.280800832, 51.067149674 ], [ 35.277188728, 51.06435980700001 ], [ 35.274844991, 51.065968291 ], [ 35.274099851, 51.06386492 ], [ 35.276515, 51.061977 ], [ 35.275972225, 51.058769349 ], [ 35.273515273, 51.059488245 ], [ 35.273531347, 51.057812667 ], [ 35.266864943, 51.058161133 ], [ 35.263331204, 51.063126933 ], [ 35.257715141, 51.058381142 ], [ 35.257423262, 51.062160879 ], [ 35.253788, 51.061658002 ], [ 35.248792465, 51.065072442 ], [ 35.243324619, 51.063678391 ], [ 35.242309956, 51.061437223 ], [ 35.226487425, 51.054456588 ], [ 35.225976122, 51.052455549 ], [ 35.222633306, 51.052424009 ], [ 35.221975302, 51.050509031 ], [ 35.212996564, 51.045805318 ], [ 35.205902071, 51.047858163 ], [ 35.203769349, 51.05125468 ], [ 35.200603251, 51.052347299 ], [ 35.197615425, 51.049654069 ], [ 35.197060182, 51.051577331 ], [ 35.18927952, 51.053444072 ], [ 35.18951778, 51.056573555 ], [ 35.182556375, 51.06193484 ], [ 35.176857041, 51.070634565 ], [ 35.166196643, 51.077104111 ], [ 35.163635169, 51.083299645 ], [ 35.159260218, 51.080930671 ], [ 35.158187588, 51.081844127 ], [ 35.15464738, 51.080616578 ], [ 35.147659929, 51.082642473 ], [ 35.155630227, 51.090705328 ], [ 35.173417042, 51.087263377 ], [ 35.176832016, 51.098802872 ], [ 35.169962919, 51.103251965 ], [ 35.168369377, 51.100705023 ], [ 35.164435796, 51.10101215000001 ], [ 35.164404985, 51.105385193 ], [ 35.166280015, 51.106020623 ], [ 35.163039258, 51.109034936 ], [ 35.168651544, 51.119287084 ], [ 35.174651527, 51.121412796 ], [ 35.16800113, 51.126390299 ], [ 35.142601913, 51.133682312 ], [ 35.143295736, 51.137638712 ], [ 35.13518884, 51.147918639 ], [ 35.140512029, 51.152042646 ], [ 35.124604131, 51.161845061 ], [ 35.123383257, 51.165543644 ], [ 35.134184666, 51.17096839 ], [ 35.130599246, 51.17388585 ], [ 35.130136297, 51.194226437 ], [ 35.143094412, 51.203912421 ], [ 35.142320968, 51.207324577 ], [ 35.137404302, 51.21004665000001 ], [ 35.138643643, 51.215699198 ], [ 35.140725331, 51.217816983 ], [ 35.14997859, 51.220777172 ], [ 35.150318812, 51.223076693 ], [ 35.119363866, 51.2316092 ], [ 35.117621534, 51.229966177 ], [ 35.104923444, 51.232716962 ], [ 35.084650135, 51.230331408 ], [ 35.072668196, 51.232594667 ], [ 35.066379, 51.22894 ], [ 35.061602609, 51.223383551 ], [ 35.06348875, 51.218517114 ], [ 35.061975814, 51.215715145 ], [ 35.055066572, 51.210940881 ], [ 35.038290999, 51.204273 ], [ 35.037943325, 51.217746252 ], [ 35.023069914, 51.220974319 ], [ 35.010151579, 51.231558499 ], [ 35.005595227, 51.231890108 ], [ 34.999931612, 51.229238747 ], [ 34.993283727, 51.228788257 ], [ 34.982107913, 51.231837072 ], [ 34.982708921, 51.233518701 ], [ 34.980047463, 51.235619642 ], [ 34.953429624, 51.226891533 ], [ 34.951468412, 51.225098015 ], [ 34.952793958, 51.22015633 ], [ 34.950366886, 51.218664196 ], [ 34.94103231, 51.217807273 ], [ 34.93924282, 51.211397019 ], [ 34.934021603, 51.207198757 ], [ 34.925034706, 51.20516209800001 ], [ 34.911384757, 51.205857656 ], [ 34.905468242, 51.203854594 ], [ 34.904771675, 51.198767331 ], [ 34.898116258, 51.19302678 ], [ 34.88385951, 51.195861954 ], [ 34.874123062, 51.191580288 ], [ 34.862454596, 51.19928425 ], [ 34.845865837, 51.191056222 ], [ 34.847934, 51.189414999 ], [ 34.841335641, 51.185464519 ], [ 34.833484802, 51.182955317 ], [ 34.834504213, 51.169224096 ], [ 34.817537063, 51.169165605 ], [ 34.815382876, 51.17121236700001 ], [ 34.808983689, 51.172334302 ], [ 34.808310885, 51.176605264 ], [ 34.798094261, 51.175745183 ], [ 34.784574706, 51.183881563 ], [ 34.778246105, 51.177553854 ], [ 34.771858694, 51.174947699 ], [ 34.758871866, 51.177208764 ], [ 34.753343406, 51.180528991 ], [ 34.737220551, 51.179057369 ], [ 34.731276171, 51.18246596 ], [ 34.716695806, 51.17153563 ], [ 34.688451509, 51.181094458 ], [ 34.668622178, 51.197497721 ], [ 34.662040614, 51.247346999 ], [ 34.651880999, 51.247561 ], [ 34.636045, 51.250789 ], [ 34.610773999, 51.251063 ], [ 34.604046159, 51.254531172 ], [ 34.60116, 51.252408999 ], [ 34.602237001, 51.247161999 ], [ 34.594171497, 51.243642715 ], [ 34.5799009, 51.233888501 ], [ 34.54063877, 51.252794897 ], [ 34.523633582, 51.252679641 ], [ 34.513298501, 51.242306527 ], [ 34.486750506, 51.244288647 ], [ 34.474733992, 51.249102999 ], [ 34.461208242, 51.252256334 ], [ 34.453089047, 51.25881968 ], [ 34.445958963, 51.261444342 ], [ 34.438744166, 51.25640222900001 ], [ 34.412684274, 51.262722008 ], [ 34.413953312, 51.265055748 ], [ 34.399718594, 51.271127529 ], [ 34.383953474, 51.273651703 ], [ 34.368005877, 51.264836202 ], [ 34.331303555, 51.239959476 ], [ 34.30550172, 51.238256574 ], [ 34.283751037, 51.249389255 ], [ 34.257350552, 51.257348811 ], [ 34.257282173, 51.259978064 ], [ 34.254105067, 51.259318822 ], [ 34.243906441, 51.263321344 ], [ 34.240587421, 51.26237868 ], [ 34.237950144, 51.264151804 ], [ 34.230824849, 51.265097757 ], [ 34.233947234, 51.269319039 ], [ 34.230926125, 51.271656365 ], [ 34.23187894, 51.273245218 ], [ 34.244894092, 51.276084017 ], [ 34.251260514, 51.275294247 ], [ 34.255052561, 51.281755163 ], [ 34.245873659, 51.284162155 ], [ 34.243172016, 51.28722484 ], [ 34.241407996, 51.292973163 ], [ 34.244435426, 51.293996233 ], [ 34.244607415, 51.29593589 ], [ 34.249677319, 51.296695601 ], [ 34.250476495, 51.299389881 ], [ 34.254625007, 51.299008843 ], [ 34.258249361, 51.302203377 ], [ 34.266401669, 51.298736922 ], [ 34.272106126, 51.314907911 ], [ 34.277162421, 51.312778151 ], [ 34.27816989, 51.30922591 ], [ 34.282099346, 51.310604569 ], [ 34.280708, 51.317852 ], [ 34.289426973, 51.322394301 ], [ 34.281430628, 51.334795038 ], [ 34.28935211, 51.339745174 ], [ 34.298150108, 51.334646777 ], [ 34.306098311, 51.336224495 ], [ 34.31171433, 51.333966857 ], [ 34.319009647, 51.337492257 ], [ 34.315453543, 51.341182049 ], [ 34.316354014, 51.343441754 ], [ 34.332757664, 51.351288668 ], [ 34.338465408, 51.356267636 ], [ 34.337694855, 51.359036386 ], [ 34.330732296, 51.361642464 ], [ 34.336654969, 51.364044712 ], [ 34.336275212, 51.365883456 ], [ 34.32994458, 51.368560786 ], [ 34.323933997, 51.368521798 ], [ 34.307151893, 51.373442585 ], [ 34.304208151, 51.379478839 ], [ 34.300546353, 51.377381191 ], [ 34.300773233, 51.374487882 ], [ 34.293194254, 51.37315018 ], [ 34.286137557, 51.37469883 ], [ 34.292463148, 51.387919697 ], [ 34.280852937, 51.39013973 ], [ 34.277758598, 51.386255646 ], [ 34.273257253, 51.387073588 ], [ 34.269202868, 51.385187415 ], [ 34.261811, 51.390244 ], [ 34.256692, 51.397121 ], [ 34.245960258, 51.402311213 ], [ 34.236425522, 51.399379484 ], [ 34.227736761, 51.399503917 ], [ 34.226752598, 51.409704149 ], [ 34.220950266, 51.417045823 ], [ 34.226666873, 51.421994913 ], [ 34.222617691, 51.428410862 ], [ 34.247188244, 51.431158739 ], [ 34.245529472, 51.436728119 ], [ 34.254775153, 51.439882067 ], [ 34.251462344, 51.447653201 ], [ 34.245560203, 51.45148711 ], [ 34.245061613, 51.45648835 ], [ 34.257277577, 51.460757271 ], [ 34.258749001, 51.466153 ], [ 34.264641, 51.469902001 ], [ 34.266182677, 51.474578639 ], [ 34.276094298, 51.475272983 ], [ 34.281678646, 51.473137194 ], [ 34.29171402, 51.479788403 ], [ 34.292083734, 51.486513206 ], [ 34.297321209, 51.493811888 ], [ 34.290532336, 51.508924134 ], [ 34.296086307, 51.51206331 ], [ 34.306288073, 51.513201594 ], [ 34.307603314, 51.519356201 ], [ 34.304652802, 51.521800371 ], [ 34.295586131, 51.524134331 ], [ 34.295320825, 51.532699375 ], [ 34.285408501, 51.532908332 ], [ 34.284753023, 51.534828379 ], [ 34.259744855, 51.533218845 ], [ 34.259020278, 51.548233652 ], [ 34.255745026, 51.548123028 ], [ 34.249841455, 51.554797192 ], [ 34.256192011, 51.558901252 ], [ 34.256282312, 51.561070089 ], [ 34.244631652, 51.569414267 ], [ 34.249245581, 51.576874755 ], [ 34.238731271, 51.58396004 ], [ 34.237679327, 51.58459923600001 ], [ 34.224162762, 51.576201266 ], [ 34.216260482, 51.574331332 ], [ 34.215163841, 51.589259989 ], [ 34.212516971, 51.589904753 ], [ 34.21096536, 51.60040544 ], [ 34.182065662, 51.596918783 ], [ 34.179380141, 51.625373295 ], [ 34.167304287, 51.645445313 ], [ 34.152190304, 51.64273964600001 ], [ 34.144620241, 51.642560306 ], [ 34.141569009, 51.643938969 ], [ 34.129781357, 51.64277539 ], [ 34.130123582, 51.647933384 ], [ 34.112222511, 51.648690352 ], [ 34.105836189, 51.65724316 ], [ 34.104538748, 51.666416101 ], [ 34.090244563, 51.661442928 ], [ 34.080257954, 51.666030336 ], [ 34.083297531, 51.669356863 ], [ 34.088692899, 51.670178319 ], [ 34.088493242, 51.671426221 ], [ 34.096305238, 51.671888859 ], [ 34.098434099, 51.676516255 ], [ 34.10205764, 51.678109613 ], [ 34.111930426, 51.67946496 ], [ 34.115360031, 51.684599839 ], [ 34.126525166, 51.684778784 ], [ 34.127897672, 51.689467595 ], [ 34.137726531, 51.68881848 ], [ 34.143053494, 51.69043927100001 ], [ 34.146634772, 51.687344847 ], [ 34.1547253, 51.689858813 ], [ 34.159780001, 51.686040519 ], [ 34.163278348, 51.688727619 ], [ 34.177412767, 51.69250518 ], [ 34.18288039, 51.692263015 ], [ 34.186865062, 51.695505987 ], [ 34.189811294, 51.695627852 ], [ 34.189968822, 51.697437349 ], [ 34.19176206, 51.69629207 ], [ 34.195952168, 51.696942402 ], [ 34.200170644, 51.693812488 ], [ 34.204696849, 51.694076632 ], [ 34.212777875, 51.702923959 ], [ 34.219826364, 51.703326805 ], [ 34.233988083, 51.696943718 ], [ 34.250683854, 51.702545547 ], [ 34.261350109, 51.700959787 ], [ 34.264190436, 51.701403176 ], [ 34.264880829, 51.703505546 ], [ 34.273837134, 51.70340904 ], [ 34.279659038, 51.705643046 ], [ 34.290805653, 51.704958797 ], [ 34.296165033, 51.706917284 ], [ 34.298783373, 51.711965414 ], [ 34.308830598, 51.72022414 ], [ 34.319256646, 51.715758974 ], [ 34.331968191, 51.715303766 ], [ 34.338730879, 51.713447314 ], [ 34.34808512, 51.715304563 ], [ 34.35483845, 51.712644093 ], [ 34.35987149, 51.713737445 ], [ 34.363130721, 51.712079959 ], [ 34.388025434, 51.716415427 ], [ 34.390745576, 51.718086723 ], [ 34.400180406, 51.714837525 ], [ 34.401094936, 51.717660181 ], [ 34.40676043, 51.717923182 ], [ 34.408202691, 51.720023936 ], [ 34.412070098, 51.720286808 ], [ 34.414409871, 51.722167927 ], [ 34.422277813, 51.722251204 ], [ 34.4260444, 51.729247182 ], [ 34.432501982, 51.729403691 ], [ 34.436095231, 51.73268171 ], [ 34.435310919, 51.73513705300001 ], [ 34.439265636, 51.738885794 ], [ 34.440414898, 51.74333260400001 ], [ 34.435160889, 51.749799864 ], [ 34.43666645, 51.751441155 ], [ 34.434841027, 51.753827486 ], [ 34.438430554, 51.758217722 ], [ 34.43510843, 51.762141081 ], [ 34.435822583, 51.764702814 ], [ 34.43157485, 51.766094872 ], [ 34.427496529, 51.77355546 ], [ 34.409176109, 51.782158364 ], [ 34.407833328, 51.794008179 ], [ 34.410575397, 51.79532189 ], [ 34.416937815, 51.808623354 ], [ 34.416362838, 51.813788192 ], [ 34.411276973, 51.817598816 ], [ 34.414745147, 51.819738781 ], [ 34.415503329, 51.82580113400001 ], [ 34.411613786, 51.826778117 ], [ 34.407635988, 51.831210481 ], [ 34.402888652, 51.83193900700001 ], [ 34.400638626, 51.835534472 ], [ 34.389733475, 51.835867968 ], [ 34.387533806, 51.837768665 ], [ 34.386907086, 51.844118716 ], [ 34.37858269, 51.843421727 ], [ 34.371675402, 51.846286017 ], [ 34.368865001, 51.845834 ], [ 34.368118708, 51.851994419 ], [ 34.363502726, 51.855609503 ], [ 34.364758233, 51.857542798 ], [ 34.362718901, 51.858977251 ], [ 34.346692857, 51.863651196 ], [ 34.327806736, 51.871521656 ], [ 34.325165485, 51.876328599 ], [ 34.320030475, 51.878579869 ], [ 34.318197818, 51.881488547 ], [ 34.306709171, 51.883972762 ], [ 34.303375358, 51.8875355 ], [ 34.27527868, 51.887998253 ], [ 34.262968031, 51.878599802 ], [ 34.244881207, 51.881429912 ], [ 34.258843225, 51.889260771 ], [ 34.25442576, 51.894117879 ], [ 34.255818354, 51.905517655 ], [ 34.259359233, 51.90952083 ], [ 34.249214706, 51.916200807 ], [ 34.233647, 51.913439 ], [ 34.219454, 51.920117001 ], [ 34.225990469, 51.928372256 ], [ 34.220883533, 51.933034688 ], [ 34.204959384, 51.940329867 ], [ 34.204848939, 51.944827329 ], [ 34.196866805, 51.951836422 ], [ 34.192065638, 51.959528872 ], [ 34.189931518, 51.968733401 ], [ 34.176646424, 51.970680889 ], [ 34.143111917, 51.968140206 ], [ 34.142081671, 51.972527345 ], [ 34.137196076, 51.972860303 ], [ 34.129212798, 51.984420476 ], [ 34.135420333, 51.98899726 ], [ 34.139823, 52.000175 ], [ 34.12625484, 52.00650876 ], [ 34.119766291, 52.006781161 ], [ 34.11625674, 52.005475112 ], [ 34.111944856, 52.006781507 ], [ 34.107836476, 52.004943213 ], [ 34.100574, 52.004587 ], [ 34.093783906, 52.01166635300001 ], [ 34.091965535, 52.031132239 ], [ 34.096059316, 52.030302116 ], [ 34.092422129, 52.035971912 ], [ 34.101321054, 52.041222012 ], [ 34.094499, 52.047395 ], [ 34.093673658, 52.052426974 ], [ 34.087257188, 52.054226967 ], [ 34.082932182, 52.058090943 ], [ 34.080597157, 52.070412181 ], [ 34.062322434, 52.069388639 ], [ 34.062287928, 52.072949817 ], [ 34.084792346, 52.085049502 ], [ 34.091322985, 52.08514541000001 ], [ 34.099616339, 52.093333108 ], [ 34.087509482, 52.101778491 ], [ 34.089273348, 52.106032332 ], [ 34.087459013, 52.109029873 ], [ 34.09447435, 52.111686327 ], [ 34.09844962, 52.111660063 ], [ 34.110715958, 52.122795671 ], [ 34.110039573, 52.128237875 ], [ 34.113151695, 52.132680312 ], [ 34.110627829, 52.136272486 ], [ 34.116175828, 52.140734358 ], [ 34.088930844, 52.154610543 ], [ 34.075581565, 52.154756822 ], [ 34.053890875, 52.171217829 ], [ 34.065306774, 52.182749679 ], [ 34.052752836, 52.197126906 ], [ 34.052275108, 52.201486304 ], [ 34.016312079, 52.201902857 ], [ 34.000260963, 52.209027199 ], [ 33.998319069, 52.211986881 ], [ 34.001271602, 52.220766101 ], [ 34.000620993, 52.227297936 ], [ 33.982438713, 52.234412495 ], [ 33.974759631, 52.230669003 ], [ 33.968050854, 52.234320299 ], [ 33.963961997, 52.234439401 ], [ 33.957078052, 52.242852313 ], [ 33.958220118, 52.245264887 ], [ 33.961799465, 52.246224188 ], [ 33.960785705, 52.247555082 ], [ 33.94298812, 52.248401212 ], [ 33.937545, 52.250204001 ], [ 33.942032061, 52.258228309 ], [ 33.942196841, 52.267531605 ], [ 33.945763606, 52.274007123 ], [ 33.944356831, 52.283328227 ], [ 33.938095332, 52.288856519 ], [ 33.932386644, 52.29020240900001 ], [ 33.924945542, 52.295475095 ], [ 33.920877, 52.304763 ], [ 33.910341, 52.308268 ], [ 33.906992149, 52.307465599 ], [ 33.9064572, 52.302554996 ], [ 33.903851654, 52.301514093 ], [ 33.894960212, 52.307590681 ], [ 33.875324704, 52.306422345 ], [ 33.838901281, 52.320563142 ], [ 33.854840746, 52.332755579 ], [ 33.838173286, 52.348473744 ], [ 33.838026069, 52.360406764 ], [ 33.824552001, 52.363954 ], [ 33.819166852, 52.363431114 ], [ 33.804630328, 52.366421192 ], [ 33.788625441, 52.36671937700001 ], [ 33.776491, 52.365448 ], [ 33.772704, 52.363458 ], [ 33.750063632, 52.361330345 ], [ 33.747942901, 52.357233274 ], [ 33.74107839, 52.357178649 ], [ 33.729624, 52.353924 ], [ 33.724629001, 52.353662 ], [ 33.717796516, 52.362986538 ], [ 33.715191, 52.363364 ], [ 33.708234474, 52.363020441 ], [ 33.692091999, 52.357741 ], [ 33.683425999, 52.357958 ], [ 33.677778001, 52.35482 ], [ 33.681443, 52.350957 ], [ 33.679788, 52.347991 ], [ 33.663138, 52.3447015 ], [ 33.658372, 52.340336 ], [ 33.639133, 52.340114 ], [ 33.633325, 52.337618 ], [ 33.627739, 52.338791 ], [ 33.604361268, 52.333679451 ], [ 33.586308085, 52.321995226 ], [ 33.577075773, 52.318238443 ], [ 33.581563053, 52.310814685 ], [ 33.577518195, 52.31056704 ], [ 33.563873628, 52.318240034 ], [ 33.54428, 52.323653 ], [ 33.544551, 52.320634 ], [ 33.551107, 52.31927 ], [ 33.563849878, 52.313185727 ], [ 33.565506685, 52.310324458 ], [ 33.560229117, 52.302184746 ], [ 33.53334877, 52.303993347 ], [ 33.525072957, 52.307540278 ], [ 33.504486145, 52.305886363 ], [ 33.498345, 52.311992 ], [ 33.490308974, 52.310721634 ], [ 33.483479104, 52.313625839 ], [ 33.482694634, 52.319669412 ], [ 33.485622452, 52.31986914 ], [ 33.488590527, 52.32288257 ], [ 33.4911539, 52.330702793 ], [ 33.513064548, 52.333936688 ], [ 33.514276124, 52.338795964 ], [ 33.520469432, 52.343540616 ], [ 33.515459612, 52.34691661 ], [ 33.519491266, 52.351874101 ], [ 33.517775001, 52.355477 ], [ 33.508735475, 52.358216369 ], [ 33.496972372, 52.355239044 ], [ 33.489646029, 52.35727467000001 ], [ 33.470916973, 52.359121079 ], [ 33.454792999, 52.36521744400001 ], [ 33.451457666, 52.360513678 ], [ 33.452978743, 52.357615863 ], [ 33.44454687, 52.357079564 ], [ 33.439477276, 52.352935871 ], [ 33.445686, 52.349169 ], [ 33.446852187, 52.342039583 ], [ 33.428887583, 52.345258192 ], [ 33.414296283, 52.324980236 ], [ 33.410254503, 52.322425294 ], [ 33.403927989, 52.321768606 ], [ 33.400126205, 52.313444824 ], [ 33.396999971, 52.313241284 ], [ 33.388705275, 52.31672994800001 ], [ 33.386001677, 52.316048976 ], [ 33.388020928, 52.310910925 ], [ 33.397490257, 52.308748504 ], [ 33.399802321, 52.306508688 ], [ 33.399412893, 52.300751042 ], [ 33.40282977, 52.302121495 ], [ 33.399730047, 52.299172854 ], [ 33.393635288, 52.302128495 ], [ 33.386779, 52.297067 ], [ 33.393313683, 52.293418754 ], [ 33.393866791, 52.291077769 ], [ 33.390774565, 52.289927602 ], [ 33.387870481, 52.291184041 ], [ 33.385419561, 52.289265271 ], [ 33.383829406, 52.284319508 ], [ 33.386357382, 52.281461112 ], [ 33.382665176, 52.279445239 ], [ 33.386608665, 52.280253068 ], [ 33.387205961, 52.278698969 ], [ 33.382343965, 52.276084964 ], [ 33.380918341, 52.277614358 ], [ 33.376862257, 52.275379441 ], [ 33.384478268, 52.274230924 ], [ 33.379511768, 52.27151022 ], [ 33.385902786, 52.272982232 ], [ 33.387226531, 52.271343779 ], [ 33.372058552, 52.258067785 ], [ 33.368288501, 52.25920952 ], [ 33.363179287, 52.255369915 ], [ 33.358117541, 52.258325536 ], [ 33.35733358, 52.254312151 ], [ 33.36045561, 52.250705958 ], [ 33.360290363, 52.246085893 ], [ 33.367562022, 52.244386441 ], [ 33.361519858, 52.237206786 ], [ 33.366437852, 52.23294629 ], [ 33.356101004, 52.22805385 ], [ 33.354475041, 52.222711241 ], [ 33.351280257, 52.220347956 ], [ 33.341458019, 52.221108256 ], [ 33.334840557, 52.215643622 ], [ 33.331465606, 52.214880043 ], [ 33.327525378, 52.216223163 ], [ 33.323806597, 52.221954397 ], [ 33.314644865, 52.215500799 ], [ 33.317410677, 52.212339125 ], [ 33.32577044, 52.211562469 ], [ 33.324315175, 52.208474054 ], [ 33.329907857, 52.205735097 ], [ 33.331235055, 52.201805679 ], [ 33.330090854, 52.197863898 ], [ 33.326342418, 52.198131233 ], [ 33.326633768, 52.195208283 ], [ 33.320931381, 52.194603064 ], [ 33.321549896, 52.189981763 ], [ 33.315005093, 52.192199801 ], [ 33.312024996, 52.19148635 ], [ 33.313917016, 52.185669698 ], [ 33.309800583, 52.184752847 ], [ 33.317631532, 52.182244994 ], [ 33.318567715, 52.180034945 ], [ 33.315433081, 52.175927271 ], [ 33.31961652, 52.174655466 ], [ 33.319122767, 52.172972612 ], [ 33.321148519, 52.172883262 ], [ 33.323743991, 52.169065327 ], [ 33.328706761, 52.170015019 ], [ 33.332631452, 52.166667442 ], [ 33.331285349, 52.163603529 ], [ 33.336013629, 52.162715053 ], [ 33.3369264, 52.161164322 ], [ 33.337560087, 52.155411709 ], [ 33.327715102, 52.155222806 ], [ 33.322585367, 52.13619658 ], [ 33.34252099, 52.13531440500001 ], [ 33.342349543, 52.13797254 ], [ 33.333562, 52.138474688 ], [ 33.328401682, 52.140711854 ], [ 33.344012387, 52.145690847 ], [ 33.417193716, 52.123098255 ], [ 33.409705265, 52.115389716 ], [ 33.433364836, 52.108783703 ], [ 33.444959977, 52.097846488 ], [ 33.437072331, 52.087044809 ], [ 33.445196227, 52.089296593 ], [ 33.45691928, 52.090073868 ], [ 33.459031452, 52.089822545 ], [ 33.459813442, 52.087533599 ], [ 33.490142787, 52.08274795 ], [ 33.492378577, 52.086817944 ], [ 33.500015491, 52.089272112 ], [ 33.500618978, 52.038531677 ], [ 33.46444591, 52.038403085 ], [ 33.439603607, 52.032555855 ], [ 33.430385337, 52.025695929 ], [ 33.411991485, 52.03332647500001 ], [ 33.40323112, 52.051192854 ], [ 33.390624329, 52.049647825 ], [ 33.367342734, 52.040616434 ], [ 33.35554445, 52.031147325 ], [ 33.345422041, 52.029667662 ], [ 33.316009519, 52.031677726 ], [ 33.312599893, 52.026559189 ], [ 33.317297749, 52.017299518 ], [ 33.311613723, 52.015104165 ], [ 33.307963779, 52.015630059 ], [ 33.306022942, 52.017661908 ], [ 33.303423483, 52.015337444 ], [ 33.304217944, 52.013455597 ], [ 33.314309813, 52.012192095 ], [ 33.326770348, 52.007761965 ], [ 33.337160533, 52.006889238 ], [ 33.343127524, 52.000834434 ], [ 33.34861539, 51.998791521 ], [ 33.347616423, 51.993672558 ], [ 33.350509782, 51.983224872 ], [ 33.365645428, 51.978933078 ], [ 33.367081376, 51.981034982 ], [ 33.373117836, 51.978520565 ], [ 33.372668948, 51.970847704 ], [ 33.379793033, 51.972965942 ], [ 33.384157583, 51.972573543 ], [ 33.395874409, 51.962065248 ], [ 33.395490076, 51.954901116 ], [ 33.388009372, 51.952881344 ], [ 33.376778861, 51.95518728 ], [ 33.370862872, 51.953543215 ], [ 33.368869272, 51.949881223 ], [ 33.371101318, 51.946317324 ], [ 33.36135593, 51.946504644 ], [ 33.360011107, 51.940782878 ], [ 33.357258331, 51.939182011 ], [ 33.358579983, 51.935158771 ], [ 33.355079866, 51.930273899 ], [ 33.330831, 51.929548 ], [ 33.328093, 51.932952001 ], [ 33.317254174, 51.933826486 ], [ 33.317215, 51.936654 ], [ 33.303120116, 51.933426008 ], [ 33.296538082, 51.93439433 ], [ 33.29209042, 51.924455943 ], [ 33.288662996, 51.922780136 ], [ 33.270343488, 51.923032278 ], [ 33.263377016, 51.919313196 ], [ 33.25699, 51.92509 ], [ 33.253013, 51.926231 ], [ 33.252213829, 51.922050883 ], [ 33.245820207, 51.920075648 ], [ 33.249942749, 51.917000563 ], [ 33.23823093, 51.915597508 ], [ 33.237565383, 51.911466233 ], [ 33.234784475, 51.909273706 ], [ 33.228932526, 51.908935535 ], [ 33.222859865, 51.912943746 ], [ 33.220194742, 51.913062949 ], [ 33.219512595, 51.910430778 ], [ 33.223689287, 51.906599727 ], [ 33.220887757, 51.904761358 ], [ 33.216508253, 51.905768636 ], [ 33.216189383, 51.911448855 ], [ 33.213206199, 51.913024371 ], [ 33.198669745, 51.909523082 ], [ 33.187508164, 51.912402021 ], [ 33.184065921, 51.903099996 ], [ 33.175527547, 51.905372998 ], [ 33.170667955, 51.900655294 ], [ 33.178286997, 51.897016167 ], [ 33.181153125, 51.887805412 ], [ 33.179797128, 51.885190689 ], [ 33.170094465, 51.881172857 ], [ 33.148347899, 51.878347585 ], [ 33.14523435, 51.877189359 ], [ 33.145798971, 51.873506101 ], [ 33.14270341, 51.871739982 ], [ 33.136864304, 51.873357101 ], [ 33.133659441, 51.871843616 ], [ 33.135123222, 51.862969561 ], [ 33.133446333, 51.861121865 ], [ 33.127760477, 51.864720345 ], [ 33.122723631, 51.863554089 ], [ 33.124027266, 51.860447042 ], [ 33.132558247, 51.855708443 ], [ 33.124563398, 51.854242247 ], [ 33.12301122, 51.844879869 ], [ 33.128667555, 51.846348934 ], [ 33.130979217, 51.843771576 ], [ 33.127597273, 51.843023552 ], [ 33.127644257, 51.835160084 ], [ 33.136334192, 51.833301056 ], [ 33.138478474, 51.83133831 ], [ 33.146449717, 51.820688591 ], [ 33.146973478, 51.816489112 ], [ 33.14187892, 51.813723904 ], [ 33.132156935, 51.815648707 ], [ 33.122071945, 51.81059007 ], [ 33.121293417, 51.80651099 ], [ 33.113572001, 51.798366001 ], [ 33.100964091, 51.789223174 ], [ 33.102489121, 51.781759681 ], [ 33.092026433, 51.783531535 ], [ 33.091860845, 51.78131924 ], [ 33.084747117, 51.781402295 ], [ 33.083217999, 51.778183 ], [ 33.078445887, 51.77683509300001 ], [ 33.078333565, 51.77557517 ], [ 33.083892177, 51.769013907 ], [ 33.089066469, 51.774764796 ], [ 33.091942508, 51.774715003 ], [ 33.093774635, 51.764875558 ], [ 33.097505749, 51.762670359 ], [ 33.094394013, 51.759632588 ], [ 33.099798865, 51.75008071 ], [ 33.10862207, 51.741928495 ], [ 33.123773607, 51.735020688 ], [ 33.137877158, 51.725922463 ], [ 33.132302846, 51.721775178 ], [ 33.145455727, 51.715377429 ], [ 33.154379497, 51.702829269 ], [ 33.160293831, 51.700589396 ], [ 33.168237134, 51.70136738 ], [ 33.171671299, 51.699292635 ], [ 33.165823901, 51.691599057 ], [ 33.155058542, 51.688913604 ], [ 33.144510587, 51.691209372 ], [ 33.147223651, 51.682878269 ], [ 33.151689472, 51.681616478 ], [ 33.164360568, 51.681957869 ], [ 33.165135389, 51.680339066 ], [ 33.157948627, 51.678169789 ], [ 33.143442145, 51.679539667 ], [ 33.140056091, 51.678516027 ], [ 33.139391685, 51.673584723 ], [ 33.147417386, 51.66950775 ], [ 33.127711343, 51.654555015 ], [ 33.125187378, 51.649124084 ], [ 33.127669655, 51.642915175 ], [ 33.132507104, 51.643967043 ], [ 33.14020842, 51.640723352 ], [ 33.154504836, 51.641878993 ], [ 33.154464649, 51.607477086 ], [ 33.17702139, 51.59743765 ], [ 33.191826241, 51.583591924 ], [ 33.222314239, 51.580305835 ], [ 33.214915972, 51.578285537 ], [ 33.207319011, 51.570212451 ], [ 33.190685096, 51.572821913 ], [ 33.168297521, 51.570473542 ], [ 33.159181814, 51.57141951700001 ], [ 33.161239355, 51.565963948 ], [ 33.157397657, 51.564645762 ], [ 33.157153654, 51.555872176 ], [ 33.164636884, 51.554269156 ], [ 33.16686803, 51.5437461 ], [ 33.182581561, 51.53978399 ], [ 33.185833981, 51.537177417 ], [ 33.186243074, 51.52992065 ], [ 33.19327722, 51.522045939 ], [ 33.192938044, 51.512624619 ], [ 33.191737846, 51.506390264 ], [ 33.177407282, 51.507324787 ], [ 33.173844416, 51.500506363 ], [ 33.159748139, 51.495124414 ], [ 33.148491125, 51.492948795 ], [ 33.147294524, 51.49416363 ], [ 33.150284031, 51.496463252 ], [ 33.142902999, 51.497022999 ], [ 33.137477999, 51.496019 ], [ 33.134182999, 51.491974 ], [ 33.130769634, 51.48134825 ], [ 33.135558593, 51.466884263 ], [ 33.12436849, 51.460373221 ], [ 33.113092569, 51.428366848 ], [ 33.134554025, 51.416593214 ], [ 33.123761841, 51.403616982 ], [ 33.119645034, 51.403702574 ], [ 33.11955687, 51.40047696 ], [ 33.135381113, 51.399476385 ], [ 33.137441261, 51.395239172 ], [ 33.13225698, 51.393713688 ], [ 33.133065999, 51.382562 ], [ 33.127303, 51.381439 ], [ 33.118690568, 51.382479917 ], [ 33.116552242, 51.386620135 ], [ 33.114000885, 51.386329222 ], [ 33.107803285, 51.389627779 ], [ 33.090843673, 51.389683232 ], [ 33.089356222, 51.387400427 ], [ 33.094902063, 51.384671983 ], [ 33.109178987, 51.382146653 ], [ 33.110850269, 51.379968152 ], [ 33.109497265, 51.37855385 ], [ 33.106762377, 51.379543707 ], [ 33.10489412, 51.377178173 ], [ 33.109071112, 51.37519969200001 ], [ 33.106454983, 51.37240366 ], [ 33.111632498, 51.369792623 ], [ 33.106532634, 51.365375549 ], [ 33.102755158, 51.366964091 ], [ 33.10058663, 51.365990533 ], [ 33.098943753, 51.367732181 ], [ 33.095793576, 51.367278482 ], [ 33.092739305, 51.36961579 ], [ 33.087842423, 51.367915972 ], [ 33.084952793, 51.373121769 ], [ 33.083373598, 51.372727596 ], [ 33.083521809, 51.368111999 ], [ 33.064770408, 51.370589734 ], [ 33.060757206, 51.369881349 ], [ 33.059272397, 51.37681961700001 ], [ 33.062260439, 51.376860892 ], [ 33.062438417, 51.379564925 ], [ 33.059659693, 51.382754386 ], [ 33.046204047, 51.386167354 ], [ 33.039581757, 51.391386511 ], [ 33.041311262, 51.392475862 ], [ 33.039159406, 51.395198483 ], [ 33.043906463, 51.396110378 ], [ 33.04460468, 51.394511354 ], [ 33.053140724, 51.396382532 ], [ 33.052348535, 51.3978847 ], [ 33.05774434, 51.404026871 ], [ 33.047631977, 51.410197334 ], [ 33.045745626, 51.411135678 ], [ 33.04347251, 51.404267205 ], [ 33.040079464, 51.404117662 ], [ 33.038981084, 51.401285549 ], [ 33.016568641, 51.395738023 ], [ 33.033728529, 51.370220343 ], [ 33.040925348, 51.367722165 ], [ 33.035686765, 51.359769329 ], [ 33.037568324, 51.345676129 ], [ 33.04505486, 51.342170458 ], [ 33.046469749, 51.342661243 ], [ 33.044278927, 51.344538227 ], [ 33.047777067, 51.346225665 ], [ 33.049992514, 51.344313796 ], [ 33.056803959, 51.345981039 ], [ 33.058916533, 51.347985403 ], [ 33.064405395, 51.347363941 ], [ 33.06404506, 51.346258659 ], [ 33.074622205, 51.340674424 ], [ 33.068515575, 51.333667343 ], [ 33.070855385, 51.328817258 ], [ 33.079268046, 51.322562722 ], [ 33.073665482, 51.317803909 ], [ 33.073909203, 51.313772776 ], [ 33.076564564, 51.312543433 ], [ 33.069941623, 51.311342587 ], [ 33.07038604, 51.308432103 ], [ 33.06677782, 51.305622972 ], [ 33.063754366, 51.30560341 ], [ 33.063142198, 51.307587949 ], [ 33.054528091, 51.303325824 ], [ 33.046264224, 51.303802284 ], [ 33.044825874, 51.301766625 ], [ 33.050885834, 51.300072839 ], [ 33.051319718, 51.297776771 ], [ 33.059576036, 51.299509641 ], [ 33.061450903, 51.296725068 ], [ 33.04419915, 51.295218917 ], [ 33.040921914, 51.291185771 ], [ 33.043005244, 51.288236077 ], [ 33.049554558, 51.288329244 ], [ 33.065155888, 51.29168849500001 ], [ 33.063906961, 51.288790781 ], [ 33.060015964, 51.287329661 ], [ 33.063315436, 51.286304888 ], [ 33.067900999, 51.287722999 ], [ 33.0692938, 51.29050492 ], [ 33.072022046, 51.288136017 ], [ 33.076322119, 51.290042564 ], [ 33.07620613, 51.287783436 ], [ 33.072198999, 51.286978 ], [ 33.074626584, 51.284715344 ], [ 33.065436827, 51.283516423 ], [ 33.06734948, 51.282472508 ], [ 33.073199555, 51.283303156 ], [ 33.072831543, 51.274925729 ], [ 33.065671975, 51.274822596 ], [ 33.066491456, 51.268636318 ], [ 33.058205246, 51.266085511 ], [ 33.060503873, 51.256876252 ], [ 33.069080155, 51.255321218 ], [ 33.029531589, 51.22728882700001 ], [ 33.038960418, 51.21992013 ], [ 33.041407659, 51.205644635 ], [ 33.029403724, 51.204818168 ], [ 33.030184201, 51.2004024 ], [ 32.989503323, 51.197589056 ], [ 32.977102223, 51.188357213 ], [ 32.986371607, 51.183961909 ], [ 32.960387218, 51.162643672 ], [ 32.974665447, 51.152712071 ], [ 32.992852581, 51.143439484 ], [ 32.942483713, 51.08967395900001 ], [ 32.955259827, 51.084481511 ], [ 32.962320441, 51.088552492 ], [ 33.040974924, 51.08186493800001 ], [ 33.037854218, 51.071787533 ], [ 33.069149924, 51.069207539 ], [ 33.070886841, 51.063307774 ], [ 33.060161805, 51.049206115 ], [ 33.070857236, 51.043912155 ], [ 33.083843621, 51.040051087 ], [ 33.08473324, 51.03837709 ], [ 33.077005773, 51.030094208 ], [ 33.072948719, 51.03186222 ], [ 33.06387311, 51.022658212 ], [ 33.058933918, 51.022418956 ], [ 33.057831086, 51.015329303 ], [ 33.051453194, 51.012239241 ], [ 33.037976655, 50.994005069 ], [ 33.047855689, 50.990703022 ], [ 33.050551997, 50.988008547 ], [ 33.07589378, 50.982761425 ], [ 33.079530487, 50.980198988 ], [ 33.078161705, 50.991731845 ], [ 33.117857069, 51.006762249 ], [ 33.126230563, 51.001049203 ], [ 33.121622429, 50.99775642 ], [ 33.139435206, 50.967646183 ], [ 33.136955572, 50.961444009 ], [ 33.147897511, 50.961782801 ], [ 33.181736174, 50.95855924 ], [ 33.187355329, 50.959244617 ], [ 33.187909223, 50.962070323 ], [ 33.200239377, 50.961553494 ], [ 33.199992678, 50.934376109 ], [ 33.197003885, 50.931239975 ], [ 33.197088054, 50.91997383 ], [ 33.210505515, 50.901845844 ], [ 33.202404929, 50.898494034 ], [ 33.208175219, 50.893479828 ], [ 33.201371101, 50.89336744300001 ], [ 33.198476109, 50.89599559700001 ], [ 33.200399877, 50.892638069 ], [ 33.197040553, 50.890880713 ], [ 33.195679161, 50.891920471 ], [ 33.187958515, 50.891566656 ], [ 33.188631318, 50.894662063 ], [ 33.18627875, 50.894845668 ], [ 33.183808741, 50.892127882 ], [ 33.180645485, 50.89492042700001 ], [ 33.170417108, 50.887950131 ], [ 33.168779913, 50.88249435 ], [ 33.170029739, 50.875569502 ], [ 33.175515992, 50.872920057 ], [ 33.173813831, 50.87076721 ], [ 33.176746123, 50.870591496 ], [ 33.176678631, 50.867657888 ], [ 33.181069647, 50.867015879 ], [ 33.174026, 50.866066 ], [ 33.172625285, 50.856086534 ], [ 33.169162266, 50.850694564 ], [ 33.185001942, 50.849271832 ], [ 33.185268471, 50.848203848 ], [ 33.181094821, 50.844330971 ], [ 33.173742464, 50.843227179 ], [ 33.162797521, 50.829621338 ], [ 33.155125352, 50.827931749 ], [ 33.155454199, 50.822283921 ], [ 33.16032021, 50.820007441 ], [ 33.162163857, 50.815059361 ], [ 33.165853789, 50.814727024 ], [ 33.164026918, 50.802415067 ], [ 33.169035039, 50.799606861 ], [ 33.164239134, 50.792043549 ], [ 33.15337841, 50.793027828 ], [ 33.165047564, 50.776494381 ], [ 33.189016905, 50.75024952 ], [ 33.189601955, 50.746527226 ], [ 33.207664032, 50.747665688 ], [ 33.212573279, 50.736083541 ], [ 33.230795368, 50.737923685 ], [ 33.232689846, 50.734835487 ], [ 33.236676667, 50.735666196 ], [ 33.239357369, 50.732138047 ], [ 33.214119194, 50.727417451 ], [ 33.213864815, 50.721606459 ], [ 33.195099554, 50.722146178 ], [ 33.174400339, 50.716539826 ], [ 33.158279033, 50.71525892 ], [ 33.153807482, 50.70882915 ], [ 33.135827386, 50.710837521 ], [ 33.151155666, 50.693805988 ], [ 33.146781519, 50.65497551 ], [ 33.137661704, 50.648544142 ], [ 33.126195769, 50.650270301 ], [ 33.117564425, 50.647629849 ], [ 33.118066805, 50.641270349 ], [ 33.121585102, 50.639464321 ], [ 33.110721954, 50.611580457 ], [ 33.102708024, 50.602152772 ], [ 33.121991418, 50.599402168 ], [ 33.12363111, 50.598106423 ], [ 33.121978879, 50.594490429 ], [ 33.119073049, 50.591755892 ], [ 33.103956622, 50.593414356 ], [ 33.101063192, 50.591515691 ], [ 33.092365926, 50.584308449 ], [ 33.096898069, 50.580057463 ], [ 33.080465809, 50.568703362 ], [ 33.073936578, 50.556915531 ], [ 33.048719835, 50.540934704 ], [ 33.061777808, 50.525397637 ], [ 33.061053806, 50.521889261 ], [ 33.065279573, 50.519827848 ], [ 33.069831043, 50.51757868 ], [ 33.072676815, 50.518840437 ], [ 33.101118655, 50.517293435 ], [ 33.117740645, 50.505073501 ], [ 33.129893516, 50.512141889 ], [ 33.134469899, 50.510004686 ], [ 33.146116218, 50.511342193 ], [ 33.152464316, 50.521982183 ], [ 33.167076427, 50.521187903 ], [ 33.171931089, 50.522781732 ], [ 33.178294052, 50.520970211 ], [ 33.185132126, 50.512825969 ], [ 33.193256187, 50.507793111 ], [ 33.205959464, 50.508237709 ], [ 33.214068773, 50.506930728 ], [ 33.220757, 50.503845 ], [ 33.227327328, 50.509435399 ], [ 33.238708306, 50.509802971 ], [ 33.234492876, 50.515065014 ], [ 33.239445242, 50.518681182 ], [ 33.244316788, 50.531683099 ], [ 33.242798828, 50.537261923 ], [ 33.244439454, 50.539768264 ], [ 33.257302113, 50.544150412 ], [ 33.261255521, 50.547874985 ], [ 33.264741902, 50.546086977 ], [ 33.268206908, 50.553598784 ], [ 33.276344039, 50.553428301 ], [ 33.285138136, 50.550182918 ], [ 33.283747018, 50.545522572 ], [ 33.291549565, 50.545182071 ], [ 33.300400296, 50.535136064 ], [ 33.317671279, 50.532996212 ], [ 33.31886394, 50.520515003 ], [ 33.373875679, 50.52116355 ], [ 33.37499169, 50.497526667 ], [ 33.412284234, 50.499619989 ], [ 33.413911792, 50.491629885 ], [ 33.420118047, 50.491385814 ], [ 33.419166751, 50.482797687 ], [ 33.433909461, 50.475604592 ], [ 33.437718898, 50.477217496 ], [ 33.432861245, 50.48383123 ], [ 33.434840862, 50.484973148 ], [ 33.463681702, 50.492642785 ], [ 33.47726477, 50.490217912 ], [ 33.479144893, 50.48854478 ], [ 33.478522434, 50.48249271 ], [ 33.486478755, 50.481565038 ], [ 33.49292895, 50.487185657 ], [ 33.494600855, 50.491789127 ], [ 33.501680178, 50.496961599 ], [ 33.504286273, 50.496427693 ], [ 33.503553607, 50.494562673 ], [ 33.516769364, 50.482399949 ], [ 33.524231844, 50.48034779 ], [ 33.531737314, 50.480335648 ], [ 33.53891993, 50.485238871 ], [ 33.538554908, 50.489515102 ], [ 33.563293394, 50.490015733 ], [ 33.563137754, 50.492036286 ], [ 33.571287375, 50.494716742 ], [ 33.581391399, 50.490654877 ], [ 33.588026681, 50.492198842 ], [ 33.61335125, 50.48720128 ], [ 33.613850556, 50.483311403 ], [ 33.626965001, 50.480682001 ], [ 33.717292629, 50.467733822 ], [ 33.735007378, 50.458488291 ], [ 33.786195788, 50.460898997 ], [ 33.786074787, 50.464056996 ], [ 33.78975617, 50.46752998600001 ], [ 33.787501126, 50.477660645 ], [ 33.804889822, 50.47793384300001 ], [ 33.830040934, 50.482248384 ], [ 33.825314455, 50.488378344 ], [ 33.839001103, 50.4929063 ], [ 33.844852557, 50.49080878 ], [ 33.851130878, 50.501268892 ], [ 33.847672485, 50.501718078 ], [ 33.845758586, 50.504009897 ], [ 33.824632864, 50.50837916 ], [ 33.815380055, 50.508086265 ], [ 33.811687568, 50.515473994 ], [ 33.817697874, 50.517740066 ], [ 33.819790916, 50.515266965 ], [ 33.841520972, 50.519462025 ], [ 33.838899516, 50.523232881 ], [ 33.877945547, 50.533502283 ], [ 33.878834247, 50.530989427 ], [ 33.892396304, 50.533720607 ], [ 33.896958904, 50.524398478 ], [ 33.912988117, 50.514486934 ], [ 33.917687, 50.516065 ], [ 33.95462354, 50.547476298 ], [ 34.008357993, 50.521063412 ], [ 34.006838051, 50.519606503 ], [ 34.020585032, 50.511250379 ], [ 34.030773195, 50.511236709 ], [ 34.031484143, 50.507078106 ], [ 34.027729591, 50.499601007 ], [ 34.029462794, 50.499239569 ], [ 34.032699614, 50.504285421 ], [ 34.04102471, 50.504992554 ], [ 34.049790423, 50.509062401 ], [ 34.056246041, 50.505407494 ], [ 34.058973688, 50.507581417 ], [ 34.0548655, 50.509037504 ], [ 34.054875721, 50.512230188 ], [ 34.06238687, 50.516402239 ], [ 34.08723145, 50.511365855 ], [ 34.0875131, 50.509098603 ], [ 34.093131054, 50.50853914 ], [ 34.105459339, 50.503693251 ], [ 34.091416401, 50.490926377 ], [ 34.085203012, 50.49077237 ], [ 34.08228743, 50.488388448 ], [ 34.085661085, 50.488142869 ], [ 34.098179417, 50.480921694 ], [ 34.103777418, 50.481921128 ], [ 34.107579483, 50.480882021 ], [ 34.110091183, 50.482076431 ], [ 34.117488527, 50.494017693 ], [ 34.119852317, 50.510092745 ], [ 34.141373015, 50.513671993 ], [ 34.153652296, 50.520156614 ], [ 34.156204926, 50.519531642 ], [ 34.158664825, 50.522438803 ], [ 34.174754257, 50.525275554 ], [ 34.188350176, 50.524925253 ], [ 34.194516613, 50.523342399 ], [ 34.20414957, 50.524033179 ], [ 34.219288268, 50.533359748 ], [ 34.22858301, 50.526005175 ], [ 34.230341912, 50.526775951 ], [ 34.245624179, 50.522975745 ], [ 34.248818448, 50.518381188 ], [ 34.25479451, 50.490122567 ], [ 34.250045224, 50.453611207 ], [ 34.252269071, 50.442540054 ], [ 34.259604829, 50.434390954 ], [ 34.265842024, 50.432123707 ], [ 34.271310099, 50.432504314 ], [ 34.286722911, 50.4131962 ], [ 34.335614765, 50.392242998 ], [ 34.342473776, 50.390580415 ], [ 34.366363311, 50.376590685 ], [ 34.369761099, 50.378371689 ], [ 34.374170057, 50.371872723 ], [ 34.390834547, 50.366978192 ], [ 34.377056763, 50.358760205 ], [ 34.383364564, 50.357190908 ], [ 34.38432156, 50.350192826 ], [ 34.391403989, 50.344635055 ], [ 34.409995082, 50.337447414 ], [ 34.408927357, 50.33159283 ], [ 34.399566264, 50.31848377 ], [ 34.458526505, 50.285533112 ], [ 34.465239567, 50.288559219 ], [ 34.507379048, 50.284814238 ], [ 34.519969002, 50.280747883 ], [ 34.512054762, 50.27448934 ], [ 34.515336714, 50.273413745 ], [ 34.513831068, 50.269868595 ], [ 34.522375471, 50.261260407 ], [ 34.519233697, 50.259121696 ], [ 34.519487576, 50.256367411 ], [ 34.523386269, 50.256173581 ], [ 34.518031968, 50.255415508 ], [ 34.517982249, 50.252507031 ], [ 34.516745814, 50.255239545 ], [ 34.5135, 50.254776 ], [ 34.514561652, 50.248281151 ], [ 34.51932044, 50.244811249 ], [ 34.52628713, 50.242720533 ], [ 34.527017928, 50.240254288 ], [ 34.534931868, 50.243905114 ], [ 34.528201323, 50.247533686 ], [ 34.527897551, 50.248769193 ], [ 34.532721757, 50.250490456 ], [ 34.533865126, 50.248244369 ], [ 34.543422285, 50.247118323 ], [ 34.544462725, 50.244576027 ], [ 34.551246447, 50.246047188 ], [ 34.553211666, 50.244644625 ], [ 34.551594263, 50.242833836 ], [ 34.554027694, 50.240972266 ], [ 34.555162449, 50.233512532 ], [ 34.559615434, 50.229118095 ], [ 34.562941771, 50.230281495 ], [ 34.562108777, 50.232637213 ], [ 34.558936447, 50.233870975 ], [ 34.562707905, 50.236375246 ], [ 34.571132402, 50.226625033 ], [ 34.559885418, 50.205919559 ], [ 34.553659903, 50.206336676 ], [ 34.52299996, 50.177015264 ], [ 34.525445732, 50.172128455 ], [ 34.534223938, 50.171327449 ], [ 34.526436101, 50.154367156 ], [ 34.537346326, 50.154514804 ], [ 34.539110224, 50.141420481 ], [ 34.546637548, 50.140592248 ], [ 34.546378468, 50.132556805 ], [ 34.550085552, 50.132459314 ], [ 34.569086533, 50.124643338 ], [ 34.573000764, 50.120676242 ], [ 34.580290234, 50.125621928 ], [ 34.580151782, 50.128836528 ], [ 34.590210643, 50.127847225 ], [ 34.596807889, 50.124967559 ], [ 34.598141995, 50.121455663 ], [ 34.600546953, 50.122536277 ], [ 34.61550315, 50.118052723 ], [ 34.622727066, 50.11783764 ], [ 34.632092, 50.112019 ], [ 34.637019027, 50.112647805 ], [ 34.640258871, 50.114862889 ], [ 34.650985821, 50.112542822 ], [ 34.653463817, 50.115184839 ], [ 34.656469302, 50.114121054 ], [ 34.656568579, 50.11120675 ], [ 34.664598756, 50.110558801 ], [ 34.666346031, 50.111428543 ], [ 34.663442591, 50.112222204 ], [ 34.662427155, 50.114959255 ], [ 34.666740153, 50.117183136 ], [ 34.670297511, 50.126603339 ], [ 34.67568774, 50.130534451 ], [ 34.672319265, 50.132673044 ], [ 34.676459172, 50.133548624 ], [ 34.680680069, 50.130828017 ], [ 34.675957712, 50.127023787 ], [ 34.675102, 50.123922001 ], [ 34.675511001, 50.118832 ], [ 34.679955, 50.114973 ], [ 34.677294267, 50.111050036 ], [ 34.691306426, 50.109660377 ], [ 34.698069044, 50.111152321 ], [ 34.699221261, 50.112888199 ], [ 34.69772721, 50.119196745 ], [ 34.700309971, 50.120530867 ], [ 34.69641321, 50.124506007 ], [ 34.696603481, 50.132399447 ], [ 34.701996974, 50.132487613 ], [ 34.703430252, 50.135414659 ], [ 34.699632455, 50.14933191 ], [ 34.706960373, 50.152164458 ], [ 34.720105216, 50.150933353 ], [ 34.72517534, 50.157778621 ], [ 34.734030477, 50.160492974 ], [ 34.749609367, 50.157793799 ], [ 34.748688643, 50.155431179 ], [ 34.750647762, 50.153851119 ], [ 34.739754182, 50.144865747 ], [ 34.747331374, 50.144466385 ], [ 34.764973873, 50.146469092 ], [ 34.765481887, 50.147794069 ], [ 34.781440262, 50.153459118 ], [ 34.800602434, 50.154794025 ], [ 34.797971635, 50.159657509 ], [ 34.822030127, 50.160298244 ], [ 34.83129502, 50.15629611 ], [ 34.842402355, 50.159198155 ], [ 34.848491021, 50.164995885 ], [ 34.853501084, 50.162412786 ], [ 34.901404525, 50.159227927 ], [ 34.940784822, 50.152353196 ] ] ] } },
{ "type": "Feature", "properties": { "shapeName": "Ternopilska", "shapeISO": "", "shapeID": "82583831B11810242945582", "shapeGroup": "UKR", "shapeType": "ADM1" }, "geometry": { "type": "Polygon", "coordinates": [ [ [ 25.628090107, 48.672825492 ], [ 25.652650393, 48.666943614 ], [ 25.681257361, 48.664218792 ], [ 25.697908682, 48.664897411 ], [ 25.710122194, 48.663654259 ], [ 25.72104475, 48.65518314 ], [ 25.726464999, 48.638228 ], [ 25.731181, 48.634404 ], [ 25.738021999, 48.633207 ], [ 25.745724904, 48.636474395 ], [ 25.747027019, 48.647533877 ], [ 25.753357468, 48.658167046 ], [ 25.760945, 48.666392 ], [ 25.77297866, 48.673307384 ], [ 25.780661937, 48.675742398 ], [ 25.784980141, 48.675264561 ], [ 25.806243114, 48.666365331 ], [ 25.820132489, 48.652889214 ], [ 25.821603895, 48.647495796 ], [ 25.834078642, 48.638424331 ], [ 25.84029367, 48.630747571 ], [ 25.855000101, 48.620379419 ], [ 25.856860662, 48.613747799 ], [ 25.847792, 48.603926 ], [ 25.849112, 48.597118001 ], [ 25.858176, 48.596812 ], [ 25.875054, 48.599906 ], [ 25.899049999, 48.589126 ], [ 25.909067, 48.586915 ], [ 25.922778001, 48.587546999 ], [ 25.93378646, 48.591028073 ], [ 25.966956443, 48.617094417 ], [ 25.975274001, 48.620881 ], [ 25.993101384, 48.618161629 ], [ 26.01169, 48.609932001 ], [ 26.020999, 48.610335 ], [ 26.029501, 48.620281 ], [ 26.028844002, 48.634034 ], [ 26.031809468, 48.643413082 ], [ 26.035231262, 48.646537271 ], [ 26.041722326, 48.648894713 ], [ 26.051684999, 48.647782 ], [ 26.058041, 48.644246 ], [ 26.062096999, 48.637013 ], [ 26.058431999, 48.622131 ], [ 26.065884999, 48.607142001 ], [ 26.061210001, 48.60112 ], [ 26.04863313, 48.594305011 ], [ 26.043777674, 48.586281278 ], [ 26.057432001, 48.570608 ], [ 26.080496999, 48.556226 ], [ 26.086227001, 48.548776 ], [ 26.089479007, 48.540467697 ], [ 26.094304, 48.538268999 ], [ 26.105321, 48.538970999 ], [ 26.119323, 48.545666001 ], [ 26.122899001, 48.547995 ], [ 26.127608, 48.556124001 ], [ 26.123272, 48.56951 ], [ 26.106140999, 48.580493 ], [ 26.103779, 48.591752 ], [ 26.095980999, 48.599555001 ], [ 26.096997001, 48.608358 ], [ 26.100316001, 48.613913999 ], [ 26.107716999, 48.618382 ], [ 26.118294999, 48.620042 ], [ 26.126453, 48.615706 ], [ 26.144517268, 48.597345056 ], [ 26.14258725, 48.570593915 ], [ 26.146610498, 48.546247889 ], [ 26.153407, 48.536673 ], [ 26.166318534, 48.528937387 ], [ 26.188434342, 48.525615257 ], [ 26.199576146, 48.525762474 ], [ 26.229898518, 48.530950555 ], [ 26.250734439, 48.537225566 ], [ 26.267858001, 48.539975001 ], [ 26.27627, 48.538486 ], [ 26.279460001, 48.536492 ], [ 26.295705422, 48.512877259 ], [ 26.302187397, 48.509049151 ], [ 26.30834573, 48.508803807 ], [ 26.324770172, 48.517063534 ], [ 26.34219216, 48.509943812 ], [ 26.355090548, 48.507573001 ], [ 26.368245548, 48.513278001 ], [ 26.387859851, 48.533771932 ], [ 26.398473545, 48.536713599 ], [ 26.410041477, 48.537375874 ], [ 26.430888113, 48.534888185 ], [ 26.443788955, 48.538620638 ], [ 26.441595841, 48.5442338 ], [ 26.433725356, 48.547594822 ], [ 26.426909164, 48.546594311 ], [ 26.419382706, 48.541131143 ], [ 26.408936315, 48.542111718 ], [ 26.397845254, 48.551605059 ], [ 26.395676646, 48.556185123 ], [ 26.386288831, 48.563098306 ], [ 26.37980647, 48.564668654 ], [ 26.374768268, 48.561897014 ], [ 26.378871577, 48.556297503 ], [ 26.376943302, 48.547225733 ], [ 26.369416694, 48.542309639 ], [ 26.360197052, 48.541895022 ], [ 26.358384583, 48.54569489 ], [ 26.36687985, 48.55191786 ], [ 26.363820843, 48.559292666 ], [ 26.361454171, 48.560984035 ], [ 26.3523216, 48.560359459 ], [ 26.343550887, 48.562709224 ], [ 26.338263439, 48.565856396 ], [ 26.336383733, 48.56935634 ], [ 26.340635517, 48.574201293 ], [ 26.354825799, 48.578080095 ], [ 26.359055716, 48.58065392 ], [ 26.361087118, 48.584850018 ], [ 26.359691325, 48.588034182 ], [ 26.352010918, 48.588410939 ], [ 26.347843763, 48.585018601 ], [ 26.34214684, 48.586081524 ], [ 26.34389506, 48.593312112 ], [ 26.34121961, 48.597528286 ], [ 26.337783165, 48.596149385 ], [ 26.333259068, 48.596547472 ], [ 26.32392386, 48.599917176 ], [ 26.326760788, 48.610738091 ], [ 26.317603217, 48.615426751 ], [ 26.306897789, 48.616183716 ], [ 26.30270445, 48.619417046 ], [ 26.293043186, 48.622824816 ], [ 26.292709098, 48.625807031 ], [ 26.297132868, 48.628144348 ], [ 26.305808289, 48.625170615 ], [ 26.315161623, 48.624229778 ], [ 26.320960954, 48.626349751 ], [ 26.323567631, 48.629350838 ], [ 26.321062314, 48.635994769 ], [ 26.316915809, 48.637825786 ], [ 26.296174001, 48.635349881 ], [ 26.287786476, 48.640190858 ], [ 26.308667094, 48.649587547 ], [ 26.309795547, 48.653582272 ], [ 26.307507074, 48.657501732 ], [ 26.30052701, 48.658070891 ], [ 26.296953246, 48.655878726 ], [ 26.296412548, 48.65244631 ], [ 26.286962179, 48.648558113 ], [ 26.283715806, 48.649243515 ], [ 26.280484865, 48.646883286 ], [ 26.27777201, 48.648823722 ], [ 26.273065614, 48.647173665 ], [ 26.266766153, 48.650510864 ], [ 26.273293578, 48.653862429 ], [ 26.277611144, 48.659819024 ], [ 26.278310182, 48.665827927 ], [ 26.281219182, 48.666937064 ], [ 26.277335054, 48.673736361 ], [ 26.270482517, 48.674972298 ], [ 26.258743191, 48.667762823 ], [ 26.247859239, 48.667857386 ], [ 26.242847673, 48.671695604 ], [ 26.241895157, 48.675772915 ], [ 26.241677328, 48.679434915 ], [ 26.245722628, 48.681793591 ], [ 26.245286611, 48.684001398 ], [ 26.234149722, 48.681537187 ], [ 26.224492786, 48.683349382 ], [ 26.221371185, 48.685854028 ], [ 26.219413243, 48.689499492 ], [ 26.221634246, 48.69260881 ], [ 26.234648919, 48.692632874 ], [ 26.237717955, 48.697036692 ], [ 26.237255212, 48.700207772 ], [ 26.232653835, 48.700567665 ], [ 26.230915625, 48.703318003 ], [ 26.233562425, 48.703709465 ], [ 26.228895823, 48.708856973 ], [ 26.23196268, 48.713546704 ], [ 26.239730829, 48.71936657 ], [ 26.23495277, 48.728646669 ], [ 26.241824307, 48.732708754 ], [ 26.243970184, 48.736526621 ], [ 26.242235903, 48.740364944 ], [ 26.224621092, 48.748426589 ], [ 26.223366252, 48.752221502 ], [ 26.227346691, 48.755082012 ], [ 26.234376907, 48.749869636 ], [ 26.240897397, 48.749391617 ], [ 26.245762932, 48.755691396 ], [ 26.234139319, 48.759108895 ], [ 26.22988282, 48.76213119 ], [ 26.230095965, 48.763968697 ], [ 26.238342209, 48.769038817 ], [ 26.237613704, 48.775881036 ], [ 26.231935203, 48.779920272 ], [ 26.220548316, 48.7790335 ], [ 26.214293914, 48.780550594 ], [ 26.21127533, 48.783459628 ], [ 26.20728989, 48.797270533 ], [ 26.211159489, 48.801488642 ], [ 26.215875308, 48.801739003 ], [ 26.218234946, 48.799854636 ], [ 26.218059053, 48.793298523 ], [ 26.233401085, 48.78996968 ], [ 26.235652913, 48.791984578 ], [ 26.235433547, 48.795257439 ], [ 26.227784049, 48.803322297 ], [ 26.228867359, 48.805652849 ], [ 26.224613635, 48.808460764 ], [ 26.22551767, 48.813227532 ], [ 26.227736669, 48.81442347 ], [ 26.235487751, 48.814212432 ], [ 26.239547858, 48.812096112 ], [ 26.23925589, 48.810060508 ], [ 26.249573362, 48.808259365 ], [ 26.253620664, 48.808819033 ], [ 26.258459978, 48.815550245 ], [ 26.256566079, 48.820449151 ], [ 26.251469261, 48.822608151 ], [ 26.248018101, 48.822355097 ], [ 26.239322155, 48.817676723 ], [ 26.23318681, 48.819161434 ], [ 26.23245185, 48.827128977 ], [ 26.220483421, 48.832503619 ], [ 26.218683803, 48.835595694 ], [ 26.222234201, 48.843482838 ], [ 26.221757824, 48.847528658 ], [ 26.217967466, 48.851652655 ], [ 26.210600671, 48.852199804 ], [ 26.203021136, 48.854973378 ], [ 26.199824965, 48.85889375 ], [ 26.200156747, 48.86144357 ], [ 26.211459766, 48.864478505 ], [ 26.211765413, 48.869085167 ], [ 26.205819081, 48.875225821 ], [ 26.210489931, 48.879165242 ], [ 26.214076919, 48.879841956 ], [ 26.213937825, 48.881981504 ], [ 26.204834612, 48.891177598 ], [ 26.203946037, 48.895898528 ], [ 26.206368611, 48.898965208 ], [ 26.223642854, 48.902979544 ], [ 26.225186025, 48.906078214 ], [ 26.223163925, 48.910946373 ], [ 26.219643042, 48.912863599 ], [ 26.211650824, 48.913530057 ], [ 26.203913529, 48.905958228 ], [ 26.196508159, 48.903494449 ], [ 26.186022652, 48.909934093 ], [ 26.183844524, 48.915488152 ], [ 26.185258698, 48.917995088 ], [ 26.198516306, 48.918240325 ], [ 26.199248184, 48.921064017 ], [ 26.193692637, 48.927199568 ], [ 26.194016485, 48.933565656 ], [ 26.206353961, 48.946394542 ], [ 26.205009299, 48.948098237 ], [ 26.207282378, 48.948697325 ], [ 26.208192869, 48.955100462 ], [ 26.204410421, 48.95905787 ], [ 26.181225761, 48.965492845 ], [ 26.177110706, 48.96941892 ], [ 26.177339061, 48.97369237 ], [ 26.179401509, 48.976309363 ], [ 26.183271919, 48.97698592 ], [ 26.181677378, 48.978242113 ], [ 26.184668124, 48.978802055 ], [ 26.196117038, 48.974284853 ], [ 26.199675053, 48.974467038 ], [ 26.207186042, 48.977824181 ], [ 26.211904367, 48.982874082 ], [ 26.210825551, 48.98584425 ], [ 26.206930758, 48.988353748 ], [ 26.184221594, 48.988750283 ], [ 26.17606998, 48.995641835 ], [ 26.183640808, 49.001584296 ], [ 26.193435564, 49.003755563 ], [ 26.195724385, 49.002987049 ], [ 26.19509234, 49.000898286 ], [ 26.212008366, 48.999808796 ], [ 26.214827816, 49.001476364 ], [ 26.215613108, 49.005353757 ], [ 26.214485287, 49.012620348 ], [ 26.205365526, 49.016380333 ], [ 26.197721343, 49.024819241 ], [ 26.199256396, 49.029205752 ], [ 26.208517643, 49.030990248 ], [ 26.2075643, 49.036251552 ], [ 26.187799967, 49.049108739 ], [ 26.183878652, 49.056561262 ], [ 26.18794032, 49.062253341 ], [ 26.196582405, 49.065329049 ], [ 26.204731481, 49.066332633 ], [ 26.215569493, 49.072268937 ], [ 26.212519585, 49.074204422 ], [ 26.195089791, 49.073419899 ], [ 26.191991897, 49.077383576 ], [ 26.197402309, 49.08207951 ], [ 26.196279816, 49.090387107 ], [ 26.199533834, 49.091105964 ], [ 26.198826005, 49.09274294 ], [ 26.202854974, 49.095806043 ], [ 26.204644814, 49.100680039 ], [ 26.203281603, 49.113613909 ], [ 26.202660449, 49.114966158 ], [ 26.199965617, 49.114873422 ], [ 26.198957141, 49.123525969 ], [ 26.195495283, 49.12929171 ], [ 26.197536435, 49.128572726 ], [ 26.199044438, 49.130544155 ], [ 26.205527554, 49.132697549 ], [ 26.204326495, 49.134879298 ], [ 26.19452895, 49.136329879 ], [ 26.199011958, 49.146244387 ], [ 26.191608378, 49.152340034 ], [ 26.189898108, 49.1581838 ], [ 26.194933843, 49.162671526 ], [ 26.197650228, 49.162510514 ], [ 26.203242995, 49.157623715 ], [ 26.204183884, 49.159777141 ], [ 26.205782793, 49.158791566 ], [ 26.210874974, 49.161885945 ], [ 26.208114946, 49.165565354 ], [ 26.209162596, 49.167331625 ], [ 26.189760666, 49.171583018 ], [ 26.188883887, 49.173198821 ], [ 26.194494105, 49.177712434 ], [ 26.196143359, 49.181866286 ], [ 26.183138346, 49.195843526 ], [ 26.190620334, 49.208496493 ], [ 26.195946654, 49.212525596 ], [ 26.190711395, 49.220345469 ], [ 26.20174996, 49.220152472 ], [ 26.202837273, 49.223909908 ], [ 26.198915578, 49.227432847 ], [ 26.207379305, 49.232645786 ], [ 26.201033127, 49.237425476 ], [ 26.202857809, 49.244637848 ], [ 26.207211179, 49.245978498 ], [ 26.221790635, 49.246164882 ], [ 26.236248728, 49.245291301 ], [ 26.242866335, 49.242727272 ], [ 26.244855475, 49.244569057 ], [ 26.246779622, 49.248479745 ], [ 26.241692046, 49.254422959 ], [ 26.245736326, 49.257411042 ], [ 26.247611361, 49.256441761 ], [ 26.258380399, 49.26407045 ], [ 26.257684243, 49.265953286 ], [ 26.243684804, 49.272257021 ], [ 26.241425941, 49.277036991 ], [ 26.248159019, 49.279039121 ], [ 26.253659358, 49.276331319 ], [ 26.257226131, 49.276726631 ], [ 26.257133594, 49.278842932 ], [ 26.248840313, 49.286399867 ], [ 26.251229107, 49.287820414 ], [ 26.258385564, 49.288210912 ], [ 26.259516993, 49.289554992 ], [ 26.246139805, 49.300228162 ], [ 26.251030392, 49.30661194 ], [ 26.248281705, 49.312861949 ], [ 26.242695821, 49.317266607 ], [ 26.227803896, 49.324415143 ], [ 26.225684335, 49.327469564 ], [ 26.226113008, 49.342385103 ], [ 26.229034713, 49.350347878 ], [ 26.234963776, 49.350100564 ], [ 26.240293742, 49.345811429 ], [ 26.243665508, 49.347378958 ], [ 26.243534793, 49.35390137 ], [ 26.240673498, 49.355333591 ], [ 26.233640593, 49.355581376 ], [ 26.231952807, 49.357807453 ], [ 26.24466424, 49.369418857 ], [ 26.221929587, 49.375852921 ], [ 26.21943439, 49.378343366 ], [ 26.22962242, 49.383049504 ], [ 26.229238618, 49.389654724 ], [ 26.231916183, 49.392171044 ], [ 26.230803349, 49.395679295 ], [ 26.235334228, 49.400534799 ], [ 26.224726192, 49.403170066 ], [ 26.22483485, 49.405624629 ], [ 26.229278647, 49.407746407 ], [ 26.225309063, 49.411035485 ], [ 26.223534645, 49.410251036 ], [ 26.220769439, 49.411696172 ], [ 26.214982538, 49.418045304 ], [ 26.210475648, 49.416057352 ], [ 26.20152183, 49.420684619 ], [ 26.19314214, 49.429845208 ], [ 26.192554927, 49.433681866 ], [ 26.200809725, 49.438732651 ], [ 26.20186138, 49.441814641 ], [ 26.196095071, 49.444558454 ], [ 26.188935637, 49.454435133 ], [ 26.188119871, 49.481018273 ], [ 26.180053876, 49.487203413 ], [ 26.165799526, 49.491808258 ], [ 26.163403167, 49.495759462 ], [ 26.15222422, 49.503920141 ], [ 26.15138463, 49.506813844 ], [ 26.142274224, 49.509459631 ], [ 26.144922341, 49.513483741 ], [ 26.157491666, 49.520512278 ], [ 26.156022162, 49.523283237 ], [ 26.158726266, 49.53207903 ], [ 26.171049672, 49.541748852 ], [ 26.17559263, 49.549263574 ], [ 26.186147485, 49.551534853 ], [ 26.190987552, 49.556761352 ], [ 26.201918082, 49.554490735 ], [ 26.200464265, 49.550459394 ], [ 26.203480593, 49.546198711 ], [ 26.210428748, 49.547183895 ], [ 26.219014267, 49.551195804 ], [ 26.219332609, 49.554062763 ], [ 26.213774192, 49.561034041 ], [ 26.215435608, 49.56746439 ], [ 26.213816938, 49.571403934 ], [ 26.207343251, 49.576865912 ], [ 26.209243959, 49.582474887 ], [ 26.213161387, 49.583528376 ], [ 26.214263731, 49.590712398 ], [ 26.208022644, 49.594728545 ], [ 26.202099699, 49.601603166 ], [ 26.199401247, 49.608984691 ], [ 26.20848056, 49.60971429 ], [ 26.216195299, 49.619277471 ], [ 26.225533881, 49.62352157 ], [ 26.23107859, 49.636474643 ], [ 26.239436434, 49.637861163 ], [ 26.253373733, 49.63310042 ], [ 26.262600236, 49.637544758 ], [ 26.265488103, 49.642070636 ], [ 26.259847312, 49.653657451 ], [ 26.269293747, 49.654962673 ], [ 26.272411022, 49.656906057 ], [ 26.268890119, 49.660767833 ], [ 26.268646965, 49.668783012 ], [ 26.249059507, 49.682019902 ], [ 26.241266373, 49.693608607 ], [ 26.228060646, 49.697811268 ], [ 26.220713315, 49.703729922 ], [ 26.20875178, 49.707536687 ], [ 26.194330307, 49.709688926 ], [ 26.190838302, 49.714152052 ], [ 26.211929151, 49.730152592 ], [ 26.21412592, 49.735345135 ], [ 26.226791716, 49.738029101 ], [ 26.243456564, 49.745313593 ], [ 26.241983566, 49.757053373 ], [ 26.23628346, 49.771389736 ], [ 26.239378034, 49.772506243 ], [ 26.240787808, 49.77564518 ], [ 26.229752872, 49.777401429 ], [ 26.224407136, 49.78071756 ], [ 26.223799113, 49.783546895 ], [ 26.227561551, 49.790969225 ], [ 26.22456577, 49.795581535 ], [ 26.218540963, 49.798000428 ], [ 26.218669259, 49.805410271 ], [ 26.215218187, 49.809996355 ], [ 26.209916669, 49.811228144 ], [ 26.20735695, 49.820670607 ], [ 26.198103803, 49.821474667 ], [ 26.196079399, 49.825449366 ], [ 26.189428501, 49.829831687 ], [ 26.189827104, 49.833606474 ], [ 26.184680651, 49.836627994 ], [ 26.185224483, 49.846120334 ], [ 26.178204125, 49.847296579 ], [ 26.200931252, 49.866259158 ], [ 26.188295682, 49.87359967 ], [ 26.175397422, 49.875515007 ], [ 26.163486782, 49.88110393 ], [ 26.162663355, 49.887747082 ], [ 26.15822231, 49.890843421 ], [ 26.144340804, 49.895545017 ], [ 26.138405674, 49.895208786 ], [ 26.132701797, 49.898399726 ], [ 26.133598363, 49.906194465 ], [ 26.14050704, 49.913860539 ], [ 26.162917399, 49.922144613 ], [ 26.166114401, 49.922176085 ], [ 26.157840872, 49.932207771 ], [ 26.145027567, 49.959894362 ], [ 26.147973905, 49.964293769 ], [ 26.148833092, 49.975572405 ], [ 26.154835417, 49.977655844 ], [ 26.15624237, 49.983134786 ], [ 26.169313116, 49.987161619 ], [ 26.167422919, 49.989621522 ], [ 26.172076656, 49.994043325 ], [ 26.187609239, 49.991865385 ], [ 26.202383311, 49.992140756 ], [ 26.205241646, 50.00551275 ], [ 26.210607014, 50.015896538 ], [ 26.204481575, 50.016520337 ], [ 26.205056211, 50.018484406 ], [ 26.199556124, 50.01996295 ], [ 26.189983152, 50.020502143 ], [ 26.177168363, 50.023401421 ], [ 26.175915167, 50.025154567 ], [ 26.200841364, 50.036656508 ], [ 26.216458562, 50.036271464 ], [ 26.21750253, 50.046232645 ], [ 26.224717619, 50.045623996 ], [ 26.226890974, 50.047338957 ], [ 26.22459849, 50.054510638 ], [ 26.221436633, 50.054989848 ], [ 26.22162132, 50.059854429 ], [ 26.211383799, 50.065041946 ], [ 26.205670382, 50.064939096 ], [ 26.200821703, 50.067291652 ], [ 26.206637097, 50.075768168 ], [ 26.200229546, 50.079611183 ], [ 26.204694706, 50.089963622 ], [ 26.200456062, 50.097970512 ], [ 26.273439041, 50.102809685 ], [ 26.273673558, 50.11350032 ], [ 26.234805824, 50.131207538 ], [ 26.243498448, 50.143287207 ], [ 26.234872202, 50.144927075 ], [ 26.234340165, 50.14354405 ], [ 26.222909281, 50.142785594 ], [ 26.223392649, 50.145942968 ], [ 26.20856922, 50.154135145 ], [ 26.210153802, 50.156796938 ], [ 26.21716853, 50.157385032 ], [ 26.215935627, 50.162982837 ], [ 26.220899564, 50.164642776 ], [ 26.211146758, 50.174966301 ], [ 26.220448925, 50.17969946 ], [ 26.211239213, 50.184699945 ], [ 26.199134156, 50.18641891 ], [ 26.191727, 50.191444999 ], [ 26.193024328, 50.193742887 ], [ 26.179273, 50.197093 ], [ 26.19162112, 50.218411631 ], [ 26.18524565, 50.216885848 ], [ 26.185369092, 50.229129823 ], [ 26.188248756, 50.229932815 ], [ 26.194850652, 50.227286947 ], [ 26.203761537, 50.230625443 ], [ 26.218122778, 50.230166881 ], [ 26.216968509, 50.25581290200001 ], [ 26.221927421, 50.257924982 ], [ 26.220935693, 50.26688644 ], [ 26.21668911, 50.266135705 ], [ 26.217154414, 50.263656421 ], [ 26.191326139, 50.262773325 ], [ 26.170295891, 50.244520973 ], [ 26.169811831, 50.239663436 ], [ 26.165686072, 50.236185193 ], [ 26.165276431, 50.231110122 ], [ 26.07410674, 50.251001828 ], [ 26.060416525, 50.255429327 ], [ 26.019402209, 50.229059456 ], [ 26.008835559, 50.22846871 ], [ 26.007444, 50.235391 ], [ 26.001454816, 50.239905362 ], [ 25.991929821, 50.24335659 ], [ 25.991652489, 50.246719655 ], [ 25.979532, 50.244809 ], [ 25.970238858, 50.246349782 ], [ 25.963045552, 50.256218321 ], [ 25.958191155, 50.257374011 ], [ 25.949666518, 50.255832322 ], [ 25.942432987, 50.257225033 ], [ 25.931345405, 50.256138701 ], [ 25.92177621, 50.253871809 ], [ 25.923041534, 50.24829572 ], [ 25.899449476, 50.235065574 ], [ 25.883895079, 50.221621227 ], [ 25.877390644, 50.219344046 ], [ 25.874713915, 50.213872678 ], [ 25.869755442, 50.209539676 ], [ 25.87063598, 50.204589718 ], [ 25.85477307, 50.189784462 ], [ 25.820616999, 50.181532 ], [ 25.79591398, 50.185082959 ], [ 25.776275031, 50.18040444 ], [ 25.757170049, 50.17909754 ], [ 25.728962548, 50.186971146 ], [ 25.723574321, 50.175165592 ], [ 25.720734818, 50.173278466 ], [ 25.703261691, 50.171143159 ], [ 25.692682582, 50.178555512 ], [ 25.688130958, 50.17842149 ], [ 25.625379692, 50.152113597 ], [ 25.609556534, 50.162835105 ], [ 25.575712016, 50.176327853 ], [ 25.554111355, 50.150451257 ], [ 25.499413855, 50.15648084 ], [ 25.500061116, 50.159937572 ], [ 25.503437812, 50.161940183 ], [ 25.501992694, 50.164050962 ], [ 25.476011074, 50.16615791 ], [ 25.4493804, 50.15043045 ], [ 25.448389118, 50.124059267 ], [ 25.456005899, 50.116806476 ], [ 25.483997001, 50.114067215 ], [ 25.489024649, 50.101840168 ], [ 25.464748788, 50.098291862 ], [ 25.466057885, 50.094415643 ], [ 25.454107995, 50.094289843 ], [ 25.45717887, 50.082055336 ], [ 25.451259846, 50.081069001 ], [ 25.450966245, 50.074673528 ], [ 25.438818827, 50.07224097 ], [ 25.431391495, 50.052967657 ], [ 25.416200804, 50.049802223 ], [ 25.392672083, 50.048940444 ], [ 25.388441491, 50.046831975 ], [ 25.384641928, 50.048948565 ], [ 25.364388692, 50.046029292 ], [ 25.36047888, 50.017050092 ], [ 25.352873476, 50.017335233 ], [ 25.349094291, 50.002945709 ], [ 25.361074315, 49.996036439 ], [ 25.373187336, 49.991850705 ], [ 25.402217172, 49.986012189 ], [ 25.412045141, 49.969572851 ], [ 25.401644021, 49.954965865 ], [ 25.403875976, 49.947756429 ], [ 25.413970337, 49.944959332 ], [ 25.418060542, 49.946142836 ], [ 25.426897585, 49.941972274 ], [ 25.426575469, 49.939048355 ], [ 25.421408053, 49.938243388 ], [ 25.416142688, 49.934460605 ], [ 25.400526758, 49.937477872 ], [ 25.396042518, 49.934721405 ], [ 25.389202939, 49.934209267 ], [ 25.387233312, 49.932611073 ], [ 25.387004396, 49.927094424 ], [ 25.376359357, 49.913210271 ], [ 25.389084319, 49.897173499 ], [ 25.381558648, 49.88408796 ], [ 25.38060174, 49.876950831 ], [ 25.371894598, 49.876026625 ], [ 25.375199999, 49.868006 ], [ 25.371207852, 49.865371454 ], [ 25.359314633, 49.8650698 ], [ 25.349706007, 49.862697419 ], [ 25.337798894, 49.863640304 ], [ 25.336183406, 49.863144964 ], [ 25.336418457, 49.859310979 ], [ 25.311944665, 49.854577283 ], [ 25.309012237, 49.852716321 ], [ 25.299110512, 49.853707194 ], [ 25.296803537, 49.849315783 ], [ 25.299972552, 49.848325861 ], [ 25.300658095, 49.846319523 ], [ 25.293117339, 49.843620238 ], [ 25.290141459, 49.840125666 ], [ 25.292559032, 49.839075346 ], [ 25.293277345, 49.83381682 ], [ 25.285906115, 49.827896389 ], [ 25.270582385, 49.829680947 ], [ 25.269411808, 49.832484061 ], [ 25.265859093, 49.830719001 ], [ 25.263124129, 49.832710527 ], [ 25.262210928, 49.836746401 ], [ 25.255893921, 49.83669222 ], [ 25.255278454, 49.833727877 ], [ 25.247707396, 49.834012782 ], [ 25.247340599, 49.825728982 ], [ 25.236428292, 49.824031158 ], [ 25.211479668, 49.826748034 ], [ 25.209109493, 49.830216748 ], [ 25.180341644, 49.838029828 ], [ 25.172735694, 49.832036198 ], [ 25.160349544, 49.834212571 ], [ 25.151660617, 49.833149652 ], [ 25.151240995, 49.828210863 ], [ 25.144143822, 49.828066699 ], [ 25.14363415, 49.817474695 ], [ 25.137566714, 49.814906046 ], [ 25.134396897, 49.816889873 ], [ 25.124439563, 49.818601274 ], [ 25.109135714, 49.818615668 ], [ 25.096481355, 49.822245161 ], [ 25.090611, 49.826554 ], [ 25.085184489, 49.828068596 ], [ 25.083257294, 49.82723892 ], [ 25.084075434, 49.796803519 ], [ 25.089506108, 49.788414671 ], [ 25.089792261, 49.782147489 ], [ 25.086554353, 49.778090997 ], [ 25.075606623, 49.779137684 ], [ 25.075091445, 49.772425629 ], [ 25.072344096, 49.770216345 ], [ 25.091550402, 49.759825086 ], [ 25.103769088, 49.756667641 ], [ 25.114986568, 49.745924586 ], [ 25.111851001, 49.741482 ], [ 25.10058278, 49.732723592 ], [ 25.094884467, 49.729479218 ], [ 25.093749636, 49.730792114 ], [ 25.079403357, 49.721855792 ], [ 25.072224091, 49.716821338 ], [ 25.074338265, 49.714830413 ], [ 25.067598684, 49.711491014 ], [ 25.044624734, 49.729519155 ], [ 25.022505823, 49.736053046 ], [ 24.999188777, 49.699741609 ], [ 24.994260804, 49.668539486 ], [ 24.995912456, 49.662330254 ], [ 24.990229131, 49.662585837 ], [ 24.98696105, 49.651541976 ], [ 24.990526807, 49.645051467 ], [ 24.982716358, 49.636629607 ], [ 24.966475711, 49.640753869 ], [ 24.964348908, 49.63190383 ], [ 24.962725852, 49.63163054 ], [ 24.963076536, 49.626426979 ], [ 24.959209977, 49.625590417 ], [ 24.957662031, 49.620354789 ], [ 24.954047091, 49.618577604 ], [ 24.954395539, 49.616032345 ], [ 24.951774211, 49.614272165 ], [ 24.947363017, 49.614574936 ], [ 24.947638793, 49.617320133 ], [ 24.929750972, 49.617355833 ], [ 24.938880335, 49.614552882 ], [ 24.941596928, 49.608118296 ], [ 24.926160425, 49.609952256 ], [ 24.915539204, 49.614281327 ], [ 24.905814079, 49.61416422 ], [ 24.898360054, 49.610356857 ], [ 24.902884714, 49.607898282 ], [ 24.900681087, 49.605086312 ], [ 24.904730459, 49.602099412 ], [ 24.903011342, 49.599205469 ], [ 24.885935012, 49.601951081 ], [ 24.882551637, 49.608622035 ], [ 24.871416649, 49.609237624 ], [ 24.870020834, 49.60453823 ], [ 24.865388791, 49.605366751 ], [ 24.864054904, 49.599199506 ], [ 24.844987437, 49.601124459 ], [ 24.843710766, 49.59994688 ], [ 24.833622404, 49.599261026 ], [ 24.839211043, 49.586965535 ], [ 24.839760005, 49.580808947 ], [ 24.833851452, 49.579709831 ], [ 24.831451698, 49.590075465 ], [ 24.828127901, 49.59294211 ], [ 24.81472012, 49.586547156 ], [ 24.801872783, 49.587649881 ], [ 24.799540397, 49.586490909 ], [ 24.791193038, 49.572680114 ], [ 24.7655789, 49.572341047 ], [ 24.761227425, 49.573954198 ], [ 24.760191228, 49.571633109 ], [ 24.728995878, 49.570216232 ], [ 24.728621359, 49.572427984 ], [ 24.724576549, 49.572544464 ], [ 24.717972894, 49.570316596 ], [ 24.72153512, 49.568362159 ], [ 24.729282463, 49.547151839 ], [ 24.722208654, 49.539750711 ], [ 24.723672461, 49.53402989 ], [ 24.717874348, 49.531342443 ], [ 24.720830868, 49.510500542 ], [ 24.723027572, 49.508043691 ], [ 24.720709275, 49.496901694 ], [ 24.730796215, 49.490765823 ], [ 24.729076328, 49.485417841 ], [ 24.723981563, 49.481641955 ], [ 24.729498271, 49.480082716 ], [ 24.744732288, 49.466058913 ], [ 24.745105637, 49.459798341 ], [ 24.751360401, 49.451123093 ], [ 24.750712871, 49.449631982 ], [ 24.761928595, 49.441669264 ], [ 24.770891, 49.431585 ], [ 24.770588999, 49.427461 ], [ 24.767125638, 49.424580113 ], [ 24.774416266, 49.413163976 ], [ 24.772905063, 49.393995719 ], [ 24.776591552, 49.385997688 ], [ 24.780036019, 49.38399734 ], [ 24.778361066, 49.381225198 ], [ 24.796452266, 49.382206921 ], [ 24.8112219, 49.391170441 ], [ 24.815166005, 49.387189972 ], [ 24.828431762, 49.38588501 ], [ 24.833723, 49.362806 ], [ 24.843301451, 49.354328695 ], [ 24.850230168, 49.353034855 ], [ 24.859118421, 49.347182621 ], [ 24.857161993, 49.345462017 ], [ 24.852012144, 49.345697975 ], [ 24.849245083, 49.335580622 ], [ 24.843462, 49.336262 ], [ 24.844286873, 49.332807715 ], [ 24.839807488, 49.324154741 ], [ 24.837182337, 49.325076201 ], [ 24.833395604, 49.319696208 ], [ 24.828689001, 49.320486999 ], [ 24.828696006, 49.311080135 ], [ 24.831997146, 49.305003059 ], [ 24.82808737, 49.285483564 ], [ 24.840459859, 49.283079757 ], [ 24.843926535, 49.270506006 ], [ 24.843492122, 49.262698408 ], [ 24.860113041, 49.257793881 ], [ 24.869677369, 49.258178408 ], [ 24.893674351, 49.247755286 ], [ 24.901411712, 49.242699948 ], [ 24.911224708, 49.239590218 ], [ 24.926857469, 49.238384935 ], [ 24.933276456, 49.235535077 ], [ 24.933493197, 49.229621991 ], [ 24.91439671, 49.222773896 ], [ 24.898768875, 49.21477822 ], [ 24.887423582, 49.198568979 ], [ 24.85783186, 49.178621145 ], [ 24.856439217, 49.163639869 ], [ 24.86023263, 49.162483664 ], [ 24.861482105, 49.159808508 ], [ 24.866525731, 49.161833645 ], [ 24.879937952, 49.147025953 ], [ 24.893239878, 49.138979662 ], [ 24.899896158, 49.129118453 ], [ 24.951734198, 49.125345529 ], [ 24.956432494, 49.127605761 ], [ 24.972203465, 49.12040181 ], [ 24.985571876, 49.116704776 ], [ 24.982577316, 49.115455516 ], [ 24.983684628, 49.112322368 ], [ 24.977891123, 49.106148066 ], [ 24.97696729, 49.099607901 ], [ 24.974091385, 49.097557089 ], [ 24.978196417, 49.094564536 ], [ 24.979865889, 49.089749349 ], [ 24.978457004, 49.087319324 ], [ 24.97472948, 49.086154521 ], [ 24.975674914, 49.083580729 ], [ 24.973682841, 49.082527028 ], [ 24.985669656, 49.078584338 ], [ 24.985980564, 49.081742706 ], [ 24.989134571, 49.083082572 ], [ 24.988601699, 49.078861245 ], [ 24.991632173, 49.078593124 ], [ 24.991130555, 49.071292906 ], [ 24.9658044, 49.07205341 ], [ 24.962776877, 49.076377008 ], [ 24.958820752, 49.075785689 ], [ 24.94471201, 49.079655011 ], [ 24.943695202, 49.077610036 ], [ 24.941219838, 49.080184827 ], [ 24.92178447, 49.082470693 ], [ 24.921118184, 49.081351164 ], [ 24.916308291, 49.083007177 ], [ 24.912135138, 49.078729814 ], [ 24.915853039, 49.074539584 ], [ 24.912383224, 49.067585457 ], [ 24.905959558, 49.065606686 ], [ 24.902992149, 49.054518725 ], [ 24.904916597, 49.049672542 ], [ 24.911303016, 49.050953153 ], [ 24.915768364, 49.045214296 ], [ 24.925285435, 49.038337829 ], [ 24.931849092, 49.035838927 ], [ 24.937302818, 49.03025914 ], [ 24.959798945, 49.020106521 ], [ 24.961475776, 49.015818053 ], [ 24.969542507, 49.011249488 ], [ 24.972183734, 49.00352621 ], [ 24.964630939, 48.996475877 ], [ 24.965618647, 48.992330225 ], [ 25.006408366, 49.005174296 ], [ 25.017628611, 49.011331923 ], [ 25.031390204, 49.00445985 ], [ 25.034860227, 49.000784493 ], [ 25.048813858, 48.997102686 ], [ 25.052878385, 48.992846584 ], [ 25.075996683, 48.987214976 ], [ 25.078137972, 48.984234823 ], [ 25.087535009, 48.983803805 ], [ 25.087637976, 48.979633733 ], [ 25.096107005, 48.982088404 ], [ 25.098138293, 48.985570924 ], [ 25.103168864, 48.987752721 ], [ 25.103480977, 48.99233698 ], [ 25.11095498, 48.997170313 ], [ 25.113860489, 48.996984108 ], [ 25.116783178, 48.992462819 ], [ 25.109691951, 48.986389935 ], [ 25.106860865, 48.980999618 ], [ 25.111462831, 48.968302483 ], [ 25.108487384, 48.965189048 ], [ 25.114474009, 48.960997072 ], [ 25.128326747, 48.956372267 ], [ 25.134285983, 48.950964871 ], [ 25.145598515, 48.946001642 ], [ 25.147310184, 48.943273287 ], [ 25.14511222, 48.93973367 ], [ 25.1362432, 48.933634461 ], [ 25.119766377, 48.926862024 ], [ 25.118486817, 48.920553649 ], [ 25.127354055, 48.90826193 ], [ 25.129112195, 48.901347265 ], [ 25.135567762, 48.890865572 ], [ 25.138030053, 48.877495863 ], [ 25.136656493, 48.874891926 ], [ 25.143557496, 48.873564279 ], [ 25.150424722, 48.868920605 ], [ 25.160728426, 48.865417416 ], [ 25.1677712, 48.867495795 ], [ 25.172812921, 48.874067024 ], [ 25.173383822, 48.883954737 ], [ 25.16685506, 48.890618821 ], [ 25.167303986, 48.893558843 ], [ 25.171506364, 48.898414673 ], [ 25.178930598, 48.901060903 ], [ 25.198159984, 48.914694159 ], [ 25.190980683, 48.92293693 ], [ 25.190582731, 48.926791882 ], [ 25.194004639, 48.927446289 ], [ 25.210490578, 48.92196805 ], [ 25.225708332, 48.931207187 ], [ 25.231303655, 48.932344379 ], [ 25.235396115, 48.931291825 ], [ 25.238166432, 48.922156383 ], [ 25.229721494, 48.909115357 ], [ 25.229430109, 48.884701269 ], [ 25.225024028, 48.874721933 ], [ 25.210457968, 48.853756837 ], [ 25.208681803, 48.848837525 ], [ 25.211160927, 48.845967507 ], [ 25.220451262, 48.845321263 ], [ 25.227740351, 48.847855913 ], [ 25.234452211, 48.86320103 ], [ 25.237580481, 48.865567362 ], [ 25.262076262, 48.86674733 ], [ 25.283710286, 48.862333934 ], [ 25.291279594, 48.845322582 ], [ 25.301245906, 48.843819162 ], [ 25.313974058, 48.846856684 ], [ 25.321300714, 48.846766129 ], [ 25.325575462, 48.84301074 ], [ 25.325485447, 48.837884555 ], [ 25.344661055, 48.837539932 ], [ 25.34110237, 48.847160968 ], [ 25.341426705, 48.854876653 ], [ 25.345170533, 48.857708942 ], [ 25.354741598, 48.859591741 ], [ 25.367980226, 48.858186286 ], [ 25.407499442, 48.846541243 ], [ 25.428042235, 48.842739292 ], [ 25.435593148, 48.844445631 ], [ 25.439053158, 48.847465605 ], [ 25.43582781, 48.854512008 ], [ 25.427092809, 48.864195839 ], [ 25.427534161, 48.868969242 ], [ 25.435599225, 48.872242925 ], [ 25.453017205, 48.866681554 ], [ 25.465432331, 48.860328033 ], [ 25.46959849, 48.856106035 ], [ 25.463774216, 48.849159469 ], [ 25.450177744, 48.839405782 ], [ 25.449658679, 48.837013346 ], [ 25.45422746, 48.831454061 ], [ 25.484527672, 48.82115554 ], [ 25.504133191, 48.806802861 ], [ 25.525591337, 48.803038034 ], [ 25.542680707, 48.803198033 ], [ 25.553689827, 48.799033589 ], [ 25.5673209, 48.790996781 ], [ 25.599725315, 48.765795435 ], [ 25.631680698, 48.753805105 ], [ 25.639483861, 48.749159613 ], [ 25.641219519, 48.745191676 ], [ 25.637333433, 48.739661738 ], [ 25.614481042, 48.729860823 ], [ 25.610158525, 48.72555991 ], [ 25.610549115, 48.720952856 ], [ 25.613856072, 48.717277279 ], [ 25.646069962, 48.711413455 ], [ 25.652953113, 48.705469074 ], [ 25.648974282, 48.696254531 ], [ 25.641397744, 48.691217021 ], [ 25.626826214, 48.685300126 ], [ 25.621326494, 48.680847599 ], [ 25.621443035, 48.677114076 ], [ 25.628090107, 48.672825492 ] ] ] } },
{ "type": "Feature", "properties": { "shapeName": "Kharkivska", "shapeISO": "", "shapeID": "82583831B2664207746433", "shapeGroup": "UKR", "shapeType": "ADM1" }, "geometry": { "type": "Polygon", "coordinates": [ [ [ 36.738855825, 48.626158288 ], [ 36.734326428, 48.646230639 ], [ 36.72811426, 48.647929648 ], [ 36.728498513, 48.65161351 ], [ 36.722514212, 48.654638599 ], [ 36.730852866, 48.657030863 ], [ 36.729725838, 48.660017319 ], [ 36.725997915, 48.660456068 ], [ 36.725151564, 48.66319609 ], [ 36.722326669, 48.662422841 ], [ 36.720846416, 48.663917112 ], [ 36.723904457, 48.665053235 ], [ 36.723148558, 48.66657939 ], [ 36.727212541, 48.667140938 ], [ 36.721954966, 48.6728586 ], [ 36.717177762, 48.673493435 ], [ 36.718458196, 48.67682393 ], [ 36.714788449, 48.679367006 ], [ 36.718011363, 48.680777719 ], [ 36.717866876, 48.683195637 ], [ 36.721338009, 48.683267925 ], [ 36.717343217, 48.690828952 ], [ 36.714305814, 48.690019629 ], [ 36.711758326, 48.692552546 ], [ 36.730167802, 48.69524032 ], [ 36.735465776, 48.705157285 ], [ 36.725841565, 48.714659817 ], [ 36.712593369, 48.743713327 ], [ 36.717591894, 48.744859046 ], [ 36.712128093, 48.753062731 ], [ 36.713342096, 48.755461556 ], [ 36.708576797, 48.768220804 ], [ 36.691871758, 48.769381507 ], [ 36.689076795, 48.77608408 ], [ 36.702824661, 48.784155855 ], [ 36.720783809, 48.805969276 ], [ 36.765044108, 48.796910115 ], [ 36.790487944, 48.801373383 ], [ 36.78385389, 48.789847188 ], [ 36.792182175, 48.785975635 ], [ 36.788389014, 48.780629572 ], [ 36.816712531, 48.777610506 ], [ 36.821208196, 48.771343687 ], [ 36.840767859, 48.772839171 ], [ 36.841196925, 48.778273678 ], [ 36.854121236, 48.800378586 ], [ 36.921032491, 48.79773334 ], [ 36.923097751, 48.793876095 ], [ 36.932183999, 48.792264999 ], [ 36.944327917, 48.79171691 ], [ 36.947510587, 48.795762501 ], [ 36.968922498, 48.793325545 ], [ 36.981717867, 48.784262752 ], [ 36.988729173, 48.774735839 ], [ 36.998899484, 48.769831064 ], [ 37.001510939, 48.765657384 ], [ 37.009467434, 48.764659426 ], [ 37.017112969, 48.7600975 ], [ 37.019631291, 48.755561555 ], [ 37.032436333, 48.749217129 ], [ 37.038034962, 48.752220791 ], [ 37.043214751, 48.766546132 ], [ 37.023042417, 48.767774646 ], [ 37.023083212, 48.775078324 ], [ 36.994870991, 48.787389998 ], [ 37.005352186, 48.797155053 ], [ 37.00729279, 48.802748533 ], [ 37.018568121, 48.801499409 ], [ 37.023795215, 48.817871924 ], [ 37.035407129, 48.815546825 ], [ 37.066219156, 48.813843278 ], [ 37.067503005, 48.817407458 ], [ 37.078127543, 48.817613804 ], [ 37.098750804, 48.850805308 ], [ 37.133245083, 48.842732832 ], [ 37.139344356, 48.843681151 ], [ 37.147734091, 48.84165928 ], [ 37.140378549, 48.832652942 ], [ 37.151254939, 48.832468191 ], [ 37.157436686, 48.824668868 ], [ 37.192123763, 48.814660564 ], [ 37.195028814, 48.848554475 ], [ 37.189760499, 48.871686112 ], [ 37.193690861, 48.881899405 ], [ 37.196013063, 48.882503995 ], [ 37.197807099, 48.881338558 ], [ 37.202612581, 48.885042351 ], [ 37.211217986, 48.88766446 ], [ 37.222595532, 48.900168395 ], [ 37.223971056, 48.908264372 ], [ 37.244368966, 48.906481211 ], [ 37.245010322, 48.908821629 ], [ 37.26636468, 48.906466958 ], [ 37.269143137, 48.922722978 ], [ 37.299093612, 48.922857534 ], [ 37.299216235, 48.919351425 ], [ 37.312849786, 48.922735647 ], [ 37.328038092, 48.921713873 ], [ 37.332331607, 48.93474391 ], [ 37.327481909, 48.935576366 ], [ 37.332435454, 48.941188648 ], [ 37.327344307, 48.941802962 ], [ 37.326686982, 48.938062876 ], [ 37.324453451, 48.937519156 ], [ 37.31816499, 48.938324317 ], [ 37.314953835, 48.939539996 ], [ 37.314261326, 48.941566028 ], [ 37.310669374, 48.941932724 ], [ 37.307374913, 48.94662366 ], [ 37.308136374, 48.951130787 ], [ 37.318738113, 48.95232315 ], [ 37.32077587, 48.956516837 ], [ 37.310988791, 48.956816138 ], [ 37.3101189, 48.959555949 ], [ 37.304882453, 48.961208686 ], [ 37.304308912, 48.962944476 ], [ 37.305086437, 48.964832144 ], [ 37.310817727, 48.966266643 ], [ 37.308181912, 48.968287003 ], [ 37.297366031, 48.96694949 ], [ 37.294779413, 48.970931842 ], [ 37.299160306, 48.972602949 ], [ 37.298077807, 48.975572031 ], [ 37.301378519, 48.975536126 ], [ 37.303324868, 48.978745228 ], [ 37.307889436, 48.981010784 ], [ 37.310064451, 48.979618903 ], [ 37.314565542, 48.979956313 ], [ 37.313960089, 48.9775926 ], [ 37.316465467, 48.977577287 ], [ 37.316410342, 48.982691987 ], [ 37.324688106, 48.982909998 ], [ 37.324003533, 48.985028642 ], [ 37.312061002, 48.985839566 ], [ 37.312803614, 48.989658323 ], [ 37.321340596, 48.989483688 ], [ 37.3367374, 48.994790829 ], [ 37.344240342, 49.003535306 ], [ 37.359807087, 48.998612113 ], [ 37.358774534, 48.992362142 ], [ 37.373628011, 48.99434717 ], [ 37.370691687, 49.004440064 ], [ 37.375420217, 49.026215266 ], [ 37.391878266, 49.025153108 ], [ 37.385094024, 49.034292979 ], [ 37.388379192, 49.038680793 ], [ 37.384275199, 49.044389716 ], [ 37.384868274, 49.048308697 ], [ 37.40769092, 49.05194616 ], [ 37.417565822, 49.06134055 ], [ 37.431882541, 49.059336953 ], [ 37.438425718, 49.061528718 ], [ 37.443163626, 49.057423222 ], [ 37.44941024, 49.061515096 ], [ 37.449142056, 49.055324666 ], [ 37.451373066, 49.053170492 ], [ 37.457082926, 49.056563186 ], [ 37.458946002, 49.056077363 ], [ 37.464569871, 49.061335738 ], [ 37.466857467, 49.060338235 ], [ 37.467956369, 49.054644917 ], [ 37.477062063, 49.060051868 ], [ 37.476780434, 49.063152929 ], [ 37.495293556, 49.063814637 ], [ 37.497800759, 49.067971532 ], [ 37.505107585, 49.070619095 ], [ 37.506642042, 49.079961148 ], [ 37.498391922, 49.088365065 ], [ 37.500977951, 49.091292801 ], [ 37.493846844, 49.093038439 ], [ 37.486539901, 49.099453824 ], [ 37.494846605, 49.104752026 ], [ 37.497191917, 49.103444044 ], [ 37.546215509, 49.112006339 ], [ 37.584865507, 49.126133013 ], [ 37.571279406, 49.135819385 ], [ 37.562401339, 49.133411872 ], [ 37.554890019, 49.140228859 ], [ 37.542967169, 49.144641093 ], [ 37.542255123, 49.145602954 ], [ 37.55019072, 49.147923829 ], [ 37.559339547, 49.144335727 ], [ 37.563971992, 49.145563008 ], [ 37.564150739, 49.148258397 ], [ 37.55445564, 49.164881422 ], [ 37.530680026, 49.174137997 ], [ 37.498791998, 49.181631514 ], [ 37.50967899, 49.19654601 ], [ 37.545275568, 49.213155574 ], [ 37.561236335, 49.228021787 ], [ 37.569248828, 49.231150955 ], [ 37.597723168, 49.230061129 ], [ 37.614324919, 49.233094318 ], [ 37.712298116, 49.219794922 ], [ 37.797792294, 49.201966344 ], [ 37.798058594, 49.206920333 ], [ 37.802376953, 49.207190501 ], [ 37.824651156, 49.206397382 ], [ 37.824678944, 49.202657655 ], [ 37.843487395, 49.201377611 ], [ 37.844250229, 49.205160323 ], [ 37.846627335, 49.204894668 ], [ 37.850265933, 49.221605846 ], [ 37.865306264, 49.237129109 ], [ 37.872175867, 49.237604846 ], [ 37.866169996, 49.246355521 ], [ 37.895071003, 49.252721569 ], [ 37.896655409, 49.254427653 ], [ 37.894953138, 49.256002705 ], [ 37.911517615, 49.259720837 ], [ 37.898949967, 49.270250448 ], [ 37.900631654, 49.271207673 ], [ 37.913768329, 49.277706529 ], [ 37.950998466, 49.282218089 ], [ 37.958378982, 49.285210845 ], [ 37.945936834, 49.303737807 ], [ 37.88373977, 49.312871704 ], [ 37.884018792, 49.31745097 ], [ 37.87722436, 49.32884719 ], [ 37.883864616, 49.341274359 ], [ 37.886261103, 49.341655019 ], [ 37.885000154, 49.349733069 ], [ 37.896037737, 49.403506444 ], [ 37.88111455, 49.415192106 ], [ 37.87842979, 49.41342351 ], [ 37.88053286, 49.41640637 ], [ 37.877622098, 49.418886923 ], [ 37.879584905, 49.435870033 ], [ 37.874399393, 49.436653946 ], [ 37.87582905, 49.446742276 ], [ 37.843865703, 49.445154325 ], [ 37.850868127, 49.4877401 ], [ 37.845881, 49.490595 ], [ 37.836961357, 49.492515587 ], [ 37.844770591, 49.501734792 ], [ 37.841733001, 49.507957644 ], [ 37.846790025, 49.52058258 ], [ 37.885618107, 49.518832463 ], [ 37.894051313, 49.524597469 ], [ 37.91750892, 49.53415204 ], [ 37.925623592, 49.541592882 ], [ 37.927178074, 49.547976709 ], [ 37.886320375, 49.549227716 ], [ 37.901058083, 49.573779614 ], [ 37.904200508, 49.571631522 ], [ 37.922593631, 49.567520656 ], [ 37.923621488, 49.570027693 ], [ 37.952660048, 49.568388578 ], [ 37.952385276, 49.573477252 ], [ 37.938186608, 49.583267622 ], [ 37.934307528, 49.589689054 ], [ 37.934254697, 49.59383411 ], [ 37.942009556, 49.593836438 ], [ 37.944261361, 49.611265 ], [ 37.974948445, 49.611649134 ], [ 37.974514657, 49.615079147 ], [ 37.977819892, 49.617848504 ], [ 37.976617412, 49.621686581 ], [ 37.980620817, 49.626007573 ], [ 37.995694678, 49.628405918 ], [ 37.987322651, 49.641633503 ], [ 37.994940972, 49.646981276 ], [ 38.045803002, 49.657559711 ], [ 38.036088512, 49.662736076 ], [ 38.033243684, 49.659591168 ], [ 38.027705664, 49.662176009 ], [ 38.026810906, 49.663329741 ], [ 38.031710753, 49.666727138 ], [ 38.030777212, 49.667993277 ], [ 38.024997853, 49.670166468 ], [ 38.019245741, 49.675037786 ], [ 38.019810165, 49.677218784 ], [ 38.011254306, 49.677394281 ], [ 38.014595406, 49.67905226 ], [ 38.014135244, 49.68302109 ], [ 38.011311075, 49.684637266 ], [ 38.014122736, 49.685878585 ], [ 38.013556667, 49.695445228 ], [ 38.006221291, 49.695225494 ], [ 37.99892286, 49.700218395 ], [ 38.017633263, 49.705941897 ], [ 38.016986331, 49.712799942 ], [ 38.010098005, 49.714147015 ], [ 37.997069851, 49.713341977 ], [ 37.990725547, 49.715712635 ], [ 37.974677745, 49.708533917 ], [ 37.959773285, 49.718305503 ], [ 37.95142588, 49.731185199 ], [ 37.967848993, 49.758790459 ], [ 37.97659597, 49.767578285 ], [ 37.980233069, 49.764641535 ], [ 37.9823109, 49.757084282 ], [ 37.988584052, 49.75487536 ], [ 37.989538098, 49.752763257 ], [ 37.998569377, 49.753274253 ], [ 38.009278003, 49.757174108 ], [ 38.010694694, 49.765048475 ], [ 38.024409414, 49.772940568 ], [ 38.023198517, 49.77464265 ], [ 38.03473005, 49.778301432 ], [ 38.036772871, 49.783094713 ], [ 38.052769583, 49.78351668 ], [ 38.055100213, 49.791520039 ], [ 38.041534569, 49.794221547 ], [ 38.031771824, 49.801654964 ], [ 38.009640265, 49.812827123 ], [ 38.01968935, 49.834402354 ], [ 38.017779144, 49.837212572 ], [ 38.04785887, 49.838963641 ], [ 38.054542251, 49.837242868 ], [ 38.074076953, 49.836177638 ], [ 38.093696527, 49.845992825 ], [ 38.061705668, 49.870074952 ], [ 38.032795291, 49.900445165 ], [ 38.018789831, 49.915677527 ], [ 38.024887264, 49.919046399 ], [ 38.020595571, 49.925572308 ], [ 38.044026463, 49.932630762 ], [ 38.005373761, 49.967151179 ], [ 37.999335265, 49.963483426 ], [ 37.980595331, 49.976649778 ], [ 37.967597277, 49.978905248 ], [ 37.961981897, 49.983035032 ], [ 37.941500001, 50.013503 ], [ 37.935136452, 50.019507488 ], [ 37.923472095, 50.036254629 ], [ 37.89340007, 50.050545131 ], [ 37.858873559, 50.055401768 ], [ 37.829420997, 50.066277429 ], [ 37.797321387, 50.084197918 ], [ 37.755389999, 50.078564 ], [ 37.743710542, 50.094323287 ], [ 37.734731605, 50.102143842 ], [ 37.725699145, 50.107276462 ], [ 37.70800217, 50.126907416 ], [ 37.708731001, 50.133089761 ], [ 37.699963856, 50.134113588 ], [ 37.690937116, 50.142533282 ], [ 37.668366553, 50.152716505 ], [ 37.665405896, 50.158153474 ], [ 37.654384056, 50.166175445 ], [ 37.652609946, 50.170286085 ], [ 37.649668296, 50.170972003 ], [ 37.646640708, 50.174379226 ], [ 37.640351118, 50.176041947 ], [ 37.638860609, 50.179594558 ], [ 37.643553958, 50.190940974 ], [ 37.62538745, 50.205988298 ], [ 37.620909557, 50.212466988 ], [ 37.615570342, 50.216036867 ], [ 37.614499297, 50.219850994 ], [ 37.626781544, 50.239916234 ], [ 37.626446584, 50.293068928 ], [ 37.637802596, 50.302679071 ], [ 37.635739115, 50.310918837 ], [ 37.629746683, 50.313758169 ], [ 37.616042716, 50.315654235 ], [ 37.5952192, 50.316186797 ], [ 37.585788669, 50.31429205 ], [ 37.576910511, 50.306342595 ], [ 37.555374973, 50.32969008 ], [ 37.521416054, 50.336320536 ], [ 37.508662988, 50.346978444 ], [ 37.505826757, 50.352069453 ], [ 37.484953098, 50.357087363 ], [ 37.472297152, 50.368475501 ], [ 37.470888537, 50.375468849 ], [ 37.466187558, 50.382199317 ], [ 37.466339865, 50.406266793 ], [ 37.464466827, 50.414090951 ], [ 37.466010861, 50.418101082 ], [ 37.463662035, 50.424201905 ], [ 37.465078038, 50.429747274 ], [ 37.483030143, 50.432327681 ], [ 37.485608556, 50.436351069 ], [ 37.484582047, 50.445264851 ], [ 37.490625074, 50.457432765 ], [ 37.476924016, 50.459455685 ], [ 37.469314567, 50.453668596 ], [ 37.432201037, 50.443621054 ], [ 37.421286676, 50.434818436 ], [ 37.411939098, 50.43309188 ], [ 37.396631682, 50.431118955 ], [ 37.376977141, 50.432789884 ], [ 37.352380492, 50.437403309 ], [ 37.330139388, 50.436452611 ], [ 37.319916236, 50.432937149 ], [ 37.310473498, 50.426613475 ], [ 37.299805281, 50.406564043 ], [ 37.292369413, 50.401210993 ], [ 37.264317725, 50.393920843 ], [ 37.257874333, 50.390983495 ], [ 37.256336492, 50.392760203 ], [ 37.222364308, 50.379278009 ], [ 37.22342091, 50.377930177 ], [ 37.214570393, 50.374437838 ], [ 37.181895818, 50.363144323 ], [ 37.152510256, 50.356242966 ], [ 37.148877323, 50.35580505 ], [ 37.138556364, 50.360912912 ], [ 37.134977072, 50.360661173 ], [ 37.103316009, 50.357320653 ], [ 37.105474305, 50.351612876 ], [ 37.07409407, 50.346958257 ], [ 37.059590046, 50.347104061 ], [ 37.044821795, 50.344967852 ], [ 37.037576299, 50.348687444 ], [ 36.937446907, 50.350264231 ], [ 36.915414327, 50.346386177 ], [ 36.881030293, 50.336247148 ], [ 36.870366557, 50.335193808 ], [ 36.855883681, 50.330263501 ], [ 36.830668624, 50.312238362 ], [ 36.819064358, 50.312762309 ], [ 36.808477999, 50.311091001 ], [ 36.803664, 50.309539999 ], [ 36.799503027, 50.305782499 ], [ 36.76809567, 50.301827418 ], [ 36.764031, 50.290776 ], [ 36.747935734, 50.287489298 ], [ 36.750801202, 50.284242586 ], [ 36.748733693, 50.28039345 ], [ 36.739871328, 50.282921743 ], [ 36.728805256, 50.277156898 ], [ 36.720184094, 50.277426373 ], [ 36.703623947, 50.268691633 ], [ 36.703623996, 50.264587141 ], [ 36.698870338, 50.265423111 ], [ 36.695132765, 50.269117631 ], [ 36.688944912, 50.266905409 ], [ 36.683296623, 50.257053471 ], [ 36.684112061, 50.250495569 ], [ 36.679421494, 50.23761841 ], [ 36.663967924, 50.222183173 ], [ 36.648062607, 50.217749575 ], [ 36.638629061, 50.222584108 ], [ 36.615977869, 50.22714845 ], [ 36.613045875, 50.223732182 ], [ 36.597295476, 50.229244447 ], [ 36.59984549, 50.230309655 ], [ 36.583332632, 50.236527882 ], [ 36.560303351, 50.250709773 ], [ 36.569100617, 50.258037897 ], [ 36.574706549, 50.255846796 ], [ 36.577763772, 50.258590068 ], [ 36.575230109, 50.260653403 ], [ 36.580446889, 50.262577859 ], [ 36.574609539, 50.274740382 ], [ 36.593773501, 50.275807444 ], [ 36.586158925, 50.285446595 ], [ 36.569893238, 50.285787207 ], [ 36.560460241, 50.284220157 ], [ 36.555706238, 50.281384693 ], [ 36.529972338, 50.285183561 ], [ 36.523672535, 50.286404447 ], [ 36.52261245, 50.288775346 ], [ 36.526383585, 50.293921529 ], [ 36.515759681, 50.29595014 ], [ 36.511203038, 50.295459601 ], [ 36.501256611, 50.299141275 ], [ 36.489768599, 50.306170289 ], [ 36.487475581, 50.311604523 ], [ 36.472063859, 50.313058709 ], [ 36.440253401, 50.310874081 ], [ 36.433582213, 50.330569868 ], [ 36.425344446, 50.328126614 ], [ 36.404540746, 50.30929654700001 ], [ 36.394822612, 50.305446263 ], [ 36.374519026, 50.300506764 ], [ 36.378840989, 50.292349894 ], [ 36.366300311, 50.287779132 ], [ 36.297058247, 50.291972309 ], [ 36.299241528, 50.299518878 ], [ 36.286268005, 50.298594231 ], [ 36.284674411, 50.30601585 ], [ 36.276116848, 50.317147033 ], [ 36.280238406, 50.3229429 ], [ 36.273884491, 50.323912003 ], [ 36.283752378, 50.335606258 ], [ 36.255683439, 50.355144621 ], [ 36.24246258, 50.358113581 ], [ 36.233519018, 50.36372075 ], [ 36.231095866, 50.371388249 ], [ 36.210915271, 50.385752874 ], [ 36.208519879, 50.392132276 ], [ 36.194446977, 50.401972068 ], [ 36.18461196, 50.406474583 ], [ 36.177002701, 50.40154517 ], [ 36.169535751, 50.410521259 ], [ 36.160151168, 50.43110241 ], [ 36.136285531, 50.437520071 ], [ 36.117779896, 50.438113051 ], [ 36.093360353, 50.444606275 ], [ 36.086068713, 50.448530938 ], [ 36.06950767, 50.446184577 ], [ 36.067086676, 50.451216581 ], [ 36.045945063, 50.448106196 ], [ 36.039301965, 50.449260653 ], [ 36.023424152, 50.44555284 ], [ 36.003393915, 50.445626898 ], [ 35.996364954, 50.442483952 ], [ 35.974417621, 50.44093536 ], [ 35.973564355, 50.438044442 ], [ 35.968358524, 50.435789035 ], [ 35.955949986, 50.433830995 ], [ 35.950718368, 50.435033148 ], [ 35.93875023, 50.433744273 ], [ 35.935864783, 50.430789695 ], [ 35.932224032, 50.43094316 ], [ 35.927503456, 50.434900409 ], [ 35.921253698, 50.437116379 ], [ 35.912139675, 50.434452819 ], [ 35.906392557, 50.438116166 ], [ 35.898176328, 50.438821469 ], [ 35.892932173, 50.437620417 ], [ 35.889086674, 50.43891202 ], [ 35.872335737, 50.42261897 ], [ 35.854643384, 50.429468295 ], [ 35.8350686, 50.424717736 ], [ 35.831940228, 50.433819709 ], [ 35.792889891, 50.415929288 ], [ 35.796413136, 50.411621211 ], [ 35.806621966, 50.411239537 ], [ 35.806847966, 50.404856742 ], [ 35.802717202, 50.398044705 ], [ 35.790397288, 50.388715628 ], [ 35.756556759, 50.368399887 ], [ 35.738511806, 50.35432728 ], [ 35.673519434, 50.355090865 ], [ 35.658030363, 50.351158715 ], [ 35.653697791, 50.346800175 ], [ 35.680035559, 50.342639625 ], [ 35.682261524, 50.347491113 ], [ 35.69272691, 50.345578734 ], [ 35.688653659, 50.334705886 ], [ 35.68308714, 50.335102421 ], [ 35.682077541, 50.331174885 ], [ 35.677899305, 50.330928526 ], [ 35.673451052, 50.325649833 ], [ 35.660360205, 50.326811761 ], [ 35.655763994, 50.312394016 ], [ 35.651231225, 50.312690317 ], [ 35.650099761, 50.309788704 ], [ 35.636547088, 50.313441198 ], [ 35.637037203, 50.315043726 ], [ 35.628088561, 50.317566989 ], [ 35.62384777, 50.320388656 ], [ 35.630306233, 50.32440694 ], [ 35.611612284, 50.326206618 ], [ 35.593827258, 50.331203125 ], [ 35.573211604, 50.319642309 ], [ 35.55726533, 50.321240896 ], [ 35.515830753, 50.317214622 ], [ 35.53531666, 50.30201141 ], [ 35.534094739, 50.298318151 ], [ 35.531139369, 50.298289754 ], [ 35.531399219, 50.293543006 ], [ 35.529136317, 50.292668218 ], [ 35.527509198, 50.294090054 ], [ 35.524417161, 50.290123716 ], [ 35.504170637, 50.29984379 ], [ 35.496201596, 50.292472593 ], [ 35.458258341, 50.309593611 ], [ 35.459569077, 50.314899354 ], [ 35.438999569, 50.31691796 ], [ 35.436117846, 50.322660766 ], [ 35.423424508, 50.335111451 ], [ 35.419433728, 50.330482326 ], [ 35.414896534, 50.328625148 ], [ 35.410226514, 50.321014407 ], [ 35.396896292, 50.31878496 ], [ 35.37891917, 50.32054424 ], [ 35.380179999, 50.311234 ], [ 35.385124904, 50.305974251 ], [ 35.382187016, 50.294559604 ], [ 35.32993711, 50.318670003 ], [ 35.31867303, 50.313573108 ], [ 35.321411254, 50.311520021 ], [ 35.296483528, 50.28966322 ], [ 35.325288055, 50.27759253 ], [ 35.331080939, 50.276703361 ], [ 35.32990489, 50.274218509 ], [ 35.315946061, 50.270784929 ], [ 35.299876532, 50.262477147 ], [ 35.266480128, 50.265473559 ], [ 35.260801643, 50.258781623 ], [ 35.262610761, 50.24830429 ], [ 35.259155611, 50.243288039 ], [ 35.260348641, 50.234563734 ], [ 35.237477838, 50.236530013 ], [ 35.234900274, 50.228244131 ], [ 35.199330906, 50.235516483 ], [ 35.200306664, 50.238093275 ], [ 35.197663529, 50.238225794 ], [ 35.192737517, 50.228484776 ], [ 35.148487136, 50.242569993 ], [ 35.1264809, 50.225579004 ], [ 35.105743721, 50.214478427 ], [ 35.089538497, 50.212333527 ], [ 35.070241344, 50.205882575 ], [ 35.076957436, 50.200550727 ], [ 35.069705888, 50.196512906 ], [ 35.072461394, 50.19546899 ], [ 35.065853627, 50.18749701 ], [ 35.064476156, 50.188057481 ], [ 35.062561265, 50.183619965 ], [ 35.058677743, 50.18565996000001 ], [ 35.04282223, 50.166053695 ], [ 35.039577143, 50.164656318 ], [ 35.02960948, 50.166153011 ], [ 35.032528443, 50.180153934 ], [ 35.008908222, 50.184583424 ], [ 35.006219753, 50.177896981 ], [ 35.003065671, 50.178413575 ], [ 35.003706654, 50.180741752 ], [ 35.001471612, 50.182491896 ], [ 34.994140382, 50.183632561 ], [ 34.9773925, 50.182221323 ], [ 34.962061854, 50.184665629 ], [ 34.97355345, 50.158530431 ], [ 34.964152991, 50.155491296 ], [ 34.940784822, 50.152353196 ], [ 34.932766001, 50.133927001 ], [ 34.936949203, 50.095209921 ], [ 34.94905322, 50.096282904 ], [ 34.949731734, 50.094405678 ], [ 34.95575908, 50.093428468 ], [ 34.956628063, 50.08206651 ], [ 34.961714169, 50.081266678 ], [ 34.963492763, 50.073744691 ], [ 34.937442661, 50.061578629 ], [ 34.934159796, 50.054556541 ], [ 34.902246523, 50.032015823 ], [ 34.880173744, 50.005598938 ], [ 34.863722661, 49.991295718 ], [ 34.856179601, 49.986899622 ], [ 34.865379528, 49.962689996 ], [ 34.872444721, 49.956522105 ], [ 34.868261441, 49.9536123 ], [ 34.863351712, 49.952791992 ], [ 34.860363357, 49.949305494 ], [ 34.869874197, 49.948549417 ], [ 34.878896186, 49.943578793 ], [ 34.89299141, 49.931971785 ], [ 34.912307339, 49.935237548 ], [ 34.937558764, 49.904567678 ], [ 34.945074387, 49.898297964 ], [ 34.970667462, 49.885098691 ], [ 34.979705832, 49.889490406 ], [ 35.015482575, 49.87665541 ], [ 35.033579758, 49.888407987 ], [ 35.064401973, 49.886099942 ], [ 35.063481567, 49.881816087 ], [ 35.054099513, 49.880509683 ], [ 35.055838199, 49.874514487 ], [ 35.045353489, 49.873110177 ], [ 35.050371206, 49.867681409 ], [ 35.053172147, 49.868066169 ], [ 35.06183641, 49.863601152 ], [ 35.067870416, 49.858329041 ], [ 35.074145431, 49.858013279 ], [ 35.084971535, 49.860128796 ], [ 35.096432826, 49.858779616 ], [ 35.106756657, 49.857192941 ], [ 35.119438739, 49.851592369 ], [ 35.132710348, 49.855394896 ], [ 35.139897069, 49.859698292 ], [ 35.163727001, 49.853693 ], [ 35.168443878, 49.847818872 ], [ 35.199433759, 49.840100179 ], [ 35.196956642, 49.83559292 ], [ 35.213435213, 49.833442527 ], [ 35.219777855, 49.829459074 ], [ 35.214893183, 49.81819115 ], [ 35.217307537, 49.811149349 ], [ 35.222574629, 49.806714011 ], [ 35.219612702, 49.804028975 ], [ 35.213673, 49.803101 ], [ 35.209094688, 49.805266572 ], [ 35.204573535, 49.801312538 ], [ 35.200024026, 49.800543364 ], [ 35.204015201, 49.79668503 ], [ 35.2006768, 49.795708854 ], [ 35.212471395, 49.789290536 ], [ 35.206087511, 49.782182591 ], [ 35.212092776, 49.771390751 ], [ 35.206819, 49.76373 ], [ 35.20604566, 49.756918251 ], [ 35.20969591, 49.753894883 ], [ 35.211568878, 49.748189894 ], [ 35.209230497, 49.746685099 ], [ 35.224006671, 49.736315465 ], [ 35.23725911, 49.736379097 ], [ 35.259397391, 49.733651488 ], [ 35.26492249, 49.714455148 ], [ 35.251815538, 49.712330721 ], [ 35.248196842, 49.714612949 ], [ 35.242427706, 49.7128656 ], [ 35.245659376, 49.709935001 ], [ 35.252714256, 49.71203346 ], [ 35.256274499, 49.708793541 ], [ 35.243134211, 49.693412026 ], [ 35.2665984, 49.685777353 ], [ 35.29250584, 49.687071602 ], [ 35.297813154, 49.685414529 ], [ 35.329705296, 49.682579798 ], [ 35.344323367, 49.664994971 ], [ 35.390754222, 49.667244206 ], [ 35.390598969, 49.669558462 ], [ 35.421120701, 49.671103622 ], [ 35.425444374, 49.671541488 ], [ 35.426810209, 49.673119466 ], [ 35.433419427, 49.673209916 ], [ 35.434412689, 49.665840731 ], [ 35.423586471, 49.66367807 ], [ 35.425173971, 49.656594963 ], [ 35.443475, 49.641662367 ], [ 35.450951432, 49.632016849 ], [ 35.464941329, 49.602179009 ], [ 35.485425985, 49.571331788 ], [ 35.475097899, 49.568661302 ], [ 35.473764301, 49.565809777 ], [ 35.406571755, 49.560828899 ], [ 35.404313497, 49.555946005 ], [ 35.408477374, 49.552231952 ], [ 35.427429987, 49.549312706 ], [ 35.424504571, 49.540742655 ], [ 35.432398506, 49.539663764 ], [ 35.427554109, 49.526406949 ], [ 35.48534758, 49.516203695 ], [ 35.490682436, 49.507877095 ], [ 35.481469616, 49.484018164 ], [ 35.462548159, 49.486997181 ], [ 35.460687596, 49.483847282 ], [ 35.331745116, 49.504218161 ], [ 35.328147675, 49.496051618 ], [ 35.330706433, 49.49563573 ], [ 35.315744161, 49.455504956 ], [ 35.346748099, 49.450590847 ], [ 35.354920982, 49.444926237 ], [ 35.363663213, 49.447350169 ], [ 35.348579001, 49.40464 ], [ 35.377581954, 49.397916863 ], [ 35.345533397, 49.37014198 ], [ 35.279213665, 49.31816419 ], [ 35.289076319, 49.294895793 ], [ 35.279547799, 49.291410419 ], [ 35.280706332, 49.288598985 ], [ 35.278464143, 49.287322199 ], [ 35.278556927, 49.284333629 ], [ 35.271828824, 49.277056768 ], [ 35.258702801, 49.28216319 ], [ 35.262958676, 49.288756139 ], [ 35.242479189, 49.296696197 ], [ 35.216704889, 49.298433468 ], [ 35.214780695, 49.295822332 ], [ 35.170408063, 49.295819442 ], [ 35.124732995, 49.30280862 ], [ 35.107955187, 49.300421655 ], [ 35.106824536, 49.301347952 ], [ 35.099400988, 49.3006018 ], [ 35.095988507, 49.302182342 ], [ 35.090916788, 49.300374694 ], [ 35.07892049, 49.308330803 ], [ 35.079059425, 49.317099931 ], [ 35.036568444, 49.331497061 ], [ 35.024540226, 49.325259805 ], [ 35.019057298, 49.318432758 ], [ 35.02393245, 49.317202812 ], [ 35.014357565, 49.305430446 ], [ 35.015862624, 49.304845852 ], [ 35.011941125, 49.300237813 ], [ 35.006246816, 49.302077002 ], [ 34.980248482, 49.250034086 ], [ 35.017717424, 49.150803482 ], [ 35.044143089, 49.156426191 ], [ 35.049929251, 49.165513711 ], [ 35.047775832, 49.174028417 ], [ 35.053164191, 49.177032972 ], [ 35.054311789, 49.175900982 ], [ 35.056585725, 49.176457081 ], [ 35.056751933, 49.174883159 ], [ 35.061119905, 49.17625125 ], [ 35.061442336, 49.173849002 ], [ 35.073435796, 49.170175898 ], [ 35.068917633, 49.166994975 ], [ 35.071884901, 49.159228751 ], [ 35.079096787, 49.161809841 ], [ 35.080401763, 49.159625642 ], [ 35.075356448, 49.14892194 ], [ 35.078388151, 49.14467718 ], [ 35.085357214, 49.141008749 ], [ 35.085385826, 49.149266518 ], [ 35.091888428, 49.154601875 ], [ 35.105295466, 49.158456642 ], [ 35.110032046, 49.157313315 ], [ 35.118202387, 49.160741201 ], [ 35.122285688, 49.164693599 ], [ 35.123996924, 49.164222965 ], [ 35.123130608, 49.16140758 ], [ 35.127071827, 49.158857163 ], [ 35.129654433, 49.159366324 ], [ 35.128456827, 49.16159016 ], [ 35.137091648, 49.15880694 ], [ 35.131733521, 49.154212137 ], [ 35.144745699, 49.15048636 ], [ 35.152005017, 49.152541087 ], [ 35.160228473, 49.1612278 ], [ 35.17356339, 49.161689244 ], [ 35.1769986, 49.158859569 ], [ 35.186712764, 49.162866639 ], [ 35.188564703, 49.161187969 ], [ 35.192849636, 49.160787092 ], [ 35.197517737, 49.155922514 ], [ 35.20587679, 49.154234915 ], [ 35.209699538, 49.150921755 ], [ 35.207642881, 49.149627875 ], [ 35.197244626, 49.149988164 ], [ 35.189258341, 49.147626588 ], [ 35.188400502, 49.144874587 ], [ 35.190457436, 49.143633523 ], [ 35.188453512, 49.141960114 ], [ 35.191161931, 49.140604328 ], [ 35.189921769, 49.138066679 ], [ 35.196014938, 49.138853026 ], [ 35.200282796, 49.136301729 ], [ 35.204521839, 49.136949708 ], [ 35.22864575, 49.1262925 ], [ 35.225098762, 49.123961596 ], [ 35.214925942, 49.125614328 ], [ 35.210512171, 49.124079786 ], [ 35.20848378, 49.122022773 ], [ 35.210697729, 49.120221292 ], [ 35.209461009, 49.118102759 ], [ 35.197841579, 49.118418166 ], [ 35.192919005, 49.114229666 ], [ 35.190678021, 49.114968468 ], [ 35.189990691, 49.109900773 ], [ 35.195253464, 49.108094098 ], [ 35.202337822, 49.108911222 ], [ 35.219778654, 49.107022985 ], [ 35.222362327, 49.105677769 ], [ 35.223387348, 49.101054294 ], [ 35.227035768, 49.102330989 ], [ 35.22744779, 49.100337162 ], [ 35.230132964, 49.101267869 ], [ 35.236751499, 49.109510707 ], [ 35.237458351, 49.114100516 ], [ 35.243043337, 49.113958763 ], [ 35.246983293, 49.111543693 ], [ 35.256936248, 49.113539334 ], [ 35.259139439, 49.106164858 ], [ 35.268116539, 49.104265396 ], [ 35.268993719, 49.096155068 ], [ 35.27643988, 49.090628866 ], [ 35.279182744, 49.091112449 ], [ 35.280046147, 49.096429694 ], [ 35.283164765, 49.095668208 ], [ 35.282820169, 49.090764419 ], [ 35.286810577, 49.09431301 ], [ 35.291398501, 49.09382209 ], [ 35.292439149, 49.095010623 ], [ 35.30079592, 49.089041196 ], [ 35.304715382, 49.092128805 ], [ 35.307358318, 49.091715419 ], [ 35.311725091, 49.084475583 ], [ 35.312588734, 49.077402009 ], [ 35.311594809, 49.076129406 ], [ 35.306988547, 49.076068079 ], [ 35.307752104, 49.073428487 ], [ 35.304615507, 49.073059159 ], [ 35.301779256, 49.069537922 ], [ 35.312953464, 49.066533213 ], [ 35.316569827, 49.068345878 ], [ 35.322500393, 49.06258403 ], [ 35.326885435, 49.06359657 ], [ 35.329220795, 49.061442834 ], [ 35.334488824, 49.061199472 ], [ 35.335653765, 49.058426589 ], [ 35.34430012, 49.05404432 ], [ 35.34279736, 49.050968492 ], [ 35.337880624, 49.049682884 ], [ 35.34196438, 49.045539952 ], [ 35.351751732, 49.041059146 ], [ 35.361915459, 49.041598303 ], [ 35.369565672, 49.039281807 ], [ 35.386626274, 49.026606398 ], [ 35.401114394, 49.030553301 ], [ 35.402051896, 49.028081439 ], [ 35.40586813, 49.027837647 ], [ 35.402527709, 49.023192948 ], [ 35.405512424, 49.019674423 ], [ 35.399589601, 49.019046275 ], [ 35.407358454, 49.013576119 ], [ 35.411242183, 49.012034716 ], [ 35.416417336, 49.014653868 ], [ 35.419947871, 49.012871435 ], [ 35.423508124, 49.014051133 ], [ 35.426892167, 49.010711697 ], [ 35.430269313, 49.013867548 ], [ 35.438835778, 49.011105168 ], [ 35.435300971, 49.007298645 ], [ 35.436077301, 49.004411497 ], [ 35.449111702, 48.997793988 ], [ 35.457147686, 48.998326971 ], [ 35.459371336, 48.996979868 ], [ 35.460165543, 48.994555769 ], [ 35.456681789, 48.992336387 ], [ 35.456610498, 48.989497612 ], [ 35.468365145, 48.988239564 ], [ 35.477838856, 48.978922456 ], [ 35.485160832, 48.981300007 ], [ 35.488367494, 48.980223932 ], [ 35.488463606, 48.978668639 ], [ 35.485434152, 48.978616153 ], [ 35.483687722, 48.974292871 ], [ 35.485624446, 48.972519383 ], [ 35.496074698, 48.978137534 ], [ 35.501950056, 48.977899498 ], [ 35.508295967, 48.982712884 ], [ 35.511801856, 48.982218592 ], [ 35.513432988, 48.979229391 ], [ 35.529843741, 48.975629921 ], [ 35.530368105, 48.982448742 ], [ 35.538826279, 48.981823616 ], [ 35.540924883, 48.97840587 ], [ 35.548990999, 48.97608734 ], [ 35.558774042, 48.977371257 ], [ 35.561166679, 48.973684592 ], [ 35.570472839, 48.978522098 ], [ 35.57241656, 48.977221876 ], [ 35.571508103, 48.974185664 ], [ 35.573429995, 48.973588615 ], [ 35.577727307, 48.974739962 ], [ 35.58135298, 48.980469011 ], [ 35.585000317, 48.982295449 ], [ 35.584478334, 48.987266931 ], [ 35.590060574, 48.984501761 ], [ 35.59580999, 48.986774321 ], [ 35.597703122, 48.982908698 ], [ 35.602333733, 48.981059409 ], [ 35.626627709, 48.983165368 ], [ 35.628505373, 48.981183939 ], [ 35.624691912, 48.971677372 ], [ 35.630765999, 48.962474059 ], [ 35.643906892, 48.963336278 ], [ 35.645438393, 48.968025521 ], [ 35.643442982, 48.969135633 ], [ 35.650182068, 48.974102509 ], [ 35.655902412, 48.972873952 ], [ 35.660515909, 48.974424565 ], [ 35.664015964, 48.968296543 ], [ 35.668548107, 48.971386135 ], [ 35.673519573, 48.972316758 ], [ 35.677859894, 48.970774411 ], [ 35.68481505, 48.971565113 ], [ 35.685856116, 48.969985465 ], [ 35.694374017, 48.967502874 ], [ 35.696469291, 48.964441635 ], [ 35.692421396, 48.958411445 ], [ 35.695380105, 48.953438131 ], [ 35.690268438, 48.950153859 ], [ 35.691747911, 48.945121476 ], [ 35.696062135, 48.942763592 ], [ 35.697914098, 48.948707162 ], [ 35.699929199, 48.948041056 ], [ 35.699315198, 48.946174262 ], [ 35.703013203, 48.945516824 ], [ 35.714135896, 48.948784679 ], [ 35.716130721, 48.954103295 ], [ 35.711923679, 48.957699907 ], [ 35.719352173, 48.965016401 ], [ 35.723709451, 48.966585348 ], [ 35.729260213, 48.963848627 ], [ 35.734684744, 48.966733968 ], [ 35.738977032, 48.962492529 ], [ 35.73645586, 48.958406793 ], [ 35.739703296, 48.954669659 ], [ 35.737801595, 48.95209658 ], [ 35.739045442, 48.949894835 ], [ 35.751986102, 48.946915887 ], [ 35.759574866, 48.948864992 ], [ 35.757110312, 48.952673246 ], [ 35.760179246, 48.95555756 ], [ 35.767933204, 48.95306671 ], [ 35.775692213, 48.948125084 ], [ 35.783811608, 48.952476025 ], [ 35.783691605, 48.954670173 ], [ 35.788943507, 48.954231524 ], [ 35.792150689, 48.951958104 ], [ 35.789015459, 48.947901458 ], [ 35.789768944, 48.946015005 ], [ 35.800148019, 48.943765362 ], [ 35.801271107, 48.942363329 ], [ 35.797314782, 48.939247356 ], [ 35.792522703, 48.939583992 ], [ 35.791901505, 48.934512582 ], [ 35.799227232, 48.92775026 ], [ 35.808273517, 48.927063286 ], [ 35.814773554, 48.929507293 ], [ 35.808536917, 48.939187442 ], [ 35.809846356, 48.94126942 ], [ 35.813982042, 48.942132628 ], [ 35.819711941, 48.939908947 ], [ 35.830153911, 48.95010109 ], [ 35.835308693, 48.946495777 ], [ 35.836069379, 48.943004648 ], [ 35.83809556, 48.947290921 ], [ 35.855791065, 48.945086367 ], [ 35.855110703, 48.957980148 ], [ 35.879151293, 48.962916392 ], [ 35.884992461, 48.975189299 ], [ 35.897432192, 48.972129799 ], [ 35.904016567, 48.973039946 ], [ 35.910034871, 48.972066884 ], [ 35.914674896, 48.968232082 ], [ 35.924660635, 48.973899529 ], [ 35.93072507, 48.974734609 ], [ 35.93750173, 48.972913786 ], [ 35.938104343, 48.974798096 ], [ 35.943629147, 48.977418194 ], [ 35.938400811, 48.979998853 ], [ 35.932051825, 48.978632737 ], [ 35.930570847, 48.979741638 ], [ 35.934055926, 48.981112547 ], [ 35.937487334, 48.987339519 ], [ 35.937671142, 48.991078222 ], [ 35.933994767, 48.993921363 ], [ 35.937272679, 48.998753683 ], [ 35.940320794, 48.999069095 ], [ 35.989571266, 48.969237811 ], [ 35.977579083, 48.959710266 ], [ 36.004132035, 48.946053024 ], [ 35.995924934, 48.939321982 ], [ 36.043634483, 48.915559071 ], [ 36.011677596, 48.88788836 ], [ 36.040306304, 48.873492854 ], [ 36.019406274, 48.854724007 ], [ 36.041546633, 48.843712687 ], [ 36.059123062, 48.842201795 ], [ 36.074796467, 48.836164765 ], [ 36.076052075, 48.830170413 ], [ 36.070394816, 48.827521756 ], [ 36.06842912, 48.823615741 ], [ 36.070396107, 48.819917059 ], [ 36.064880486, 48.811605226 ], [ 36.066122873, 48.808873222 ], [ 36.073939534, 48.807672601 ], [ 36.083498004, 48.809113268 ], [ 36.08963199, 48.807821468 ], [ 36.092028224, 48.809071264 ], [ 36.093595228, 48.807740068 ], [ 36.101198581, 48.807510571 ], [ 36.102782042, 48.805925267 ], [ 36.106491361, 48.809094198 ], [ 36.110225683, 48.809098151 ], [ 36.123861854, 48.808361974 ], [ 36.123872646, 48.805381039 ], [ 36.13052058, 48.806682335 ], [ 36.133949399, 48.802413133 ], [ 36.159038007, 48.784141271 ], [ 36.152934619, 48.781035163 ], [ 36.158868344, 48.768119817 ], [ 36.13997611, 48.765888433 ], [ 36.161668684, 48.748844573 ], [ 36.142791797, 48.724368475 ], [ 36.252271628, 48.670125876 ], [ 36.26733574, 48.663249957 ], [ 36.266924599, 48.666019106 ], [ 36.269741712, 48.666623354 ], [ 36.284234611, 48.659466014 ], [ 36.266837737, 48.649558203 ], [ 36.268448676, 48.648633964 ], [ 36.26594625, 48.647522988 ], [ 36.268571372, 48.640139597 ], [ 36.264673863, 48.639446754 ], [ 36.268407766, 48.63727665 ], [ 36.262133271, 48.631492419 ], [ 36.26342489, 48.629913074 ], [ 36.259602915, 48.623888646 ], [ 36.251741536, 48.625843088 ], [ 36.251195149, 48.620732097 ], [ 36.319027272, 48.587178052 ], [ 36.271295599, 48.54374109 ], [ 36.29630254, 48.531453911 ], [ 36.323725728, 48.55561675 ], [ 36.355048318, 48.539730641 ], [ 36.349589252, 48.534975535 ], [ 36.354777997, 48.532124468 ], [ 36.391917856, 48.5646846 ], [ 36.381064134, 48.570320561 ], [ 36.425081559, 48.612727373 ], [ 36.426844856, 48.614257242 ], [ 36.438670952, 48.611897199 ], [ 36.445423085, 48.613658917 ], [ 36.445271513, 48.614980748 ], [ 36.437546874, 48.613755992 ], [ 36.42814958, 48.61580758 ], [ 36.442353838, 48.628690197 ], [ 36.426112372, 48.631810974 ], [ 36.419413158, 48.63392682 ], [ 36.420171434, 48.635047055 ], [ 36.447551795, 48.632910236 ], [ 36.482495586, 48.663530319 ], [ 36.555304996, 48.624434166 ], [ 36.561351644, 48.623092412 ], [ 36.562745247, 48.616801592 ], [ 36.578258558, 48.615917553 ], [ 36.580227424, 48.607118287 ], [ 36.589975481, 48.607950573 ], [ 36.591113949, 48.602443851 ], [ 36.655434258, 48.609317145 ], [ 36.6539476, 48.616050713 ], [ 36.673898252, 48.618235212 ], [ 36.672430903, 48.624708549 ], [ 36.702808107, 48.62762533 ], [ 36.703954835, 48.622394193 ], [ 36.738855825, 48.626158288 ] ] ] } },
{ "type": "Feature", "properties": { "shapeName": "Khersonska", "shapeISO": "", "shapeID": "82583831B11474817666067", "shapeGroup": "UKR", "shapeType": "ADM1" }, "geometry": { "type": "MultiPolygon", "coordinates": [ [ [ [ 32.560321325, 46.066623283 ], [ 32.54748734, 46.066389038 ], [ 32.581722205, 46.0631856 ], [ 32.607612676, 46.059133914 ], [ 32.661921181, 46.049710717 ], [ 32.70800789, 46.039645661 ], [ 32.755983008, 46.031709253 ], [ 32.847197161, 46.020294308 ], [ 32.877067218, 46.015303061 ], [ 32.926750948, 46.011347704 ], [ 32.957952444, 46.013744783 ], [ 33.026373854, 46.006871366 ], [ 33.062003307, 46.012734742 ], [ 33.077792875, 46.012410748 ], [ 33.081639168, 46.015646688 ], [ 33.079671755, 46.016562511 ], [ 33.076032457, 46.01469802 ], [ 33.068369845, 46.013986077 ], [ 33.060199871, 46.019034349 ], [ 33.047500845, 46.022293238 ], [ 33.033106419, 46.028380245 ], [ 33.022952172, 46.026796767 ], [ 33.02258255, 46.025787154 ], [ 33.026398386, 46.027310391 ], [ 33.025734377, 46.025607888 ], [ 33.030678734, 46.027664141 ], [ 33.035175, 46.026832 ], [ 33.031733089, 46.024141859 ], [ 33.026318222, 46.024076556 ], [ 32.998760223, 46.030507397 ], [ 32.976554991, 46.030052546 ], [ 32.964757494, 46.034085876 ], [ 32.942007313, 46.046864333 ], [ 32.932491001, 46.037407 ], [ 32.920249539, 46.035578516 ], [ 32.911528806, 46.036750856 ], [ 32.890852106, 46.04486522 ], [ 32.890615861, 46.043275458 ], [ 32.888683653, 46.043333126 ], [ 32.887909105, 46.045868482 ], [ 32.87819109, 46.050837891 ], [ 32.874675151, 46.055406232 ], [ 32.86284912, 46.061066549 ], [ 32.862132145, 46.058450996 ], [ 32.858781636, 46.056460883 ], [ 32.861165638, 46.057163912 ], [ 32.862055717, 46.056175551 ], [ 32.857303162, 46.054794501 ], [ 32.857603384, 46.053762573 ], [ 32.855086924, 46.054738134 ], [ 32.856180159, 46.056546938 ], [ 32.854758309, 46.056795179 ], [ 32.853528716, 46.053859225 ], [ 32.844646858, 46.050582702 ], [ 32.840753914, 46.050553591 ], [ 32.840901885, 46.049046418 ], [ 32.838367887, 46.048971423 ], [ 32.836802972, 46.050805201 ], [ 32.836606636, 46.047797307 ], [ 32.829353546, 46.044286157 ], [ 32.820192657, 46.044136377 ], [ 32.820348324, 46.040421749 ], [ 32.817054672, 46.041465976 ], [ 32.815042185, 46.039957737 ], [ 32.816099726, 46.038644949 ], [ 32.813978299, 46.039070156 ], [ 32.812549627, 46.03686271 ], [ 32.804760746, 46.034877927 ], [ 32.804377606, 46.03299602 ], [ 32.798835192, 46.033996085 ], [ 32.793040771, 46.031009073 ], [ 32.783594913, 46.033506266 ], [ 32.779174061, 46.031370089 ], [ 32.765240756, 46.031267308 ], [ 32.748852095, 46.035458145 ], [ 32.717987347, 46.038556184 ], [ 32.692466258, 46.045786758 ], [ 32.684291074, 46.047317094 ], [ 32.679808491, 46.046571175 ], [ 32.65776845, 46.05316398 ], [ 32.649135955, 46.055290524 ], [ 32.645120074, 46.05427797 ], [ 32.63273975, 46.058220434 ], [ 32.631235371, 46.058120336 ], [ 32.635427558, 46.057295559 ], [ 32.635244856, 46.05595191 ], [ 32.629100543, 46.058180106 ], [ 32.605033446, 46.062023893 ], [ 32.560321325, 46.066623283 ] ] ], [ [ [ 35.274915619, 46.265032881 ], [ 35.271210082, 46.263295401 ], [ 35.27252132, 46.261885244 ], [ 35.271136733, 46.260781645 ], [ 35.267264186, 46.259911375 ], [ 35.267340233, 46.255594918 ], [ 35.25862828, 46.247256608 ], [ 35.254440799, 46.245683486 ], [ 35.247498511, 46.234649701 ], [ 35.240304217, 46.231238037 ], [ 35.232182575, 46.231046921 ], [ 35.23128647, 46.228325898 ], [ 35.232151616, 46.230410521 ], [ 35.236757888, 46.231095095 ], [ 35.233216282, 46.228920203 ], [ 35.235067179, 46.226437917 ], [ 35.227233074, 46.225550717 ], [ 35.224887672, 46.221851056 ], [ 35.222462833, 46.221160206 ], [ 35.221013093, 46.212437009 ], [ 35.223504803, 46.202678667 ], [ 35.213182432, 46.187543259 ], [ 35.161240205, 46.171375208 ], [ 35.137978221, 46.161998068 ], [ 35.106295568, 46.156180675 ], [ 35.064039105, 46.15237962 ], [ 35.038132641, 46.147677134 ], [ 35.030116019, 46.14210462 ], [ 35.031775414, 46.129477802 ], [ 35.030487324, 46.12704791 ], [ 35.01779634, 46.121843251 ], [ 35.008010676, 46.112656927 ], [ 34.989800842, 46.104259736 ], [ 34.994300064, 46.098966123 ], [ 34.988412347, 46.091353133 ], [ 34.988179671, 46.084879878 ], [ 34.982937267, 46.077064852 ], [ 35.026416453, 46.087018129 ], [ 35.075136052, 46.10393244 ], [ 35.096728961, 46.107300775 ], [ 35.119025534, 46.113771561 ], [ 35.14492103, 46.124599813 ], [ 35.168785088, 46.138389832 ], [ 35.197950104, 46.164527452 ], [ 35.21720182, 46.189016719 ], [ 35.239116142, 46.221189854 ], [ 35.277658658, 46.264447438 ], [ 35.274915619, 46.265032881 ] ] ], [ [ [ 33.682949, 46.208295 ], [ 33.701777, 46.203004999 ], [ 33.717443595, 46.195787865 ], [ 33.723239982, 46.19936703 ], [ 33.738962964, 46.200955899 ], [ 33.742684992, 46.209377775 ], [ 33.736065969, 46.218989691 ], [ 33.734722419, 46.219403984 ], [ 33.733298522, 46.216003847 ], [ 33.737856431, 46.211760565 ], [ 33.737143086, 46.209179229 ], [ 33.731737373, 46.207238547 ], [ 33.727017766, 46.211736091 ], [ 33.727772211, 46.223893786 ], [ 33.718943591, 46.232202138 ], [ 33.722553485, 46.240347964 ], [ 33.728515659, 46.243315111 ], [ 33.731600332, 46.241218913 ], [ 33.748491391, 46.241188439 ], [ 33.753922063, 46.239676013 ], [ 33.765291471, 46.241894655 ], [ 33.769345721, 46.244736304 ], [ 33.77054254, 46.252710293 ], [ 33.774763777, 46.255071157 ], [ 33.788021214, 46.249783313 ], [ 33.800247516, 46.240314702 ], [ 33.813984224, 46.234974252 ], [ 33.820637795, 46.22920343 ], [ 33.82607173, 46.229807396 ], [ 33.830837967, 46.225474591 ], [ 33.837333663, 46.222994255 ], [ 33.841597422, 46.225640358 ], [ 33.849021841, 46.224594645 ], [ 33.868148268, 46.226290688 ], [ 33.873953804, 46.233577744 ], [ 33.884658673, 46.233058193 ], [ 33.890929877, 46.230576632 ], [ 33.896230329, 46.225610077 ], [ 33.890756267, 46.221744797 ], [ 33.895389104, 46.220261317 ], [ 33.905509246, 46.224536491 ], [ 33.91967943, 46.226966864 ], [ 33.924447152, 46.226619493 ], [ 33.9228228, 46.225630242 ], [ 33.928455535, 46.226690668 ], [ 33.938359617, 46.225344494 ], [ 33.946826137, 46.223207357 ], [ 33.96387798, 46.216304717 ], [ 33.975411902, 46.206858233 ], [ 34.000145899, 46.176209969 ], [ 34.012985305, 46.154075125 ], [ 34.025972528, 46.141186087 ], [ 34.042078401, 46.11984713 ], [ 34.044856709, 46.124755013 ], [ 34.056652303, 46.130339907 ], [ 34.075968248, 46.131151848 ], [ 34.08501426, 46.12689792 ], [ 34.098816803, 46.123793328 ], [ 34.107004647, 46.130642066 ], [ 34.110536245, 46.12759263 ], [ 34.131300518, 46.123424856 ], [ 34.152326067, 46.110715533 ], [ 34.160015137, 46.102859253 ], [ 34.167670988, 46.087724763 ], [ 34.176708917, 46.078890488 ], [ 34.201153716, 46.073196697 ], [ 34.208522961, 46.07842226 ], [ 34.205575824, 46.095574718 ], [ 34.206958361, 46.103306435 ], [ 34.210087278, 46.106435319 ], [ 34.212707751, 46.103068183 ], [ 34.219892288, 46.101154648 ], [ 34.231515196, 46.093829519 ], [ 34.235445564, 46.089540162 ], [ 34.232589298, 46.079013092 ], [ 34.222647741, 46.071410277 ], [ 34.223597422, 46.067391765 ], [ 34.229007937, 46.064645988 ], [ 34.250779439, 46.065090364 ], [ 34.245282287, 46.07221456 ], [ 34.246707076, 46.077066975 ], [ 34.259341446, 46.079302896 ], [ 34.265714409, 46.078576888 ], [ 34.266258178, 46.086965695 ], [ 34.276531067, 46.088672955 ], [ 34.274778073, 46.101475359 ], [ 34.269693671, 46.102636396 ], [ 34.26564561, 46.120956908 ], [ 34.266177486, 46.124262488 ], [ 34.274719837, 46.127522303 ], [ 34.273669978, 46.138539961 ], [ 34.295571868, 46.139749719 ], [ 34.296466615, 46.138298116 ], [ 34.2969899, 46.130960524 ], [ 34.30285619, 46.120806547 ], [ 34.297056667, 46.108649965 ], [ 34.29969048, 46.092240865 ], [ 34.302454462, 46.092444056 ], [ 34.312671273, 46.099442434 ], [ 34.314589372, 46.105037061 ], [ 34.318751868, 46.107308568 ], [ 34.317547852, 46.121736942 ], [ 34.319786946, 46.133590509 ], [ 34.324172671, 46.143171774 ], [ 34.340495838, 46.160528834 ], [ 34.342949606, 46.167391665 ], [ 34.341617134, 46.17001417 ], [ 34.334345005, 46.172660599 ], [ 34.331877587, 46.176370203 ], [ 34.324761243, 46.168286148 ], [ 34.32284352, 46.168102737 ], [ 34.323314844, 46.16691221 ], [ 34.315328732, 46.167308495 ], [ 34.309957837, 46.183196929 ], [ 34.306890261, 46.187967325 ], [ 34.303871785, 46.188138409 ], [ 34.301215998, 46.190486849 ], [ 34.303493301, 46.19385772 ], [ 34.304368718, 46.20642097 ], [ 34.312492911, 46.218796464 ], [ 34.323739677, 46.222555626 ], [ 34.328866529, 46.219475164 ], [ 34.336886517, 46.202347172 ], [ 34.34927816, 46.191364257 ], [ 34.350990074, 46.187175752 ], [ 34.355313978, 46.187542423 ], [ 34.367301281, 46.197975413 ], [ 34.374025153, 46.198934181 ], [ 34.380506553, 46.197882198 ], [ 34.40193831, 46.182591297 ], [ 34.417002596, 46.168500913 ], [ 34.42972996, 46.16868903 ], [ 34.432546806, 46.16748007 ], [ 34.440280413, 46.153976265 ], [ 34.444755191, 46.153276858 ], [ 34.452829296, 46.154626027 ], [ 34.473039058, 46.140140065 ], [ 34.503856078, 46.134557054 ], [ 34.51417419, 46.136452937 ], [ 34.509747146, 46.136800333 ], [ 34.510218002, 46.140524999 ], [ 34.507616562, 46.141841608 ], [ 34.509963317, 46.144325103 ], [ 34.525449997, 46.147816014 ], [ 34.536631587, 46.148736306 ], [ 34.531300093, 46.15574733 ], [ 34.529445424, 46.164581748 ], [ 34.523805039, 46.174601338 ], [ 34.524277659, 46.185317894 ], [ 34.528047044, 46.192267466 ], [ 34.532507725, 46.195614472 ], [ 34.538528652, 46.196983704 ], [ 34.545165585, 46.196509524 ], [ 34.555816379, 46.1909827 ], [ 34.568297619, 46.174728186 ], [ 34.578883262, 46.172259573 ], [ 34.573300333, 46.176208446 ], [ 34.582086055, 46.177715958 ], [ 34.589715875, 46.173629075 ], [ 34.593830527, 46.167405469 ], [ 34.592326053, 46.15043825 ], [ 34.587887846, 46.135036572 ], [ 34.590714824, 46.121745568 ], [ 34.590191123, 46.114479395 ], [ 34.584572765, 46.104878678 ], [ 34.577040998, 46.096751525 ], [ 34.56997744, 46.091988164 ], [ 34.570894279, 46.08599837 ], [ 34.567916719, 46.084930092 ], [ 34.560735607, 46.085871419 ], [ 34.552891852, 46.089132321 ], [ 34.551979437, 46.099545931 ], [ 34.556521205, 46.100794644 ], [ 34.565772029, 46.099682791 ], [ 34.566370872, 46.103735696 ], [ 34.564050152, 46.107818 ], [ 34.550323529, 46.118557793 ], [ 34.547814439, 46.128005255 ], [ 34.542192193, 46.13031874 ], [ 34.527737147, 46.126514021 ], [ 34.504445351, 46.116434174 ], [ 34.502452966, 46.113316736 ], [ 34.502618358, 46.103220575 ], [ 34.499786955, 46.098726789 ], [ 34.494376774, 46.095636263 ], [ 34.496917367, 46.094202843 ], [ 34.496545872, 46.092378171 ], [ 34.49110972, 46.088357639 ], [ 34.493949729, 46.08566336 ], [ 34.489182069, 46.087589772 ], [ 34.488069327, 46.090275064 ], [ 34.489023578, 46.102601801 ], [ 34.487163831, 46.113538316 ], [ 34.481466715, 46.123894171 ], [ 34.475133361, 46.125814845 ], [ 34.465894077, 46.123069289 ], [ 34.433955479, 46.121472124 ], [ 34.428105, 46.117932 ], [ 34.424725997, 46.111848455 ], [ 34.418143603, 46.106178623 ], [ 34.397491214, 46.096684071 ], [ 34.394491681, 46.093347831 ], [ 34.402571335, 46.07760989 ], [ 34.404528001, 46.061807 ], [ 34.425225193, 46.050641154 ], [ 34.430416091, 46.043704436 ], [ 34.420837269, 46.031642641 ], [ 34.417191084, 46.017206533 ], [ 34.420637029, 46.014797225 ], [ 34.431918613, 45.996446846 ], [ 34.4448967, 45.981568825 ], [ 34.446440666, 45.973378196 ], [ 34.454535892, 45.967753058 ], [ 34.455963724, 45.967583705 ], [ 34.451275547, 45.97327463 ], [ 34.450956655, 45.983321839 ], [ 34.447120301, 45.997915681 ], [ 34.448874968, 46.004508941 ], [ 34.444293093, 46.005159571 ], [ 34.442156546, 46.009837422 ], [ 34.438731935, 46.011992807 ], [ 34.449485405, 46.010951134 ], [ 34.458346937, 46.013031022 ], [ 34.468014669, 46.010176609 ], [ 34.479402123, 46.002257195 ], [ 34.470745407, 45.98545684 ], [ 34.477254395, 45.966501517 ], [ 34.47716257, 45.953911059 ], [ 34.479540104, 45.952808564 ], [ 34.492474979, 45.966222907 ], [ 34.494099334, 45.969454635 ], [ 34.493728575, 45.982526916 ], [ 34.497830464, 45.98554684 ], [ 34.502480314, 45.985819608 ], [ 34.520157801, 45.997792209 ], [ 34.527923401, 45.997686134 ], [ 34.53841612, 45.991614946 ], [ 34.541739272, 45.987257958 ], [ 34.542659639, 45.98172697 ], [ 34.544485401, 45.981198144 ], [ 34.551081476, 45.986099743 ], [ 34.552411906, 45.990467086 ], [ 34.555595556, 45.992691755 ], [ 34.584748318, 46.008642249 ], [ 34.607871382, 46.032541081 ], [ 34.614290961, 46.045248516 ], [ 34.620168864, 46.064278939 ], [ 34.626218288, 46.072227344 ], [ 34.634246198, 46.078545945 ], [ 34.643532967, 46.096524582 ], [ 34.63876789, 46.102763229 ], [ 34.62310192, 46.144536097 ], [ 34.621994942, 46.159506988 ], [ 34.625003678, 46.170371293 ], [ 34.629898248, 46.173873824 ], [ 34.671350346, 46.183390482 ], [ 34.686385136, 46.18437663 ], [ 34.696205658, 46.183361406 ], [ 34.70582478, 46.177909453 ], [ 34.717966894, 46.164508245 ], [ 34.744858421, 46.118084922 ], [ 34.791332, 46.118406999 ], [ 34.792712999, 46.128784 ], [ 34.795868283, 46.13218455 ], [ 34.802122, 46.123101 ], [ 34.803348, 46.123457999 ], [ 34.800553121, 46.127606675 ], [ 34.807759, 46.128781999 ], [ 34.807882149, 46.124238366 ], [ 34.804739027, 46.124134754 ], [ 34.802830433, 46.120522018 ], [ 34.807186999, 46.095896 ], [ 34.804376, 46.084788 ], [ 34.800706616, 46.078682429 ], [ 34.793403723, 46.073737232 ], [ 34.785479, 46.071474 ], [ 34.778489398, 46.073515027 ], [ 34.762060632, 46.093564541 ], [ 34.763558133, 46.089510187 ], [ 34.76167, 46.088824999 ], [ 34.759841668, 46.090124702 ], [ 34.758842833, 46.094217193 ], [ 34.760651822, 46.095356123 ], [ 34.761880863, 46.094239584 ], [ 34.762370703, 46.096153495 ], [ 34.760125136, 46.105782044 ], [ 34.757341351, 46.106007218 ], [ 34.737445398, 46.09753512 ], [ 34.723381553, 46.095422703 ], [ 34.71258624, 46.095932057 ], [ 34.683970109, 46.101683411 ], [ 34.673307719, 46.100650814 ], [ 34.677632614, 46.098933316 ], [ 34.680990379, 46.091282291 ], [ 34.679994893, 46.090268159 ], [ 34.676673039, 46.092038051 ], [ 34.679131812, 46.089877442 ], [ 34.676236637, 46.091578541 ], [ 34.673521593, 46.09101835 ], [ 34.672279425, 46.098395369 ], [ 34.670731414, 46.092639933 ], [ 34.669748477, 46.094174462 ], [ 34.671700127, 46.090237966 ], [ 34.698670895, 46.087842849 ], [ 34.707443562, 46.083965036 ], [ 34.712902346, 46.079335719 ], [ 34.716744319, 46.073037896 ], [ 34.717632647, 46.067093517 ], [ 34.713351567, 46.059978569 ], [ 34.707629211, 46.055250341 ], [ 34.707760668, 46.0495681 ], [ 34.711159989, 46.046641583 ], [ 34.715802152, 46.048417612 ], [ 34.724316001, 46.046513 ], [ 34.732845, 46.041701 ], [ 34.745425925, 46.031354868 ], [ 34.756778939, 46.013386032 ], [ 34.759263998, 46.005996731 ], [ 34.761454945, 46.007378491 ], [ 34.762010493, 46.001010169 ], [ 34.75785529, 46.000001936 ], [ 34.755202782, 46.001527503 ], [ 34.752032403, 45.997325093 ], [ 34.74202203, 45.994327398 ], [ 34.725523603, 45.993924733 ], [ 34.721563054, 45.995433839 ], [ 34.709890586, 46.005848311 ], [ 34.701479294, 46.009993558 ], [ 34.692727579, 46.011906892 ], [ 34.681309785, 46.012036064 ], [ 34.682192306, 46.008016023 ], [ 34.686152867, 46.003789713 ], [ 34.696965874, 45.99943495 ], [ 34.705472446, 45.991860577 ], [ 34.716853423, 45.987215704 ], [ 34.735012722, 45.971703328 ], [ 34.737900531, 45.964268503 ], [ 34.74994516, 45.946168436 ], [ 34.75490169, 45.928895981 ], [ 34.762511285, 45.917949737 ], [ 34.77748511, 45.908371355 ], [ 34.802831, 45.901209 ], [ 34.798036, 45.833265 ], [ 34.825508027, 45.832174186 ], [ 34.843901331, 45.826929971 ], [ 34.851102616, 45.822447991 ], [ 34.861291001, 45.827225 ], [ 34.866611, 45.832071 ], [ 34.869879634, 45.847443115 ], [ 34.873949306, 45.855163849 ], [ 34.880473645, 45.859300696 ], [ 34.888496011, 45.860890475 ], [ 34.898332362, 45.858129464 ], [ 34.905645744, 45.852676385 ], [ 34.920628966, 45.832516724 ], [ 34.930293167, 45.83245214 ], [ 34.895214061, 45.895984493 ], [ 34.863523331, 45.965701159 ], [ 34.845475, 46.025939 ], [ 34.828582212, 46.125462576 ], [ 34.823103327, 46.140146773 ], [ 34.818498, 46.148011999 ], [ 34.815272828, 46.148010213 ], [ 34.809645001, 46.16104196 ], [ 34.813168749, 46.161384283 ], [ 34.820099276, 46.168585967 ], [ 34.824465331, 46.191623472 ], [ 34.832470057, 46.20374011 ], [ 34.846369851, 46.213285712 ], [ 34.890770375, 46.236014875 ], [ 34.895192981, 46.240266994 ], [ 34.956986689, 46.250156351 ], [ 35.0150352, 46.256827314 ], [ 35.034523042, 46.261259298 ], [ 35.055652751, 46.268781158 ], [ 35.076455722, 46.279543609 ], [ 35.089515781, 46.288818855 ], [ 35.103124046, 46.301742518 ], [ 35.073528854, 46.299843247 ], [ 35.067327149, 46.32703417 ], [ 35.068986731, 46.330222332 ], [ 35.065709324, 46.336627539 ], [ 35.058158681, 46.375791677 ], [ 35.067623505, 46.376534902 ], [ 35.070747874, 46.37912524 ], [ 35.052720189, 46.48158831 ], [ 35.022955489, 46.479203019 ], [ 35.015859858, 46.480429218 ], [ 34.953375595, 46.503590664 ], [ 34.948183509, 46.503679247 ], [ 34.947230612, 46.512502386 ], [ 34.89024829, 46.506752729 ], [ 34.885128505, 46.536933901 ], [ 34.894783508, 46.537845429 ], [ 34.891076293, 46.563684636 ], [ 34.757348106, 46.550144114 ], [ 34.748038106, 46.584133373 ], [ 34.723043035, 46.581370811 ], [ 34.712775597, 46.620334096 ], [ 34.756106545, 46.627103195 ], [ 34.745989988, 46.683132692 ], [ 34.685778274, 46.677038194 ], [ 34.683553256, 46.677213771 ], [ 34.681037449, 46.691424621 ], [ 34.632340737, 46.686856182 ], [ 34.625151832, 46.724034237 ], [ 34.661120427, 46.727167881 ], [ 34.65851857, 46.740522508 ], [ 34.734977845, 46.747457234 ], [ 34.734359416, 46.757320382 ], [ 34.749450594, 46.758125975 ], [ 34.750032281, 46.780894946 ], [ 34.767447938, 46.781055662 ], [ 34.758013725, 46.822795557 ], [ 34.817063767, 46.828404564 ], [ 34.812705085, 46.833364831 ], [ 34.804572457, 46.882547305 ], [ 34.752492191, 46.87968147 ], [ 34.736357577, 46.961347959 ], [ 34.686377367, 46.955680703 ], [ 34.68189842, 46.979130609 ], [ 34.623767766, 46.973378755 ], [ 34.619187431, 46.993528382 ], [ 34.599653484, 46.991912118 ], [ 34.592613513, 47.025390173 ], [ 34.590097713, 47.026817454 ], [ 34.567141172, 47.024495775 ], [ 34.553181299, 47.105792914 ], [ 34.519265821, 47.104605696 ], [ 34.489902978, 47.246832224 ], [ 34.519484175, 47.249900764 ], [ 34.521090182, 47.251036563 ], [ 34.53027623, 47.251088983 ], [ 34.526156977, 47.267608094 ], [ 34.522625275, 47.267258566 ], [ 34.518583079, 47.283683132 ], [ 34.48793665, 47.279892566 ], [ 34.478781021, 47.314547897 ], [ 34.517177693, 47.31833681 ], [ 34.514521003, 47.320272738 ], [ 34.51362425, 47.324179673 ], [ 34.507215897, 47.325883127 ], [ 34.510677529, 47.331793317 ], [ 34.516028279, 47.333440569 ], [ 34.515650348, 47.335590363 ], [ 34.503797113, 47.336764567 ], [ 34.501000742, 47.338565441 ], [ 34.495662686, 47.333347363 ], [ 34.489878548, 47.331850754 ], [ 34.413948895, 47.323370186 ], [ 34.419276658, 47.300638982 ], [ 34.398974012, 47.298331224 ], [ 34.401539715, 47.287097616 ], [ 34.370442405, 47.283614405 ], [ 34.357735755, 47.29352019 ], [ 34.330011792, 47.29040739 ], [ 34.30540253, 47.269110764 ], [ 34.296615699, 47.272817175 ], [ 34.296121004, 47.274806208 ], [ 34.294036629, 47.2736581 ], [ 34.29279519, 47.274585998 ], [ 34.281409872, 47.323622018 ], [ 34.282726733, 47.325659569 ], [ 34.272374638, 47.361185755 ], [ 34.260759998, 47.359814077 ], [ 34.251708928, 47.39161462 ], [ 34.256321942, 47.395336115 ], [ 34.248604346, 47.421244818 ], [ 34.241905414, 47.434807124 ], [ 34.231543331, 47.444676222 ], [ 34.216173169, 47.453598073 ], [ 34.175149751, 47.467448104 ], [ 34.139477913, 47.477380894 ], [ 34.056755884, 47.46778785 ], [ 34.003012982, 47.456514185 ], [ 33.998385817, 47.459369125 ], [ 33.986775145, 47.457774773 ], [ 33.977805077, 47.459201874 ], [ 33.955439977, 47.457392047 ], [ 33.951954104, 47.460161513 ], [ 33.947531189, 47.499811923 ], [ 33.94064481, 47.515022147 ], [ 33.934235969, 47.516600429 ], [ 33.917109561, 47.512974382 ], [ 33.643466043, 47.484450609 ], [ 33.635836823, 47.514010645 ], [ 33.603707072, 47.510133275 ], [ 33.604710612, 47.504073147 ], [ 33.588197076, 47.502126905 ], [ 33.580288792, 47.53259712 ], [ 33.592303638, 47.544526835 ], [ 33.588920638, 47.558165062 ], [ 33.608995267, 47.561099602 ], [ 33.605257359, 47.574978244 ], [ 33.592427676, 47.573502534 ], [ 33.588164928, 47.588679984 ], [ 33.583511444, 47.588118265 ], [ 33.580330223, 47.599993241 ], [ 33.473673102, 47.587183103 ], [ 33.486117537, 47.543976206 ], [ 33.325186771, 47.522822421 ], [ 33.32986709, 47.510040525 ], [ 33.348857157, 47.493569076 ], [ 33.313647159, 47.482145803 ], [ 33.307049749, 47.486061747 ], [ 33.314734502, 47.490195281 ], [ 33.309869899, 47.501624109 ], [ 33.295428764, 47.504369091 ], [ 33.285932737, 47.51031877 ], [ 33.279021853, 47.517089883 ], [ 33.27898323, 47.520411072 ], [ 33.286231448, 47.525187965 ], [ 33.28756267, 47.528154605 ], [ 33.287170364, 47.5433028 ], [ 33.280268367, 47.545924363 ], [ 33.273471935, 47.545988384 ], [ 33.261133561, 47.540303452 ], [ 33.25620494, 47.536081675 ], [ 33.240935119, 47.530167834 ], [ 33.231752768, 47.529298682 ], [ 33.229054134, 47.531127726 ], [ 33.223166897, 47.530463212 ], [ 33.215470877, 47.533130037 ], [ 33.221873616, 47.539699289 ], [ 33.221693898, 47.544806529 ], [ 33.218234082, 47.548419642 ], [ 33.2293945, 47.554361515 ], [ 33.236220018, 47.56364666 ], [ 33.237644795, 47.57070009 ], [ 33.233242098, 47.577404817 ], [ 33.23056088, 47.577739963 ], [ 33.225892971, 47.57355408 ], [ 33.206801545, 47.569309608 ], [ 33.196279141, 47.570023258 ], [ 33.186816575, 47.574057665 ], [ 33.171669628, 47.566749443 ], [ 33.092618032, 47.578689384 ], [ 33.089129403, 47.551928839 ], [ 33.094658899, 47.527264315 ], [ 33.141112769, 47.543224425 ], [ 33.147091502, 47.514343579 ], [ 33.122935433, 47.508143209 ], [ 33.129961527, 47.480339826 ], [ 33.127257794, 47.480033489 ], [ 33.128230617, 47.475891605 ], [ 33.126141337, 47.475642676 ], [ 33.137727477, 47.419637251 ], [ 33.071210604, 47.411853613 ], [ 33.070202517, 47.475193 ], [ 33.046999346, 47.468196126 ], [ 33.054081304, 47.443643477 ], [ 33.033486976, 47.441337259 ], [ 33.038140871, 47.425239546 ], [ 33.028675235, 47.423700679 ], [ 33.035553457, 47.397661649 ], [ 33.034177635, 47.397512253 ], [ 33.039202803, 47.379213713 ], [ 33.121701584, 47.389422088 ], [ 33.132392777, 47.345131927 ], [ 33.138096181, 47.332685587 ], [ 33.1328318, 47.331544991 ], [ 33.132427922, 47.327813173 ], [ 33.102399859, 47.321473965 ], [ 33.110074654, 47.302463999 ], [ 33.109890304, 47.293098667 ], [ 33.101668227, 47.290278574 ], [ 33.105197963, 47.279541607 ], [ 33.119281732, 47.281334935 ], [ 33.120333035, 47.277346291 ], [ 33.140034639, 47.272053543 ], [ 33.136233578, 47.267488109 ], [ 33.183583066, 47.238103251 ], [ 33.180824985, 47.236891271 ], [ 33.176308119, 47.237808977 ], [ 33.172755238, 47.233671744 ], [ 33.166512709, 47.234348809 ], [ 33.161808905, 47.231489524 ], [ 33.159316738, 47.232654862 ], [ 33.16370133, 47.23536759 ], [ 33.162068761, 47.236469855 ], [ 33.151640275, 47.234406476 ], [ 33.147337275, 47.230614663 ], [ 33.142439738, 47.230363726 ], [ 33.134050944, 47.233057045 ], [ 33.12712109, 47.230791248 ], [ 33.128610674, 47.219478243 ], [ 33.134477191, 47.212537475 ], [ 33.142556817, 47.210423045 ], [ 33.137653579, 47.205891157 ], [ 33.134390686, 47.205956933 ], [ 33.130239672, 47.202871393 ], [ 33.116931921, 47.203899986 ], [ 33.110671056, 47.207020346 ], [ 33.104686179, 47.212273343 ], [ 33.10646942, 47.216400074 ], [ 33.098704213, 47.223497157 ], [ 33.088702606, 47.223795798 ], [ 33.080785728, 47.220432058 ], [ 33.072061965, 47.223373446 ], [ 33.0748535, 47.217839785 ], [ 33.071760572, 47.217570348 ], [ 33.067078157, 47.220412332 ], [ 33.06491196, 47.219349346 ], [ 33.064093984, 47.214785742 ], [ 33.067391093, 47.206755658 ], [ 33.066241409, 47.200935168 ], [ 33.052314548, 47.191271378 ], [ 33.036736915, 47.188331132 ], [ 33.035125431, 47.183488988 ], [ 33.037688368, 47.178109828 ], [ 33.025735498, 47.176593993 ], [ 33.015702252, 47.180241489 ], [ 33.012237314, 47.183848902 ], [ 33.014045483, 47.187485443 ], [ 33.012531399, 47.190705717 ], [ 33.005730115, 47.196619687 ], [ 33.000324647, 47.196021643 ], [ 32.999495094, 47.192599175 ], [ 33.003511685, 47.191224183 ], [ 33.00188318, 47.189965348 ], [ 32.995688086, 47.191271772 ], [ 32.989253187, 47.189473809 ], [ 32.991906444, 47.192416 ], [ 32.989464772, 47.193613367 ], [ 32.981984922, 47.191652671 ], [ 32.960611885, 47.189619725 ], [ 32.958918569, 47.18261381 ], [ 32.947998397, 47.163288731 ], [ 32.932471739, 47.150400166 ], [ 32.918229162, 47.144293752 ], [ 32.919324194, 47.132475772 ], [ 32.911710648, 47.126708443 ], [ 32.907193855, 47.119957707 ], [ 32.911277439, 47.114189691 ], [ 32.914310228, 47.104230389 ], [ 32.909473094, 47.094907087 ], [ 32.914529208, 47.087179078 ], [ 32.925485141, 47.083817906 ], [ 32.927813324, 47.081538154 ], [ 33.027092683, 47.039490668 ], [ 33.051971, 47.070604001 ], [ 33.073026001, 47.063032 ], [ 33.103146464, 47.099782005 ], [ 33.082087188, 47.107748244 ], [ 33.10491582, 47.137035767 ], [ 33.158076056, 47.116859317 ], [ 33.093281919, 47.039019696 ], [ 33.089176889, 47.040784132 ], [ 33.071842668, 47.020211737 ], [ 33.067432106, 47.022122186 ], [ 33.022395615, 46.972476097 ], [ 32.950160601, 47.003507201 ], [ 32.933556843, 46.985318944 ], [ 32.942550173, 46.971002474 ], [ 32.948916512, 46.945320676 ], [ 32.975966294, 46.948813857 ], [ 32.979864504, 46.93367785 ], [ 32.922063614, 46.926648006 ], [ 32.92661231, 46.909741843 ], [ 32.842404778, 46.899435993 ], [ 32.840071052, 46.895384585 ], [ 32.841178526, 46.890708697 ], [ 32.836286934, 46.884110206 ], [ 32.846973655, 46.879433937 ], [ 32.85088467, 46.879454575 ], [ 32.854496852, 46.876983401 ], [ 32.859551843, 46.876290806 ], [ 32.916126331, 46.88302021 ], [ 32.920226792, 46.865945676 ], [ 32.945972212, 46.86858221 ], [ 32.949100501, 46.857387273 ], [ 32.813610903, 46.840151112 ], [ 32.814837647, 46.834494402 ], [ 32.774872654, 46.830031257 ], [ 32.778931855, 46.824860258 ], [ 32.769364148, 46.819308821 ], [ 32.767439766, 46.819158793 ], [ 32.764153827, 46.827336723 ], [ 32.74602178, 46.825373328 ], [ 32.744687552, 46.826929916 ], [ 32.707665808, 46.822886389 ], [ 32.707025579, 46.82113754 ], [ 32.701105019, 46.820703244 ], [ 32.697973981, 46.822361728 ], [ 32.687802683, 46.862044323 ], [ 32.61713966, 46.854012176 ], [ 32.612361024, 46.854411339 ], [ 32.611339723, 46.858054352 ], [ 32.585051079, 46.854947355 ], [ 32.584127062, 46.859544077 ], [ 32.578238617, 46.859142279 ], [ 32.577664804, 46.862721755 ], [ 32.571507846, 46.862791397 ], [ 32.571571226, 46.872242501 ], [ 32.547039322, 46.869541735 ], [ 32.544850647, 46.882555588 ], [ 32.534679257, 46.881506663 ], [ 32.541450326, 46.850123751 ], [ 32.524849341, 46.848148256 ], [ 32.531209003, 46.823191821 ], [ 32.469089063, 46.816077519 ], [ 32.462906451, 46.840945063 ], [ 32.365498209, 46.829425684 ], [ 32.372949797, 46.799075193 ], [ 32.34204181, 46.795504244 ], [ 32.326752671, 46.800952276 ], [ 32.229055973, 46.844487492 ], [ 32.231517729, 46.83860897 ], [ 32.252361556, 46.819614809 ], [ 32.230755252, 46.808473113 ], [ 32.209715044, 46.805889242 ], [ 32.218519991, 46.771206424 ], [ 32.168679467, 46.763301327 ], [ 32.171444105, 46.752478103 ], [ 32.114641806, 46.74530314 ], [ 32.113785353, 46.748756538 ], [ 32.11049737, 46.74837387 ], [ 32.109318922, 46.752621226 ], [ 32.057069331, 46.744341913 ], [ 32.06089521, 46.728239625 ], [ 32.075428758, 46.730029481 ], [ 32.086763999, 46.683563488 ], [ 32.071655559, 46.681906105 ], [ 32.0711975, 46.6835825 ], [ 32.020277044, 46.677383474 ], [ 32.031773341, 46.667170714 ], [ 32.007740616, 46.666518266 ], [ 31.986873898, 46.664111454 ], [ 31.988137, 46.659074 ], [ 31.940806573, 46.651243792 ], [ 31.940422761, 46.624266567 ], [ 31.932844033, 46.582550402 ], [ 31.901393863, 46.551783359 ], [ 31.858799243, 46.519425833 ], [ 31.857341461, 46.516763057 ], [ 31.845450851, 46.497559568 ], [ 31.831887862, 46.499992463 ], [ 31.82017982, 46.496292454 ], [ 31.813818704, 46.492113658 ], [ 31.806945502, 46.47893137 ], [ 31.805129996, 46.430065903 ], [ 31.810122001, 46.366731 ], [ 31.803267767, 46.355041994 ], [ 31.797059647, 46.349976279 ], [ 31.789081283, 46.347272712 ], [ 31.797252443, 46.330950861 ], [ 31.782868896, 46.328419249 ], [ 31.7654861, 46.321026065 ], [ 31.735586925, 46.293011976 ], [ 31.716713274, 46.278369515 ], [ 31.694688999, 46.262187487 ], [ 31.676992476, 46.25275933 ], [ 31.646723176, 46.245469814 ], [ 31.621250775, 46.245439428 ], [ 31.598035398, 46.250552786 ], [ 31.565227063, 46.267088262 ], [ 31.544290364, 46.288165516 ], [ 31.535243676, 46.305485984 ], [ 31.533057846, 46.316643602 ], [ 31.536918244, 46.337288731 ], [ 31.535040886, 46.367886485 ], [ 31.532427253, 46.369982735 ], [ 31.528984149, 46.369994776 ], [ 31.519614452, 46.366174656 ], [ 31.514204996, 46.357957312 ], [ 31.511624043, 46.339801617 ], [ 31.513620722, 46.324627398 ], [ 31.52047326, 46.306616325 ], [ 31.542861788, 46.281108682 ], [ 31.562738519, 46.266330967 ], [ 31.57836784, 46.25746629 ], [ 31.616646974, 46.241020434 ], [ 31.669142617, 46.227801828 ], [ 31.864249121, 46.194356854 ], [ 32.046768005, 46.171397147 ], [ 32.179132875, 46.143178582 ], [ 32.398392437, 46.093316514 ], [ 32.542909993, 46.066121267 ], [ 32.544620326, 46.066828056 ], [ 32.540451077, 46.067715765 ], [ 32.538426795, 46.071440495 ], [ 32.539254126, 46.074660164 ], [ 32.546926107, 46.082212549 ], [ 32.567967397, 46.086576262 ], [ 32.575262854, 46.0904754 ], [ 32.600614001, 46.098182 ], [ 32.616055, 46.09862 ], [ 32.623106, 46.102861 ], [ 32.647063999, 46.106434 ], [ 32.657220715, 46.10559733 ], [ 32.675224909, 46.099626084 ], [ 32.706002554, 46.107524749 ], [ 32.735961275, 46.10862328 ], [ 32.743700686, 46.116781692 ], [ 32.766429882, 46.121186657 ], [ 32.767124076, 46.122391777 ], [ 32.779640439, 46.119616612 ], [ 32.793147644, 46.113660708 ], [ 32.798779116, 46.116950842 ], [ 32.814523525, 46.116282853 ], [ 32.82162928, 46.112018069 ], [ 32.828968009, 46.110707063 ], [ 32.845822761, 46.114561366 ], [ 32.853564293, 46.115318427 ], [ 32.861664346, 46.114010664 ], [ 32.863424001, 46.115441 ], [ 32.860686772, 46.115637165 ], [ 32.860894124, 46.117387095 ], [ 32.869757575, 46.115452989 ], [ 32.873389714, 46.115975973 ], [ 32.873641463, 46.114405589 ], [ 32.886956608, 46.111077996 ], [ 32.906399868, 46.108291301 ], [ 32.909031606, 46.107098269 ], [ 32.908209317, 46.105011855 ], [ 32.9103625, 46.1050205 ], [ 32.911344609, 46.108400975 ], [ 32.913316521, 46.108685031 ], [ 32.911658065, 46.106726629 ], [ 32.913027496, 46.105722056 ], [ 32.917954114, 46.107855036 ], [ 32.934376392, 46.105968023 ], [ 32.96357053, 46.111651737 ], [ 32.998815457, 46.109792827 ], [ 33.028004681, 46.111493887 ], [ 33.034082158, 46.113402263 ], [ 33.030105313, 46.113598788 ], [ 33.030943796, 46.112576872 ], [ 33.02872523, 46.114008757 ], [ 33.028644187, 46.111991872 ], [ 33.026644401, 46.11195846 ], [ 33.026064566, 46.11667382 ], [ 33.023241369, 46.118151292 ], [ 33.021343364, 46.11541244 ], [ 33.017273, 46.115087 ], [ 33.014709655, 46.122547869 ], [ 33.019135138, 46.126553155 ], [ 33.026103899, 46.126447292 ], [ 33.024079891, 46.127105675 ], [ 33.023793978, 46.129455819 ], [ 33.029476452, 46.140076645 ], [ 33.022547195, 46.145753342 ], [ 33.020562789, 46.152098886 ], [ 33.031589313, 46.156231309 ], [ 33.044525939, 46.156279656 ], [ 33.068332673, 46.153672906 ], [ 33.073067814, 46.144458844 ], [ 33.082434174, 46.135618672 ], [ 33.093043899, 46.133168302 ], [ 33.094812926, 46.131240257 ], [ 33.09623989, 46.132628983 ], [ 33.104613148, 46.132881648 ], [ 33.127557629, 46.124358637 ], [ 33.135050693, 46.12485087 ], [ 33.137870955, 46.127709913 ], [ 33.146612797, 46.129581391 ], [ 33.143841876, 46.130317854 ], [ 33.146427784, 46.136638672 ], [ 33.164604006, 46.143194642 ], [ 33.166544246, 46.144480147 ], [ 33.166049187, 46.14691995 ], [ 33.172897562, 46.15107895 ], [ 33.177110428, 46.151587327 ], [ 33.179699755, 46.154906485 ], [ 33.184329338, 46.155950348 ], [ 33.186073336, 46.163446729 ], [ 33.190490743, 46.169817097 ], [ 33.194577758, 46.172248231 ], [ 33.195532024, 46.178698317 ], [ 33.191793024, 46.183516656 ], [ 33.185299763, 46.185286167 ], [ 33.186893661, 46.194920865 ], [ 33.199957512, 46.188327 ], [ 33.207223599, 46.194409598 ], [ 33.207754326, 46.200542083 ], [ 33.215908712, 46.205093513 ], [ 33.219647602, 46.212807095 ], [ 33.224433232, 46.216317082 ], [ 33.221312859, 46.206646756 ], [ 33.222416329, 46.202222584 ], [ 33.216731264, 46.201191036 ], [ 33.211241657, 46.196060553 ], [ 33.208179813, 46.188209394 ], [ 33.211982751, 46.183245699 ], [ 33.20536732, 46.174031311 ], [ 33.219956219, 46.163301142 ], [ 33.227763714, 46.154229402 ], [ 33.212970968, 46.144493658 ], [ 33.209423309, 46.144015666 ], [ 33.205120335, 46.13354328 ], [ 33.205247533, 46.122486359 ], [ 33.198290615, 46.116017023 ], [ 33.200244107, 46.109578495 ], [ 33.206030904, 46.106407474 ], [ 33.213316075, 46.106348838 ], [ 33.20734644, 46.117347225 ], [ 33.207468855, 46.124326124 ], [ 33.210302224, 46.128572784 ], [ 33.220174065, 46.132676514 ], [ 33.240086718, 46.134971194 ], [ 33.249993263, 46.139020474 ], [ 33.256641, 46.139188 ], [ 33.266684002, 46.134956924 ], [ 33.283146988, 46.133448339 ], [ 33.304745303, 46.123407371 ], [ 33.308991797, 46.11896185 ], [ 33.311386, 46.111776999 ], [ 33.310139496, 46.098515929 ], [ 33.304967, 46.093565999 ], [ 33.297734591, 46.091510593 ], [ 33.291476402, 46.09161399 ], [ 33.282163206, 46.096666695 ], [ 33.28463244, 46.098690062 ], [ 33.280441484, 46.097092349 ], [ 33.281114295, 46.081031303 ], [ 33.28413722, 46.077538905 ], [ 33.292827273, 46.073868508 ], [ 33.315140095, 46.076333301 ], [ 33.314397687, 46.077892036 ], [ 33.313432662, 46.07662917 ], [ 33.307949383, 46.079654681 ], [ 33.307795704, 46.090000545 ], [ 33.312385633, 46.103348552 ], [ 33.314993976, 46.106344001 ], [ 33.330474737, 46.115343601 ], [ 33.335428422, 46.111020207 ], [ 33.338935137, 46.101484058 ], [ 33.345531935, 46.096152585 ], [ 33.359185884, 46.089827743 ], [ 33.373820469, 46.090479486 ], [ 33.371073233, 46.08838782 ], [ 33.371054001, 46.084327 ], [ 33.365602505, 46.079354449 ], [ 33.365551039, 46.076248019 ], [ 33.392718349, 46.055823851 ], [ 33.417419484, 46.032835993 ], [ 33.422690204, 46.030164582 ], [ 33.429658174, 46.030410203 ], [ 33.430708515, 46.032033504 ], [ 33.428542136, 46.033934209 ], [ 33.427167531, 46.030914803 ], [ 33.424815124, 46.032387626 ], [ 33.420885902, 46.031880893 ], [ 33.421770015, 46.033285353 ], [ 33.424903533, 46.032934991 ], [ 33.424423534, 46.034540618 ], [ 33.422652044, 46.033694893 ], [ 33.421743042, 46.036449378 ], [ 33.41952756, 46.035326258 ], [ 33.423170133, 46.039353521 ], [ 33.446125724, 46.040876214 ], [ 33.457408814, 46.0480909 ], [ 33.4625435, 46.048097625 ], [ 33.462741936, 46.050622388 ], [ 33.466343999, 46.049221 ], [ 33.482221617, 46.035221511 ], [ 33.492632136, 46.030201933 ], [ 33.501827878, 46.0280952 ], [ 33.517134001, 46.030121 ], [ 33.517925661, 46.031993297 ], [ 33.511280699, 46.031037477 ], [ 33.500086, 46.047506 ], [ 33.492318769, 46.053282496 ], [ 33.489908372, 46.061409954 ], [ 33.491193, 46.067429999 ], [ 33.495449968, 46.073897684 ], [ 33.504218666, 46.079865616 ], [ 33.517514, 46.081875 ], [ 33.554598, 46.073335 ], [ 33.568587052, 46.075629875 ], [ 33.560783873, 46.076428616 ], [ 33.547136216, 46.087282089 ], [ 33.542883653, 46.086816647 ], [ 33.535236833, 46.089201095 ], [ 33.516610039, 46.098809749 ], [ 33.51117479, 46.108431539 ], [ 33.509591385, 46.116948091 ], [ 33.51100257, 46.122035572 ], [ 33.512635, 46.123212 ], [ 33.515927815, 46.121933302 ], [ 33.521222005, 46.116156221 ], [ 33.538785, 46.118503001 ], [ 33.546004034, 46.125357084 ], [ 33.552089271, 46.128456199 ], [ 33.550063921, 46.127737731 ], [ 33.548904712, 46.129482874 ], [ 33.544519454, 46.124942342 ], [ 33.541397323, 46.125235841 ], [ 33.541563203, 46.130287776 ], [ 33.545931857, 46.13671196 ], [ 33.562829296, 46.137126383 ], [ 33.567220216, 46.138771959 ], [ 33.576237036, 46.144437241 ], [ 33.568987031, 46.14231284 ], [ 33.568118197, 46.140092159 ], [ 33.56452301, 46.138748943 ], [ 33.566239202, 46.145315018 ], [ 33.57325657, 46.15442601 ], [ 33.577625001, 46.157369001 ], [ 33.586614611, 46.159384083 ], [ 33.592931708, 46.15797617 ], [ 33.599045044, 46.154067151 ], [ 33.611518807, 46.141786782 ], [ 33.615847431, 46.134595645 ], [ 33.636708999, 46.140223001 ], [ 33.615277, 46.226394999 ], [ 33.646014999, 46.229699 ], [ 33.665650001, 46.221245999 ], [ 33.682949, 46.208295 ] ] ] ] } },
{ "type": "Feature", "properties": { "shapeName": "Khmelnytska", "shapeISO": "", "shapeID": "82583831B88357083608746", "shapeGroup": "UKR", "shapeType": "ADM1" }, "geometry": { "type": "Polygon", "coordinates": [ [ [ 27.817649026, 49.734217991 ], [ 27.806224418, 49.727308741 ], [ 27.80017953, 49.728507619 ], [ 27.790049502, 49.726896716 ], [ 27.781120005, 49.728344168 ], [ 27.767870134, 49.740420633 ], [ 27.756947969, 49.746595993 ], [ 27.757136756, 49.750949119 ], [ 27.749340225, 49.756525639 ], [ 27.735173413, 49.761112915 ], [ 27.73187617, 49.763580205 ], [ 27.703631474, 49.769005205 ], [ 27.707119895, 49.77936144 ], [ 27.721911063, 49.788288909 ], [ 27.727027362, 49.799555871 ], [ 27.716471318, 49.80618034 ], [ 27.697191665, 49.809025952 ], [ 27.69187657, 49.802038901 ], [ 27.668018492, 49.807841551 ], [ 27.662235712, 49.794462829 ], [ 27.657910315, 49.797145193 ], [ 27.661052693, 49.799356611 ], [ 27.657124192, 49.801748491 ], [ 27.653855089, 49.801724468 ], [ 27.655075996, 49.803971492 ], [ 27.650759408, 49.804300134 ], [ 27.650470077, 49.806445125 ], [ 27.644861648, 49.807433272 ], [ 27.644285521, 49.810963597 ], [ 27.640559253, 49.813772498 ], [ 27.643526508, 49.81486839 ], [ 27.642950443, 49.817518506 ], [ 27.640696442, 49.817345413 ], [ 27.641836536, 49.820052235 ], [ 27.637238, 49.820945867 ], [ 27.63916895, 49.824745198 ], [ 27.635565628, 49.824583239 ], [ 27.635870613, 49.823160865 ], [ 27.633248831, 49.824357911 ], [ 27.636055726, 49.828042632 ], [ 27.628651806, 49.832883048 ], [ 27.62916325, 49.835726511 ], [ 27.621736812, 49.838181457 ], [ 27.62235758, 49.844848838 ], [ 27.626852074, 49.846656039 ], [ 27.627593791, 49.85045564 ], [ 27.621573563, 49.852314744 ], [ 27.618759305, 49.855395922 ], [ 27.622594823, 49.860359433 ], [ 27.614979954, 49.864171565 ], [ 27.615829684, 49.873030143 ], [ 27.60998603, 49.875658019 ], [ 27.625357754, 49.892407442 ], [ 27.619111916, 49.893862036 ], [ 27.607750796, 49.890497082 ], [ 27.59579834, 49.890177765 ], [ 27.595021241, 49.895754868 ], [ 27.587928231, 49.89775863 ], [ 27.584116424, 49.901524519 ], [ 27.576733524, 49.904225246 ], [ 27.574291646, 49.908101077 ], [ 27.569777202, 49.909760716 ], [ 27.56256673, 49.909409037 ], [ 27.563711084, 49.901794361 ], [ 27.549826986, 49.900540555 ], [ 27.546760172, 49.903465007 ], [ 27.549476483, 49.908647445 ], [ 27.547698488, 49.934836801 ], [ 27.557176198, 49.935596789 ], [ 27.556752596, 49.945235616 ], [ 27.57560891, 49.948616392 ], [ 27.571448109, 49.95571281 ], [ 27.566388678, 49.958867046 ], [ 27.561590519, 49.98372522 ], [ 27.554272412, 49.987669208 ], [ 27.54875409, 49.996345739 ], [ 27.54646005, 50.011595468 ], [ 27.556686744, 50.011836226 ], [ 27.561487733, 50.014468496 ], [ 27.563022083, 50.01857897 ], [ 27.571258419, 50.019674466 ], [ 27.592845203, 50.013774334 ], [ 27.611705, 50.005641001 ], [ 27.642001787, 50.036763451 ], [ 27.65809283, 50.032849544 ], [ 27.658017397, 50.025764547 ], [ 27.670313993, 50.025287665 ], [ 27.675922421, 50.0325501 ], [ 27.681164186, 50.034063007 ], [ 27.677771322, 50.03867782 ], [ 27.680482869, 50.039382816 ], [ 27.677618942, 50.042026064 ], [ 27.682163907, 50.047359315 ], [ 27.678197318, 50.05404809 ], [ 27.674158495, 50.056016903 ], [ 27.678731894, 50.060626252 ], [ 27.678441163, 50.06357721 ], [ 27.67504711, 50.069822196 ], [ 27.670040115, 50.070801881 ], [ 27.671897304, 50.073170539 ], [ 27.668131531, 50.074214879 ], [ 27.668737484, 50.077531163 ], [ 27.615445155, 50.086224754 ], [ 27.630323798, 50.103318647 ], [ 27.623703851, 50.104088722 ], [ 27.624509607, 50.112470284 ], [ 27.6318462, 50.11221012 ], [ 27.632246954, 50.115468435 ], [ 27.639096707, 50.115067391 ], [ 27.639226096, 50.116393458 ], [ 27.625924045, 50.123327671 ], [ 27.627651182, 50.134001824 ], [ 27.63112942, 50.133912279 ], [ 27.632695116, 50.136077738 ], [ 27.630755961, 50.137429849 ], [ 27.633143457, 50.140666651 ], [ 27.631625291, 50.146224583 ], [ 27.635210215, 50.145963481 ], [ 27.637100416, 50.143066268 ], [ 27.648634246, 50.144006594 ], [ 27.651778094, 50.153113843 ], [ 27.672369644, 50.153995456 ], [ 27.674580468, 50.157440721 ], [ 27.677659662, 50.157864583 ], [ 27.67867474, 50.160803305 ], [ 27.662253316, 50.171299187 ], [ 27.664158736, 50.174058999 ], [ 27.662843328, 50.191476057 ], [ 27.664326847, 50.192736466 ], [ 27.662182686, 50.194056994 ], [ 27.6365324, 50.188352447 ], [ 27.642007647, 50.172301906 ], [ 27.621272655, 50.169490242 ], [ 27.622692479, 50.19971671 ], [ 27.615097325, 50.196732442 ], [ 27.614086194, 50.19497471 ], [ 27.611733126, 50.195150153 ], [ 27.61014208, 50.198257988 ], [ 27.608137664, 50.196566993 ], [ 27.60768609, 50.197787787 ], [ 27.611615802, 50.1987017 ], [ 27.607739376, 50.214542565 ], [ 27.602542133, 50.215974035 ], [ 27.592964401, 50.215670155 ], [ 27.594847231, 50.230826934 ], [ 27.59878958, 50.230241729 ], [ 27.602179337, 50.24274286 ], [ 27.597443973, 50.258554376 ], [ 27.57692826, 50.258651416 ], [ 27.572916593, 50.253648581 ], [ 27.567001808, 50.253212038 ], [ 27.566677367, 50.24791517 ], [ 27.562629315, 50.247737812 ], [ 27.562459753, 50.245874966 ], [ 27.543124908, 50.245884842 ], [ 27.527074805, 50.225290742 ], [ 27.520930593, 50.225526791 ], [ 27.489386806, 50.239323543 ], [ 27.480708016, 50.251819859 ], [ 27.48097824, 50.257216028 ], [ 27.461121933, 50.257768803 ], [ 27.461023955, 50.259705853 ], [ 27.442621186, 50.261179052 ], [ 27.444722246, 50.275450847 ], [ 27.424098842, 50.276406417 ], [ 27.422152356, 50.271566409 ], [ 27.398842246, 50.286007495 ], [ 27.398310614, 50.287820337 ], [ 27.390884621, 50.289114897 ], [ 27.394981655, 50.291572154 ], [ 27.400376395, 50.289575086 ], [ 27.406644949, 50.289842551 ], [ 27.409871591, 50.291741621 ], [ 27.403326477, 50.294323283 ], [ 27.412160834, 50.294239008 ], [ 27.412599541, 50.296049787 ], [ 27.416808172, 50.295220366 ], [ 27.420068339, 50.299572524 ], [ 27.416452587, 50.300412507 ], [ 27.416195551, 50.307445056 ], [ 27.363241244, 50.332540083 ], [ 27.354504801, 50.331424596 ], [ 27.343444492, 50.333587719 ], [ 27.336473216, 50.332261265 ], [ 27.329056879, 50.333356254 ], [ 27.315585349, 50.331663662 ], [ 27.312806119, 50.339839342 ], [ 27.323147075, 50.354014125 ], [ 27.321458234, 50.368411464 ], [ 27.248428365, 50.392790808 ], [ 27.259012113, 50.424459314 ], [ 27.291193706, 50.457887839 ], [ 27.289669685, 50.471398101 ], [ 27.291190072, 50.476966132 ], [ 27.300001555, 50.487379765 ], [ 27.301315282, 50.493140501 ], [ 27.297090974, 50.494528759 ], [ 27.284514879, 50.493371173 ], [ 27.277827511, 50.490748286 ], [ 27.267781046, 50.49179761 ], [ 27.262198265, 50.495705903 ], [ 27.262934387, 50.509431813 ], [ 27.258749673, 50.513074175 ], [ 27.227298617, 50.523681137 ], [ 27.224514715, 50.525721636 ], [ 27.225873814, 50.527099149 ], [ 27.20739021, 50.53183793 ], [ 27.203708012, 50.543817742 ], [ 27.196325366, 50.552641082 ], [ 27.196326655, 50.562095923 ], [ 27.172165544, 50.561227242 ], [ 27.153541084, 50.563113668 ], [ 27.130690698, 50.560865164 ], [ 27.123915781, 50.573455635 ], [ 27.127130831, 50.575375868 ], [ 27.130505824, 50.587861056 ], [ 27.120226178, 50.590472213 ], [ 27.117906023, 50.594955446 ], [ 27.111467492, 50.593630608 ], [ 27.111346313, 50.591385476 ], [ 27.108019526, 50.590350247 ], [ 27.103265287, 50.583689596 ], [ 27.090070232, 50.587734804 ], [ 27.087690127, 50.579853375 ], [ 27.079462597, 50.583675987 ], [ 27.076118263, 50.577572222 ], [ 27.078353301, 50.576197571 ], [ 27.071814291, 50.57526009 ], [ 27.07037019, 50.569283672 ], [ 27.064740749, 50.561980576 ], [ 27.075770914, 50.5548453 ], [ 27.071440547, 50.551108419 ], [ 27.050872, 50.551928556 ], [ 27.017519485, 50.559002554 ], [ 27.007530049, 50.539617958 ], [ 26.988354229, 50.533377535 ], [ 26.982791461, 50.522743465 ], [ 26.966883123, 50.529162842 ], [ 26.941872152, 50.530076618 ], [ 26.935974939, 50.531495164 ], [ 26.924793972, 50.536092612 ], [ 26.916487871, 50.537353645 ], [ 26.899663914, 50.546353328 ], [ 26.879302502, 50.534169668 ], [ 26.872291519, 50.521097908 ], [ 26.86025117, 50.515250157 ], [ 26.856317939, 50.509003294 ], [ 26.838627234, 50.515986437 ], [ 26.83474601, 50.522657909 ], [ 26.827239278, 50.523066855 ], [ 26.819192811, 50.514141485 ], [ 26.817377416, 50.502526488 ], [ 26.801576871, 50.502169979 ], [ 26.789157322, 50.50358433000001 ], [ 26.783841145, 50.501663001 ], [ 26.778338111, 50.502128072 ], [ 26.777581663, 50.499446182 ], [ 26.781434966, 50.497886467 ], [ 26.7815404, 50.49555099 ], [ 26.775766765, 50.489971676 ], [ 26.767738303, 50.491431486 ], [ 26.76504299, 50.489080574 ], [ 26.768246243, 50.487649252 ], [ 26.766902035, 50.48458468 ], [ 26.768591211, 50.477479994 ], [ 26.760023173, 50.476700412 ], [ 26.761561361, 50.470457004 ], [ 26.774445704, 50.471678211 ], [ 26.774011114, 50.473718385 ], [ 26.789178344, 50.475247675 ], [ 26.786549859, 50.467714096 ], [ 26.778932311, 50.466579566 ], [ 26.774809172, 50.467525302 ], [ 26.772307498, 50.463992654 ], [ 26.7704387, 50.464244324 ], [ 26.769637676, 50.467518362 ], [ 26.766737062, 50.467177846 ], [ 26.765892101, 50.461334557 ], [ 26.758273885, 50.463411079 ], [ 26.74116824, 50.461205917 ], [ 26.740530336, 50.463992016 ], [ 26.7431235, 50.464385384 ], [ 26.746935546, 50.472410377 ], [ 26.745169207, 50.479600523 ], [ 26.734398756, 50.477254585 ], [ 26.736200954, 50.471790562 ], [ 26.734422942, 50.462363008 ], [ 26.73039827, 50.462004461 ], [ 26.727766596, 50.457741795 ], [ 26.738923848, 50.452142927 ], [ 26.7369189, 50.444292869 ], [ 26.723293228, 50.444298168 ], [ 26.717582824, 50.445765031 ], [ 26.712585383, 50.416961954 ], [ 26.692017727, 50.420112088 ], [ 26.682467449, 50.389312571 ], [ 26.659506194, 50.392214863 ], [ 26.647964205, 50.364575302 ], [ 26.623034013, 50.371129047 ], [ 26.601868553, 50.368240796 ], [ 26.587952637, 50.345799757 ], [ 26.586610787, 50.339649458 ], [ 26.584681602, 50.340604526 ], [ 26.571643734, 50.334646687 ], [ 26.55272899, 50.330254716 ], [ 26.563602423, 50.32138611 ], [ 26.560642921, 50.316993288 ], [ 26.542520617, 50.318551266 ], [ 26.548003504, 50.307230678 ], [ 26.532547365, 50.306617047 ], [ 26.527064824, 50.310949486 ], [ 26.519756752, 50.305092408 ], [ 26.523436012, 50.301782265 ], [ 26.522549924, 50.298250445 ], [ 26.519704111, 50.296959535 ], [ 26.516423807, 50.297490577 ], [ 26.51422075, 50.293999643 ], [ 26.515023512, 50.289699122 ], [ 26.511605286, 50.290222291 ], [ 26.508395263, 50.288880893 ], [ 26.51462182, 50.284340878 ], [ 26.514649694, 50.281412089 ], [ 26.505142702, 50.284680746 ], [ 26.502510772, 50.281667949 ], [ 26.499749162, 50.283428351 ], [ 26.493471913, 50.279416263 ], [ 26.494661333, 50.274560692 ], [ 26.498399995, 50.271959522 ], [ 26.492576111, 50.267796528 ], [ 26.50632899, 50.264256835 ], [ 26.504455047, 50.26165015 ], [ 26.493862285, 50.262913554 ], [ 26.48864658, 50.265683059 ], [ 26.478776402, 50.264989134 ], [ 26.471695392, 50.260518843 ], [ 26.452102395, 50.260351253 ], [ 26.454966284, 50.262844461 ], [ 26.452709296, 50.264630352 ], [ 26.445351776, 50.263857918 ], [ 26.440821794, 50.26064652 ], [ 26.435971352, 50.2603429 ], [ 26.435846774, 50.261961629 ], [ 26.43293917, 50.260059841 ], [ 26.42895919, 50.26039379 ], [ 26.426925975, 50.262630351 ], [ 26.424086149, 50.260829334 ], [ 26.419140132, 50.260537769 ], [ 26.419188013, 50.262082434 ], [ 26.416446484, 50.261068878 ], [ 26.416431456, 50.263153173 ], [ 26.409850391, 50.261635062 ], [ 26.40797683, 50.263381575 ], [ 26.407034833, 50.262318686 ], [ 26.405296457, 50.263951464 ], [ 26.398762537, 50.263870459 ], [ 26.398833281, 50.265234903 ], [ 26.396042863, 50.265134399 ], [ 26.395685491, 50.263677354 ], [ 26.389893738, 50.262941241 ], [ 26.388965172, 50.261263708 ], [ 26.382852759, 50.260629913 ], [ 26.383382739, 50.258317771 ], [ 26.381308572, 50.257624325 ], [ 26.383334025, 50.255075563 ], [ 26.38132906, 50.252948144 ], [ 26.376415161, 50.251118711 ], [ 26.372209596, 50.252824688 ], [ 26.361847095, 50.251595295 ], [ 26.359856142, 50.249811915 ], [ 26.360291995, 50.246515251 ], [ 26.351736724, 50.241840882 ], [ 26.349104627, 50.238425575 ], [ 26.345422642, 50.239463331 ], [ 26.345143956, 50.238112219 ], [ 26.341432408, 50.237605603 ], [ 26.342942308, 50.236786177 ], [ 26.341087707, 50.235704503 ], [ 26.332448199, 50.234627925 ], [ 26.328907849, 50.231233096 ], [ 26.323983425, 50.231146621 ], [ 26.324709304, 50.225236802 ], [ 26.315845312, 50.219162956 ], [ 26.313854547, 50.215399707 ], [ 26.305517323, 50.213053458 ], [ 26.305082345, 50.208646244 ], [ 26.301608807, 50.205136088 ], [ 26.304952258, 50.202407798 ], [ 26.305430238, 50.198969215 ], [ 26.294871909, 50.19112165 ], [ 26.2939609, 50.1880215 ], [ 26.288958591, 50.186123063 ], [ 26.288407948, 50.18126678 ], [ 26.28255841, 50.181701465 ], [ 26.281545652, 50.183488198 ], [ 26.273980395, 50.180658186 ], [ 26.273466106, 50.178748874 ], [ 26.26489557, 50.178316705 ], [ 26.257416456, 50.180158608 ], [ 26.251572821, 50.178935187 ], [ 26.24841754, 50.176231129 ], [ 26.24601247, 50.176614847 ], [ 26.24475415, 50.173806083 ], [ 26.243599364, 50.17460398 ], [ 26.240272232, 50.17330588 ], [ 26.239833449, 50.17428665 ], [ 26.238837179, 50.173023738 ], [ 26.231256668, 50.173232456 ], [ 26.229650752, 50.172066243 ], [ 26.220448925, 50.17969946 ], [ 26.211146758, 50.174966301 ], [ 26.220899564, 50.164642776 ], [ 26.215935627, 50.162982837 ], [ 26.21716853, 50.157385032 ], [ 26.210153802, 50.156796938 ], [ 26.20856922, 50.154135145 ], [ 26.223392649, 50.145942968 ], [ 26.222909281, 50.142785594 ], [ 26.234340165, 50.14354405 ], [ 26.234872202, 50.144927075 ], [ 26.243498448, 50.143287207 ], [ 26.234805824, 50.131207538 ], [ 26.273673558, 50.11350032 ], [ 26.273439041, 50.102809685 ], [ 26.200456062, 50.097970512 ], [ 26.204694706, 50.089963622 ], [ 26.200229546, 50.079611183 ], [ 26.206637097, 50.075768168 ], [ 26.200821703, 50.067291652 ], [ 26.205670382, 50.064939096 ], [ 26.211383799, 50.065041946 ], [ 26.22162132, 50.059854429 ], [ 26.221436633, 50.054989848 ], [ 26.22459849, 50.054510638 ], [ 26.226890974, 50.047338957 ], [ 26.224717619, 50.045623996 ], [ 26.21750253, 50.046232645 ], [ 26.216458562, 50.036271464 ], [ 26.200841364, 50.036656508 ], [ 26.175915167, 50.025154567 ], [ 26.177168363, 50.023401421 ], [ 26.189983152, 50.020502143 ], [ 26.199556124, 50.01996295 ], [ 26.205056211, 50.018484406 ], [ 26.204481575, 50.016520337 ], [ 26.210607014, 50.015896538 ], [ 26.205241646, 50.00551275 ], [ 26.202383311, 49.992140756 ], [ 26.187609239, 49.991865385 ], [ 26.172076656, 49.994043325 ], [ 26.167422919, 49.989621522 ], [ 26.169313116, 49.987161619 ], [ 26.15624237, 49.983134786 ], [ 26.154835417, 49.977655844 ], [ 26.148833092, 49.975572405 ], [ 26.147973905, 49.964293769 ], [ 26.145027567, 49.959894362 ], [ 26.157840872, 49.932207771 ], [ 26.166114401, 49.922176085 ], [ 26.162917399, 49.922144613 ], [ 26.14050704, 49.913860539 ], [ 26.133598363, 49.906194465 ], [ 26.132701797, 49.898399726 ], [ 26.138405674, 49.895208786 ], [ 26.144340804, 49.895545017 ], [ 26.15822231, 49.890843421 ], [ 26.162663355, 49.887747082 ], [ 26.163486782, 49.88110393 ], [ 26.175397422, 49.875515007 ], [ 26.188295682, 49.87359967 ], [ 26.200931252, 49.866259158 ], [ 26.178204125, 49.847296579 ], [ 26.185224483, 49.846120334 ], [ 26.184680651, 49.836627994 ], [ 26.189827104, 49.833606474 ], [ 26.189428501, 49.829831687 ], [ 26.196079399, 49.825449366 ], [ 26.198103803, 49.821474667 ], [ 26.20735695, 49.820670607 ], [ 26.209916669, 49.811228144 ], [ 26.215218187, 49.809996355 ], [ 26.218669259, 49.805410271 ], [ 26.218540963, 49.798000428 ], [ 26.22456577, 49.795581535 ], [ 26.227561551, 49.790969225 ], [ 26.223799113, 49.783546895 ], [ 26.224407136, 49.78071756 ], [ 26.229752872, 49.777401429 ], [ 26.240787808, 49.77564518 ], [ 26.239378034, 49.772506243 ], [ 26.23628346, 49.771389736 ], [ 26.241983566, 49.757053373 ], [ 26.243456564, 49.745313593 ], [ 26.226791716, 49.738029101 ], [ 26.21412592, 49.735345135 ], [ 26.211929151, 49.730152592 ], [ 26.190838302, 49.714152052 ], [ 26.194330307, 49.709688926 ], [ 26.20875178, 49.707536687 ], [ 26.220713315, 49.703729922 ], [ 26.228060646, 49.697811268 ], [ 26.241266373, 49.693608607 ], [ 26.249059507, 49.682019902 ], [ 26.268646965, 49.668783012 ], [ 26.268890119, 49.660767833 ], [ 26.272411022, 49.656906057 ], [ 26.269293747, 49.654962673 ], [ 26.259847312, 49.653657451 ], [ 26.265488103, 49.642070636 ], [ 26.262600236, 49.637544758 ], [ 26.253373733, 49.63310042 ], [ 26.239436434, 49.637861163 ], [ 26.23107859, 49.636474643 ], [ 26.225533881, 49.62352157 ], [ 26.216195299, 49.619277471 ], [ 26.20848056, 49.60971429 ], [ 26.199401247, 49.608984691 ], [ 26.202099699, 49.601603166 ], [ 26.208022644, 49.594728545 ], [ 26.214263731, 49.590712398 ], [ 26.213161387, 49.583528376 ], [ 26.209243959, 49.582474887 ], [ 26.207343251, 49.576865912 ], [ 26.213816938, 49.571403934 ], [ 26.215435608, 49.56746439 ], [ 26.213774192, 49.561034041 ], [ 26.219332609, 49.554062763 ], [ 26.219014267, 49.551195804 ], [ 26.210428748, 49.547183895 ], [ 26.203480593, 49.546198711 ], [ 26.200464265, 49.550459394 ], [ 26.201918082, 49.554490735 ], [ 26.190987552, 49.556761352 ], [ 26.186147485, 49.551534853 ], [ 26.17559263, 49.549263574 ], [ 26.171049672, 49.541748852 ], [ 26.158726266, 49.53207903 ], [ 26.156022162, 49.523283237 ], [ 26.157491666, 49.520512278 ], [ 26.144922341, 49.513483741 ], [ 26.142274224, 49.509459631 ], [ 26.15138463, 49.506813844 ], [ 26.15222422, 49.503920141 ], [ 26.163403167, 49.495759462 ], [ 26.165799526, 49.491808258 ], [ 26.180053876, 49.487203413 ], [ 26.188119871, 49.481018273 ], [ 26.188935637, 49.454435133 ], [ 26.196095071, 49.444558454 ], [ 26.20186138, 49.441814641 ], [ 26.200809725, 49.438732651 ], [ 26.192554927, 49.433681866 ], [ 26.19314214, 49.429845208 ], [ 26.20152183, 49.420684619 ], [ 26.210475648, 49.416057352 ], [ 26.214982538, 49.418045304 ], [ 26.220769439, 49.411696172 ], [ 26.223534645, 49.410251036 ], [ 26.225309063, 49.411035485 ], [ 26.229278647, 49.407746407 ], [ 26.22483485, 49.405624629 ], [ 26.224726192, 49.403170066 ], [ 26.235334228, 49.400534799 ], [ 26.230803349, 49.395679295 ], [ 26.231916183, 49.392171044 ], [ 26.229238618, 49.389654724 ], [ 26.22962242, 49.383049504 ], [ 26.21943439, 49.378343366 ], [ 26.221929587, 49.375852921 ], [ 26.24466424, 49.369418857 ], [ 26.231952807, 49.357807453 ], [ 26.233640593, 49.355581376 ], [ 26.240673498, 49.355333591 ], [ 26.243534793, 49.35390137 ], [ 26.243665508, 49.347378958 ], [ 26.240293742, 49.345811429 ], [ 26.234963776, 49.350100564 ], [ 26.229034713, 49.350347878 ], [ 26.226113008, 49.342385103 ], [ 26.225684335, 49.327469564 ], [ 26.227803896, 49.324415143 ], [ 26.242695821, 49.317266607 ], [ 26.248281705, 49.312861949 ], [ 26.251030392, 49.30661194 ], [ 26.246139805, 49.300228162 ], [ 26.259516993, 49.289554992 ], [ 26.258385564, 49.288210912 ], [ 26.251229107, 49.287820414 ], [ 26.248840313, 49.286399867 ], [ 26.257133594, 49.278842932 ], [ 26.257226131, 49.276726631 ], [ 26.253659358, 49.276331319 ], [ 26.248159019, 49.279039121 ], [ 26.241425941, 49.277036991 ], [ 26.243684804, 49.272257021 ], [ 26.257684243, 49.265953286 ], [ 26.258380399, 49.26407045 ], [ 26.247611361, 49.256441761 ], [ 26.245736326, 49.257411042 ], [ 26.241692046, 49.254422959 ], [ 26.246779622, 49.248479745 ], [ 26.244855475, 49.244569057 ], [ 26.242866335, 49.242727272 ], [ 26.236248728, 49.245291301 ], [ 26.221790635, 49.246164882 ], [ 26.207211179, 49.245978498 ], [ 26.202857809, 49.244637848 ], [ 26.201033127, 49.237425476 ], [ 26.207379305, 49.232645786 ], [ 26.198915578, 49.227432847 ], [ 26.202837273, 49.223909908 ], [ 26.20174996, 49.220152472 ], [ 26.190711395, 49.220345469 ], [ 26.195946654, 49.212525596 ], [ 26.190620334, 49.208496493 ], [ 26.183138346, 49.195843526 ], [ 26.196143359, 49.181866286 ], [ 26.194494105, 49.177712434 ], [ 26.188883887, 49.173198821 ], [ 26.189760666, 49.171583018 ], [ 26.209162596, 49.167331625 ], [ 26.208114946, 49.165565354 ], [ 26.210874974, 49.161885945 ], [ 26.205782793, 49.158791566 ], [ 26.204183884, 49.159777141 ], [ 26.203242995, 49.157623715 ], [ 26.197650228, 49.162510514 ], [ 26.194933843, 49.162671526 ], [ 26.189898108, 49.1581838 ], [ 26.191608378, 49.152340034 ], [ 26.199011958, 49.146244387 ], [ 26.19452895, 49.136329879 ], [ 26.204326495, 49.134879298 ], [ 26.205527554, 49.132697549 ], [ 26.199044438, 49.130544155 ], [ 26.197536435, 49.128572726 ], [ 26.195495283, 49.12929171 ], [ 26.198957141, 49.123525969 ], [ 26.199965617, 49.114873422 ], [ 26.202660449, 49.114966158 ], [ 26.203281603, 49.113613909 ], [ 26.204644814, 49.100680039 ], [ 26.202854974, 49.095806043 ], [ 26.198826005, 49.09274294 ], [ 26.199533834, 49.091105964 ], [ 26.196279816, 49.090387107 ], [ 26.197402309, 49.08207951 ], [ 26.191991897, 49.077383576 ], [ 26.195089791, 49.073419899 ], [ 26.212519585, 49.074204422 ], [ 26.215569493, 49.072268937 ], [ 26.204731481, 49.066332633 ], [ 26.196582405, 49.065329049 ], [ 26.18794032, 49.062253341 ], [ 26.183878652, 49.056561262 ], [ 26.187799967, 49.049108739 ], [ 26.2075643, 49.036251552 ], [ 26.208517643, 49.030990248 ], [ 26.199256396, 49.029205752 ], [ 26.197721343, 49.024819241 ], [ 26.205365526, 49.016380333 ], [ 26.214485287, 49.012620348 ], [ 26.215613108, 49.005353757 ], [ 26.214827816, 49.001476364 ], [ 26.212008366, 48.999808796 ], [ 26.19509234, 49.000898286 ], [ 26.195724385, 49.002987049 ], [ 26.193435564, 49.003755563 ], [ 26.183640808, 49.001584296 ], [ 26.17606998, 48.995641835 ], [ 26.184221594, 48.988750283 ], [ 26.206930758, 48.988353748 ], [ 26.210825551, 48.98584425 ], [ 26.211904367, 48.982874082 ], [ 26.207186042, 48.977824181 ], [ 26.199675053, 48.974467038 ], [ 26.196117038, 48.974284853 ], [ 26.184668124, 48.978802055 ], [ 26.181677378, 48.978242113 ], [ 26.183271919, 48.97698592 ], [ 26.179401509, 48.976309363 ], [ 26.177339061, 48.97369237 ], [ 26.177110706, 48.96941892 ], [ 26.181225761, 48.965492845 ], [ 26.204410421, 48.95905787 ], [ 26.208192869, 48.955100462 ], [ 26.207282378, 48.948697325 ], [ 26.205009299, 48.948098237 ], [ 26.206353961, 48.946394542 ], [ 26.194016485, 48.933565656 ], [ 26.193692637, 48.927199568 ], [ 26.199248184, 48.921064017 ], [ 26.198516306, 48.918240325 ], [ 26.185258698, 48.917995088 ], [ 26.183844524, 48.915488152 ], [ 26.186022652, 48.909934093 ], [ 26.196508159, 48.903494449 ], [ 26.203913529, 48.905958228 ], [ 26.211650824, 48.913530057 ], [ 26.219643042, 48.912863599 ], [ 26.223163925, 48.910946373 ], [ 26.225186025, 48.906078214 ], [ 26.223642854, 48.902979544 ], [ 26.206368611, 48.898965208 ], [ 26.203946037, 48.895898528 ], [ 26.204834612, 48.891177598 ], [ 26.213937825, 48.881981504 ], [ 26.214076919, 48.879841956 ], [ 26.210489931, 48.879165242 ], [ 26.205819081, 48.875225821 ], [ 26.211765413, 48.869085167 ], [ 26.211459766, 48.864478505 ], [ 26.200156747, 48.86144357 ], [ 26.199824965, 48.85889375 ], [ 26.203021136, 48.854973378 ], [ 26.210600671, 48.852199804 ], [ 26.217967466, 48.851652655 ], [ 26.221757824, 48.847528658 ], [ 26.222234201, 48.843482838 ], [ 26.218683803, 48.835595694 ], [ 26.220483421, 48.832503619 ], [ 26.23245185, 48.827128977 ], [ 26.23318681, 48.819161434 ], [ 26.239322155, 48.817676723 ], [ 26.248018101, 48.822355097 ], [ 26.251469261, 48.822608151 ], [ 26.256566079, 48.820449151 ], [ 26.258459978, 48.815550245 ], [ 26.253620664, 48.808819033 ], [ 26.249573362, 48.808259365 ], [ 26.23925589, 48.810060508 ], [ 26.239547858, 48.812096112 ], [ 26.235487751, 48.814212432 ], [ 26.227736669, 48.81442347 ], [ 26.22551767, 48.813227532 ], [ 26.224613635, 48.808460764 ], [ 26.228867359, 48.805652849 ], [ 26.227784049, 48.803322297 ], [ 26.235433547, 48.795257439 ], [ 26.235652913, 48.791984578 ], [ 26.233401085, 48.78996968 ], [ 26.218059053, 48.793298523 ], [ 26.218234946, 48.799854636 ], [ 26.215875308, 48.801739003 ], [ 26.211159489, 48.801488642 ], [ 26.20728989, 48.797270533 ], [ 26.21127533, 48.783459628 ], [ 26.214293914, 48.780550594 ], [ 26.220548316, 48.7790335 ], [ 26.231935203, 48.779920272 ], [ 26.237613704, 48.775881036 ], [ 26.238342209, 48.769038817 ], [ 26.230095965, 48.763968697 ], [ 26.22988282, 48.76213119 ], [ 26.234139319, 48.759108895 ], [ 26.245762932, 48.755691396 ], [ 26.240897397, 48.749391617 ], [ 26.234376907, 48.749869636 ], [ 26.227346691, 48.755082012 ], [ 26.223366252, 48.752221502 ], [ 26.224621092, 48.748426589 ], [ 26.242235903, 48.740364944 ], [ 26.243970184, 48.736526621 ], [ 26.241824307, 48.732708754 ], [ 26.23495277, 48.728646669 ], [ 26.239730829, 48.71936657 ], [ 26.23196268, 48.713546704 ], [ 26.228895823, 48.708856973 ], [ 26.233562425, 48.703709465 ], [ 26.230915625, 48.703318003 ], [ 26.232653835, 48.700567665 ], [ 26.237255212, 48.700207772 ], [ 26.237717955, 48.697036692 ], [ 26.234648919, 48.692632874 ], [ 26.221634246, 48.69260881 ], [ 26.219413243, 48.689499492 ], [ 26.221371185, 48.685854028 ], [ 26.224492786, 48.683349382 ], [ 26.234149722, 48.681537187 ], [ 26.245286611, 48.684001398 ], [ 26.245722628, 48.681793591 ], [ 26.241677328, 48.679434915 ], [ 26.241895157, 48.675772915 ], [ 26.242847673, 48.671695604 ], [ 26.247859239, 48.667857386 ], [ 26.258743191, 48.667762823 ], [ 26.270482517, 48.674972298 ], [ 26.277335054, 48.673736361 ], [ 26.281219182, 48.666937064 ], [ 26.278310182, 48.665827927 ], [ 26.277611144, 48.659819024 ], [ 26.273293578, 48.653862429 ], [ 26.266766153, 48.650510864 ], [ 26.273065614, 48.647173665 ], [ 26.27777201, 48.648823722 ], [ 26.280484865, 48.646883286 ], [ 26.283715806, 48.649243515 ], [ 26.286962179, 48.648558113 ], [ 26.296412548, 48.65244631 ], [ 26.296953246, 48.655878726 ], [ 26.30052701, 48.658070891 ], [ 26.307507074, 48.657501732 ], [ 26.309795547, 48.653582272 ], [ 26.308667094, 48.649587547 ], [ 26.287786476, 48.640190858 ], [ 26.296174001, 48.635349881 ], [ 26.316915809, 48.637825786 ], [ 26.321062314, 48.635994769 ], [ 26.323567631, 48.629350838 ], [ 26.320960954, 48.626349751 ], [ 26.315161623, 48.624229778 ], [ 26.305808289, 48.625170615 ], [ 26.297132868, 48.628144348 ], [ 26.292709098, 48.625807031 ], [ 26.293043186, 48.622824816 ], [ 26.30270445, 48.619417046 ], [ 26.306897789, 48.616183716 ], [ 26.317603217, 48.615426751 ], [ 26.326760788, 48.610738091 ], [ 26.32392386, 48.599917176 ], [ 26.333259068, 48.596547472 ], [ 26.337783165, 48.596149385 ], [ 26.34121961, 48.597528286 ], [ 26.34389506, 48.593312112 ], [ 26.34214684, 48.586081524 ], [ 26.347843763, 48.585018601 ], [ 26.352010918, 48.588410939 ], [ 26.359691325, 48.588034182 ], [ 26.361087118, 48.584850018 ], [ 26.359055716, 48.58065392 ], [ 26.354825799, 48.578080095 ], [ 26.340635517, 48.574201293 ], [ 26.336383733, 48.56935634 ], [ 26.338263439, 48.565856396 ], [ 26.343550887, 48.562709224 ], [ 26.3523216, 48.560359459 ], [ 26.361454171, 48.560984035 ], [ 26.363820843, 48.559292666 ], [ 26.36687985, 48.55191786 ], [ 26.358384583, 48.54569489 ], [ 26.360197052, 48.541895022 ], [ 26.369416694, 48.542309639 ], [ 26.376943302, 48.547225733 ], [ 26.378871577, 48.556297503 ], [ 26.374768268, 48.561897014 ], [ 26.37980647, 48.564668654 ], [ 26.386288831, 48.563098306 ], [ 26.395676646, 48.556185123 ], [ 26.397845254, 48.551605059 ], [ 26.408936315, 48.542111718 ], [ 26.419382706, 48.541131143 ], [ 26.426909164, 48.546594311 ], [ 26.433725356, 48.547594822 ], [ 26.441595841, 48.5442338 ], [ 26.443788955, 48.538620638 ], [ 26.476338613, 48.546734657 ], [ 26.486399775, 48.545097092 ], [ 26.490160579, 48.543144688 ], [ 26.507497982, 48.516028228 ], [ 26.530322964, 48.492245113 ], [ 26.553693868, 48.463384846 ], [ 26.56811333, 48.45418993 ], [ 26.58630577, 48.451511692 ], [ 26.601966979, 48.451312943 ], [ 26.6125103, 48.453190692 ], [ 26.619771128, 48.456352297 ], [ 26.625834205, 48.464067628 ], [ 26.624669383, 48.47007472 ], [ 26.607584341, 48.496934215 ], [ 26.607171778, 48.503042699 ], [ 26.612478966, 48.506709969 ], [ 26.621374738, 48.508882645 ], [ 26.630262303, 48.507549226 ], [ 26.653264837, 48.490962551 ], [ 26.661808507, 48.487102257 ], [ 26.669254659, 48.485628925 ], [ 26.699786254, 48.486409419 ], [ 26.710432063, 48.49095089 ], [ 26.713067996, 48.495137853 ], [ 26.711732733, 48.50220019 ], [ 26.704974763, 48.509468383 ], [ 26.681045481, 48.523750726 ], [ 26.675218244, 48.538626147 ], [ 26.664843058, 48.541664752 ], [ 26.651199031, 48.54044553 ], [ 26.636514114, 48.536263905 ], [ 26.623505713, 48.537518532 ], [ 26.61787389, 48.544354432 ], [ 26.619218958, 48.551192243 ], [ 26.622633987, 48.55488403 ], [ 26.630981464, 48.559369962 ], [ 26.639555092, 48.56161512 ], [ 26.647348507, 48.561997638 ], [ 26.661449726, 48.560020768 ], [ 26.675218554, 48.552996019 ], [ 26.685434503, 48.544642475 ], [ 26.702397834, 48.535246802 ], [ 26.718469135, 48.531056622 ], [ 26.727081645, 48.533058962 ], [ 26.740014765, 48.540092586 ], [ 26.74308431, 48.55598731 ], [ 26.737758902, 48.566835068 ], [ 26.725487255, 48.57301253 ], [ 26.720276014, 48.578731102 ], [ 26.719431924, 48.582161483 ], [ 26.721529548, 48.586329464 ], [ 26.728654328, 48.587268838 ], [ 26.735743458, 48.58617394 ], [ 26.747526237, 48.580362105 ], [ 26.754287211, 48.55951324 ], [ 26.761601209, 48.549164543 ], [ 26.768382638, 48.546875345 ], [ 26.77983285, 48.547804126 ], [ 26.784753459, 48.549624438 ], [ 26.791986445, 48.558621082 ], [ 26.794525817, 48.567499749 ], [ 26.790682491, 48.575008149 ], [ 26.780153783, 48.586645845 ], [ 26.778837698, 48.594535135 ], [ 26.783281738, 48.60018031 ], [ 26.793001098, 48.606449733 ], [ 26.80061325, 48.609187844 ], [ 26.815645029, 48.610066897 ], [ 26.823769051, 48.605852635 ], [ 26.82554953, 48.601073704 ], [ 26.820381664, 48.58956114 ], [ 26.820197687, 48.581735613 ], [ 26.840940117, 48.557883943 ], [ 26.860386483, 48.546875574 ], [ 26.879275025, 48.542482213 ], [ 26.887514491, 48.543410812 ], [ 26.902925139, 48.550103189 ], [ 26.918560881, 48.56962628 ], [ 26.926200596, 48.574147066 ], [ 26.937544244, 48.576262027 ], [ 26.966254722, 48.57481013 ], [ 26.973316655, 48.577896733 ], [ 26.980251971, 48.584763513 ], [ 26.98996268, 48.588238107 ], [ 26.995964161, 48.587587647 ], [ 26.99398032, 48.577551199 ], [ 27.000675067, 48.570521499 ], [ 27.03167081, 48.565171082 ], [ 27.05503424, 48.564704871 ], [ 27.07323352, 48.560072859 ], [ 27.099405042, 48.555812545 ], [ 27.106133835, 48.555801128 ], [ 27.120490435, 48.559594241 ], [ 27.130272637, 48.564811153 ], [ 27.145793086, 48.578015483 ], [ 27.155131408, 48.582571327 ], [ 27.167835387, 48.585218423 ], [ 27.181137703, 48.584178793 ], [ 27.211965625, 48.568531644 ], [ 27.224914396, 48.56375354 ], [ 27.247996546, 48.56525582 ], [ 27.25847228, 48.569324503 ], [ 27.263548967, 48.573922736 ], [ 27.266379005, 48.580866502 ], [ 27.263156009, 48.588765362 ], [ 27.25664979, 48.596728546 ], [ 27.249679325, 48.601181196 ], [ 27.236155257, 48.60564749 ], [ 27.233155627, 48.60926957 ], [ 27.249605536, 48.62301367 ], [ 27.263923881, 48.626759683 ], [ 27.279392703, 48.625702414 ], [ 27.291484971, 48.62018803 ], [ 27.30793821, 48.601970114 ], [ 27.317267751, 48.598716858 ], [ 27.323616246, 48.598973824 ], [ 27.344263011, 48.604895785 ], [ 27.349065977, 48.61412335 ], [ 27.350669202, 48.625872721 ], [ 27.355183004, 48.629406914 ], [ 27.372910786, 48.630152122 ], [ 27.378450507, 48.642029909 ], [ 27.379540076, 48.650229696 ], [ 27.385661226, 48.655137772 ], [ 27.388587074, 48.660984984 ], [ 27.387678995, 48.670853314 ], [ 27.389970105, 48.680825527 ], [ 27.398800104, 48.688613862 ], [ 27.407841836, 48.686490291 ], [ 27.404640813, 48.694296476 ], [ 27.40792419, 48.695637216 ], [ 27.411770608, 48.694716199 ], [ 27.415036113, 48.700984084 ], [ 27.413744916, 48.706124585 ], [ 27.406274782, 48.71411777 ], [ 27.399895504, 48.72674099 ], [ 27.400149871, 48.729790057 ], [ 27.414363026, 48.739992717 ], [ 27.412035671, 48.743801456 ], [ 27.405406197, 48.74701291 ], [ 27.39828966, 48.754553727 ], [ 27.394241722, 48.753627684 ], [ 27.390555959, 48.756564202 ], [ 27.391989125, 48.758359507 ], [ 27.389464327, 48.764411157 ], [ 27.394151404, 48.766472842 ], [ 27.407081644, 48.766251408 ], [ 27.408962729, 48.767634343 ], [ 27.409673212, 48.769458234 ], [ 27.403717869, 48.773573993 ], [ 27.413131689, 48.777788871 ], [ 27.418927151, 48.786803971 ], [ 27.416591107, 48.789424849 ], [ 27.420440244, 48.789889101 ], [ 27.421082989, 48.791758048 ], [ 27.427181219, 48.794400374 ], [ 27.427615338, 48.797186842 ], [ 27.419695919, 48.799611392 ], [ 27.416409689, 48.806863795 ], [ 27.410986494, 48.811667485 ], [ 27.411611018, 48.81611535 ], [ 27.415820694, 48.818344485 ], [ 27.418094143, 48.823264782 ], [ 27.413112642, 48.836383478 ], [ 27.417666963, 48.837466338 ], [ 27.415994157, 48.846385535 ], [ 27.412974212, 48.849039263 ], [ 27.415425104, 48.850752632 ], [ 27.416335988, 48.856657298 ], [ 27.415110342, 48.881704473 ], [ 27.401243832, 48.891666832 ], [ 27.39353445, 48.900475618 ], [ 27.396715584, 48.925257462 ], [ 27.39413758, 48.92615434 ], [ 27.396297844, 48.928885472 ], [ 27.392281161, 48.931329069 ], [ 27.396054324, 48.934597661 ], [ 27.391644849, 48.938044641 ], [ 27.402931504, 48.947865221 ], [ 27.40274526, 48.952806543 ], [ 27.410723862, 48.951765627 ], [ 27.412162357, 48.955880298 ], [ 27.41460102, 48.953088258 ], [ 27.417425627, 48.954168571 ], [ 27.411266706, 48.960736717 ], [ 27.41782525, 48.97157517 ], [ 27.408907328, 48.973698031 ], [ 27.396261287, 48.989070636 ], [ 27.394839918, 48.996274366 ], [ 27.399361485, 49.000190436 ], [ 27.383284274, 49.007739172 ], [ 27.4053154, 49.02916401 ], [ 27.416573774, 49.054585564 ], [ 27.427056865, 49.05288374 ], [ 27.428155058, 49.064655781 ], [ 27.439614819, 49.065283118 ], [ 27.43651582, 49.069058688 ], [ 27.44150438, 49.070129953 ], [ 27.455414158, 49.069414676 ], [ 27.464811687, 49.070601546 ], [ 27.503216219, 49.06634728 ], [ 27.50407179, 49.067852851 ], [ 27.500089562, 49.074289913 ], [ 27.482914744, 49.083806845 ], [ 27.479237549, 49.088773832 ], [ 27.491823273, 49.094099925 ], [ 27.505445155, 49.110388295 ], [ 27.492638913, 49.121415402 ], [ 27.506517454, 49.127310738 ], [ 27.505948519, 49.130673234 ], [ 27.507766258, 49.131479913 ], [ 27.512898112, 49.130549556 ], [ 27.515538948, 49.127097227 ], [ 27.521259778, 49.126423929 ], [ 27.525125518, 49.122567169 ], [ 27.534946677, 49.121593158 ], [ 27.538917329, 49.128510439 ], [ 27.535197728, 49.130455178 ], [ 27.536583328, 49.133699936 ], [ 27.533740747, 49.141383856 ], [ 27.548583736, 49.130299906 ], [ 27.572218625, 49.121328154 ], [ 27.577542415, 49.121714816 ], [ 27.597572191, 49.135085998 ], [ 27.592574303, 49.140475435 ], [ 27.596085131, 49.147046983 ], [ 27.594046358, 49.154650894 ], [ 27.603217377, 49.162330487 ], [ 27.616058276, 49.161178527 ], [ 27.639813977, 49.166994707 ], [ 27.648869805, 49.164929587 ], [ 27.658245433, 49.157446526 ], [ 27.67316614, 49.151168715 ], [ 27.686969001, 49.141656 ], [ 27.694130101, 49.144748626 ], [ 27.697358747, 49.138662556 ], [ 27.704926697, 49.140188819 ], [ 27.70954922, 49.14263015 ], [ 27.712618702, 49.147468434 ], [ 27.720090551, 49.145935831 ], [ 27.724286878, 49.143141779 ], [ 27.737585837, 49.140556782 ], [ 27.741263622, 49.137709846 ], [ 27.742692801, 49.139839864 ], [ 27.740808852, 49.142488121 ], [ 27.758484992, 49.152991872 ], [ 27.751656864, 49.15770092 ], [ 27.758998328, 49.162123944 ], [ 27.764875623, 49.160239092 ], [ 27.780824756, 49.174708198 ], [ 27.776014605, 49.189901886 ], [ 27.782615877, 49.190851318 ], [ 27.782413717, 49.188336504 ], [ 27.789924024, 49.179736369 ], [ 27.796061823, 49.176717462 ], [ 27.799172677, 49.176779976 ], [ 27.799646853, 49.178898158 ], [ 27.802430952, 49.179305033 ], [ 27.800983052, 49.180829345 ], [ 27.802860515, 49.180911559 ], [ 27.803171783, 49.185584842 ], [ 27.811393155, 49.186024086 ], [ 27.815001522, 49.189474552 ], [ 27.81921444, 49.186854022 ], [ 27.822362147, 49.17921798 ], [ 27.836039171, 49.180239527 ], [ 27.847635607, 49.17805418 ], [ 27.854824147, 49.170585068 ], [ 27.868881508, 49.175742562 ], [ 27.882534053, 49.177931863 ], [ 27.887862012, 49.183661869 ], [ 27.898655756, 49.18599805 ], [ 27.894256794, 49.208878385 ], [ 27.882331716, 49.215832721 ], [ 27.878495308, 49.213457603 ], [ 27.86636392, 49.213055779 ], [ 27.866245288, 49.218081295 ], [ 27.857116648, 49.238227705 ], [ 27.860139388, 49.240414624 ], [ 27.871406092, 49.242122813 ], [ 27.872333797, 49.249506526 ], [ 27.868261118, 49.249053729 ], [ 27.857936992, 49.254193051 ], [ 27.857366222, 49.261772659 ], [ 27.84918095, 49.263819345 ], [ 27.852592998, 49.274576367 ], [ 27.857126753, 49.279008291 ], [ 27.860870363, 49.277806852 ], [ 27.862162137, 49.279369732 ], [ 27.858728938, 49.281295149 ], [ 27.862721748, 49.292648467 ], [ 27.861331677, 49.298566718 ], [ 27.851787427, 49.311146793 ], [ 27.857347776, 49.319855763 ], [ 27.853601957, 49.322155445 ], [ 27.858088595, 49.328804707 ], [ 27.843526605, 49.346491621 ], [ 27.837304679, 49.350438401 ], [ 27.828689996, 49.350756878 ], [ 27.815636631, 49.355585315 ], [ 27.811882967, 49.365804765 ], [ 27.811781256, 49.367116594 ], [ 27.829035836, 49.367762527 ], [ 27.828536031, 49.374698632 ], [ 27.816750068, 49.374305118 ], [ 27.816121522, 49.379227856 ], [ 27.812181118, 49.379142474 ], [ 27.811933959, 49.388254388 ], [ 27.822432213, 49.388751181 ], [ 27.821551344, 49.390835239 ], [ 27.833536063, 49.391318801 ], [ 27.832327317, 49.405947699 ], [ 27.849984014, 49.420990108 ], [ 27.851495795, 49.426950702 ], [ 27.846159998, 49.431081939 ], [ 27.827354786, 49.421552442 ], [ 27.809159127, 49.435851009 ], [ 27.80723688, 49.439521187 ], [ 27.7905592, 49.434623056 ], [ 27.788213324, 49.437658821 ], [ 27.782985437, 49.438194042 ], [ 27.782050687, 49.44280643 ], [ 27.768031279, 49.439986338 ], [ 27.766129189, 49.443225321 ], [ 27.75040115, 49.439742309 ], [ 27.745115189, 49.450521326 ], [ 27.755943186, 49.463142031 ], [ 27.758287584, 49.463043194 ], [ 27.763756199, 49.478349272 ], [ 27.776928278, 49.474873076 ], [ 27.784532101, 49.487345841 ], [ 27.791163312, 49.487913021 ], [ 27.787083382, 49.492165154 ], [ 27.767401731, 49.490112093 ], [ 27.760938129, 49.493000684 ], [ 27.742287995, 49.492547417 ], [ 27.737944679, 49.493475916 ], [ 27.734692118, 49.496262798 ], [ 27.737785861, 49.497802757 ], [ 27.734739903, 49.509858212 ], [ 27.736060234, 49.516824724 ], [ 27.740578503, 49.521407915 ], [ 27.740558738, 49.52818943 ], [ 27.74271056, 49.531466507 ], [ 27.74824092, 49.529562738 ], [ 27.754782697, 49.532139563 ], [ 27.763159943, 49.530217073 ], [ 27.768627534, 49.522975906 ], [ 27.775244659, 49.52031083 ], [ 27.779862122, 49.521877248 ], [ 27.781752045, 49.52507766 ], [ 27.789359235, 49.529749638 ], [ 27.794124334, 49.530869659 ], [ 27.790920897, 49.539643566 ], [ 27.785271292, 49.544998845 ], [ 27.793589296, 49.552171004 ], [ 27.790389859, 49.556993071 ], [ 27.787196457, 49.560230007 ], [ 27.773404388, 49.567496982 ], [ 27.758308707, 49.572960272 ], [ 27.758309162, 49.576314798 ], [ 27.760794977, 49.583119933 ], [ 27.772088502, 49.589371502 ], [ 27.773356605, 49.596632245 ], [ 27.784531039, 49.596890824 ], [ 27.792839128, 49.604251362 ], [ 27.791314488, 49.607483668 ], [ 27.799855648, 49.621023733 ], [ 27.811793273, 49.615396572 ], [ 27.811478126, 49.644597428 ], [ 27.766002079, 49.666437415 ], [ 27.76664276, 49.674783709 ], [ 27.762510224, 49.697193947 ], [ 27.811573349, 49.701979327 ], [ 27.80685146, 49.709396824 ], [ 27.837020968, 49.729809927 ], [ 27.817649026, 49.734217991 ] ] ] } },
{ "type": "Feature", "properties": { "shapeName": "Cherkaska", "shapeISO": "", "shapeID": "82583831B40882430166758", "shapeGroup": "UKR", "shapeType": "ADM1" }, "geometry": { "type": "Polygon", "coordinates": [ [ [ 29.967909818, 48.47167291 ], [ 30.002263653, 48.47256128 ], [ 29.999690322, 48.478081843 ], [ 30.049839639, 48.482826086 ], [ 30.061869587, 48.477313682 ], [ 30.070867567, 48.469150896 ], [ 30.082476806, 48.466295416 ], [ 30.08818807, 48.457362929 ], [ 30.107298435, 48.452439931 ], [ 30.117869049, 48.452923005 ], [ 30.120717958, 48.453517234 ], [ 30.119745545, 48.459892865 ], [ 30.122690677, 48.463259072 ], [ 30.129599597, 48.462810376 ], [ 30.130536616, 48.470373438 ], [ 30.144674537, 48.472683933 ], [ 30.151208262, 48.482209426 ], [ 30.156453148, 48.485065793 ], [ 30.151280375, 48.491209327 ], [ 30.151803145, 48.497834246 ], [ 30.162857304, 48.503780128 ], [ 30.220327516, 48.480067547 ], [ 30.256279932, 48.489261737 ], [ 30.254873066, 48.505423775 ], [ 30.307163176, 48.512123306 ], [ 30.325410573, 48.52179769 ], [ 30.35362874, 48.525640289 ], [ 30.386594392, 48.527054099 ], [ 30.387280578, 48.542686361 ], [ 30.402836801, 48.573833747 ], [ 30.452829345, 48.583465026 ], [ 30.475359486, 48.5661664 ], [ 30.48616797, 48.564120382 ], [ 30.48703504, 48.569202766 ], [ 30.502591922, 48.56788831 ], [ 30.502588663, 48.564348887 ], [ 30.506233004, 48.563994114 ], [ 30.507265967, 48.568287164 ], [ 30.529676814, 48.565823659 ], [ 30.530366221, 48.567608815 ], [ 30.537701654, 48.567527954 ], [ 30.540309975, 48.571135508 ], [ 30.566431482, 48.567383402 ], [ 30.569117186, 48.577304866 ], [ 30.56315681, 48.578974933 ], [ 30.568554012, 48.59174232 ], [ 30.557806572, 48.595773471 ], [ 30.570847754, 48.605642391 ], [ 30.54435446, 48.621232075 ], [ 30.542728666, 48.619959505 ], [ 30.529402231, 48.627791834 ], [ 30.551352595, 48.653647952 ], [ 30.598646094, 48.66320024 ], [ 30.600950964, 48.678629275 ], [ 30.60480456, 48.685220151 ], [ 30.608225433, 48.686167283 ], [ 30.611177338, 48.697962111 ], [ 30.60134855, 48.699109358 ], [ 30.576029007, 48.720865273 ], [ 30.588097483, 48.722785008 ], [ 30.591860033, 48.720090488 ], [ 30.601687075, 48.720920122 ], [ 30.608974673, 48.719130704 ], [ 30.621898345, 48.739733376 ], [ 30.635406649, 48.73911984 ], [ 30.637031881, 48.751870819 ], [ 30.698036071, 48.767356899 ], [ 30.720700519, 48.761085189 ], [ 30.75141084, 48.760851069 ], [ 30.75332902, 48.76988632 ], [ 30.803947566, 48.756839835 ], [ 30.811445055, 48.769222643 ], [ 30.819184607, 48.766382991 ], [ 30.82848174, 48.756875091 ], [ 30.831169482, 48.75007032 ], [ 30.839525597, 48.749657108 ], [ 30.842218724, 48.751492902 ], [ 30.849241339, 48.752266952 ], [ 30.872629659, 48.750591907 ], [ 30.876875759, 48.74934912 ], [ 30.880010889, 48.7449912 ], [ 30.882609931, 48.744384393 ], [ 30.897097381, 48.747180893 ], [ 30.894508284, 48.755731626 ], [ 30.896963381, 48.759718898 ], [ 30.901738429, 48.762548196 ], [ 30.918598982, 48.760318069 ], [ 30.933131449, 48.762067473 ], [ 30.940432217, 48.761281778 ], [ 30.945333269, 48.758924632 ], [ 30.946777548, 48.764501772 ], [ 30.942364312, 48.767422324 ], [ 30.941490115, 48.771188553 ], [ 30.948765166, 48.771725957 ], [ 30.957866384, 48.769307901 ], [ 30.957735118, 48.766330088 ], [ 30.966512033, 48.761096744 ], [ 30.968783575, 48.762243699 ], [ 30.974103187, 48.761242393 ], [ 30.993700648, 48.765376122 ], [ 30.996328573, 48.764600626 ], [ 30.996139525, 48.761547472 ], [ 31.002189769, 48.757088169 ], [ 31.00617723, 48.757309001 ], [ 31.00973278, 48.759486137 ], [ 31.015465915, 48.75930511 ], [ 31.020360757, 48.761855638 ], [ 31.031665028, 48.760089649 ], [ 31.037631665, 48.760669895 ], [ 31.045490748, 48.752430527 ], [ 31.04860849, 48.751819256 ], [ 31.053274685, 48.755429491 ], [ 31.058349604, 48.754618926 ], [ 31.062581003, 48.747294628 ], [ 31.069724411, 48.745380516 ], [ 31.070319738, 48.743087476 ], [ 31.066632418, 48.740271196 ], [ 31.068922678, 48.736855683 ], [ 31.075394025, 48.736173702 ], [ 31.086555678, 48.731831537 ], [ 31.089117303, 48.73231681 ], [ 31.086705325, 48.736421008 ], [ 31.088696341, 48.738958215 ], [ 31.093713196, 48.740859951 ], [ 31.10077255, 48.739716148 ], [ 31.10356316, 48.736712867 ], [ 31.104872102, 48.730541094 ], [ 31.113525223, 48.727626731 ], [ 31.117326472, 48.729170705 ], [ 31.118377203, 48.737025246 ], [ 31.122652748, 48.741365385 ], [ 31.126122352, 48.741264772 ], [ 31.130076997, 48.736845613 ], [ 31.136003534, 48.744312822 ], [ 31.140826938, 48.744983954 ], [ 31.142454183, 48.746731206 ], [ 31.14934335, 48.743450974 ], [ 31.150264504, 48.740123739 ], [ 31.152170548, 48.74055423 ], [ 31.162857317, 48.753050651 ], [ 31.174069616, 48.762484515 ], [ 31.182830198, 48.760319102 ], [ 31.196311641, 48.760573798 ], [ 31.206392003, 48.756475736 ], [ 31.210978733, 48.759072947 ], [ 31.211283856, 48.766294888 ], [ 31.21549595, 48.768919369 ], [ 31.231310206, 48.765879421 ], [ 31.244016529, 48.768264236 ], [ 31.250092423, 48.767484959 ], [ 31.253284879, 48.764849407 ], [ 31.252358273, 48.758348936 ], [ 31.25712309, 48.75115819 ], [ 31.262015259, 48.748683514 ], [ 31.269290549, 48.753407989 ], [ 31.273385321, 48.754591163 ], [ 31.278315656, 48.753828854 ], [ 31.285546037, 48.758436699 ], [ 31.293201083, 48.757019201 ], [ 31.297968315, 48.758836294 ], [ 31.309706651, 48.759025023 ], [ 31.313158979, 48.754626784 ], [ 31.311529599, 48.75039687 ], [ 31.312923247, 48.746443529 ], [ 31.321704366, 48.739898341 ], [ 31.324775203, 48.735496213 ], [ 31.319196906, 48.730905423 ], [ 31.325853341, 48.730383225 ], [ 31.325650565, 48.727821415 ], [ 31.329826818, 48.725859485 ], [ 31.343596381, 48.728616515 ], [ 31.353665603, 48.72751856 ], [ 31.354864018, 48.731143076 ], [ 31.351906022, 48.739900288 ], [ 31.357580552, 48.741767763 ], [ 31.370239953, 48.735092199 ], [ 31.369306292, 48.73226756 ], [ 31.371111228, 48.730084148 ], [ 31.382152725, 48.727671206 ], [ 31.385164566, 48.729188793 ], [ 31.384163385, 48.734830414 ], [ 31.386902919, 48.742580097 ], [ 31.391566897, 48.743889024 ], [ 31.393434317, 48.7482068 ], [ 31.395995796, 48.748708016 ], [ 31.39908331, 48.747016723 ], [ 31.397224537, 48.742254754 ], [ 31.391935793, 48.736918953 ], [ 31.392890495, 48.735418388 ], [ 31.408689166, 48.742757952 ], [ 31.41411972, 48.749320391 ], [ 31.410137815, 48.755163936 ], [ 31.412029415, 48.756482534 ], [ 31.41654864, 48.755299827 ], [ 31.419142581, 48.756097147 ], [ 31.419181868, 48.752551018 ], [ 31.424414229, 48.748403582 ], [ 31.422106788, 48.743294787 ], [ 31.424288042, 48.743058045 ], [ 31.436135751, 48.753857099 ], [ 31.422621702, 48.763635672 ], [ 31.467987662, 48.788512562 ], [ 31.528224121, 48.804214807 ], [ 31.527155311, 48.816204938 ], [ 31.55890208, 48.828516169 ], [ 31.562182427, 48.834726463 ], [ 31.554613136, 48.836895425 ], [ 31.567157996, 48.857223869 ], [ 31.559369269, 48.862993394 ], [ 31.576001951, 48.872789987 ], [ 31.580077639, 48.872426491 ], [ 31.581858644, 48.874904825 ], [ 31.580691121, 48.877525388 ], [ 31.57433089, 48.880760212 ], [ 31.579481014, 48.884600909 ], [ 31.572063997, 48.888027282 ], [ 31.568574568, 48.891504031 ], [ 31.577720446, 48.895358949 ], [ 31.577057871, 48.896826521 ], [ 31.572247729, 48.900111687 ], [ 31.566947726, 48.899861468 ], [ 31.581668495, 48.912571345 ], [ 31.594791752, 48.906129261 ], [ 31.579372488, 48.892677648 ], [ 31.580675285, 48.887742256 ], [ 31.586400446, 48.890642165 ], [ 31.598971797, 48.89271775 ], [ 31.6011315, 48.895519227 ], [ 31.596810899, 48.897692245 ], [ 31.60216521, 48.90246419 ], [ 31.608166478, 48.899536738 ], [ 31.618299452, 48.902745634 ], [ 31.61982054, 48.905748061 ], [ 31.639927663, 48.90790941 ], [ 31.638730661, 48.904309874 ], [ 31.640535197, 48.900664664 ], [ 31.653577698, 48.902352924 ], [ 31.661692803, 48.900697637 ], [ 31.678755841, 48.900778122 ], [ 31.68031634, 48.90184329 ], [ 31.683447761, 48.897937093 ], [ 31.689451054, 48.896306352 ], [ 31.695493181, 48.907009511 ], [ 31.698719636, 48.918904368 ], [ 31.698603517, 48.924068115 ], [ 31.695846051, 48.9272826 ], [ 31.698530947, 48.931029405 ], [ 31.724788094, 48.933873633 ], [ 31.750987301, 48.926083648 ], [ 31.759164562, 48.931320494 ], [ 31.769581696, 48.935418936 ], [ 31.795378327, 48.939137007 ], [ 31.805341148, 48.949611554 ], [ 31.810446675, 48.94785687 ], [ 31.807708807, 48.944618291 ], [ 31.821855881, 48.936786788 ], [ 31.832121555, 48.934205814 ], [ 31.834221583, 48.936430559 ], [ 31.839154038, 48.935613923 ], [ 31.878065477, 48.91797862 ], [ 31.918234862, 48.906185376 ], [ 31.918517836, 48.897083926 ], [ 31.912342632, 48.886700414 ], [ 31.921081661, 48.880113197 ], [ 31.929820309, 48.888122087 ], [ 31.933096095, 48.894894347 ], [ 31.941554519, 48.898631845 ], [ 31.946105997, 48.904967429 ], [ 31.953021652, 48.906549303 ], [ 31.953206602, 48.909830799 ], [ 31.956545328, 48.90759163 ], [ 31.958925179, 48.908270071 ], [ 31.961116975, 48.906004859 ], [ 31.988802369, 48.912611275 ], [ 31.998625085, 48.916544525 ], [ 32.005943943, 48.913525512 ], [ 32.007962773, 48.916434813 ], [ 32.012853996, 48.918380926 ], [ 32.015780354, 48.923589301 ], [ 32.026421906, 48.930717444 ], [ 32.040870846, 48.922084242 ], [ 32.043963092, 48.922497687 ], [ 32.048902318, 48.916314375 ], [ 32.064646881, 48.918775613 ], [ 32.065359959, 48.917641395 ], [ 32.07968321, 48.92117451 ], [ 32.08359181, 48.917306798 ], [ 32.093307186, 48.918874884 ], [ 32.093710479, 48.912085644 ], [ 32.085819191, 48.905085152 ], [ 32.091838189, 48.90527552 ], [ 32.093149098, 48.907056686 ], [ 32.096450168, 48.905806824 ], [ 32.097023049, 48.907677368 ], [ 32.098749611, 48.90293774 ], [ 32.105233457, 48.902445954 ], [ 32.105474252, 48.91106327 ], [ 32.145799371, 48.912178369 ], [ 32.151509121, 48.916619066 ], [ 32.151993482, 48.939953361 ], [ 32.153956278, 48.944647707 ], [ 32.143569721, 48.951073251 ], [ 32.130585512, 48.951871431 ], [ 32.1349253, 48.954203286 ], [ 32.133387758, 48.962538136 ], [ 32.136135174, 48.964617571 ], [ 32.134746275, 48.966125695 ], [ 32.157788657, 48.969022779 ], [ 32.162980683, 48.97225873 ], [ 32.178154726, 48.972910503 ], [ 32.182606388, 48.985773211 ], [ 32.182414715, 48.988817181 ], [ 32.178943792, 48.990352892 ], [ 32.183792584, 48.996451609 ], [ 32.193959206, 48.995433257 ], [ 32.196420177, 48.990852012 ], [ 32.20885075, 48.991095013 ], [ 32.217490415, 48.987733907 ], [ 32.235747638, 49.051279411 ], [ 32.233652074, 49.059444635 ], [ 32.237958414, 49.062043657 ], [ 32.242991404, 49.061743565 ], [ 32.252055211, 49.058032088 ], [ 32.257635288, 49.059791307 ], [ 32.261969063, 49.058667135 ], [ 32.264726656, 49.067157879 ], [ 32.257349993, 49.066942415 ], [ 32.257025603, 49.068458075 ], [ 32.259868837, 49.078234722 ], [ 32.266582919, 49.081489793 ], [ 32.283173623, 49.078995581 ], [ 32.282375024, 49.084835136 ], [ 32.291812819, 49.078744042 ], [ 32.297302885, 49.07944164 ], [ 32.298047642, 49.073283171 ], [ 32.312691971, 49.074697489 ], [ 32.314433413, 49.080948167 ], [ 32.348300033, 49.079057821 ], [ 32.347352985, 49.074147846 ], [ 32.350442305, 49.07450405 ], [ 32.352905063, 49.069254707 ], [ 32.365339853, 49.07177066 ], [ 32.375334082, 49.050342723 ], [ 32.372882717, 49.046631237 ], [ 32.369470709, 49.046155668 ], [ 32.370684396, 49.038694657 ], [ 32.373613715, 49.036150798 ], [ 32.37834782, 49.037751864 ], [ 32.382595855, 49.03184005 ], [ 32.391503416, 49.03084607 ], [ 32.401236634, 49.02647836 ], [ 32.417551375, 49.027919933 ], [ 32.427307758, 49.041326841 ], [ 32.434573643, 49.039326102 ], [ 32.442714782, 49.052498197 ], [ 32.446543303, 49.045597034 ], [ 32.451471088, 49.043621284 ], [ 32.452083342, 49.038705085 ], [ 32.455906624, 49.038673192 ], [ 32.460142049, 49.040699502 ], [ 32.461481076, 49.037392668 ], [ 32.474538644, 49.033302453 ], [ 32.465399807, 49.031760186 ], [ 32.473939286, 49.014281265 ], [ 32.472381235, 49.008490498 ], [ 32.47572329, 49.005482997 ], [ 32.491412262, 49.013582275 ], [ 32.500538667, 49.014436928 ], [ 32.496798968, 49.009696548 ], [ 32.499208292, 49.003734183 ], [ 32.496028335, 49.000420914 ], [ 32.503956581, 48.992795487 ], [ 32.501806124, 48.987921273 ], [ 32.504576641, 48.985021909 ], [ 32.511844401, 48.983737876 ], [ 32.514548857, 48.978166114 ], [ 32.515474084, 48.974105955 ], [ 32.510306539, 48.971236512 ], [ 32.513925504, 48.968282063 ], [ 32.512521352, 48.965734515 ], [ 32.51472836, 48.965579316 ], [ 32.509593818, 48.960190427 ], [ 32.52146532, 48.949447012 ], [ 32.52075042, 48.947558587 ], [ 32.524071313, 48.94375937 ], [ 32.518932741, 48.940294798 ], [ 32.521894351, 48.938898074 ], [ 32.54278117, 48.939822945 ], [ 32.549108285, 48.93874886 ], [ 32.551695235, 48.941762039 ], [ 32.545584687, 48.946212769 ], [ 32.543258397, 48.949496714 ], [ 32.544284192, 48.950802076 ], [ 32.540371146, 48.95209919 ], [ 32.543094883, 48.95710718 ], [ 32.547526781, 48.958706315 ], [ 32.540123935, 48.961589522 ], [ 32.5388653, 48.96693354 ], [ 32.555694959, 48.965504871 ], [ 32.555019889, 48.962623078 ], [ 32.568253424, 48.957354271 ], [ 32.57801782, 48.959114365 ], [ 32.576616868, 48.95168325 ], [ 32.582299001, 48.950686462 ], [ 32.589527288, 48.95303065 ], [ 32.591040276, 48.955397105 ], [ 32.593760211, 48.955140142 ], [ 32.592052166, 48.960355504 ], [ 32.598208608, 48.960691287 ], [ 32.607591045, 48.964493691 ], [ 32.610047913, 48.959084873 ], [ 32.606601142, 48.956150383 ], [ 32.611428581, 48.953690034 ], [ 32.638202873, 48.955523406 ], [ 32.640310638, 48.957938678 ], [ 32.642383403, 48.952941476 ], [ 32.652835923, 48.954896544 ], [ 32.653597004, 48.953546924 ], [ 32.665814492, 48.956496192 ], [ 32.664829243, 48.957899983 ], [ 32.667564975, 48.959036075 ], [ 32.674517646, 48.960095418 ], [ 32.677303738, 48.95689802 ], [ 32.679717395, 48.9572958 ], [ 32.666583126, 48.976584121 ], [ 32.670383426, 48.978434629 ], [ 32.67024566, 48.981504575 ], [ 32.675334841, 48.985741319 ], [ 32.680213867, 48.981472559 ], [ 32.695707598, 48.982970593 ], [ 32.697921617, 48.974447369 ], [ 32.730258982, 48.977486719 ], [ 32.733286953, 48.964752633 ], [ 32.796373906, 48.970990333 ], [ 32.794884832, 48.975783444 ], [ 32.845228221, 48.980459242 ], [ 32.843418262, 48.990324704 ], [ 32.873750003, 48.992275481 ], [ 32.872254002, 49.00010802 ], [ 32.858698007, 48.998317622 ], [ 32.853248714, 49.000063659 ], [ 32.846197353, 49.006290323 ], [ 32.845339474, 49.012277489 ], [ 32.83574606, 49.007989428 ], [ 32.828679943, 49.009205059 ], [ 32.825456078, 49.015469388 ], [ 32.829415994, 49.016153636 ], [ 32.83434506, 49.01440796 ], [ 32.835460803, 49.016218425 ], [ 32.838755961, 49.015861039 ], [ 32.837646745, 49.022790565 ], [ 32.843201041, 49.025470969 ], [ 32.842604858, 49.028176606 ], [ 32.836970105, 49.027850625 ], [ 32.829192786, 49.067199181 ], [ 32.815699952, 49.072081364 ], [ 32.81431379, 49.074649614 ], [ 32.861037, 49.090975 ], [ 32.890520299, 49.095953598 ], [ 32.892504878, 49.103339074 ], [ 32.889152253, 49.121158186 ], [ 32.774981776, 49.144396983 ], [ 32.760783352, 49.154721597 ], [ 32.758041562, 49.158892843 ], [ 32.75744776, 49.16530578 ], [ 32.768672086, 49.171064678 ], [ 32.770491923, 49.177851381 ], [ 32.776700259, 49.185812826 ], [ 32.806778496, 49.210095616 ], [ 32.846856489, 49.230528547 ], [ 32.856102, 49.246188 ], [ 32.845857793, 49.249574984 ], [ 32.831769999, 49.246807 ], [ 32.813431058, 49.248884571 ], [ 32.799542999, 49.239841 ], [ 32.78972511, 49.237911917 ], [ 32.775636974, 49.237464771 ], [ 32.762718925, 49.23298836 ], [ 32.757756, 49.235273 ], [ 32.756455907, 49.242804724 ], [ 32.747324545, 49.244236911 ], [ 32.735317599, 49.25306361 ], [ 32.721678712, 49.253864557 ], [ 32.713912771, 49.257582178 ], [ 32.687856724, 49.255158526 ], [ 32.678218115, 49.255655682 ], [ 32.67013478, 49.250675603 ], [ 32.655875552, 49.247689704 ], [ 32.648938613, 49.250133024 ], [ 32.633131893, 49.260365198 ], [ 32.625604558, 49.260369611 ], [ 32.609556603, 49.253533503 ], [ 32.604994882, 49.256559634 ], [ 32.599829001, 49.270604 ], [ 32.595664995, 49.276241319 ], [ 32.566649484, 49.283161869 ], [ 32.545467637, 49.29515178 ], [ 32.526640667, 49.303415653 ], [ 32.504848691, 49.307608303 ], [ 32.466251379, 49.328242119 ], [ 32.47937068, 49.340663667 ], [ 32.463348931, 49.340930726 ], [ 32.460670613, 49.343374388 ], [ 32.461063816, 49.347393608 ], [ 32.477717692, 49.35712319 ], [ 32.478813116, 49.366552775 ], [ 32.488778486, 49.375488788 ], [ 32.497986577, 49.396129978 ], [ 32.503740738, 49.398287248 ], [ 32.507308286, 49.406184872 ], [ 32.509872001, 49.407844999 ], [ 32.523045874, 49.40178152 ], [ 32.528143948, 49.390190695 ], [ 32.544809, 49.381824 ], [ 32.552411887, 49.380649716 ], [ 32.562449929, 49.382509002 ], [ 32.573733349, 49.37903022 ], [ 32.593563956, 49.37801162 ], [ 32.635649985, 49.363677941 ], [ 32.650901435, 49.356794582 ], [ 32.666514447, 49.35615192 ], [ 32.676922305, 49.352475889 ], [ 32.687155197, 49.352018525 ], [ 32.694270589, 49.35372257 ], [ 32.710126313, 49.354291768 ], [ 32.730446, 49.352319 ], [ 32.73820086, 49.353751861 ], [ 32.735178475, 49.364304825 ], [ 32.737082677, 49.372127295 ], [ 32.729463661, 49.373780438 ], [ 32.712201131, 49.384577011 ], [ 32.698218094, 49.382274622 ], [ 32.689917491, 49.385189505 ], [ 32.677351, 49.400868 ], [ 32.681020658, 49.411339833 ], [ 32.678989142, 49.425299625 ], [ 32.659009952, 49.428420035 ], [ 32.658578053, 49.431242341 ], [ 32.65231071, 49.433594071 ], [ 32.6508957, 49.436556975 ], [ 32.654711803, 49.441399669 ], [ 32.667641821, 49.444458439 ], [ 32.672874119, 49.448014672 ], [ 32.665876981, 49.45923976 ], [ 32.666321096, 49.466423609 ], [ 32.666944734, 49.471387512 ], [ 32.670701999, 49.476285999 ], [ 32.670459975, 49.489589552 ], [ 32.677260903, 49.499273483 ], [ 32.682967324, 49.500600842 ], [ 32.703756946, 49.498362897 ], [ 32.709984001, 49.499018 ], [ 32.747103397, 49.523835367 ], [ 32.750047737, 49.523568079 ], [ 32.751826469, 49.543252544 ], [ 32.747159132, 49.546203002 ], [ 32.750205639, 49.5483991 ], [ 32.752227326, 49.557008262 ], [ 32.749265452, 49.560309898 ], [ 32.753273162, 49.561817827 ], [ 32.750539756, 49.563323182 ], [ 32.753529443, 49.565417919 ], [ 32.753157438, 49.567173664 ], [ 32.75060909, 49.567489483 ], [ 32.752355414, 49.569478038 ], [ 32.748884698, 49.56981326 ], [ 32.757309496, 49.575500062 ], [ 32.750740813, 49.576114385 ], [ 32.749733437, 49.573434868 ], [ 32.738182356, 49.585508518 ], [ 32.721254886, 49.596035546 ], [ 32.712192012, 49.594017184 ], [ 32.702897973, 49.600342476 ], [ 32.696321669, 49.602714781 ], [ 32.706627189, 49.606362696 ], [ 32.715151863, 49.612366288 ], [ 32.714103041, 49.615101715 ], [ 32.707100054, 49.615698208 ], [ 32.712174393, 49.618873749 ], [ 32.715987043, 49.6189617 ], [ 32.710446654, 49.623927796 ], [ 32.712903696, 49.624733541 ], [ 32.711831424, 49.628582649 ], [ 32.71447855, 49.630759621 ], [ 32.712290125, 49.631878677 ], [ 32.709308243, 49.630550418 ], [ 32.708706628, 49.63379798 ], [ 32.703859128, 49.63521656 ], [ 32.706754854, 49.6400074 ], [ 32.702297513, 49.64381566 ], [ 32.701224145, 49.647787216 ], [ 32.709396897, 49.649107404 ], [ 32.704957897, 49.650990523 ], [ 32.709175755, 49.653865815 ], [ 32.707191193, 49.655230961 ], [ 32.708438801, 49.656859531 ], [ 32.704270318, 49.655116445 ], [ 32.700439161, 49.656175444 ], [ 32.700775266, 49.658797093 ], [ 32.69661971, 49.659414554 ], [ 32.696688297, 49.658111778 ], [ 32.692395845, 49.657829135 ], [ 32.682481201, 49.663986276 ], [ 32.681022162, 49.66831196 ], [ 32.672427748, 49.671041186 ], [ 32.677479926, 49.672133665 ], [ 32.675021015, 49.675190812 ], [ 32.660208084, 49.676943364 ], [ 32.66384253, 49.680443107 ], [ 32.57404213, 49.702542759 ], [ 32.567964054, 49.74816897 ], [ 32.572556488, 49.752932348 ], [ 32.555727315, 49.773543074 ], [ 32.514283137, 49.774393722 ], [ 32.504089955, 49.804464868 ], [ 32.449322414, 49.796209101 ], [ 32.437242579, 49.821559023 ], [ 32.414438223, 49.840321317 ], [ 32.410055346, 49.847909588 ], [ 32.373863283, 49.874414512 ], [ 32.39279867, 49.884758874 ], [ 32.402900521, 49.875227119 ], [ 32.434572065, 49.888210264 ], [ 32.423142688, 49.895295694 ], [ 32.414047943, 49.903445931 ], [ 32.418778879, 49.918161455 ], [ 32.419531678, 49.928106404 ], [ 32.428396483, 49.927279818 ], [ 32.430080865, 49.931249312 ], [ 32.42542403, 49.933472801 ], [ 32.418067998, 49.934464169 ], [ 32.428585945, 49.960273561 ], [ 32.378869598, 49.980976218 ], [ 32.377176944, 50.000599746 ], [ 32.368487351, 50.002076087 ], [ 32.364479546, 50.033552086 ], [ 32.345170271, 50.035802999 ], [ 32.351002801, 50.047342366 ], [ 32.347694151, 50.047927112 ], [ 32.333760357, 50.058291225 ], [ 32.325754479, 50.051234993 ], [ 32.32160526, 50.039527481 ], [ 32.313822243, 50.03859648 ], [ 32.277568292, 50.064299898 ], [ 32.261526717, 50.082358545 ], [ 32.264846215, 50.087550448 ], [ 32.276414094, 50.096853038 ], [ 32.263968135, 50.103704415 ], [ 32.258252529, 50.104857878 ], [ 32.250055521, 50.11230595 ], [ 32.250328198, 50.114626173 ], [ 32.285497459, 50.120689327 ], [ 32.303936901, 50.119892778 ], [ 32.298588266, 50.142738149 ], [ 32.176819874, 50.164997062 ], [ 32.163599001, 50.180241969 ], [ 32.162757801, 50.187421973 ], [ 32.154820829, 50.188557364 ], [ 32.1117019, 50.212592795 ], [ 32.125555435, 50.224775406 ], [ 32.117167094, 50.228902421 ], [ 32.107073934, 50.220051087 ], [ 32.086452847, 50.221429122 ], [ 32.056238998, 50.187662092 ], [ 32.040038348, 50.188682954 ], [ 32.031105598, 50.193514569 ], [ 32.01545742, 50.20575794 ], [ 31.993284465, 50.201247164 ], [ 31.99087255, 50.196717898 ], [ 32.000069042, 50.194201151 ], [ 31.985847963, 50.180628144 ], [ 31.965378186, 50.151452081 ], [ 31.93396462, 50.158364158 ], [ 31.946495762, 50.136518535 ], [ 31.957951176, 50.141072165 ], [ 31.975218002, 50.125162536 ], [ 31.911418275, 50.100694448 ], [ 31.907671825, 50.060781985 ], [ 31.904911103, 50.057112814 ], [ 31.909166651, 50.055731184 ], [ 31.925153427, 50.060278192 ], [ 31.986484214, 50.052414262 ], [ 31.979767213, 50.03871931 ], [ 31.968517046, 50.044468998 ], [ 31.927729387, 50.030522338 ], [ 31.914465372, 50.028087219 ], [ 31.905473381, 50.023589187 ], [ 31.906847389, 50.0202443 ], [ 31.89993561, 50.019266541 ], [ 31.908503347, 50.012959277 ], [ 31.909944926, 50.009332075 ], [ 31.910782046, 49.993932676 ], [ 31.915566255, 49.984771159 ], [ 31.918243651, 49.962271638 ], [ 31.901361949, 49.943807184 ], [ 31.896692443, 49.950744334 ], [ 31.890589754, 49.951943872 ], [ 31.889690693, 49.962450119 ], [ 31.813558772, 49.966176794 ], [ 31.813715572, 49.959092348 ], [ 31.795400604, 49.93387234 ], [ 31.770202949, 49.920086196 ], [ 31.773976081, 49.893609617 ], [ 31.752279523, 49.893389515 ], [ 31.716052349, 49.853269959 ], [ 31.71787917, 49.852452234 ], [ 31.711567434, 49.850786605 ], [ 31.667557843, 49.857757351 ], [ 31.614477004, 49.855967187 ], [ 31.61751388, 49.879972361 ], [ 31.615051924, 49.884827978 ], [ 31.609090123, 49.889894185 ], [ 31.613636369, 49.892061434 ], [ 31.612409686, 49.906512432 ], [ 31.581778176, 49.906862659 ], [ 31.582203069, 49.898771519 ], [ 31.579405945, 49.898726951 ], [ 31.578462584, 49.895679635 ], [ 31.56904909, 49.895747783 ], [ 31.567094219, 49.887118094 ], [ 31.564703719, 49.887240833 ], [ 31.563555145, 49.88324749 ], [ 31.559471317, 49.881172779 ], [ 31.55725004, 49.87532518 ], [ 31.545796971, 49.873386257 ], [ 31.542890102, 49.878686802 ], [ 31.536483714, 49.874246191 ], [ 31.534823162, 49.875576977 ], [ 31.532459069, 49.872900662 ], [ 31.524904536, 49.871395895 ], [ 31.520729703, 49.873056198 ], [ 31.514983492, 49.869270131 ], [ 31.518423167, 49.865639627 ], [ 31.51834607, 49.862382978 ], [ 31.510918034, 49.858746537 ], [ 31.509855816, 49.854982202 ], [ 31.514271549, 49.847347127 ], [ 31.508796799, 49.844420961 ], [ 31.500933718, 49.843990892 ], [ 31.494590805, 49.860996215 ], [ 31.485749697, 49.857651528 ], [ 31.480712428, 49.858625645 ], [ 31.474246121, 49.862895888 ], [ 31.471277489, 49.87366618 ], [ 31.462630188, 49.873526137 ], [ 31.461887396, 49.877140337 ], [ 31.440319762, 49.877194857 ], [ 31.431601004, 49.898881663 ], [ 31.426394241, 49.899094287 ], [ 31.422176768, 49.909939192 ], [ 31.423148835, 49.933239415 ], [ 31.433300132, 49.944235116 ], [ 31.430960292, 49.95098607 ], [ 31.433599019, 49.960600644 ], [ 31.445339161, 49.974849892 ], [ 31.436564955, 49.984658973 ], [ 31.421856561, 49.991531374 ], [ 31.416907556, 49.99160673 ], [ 31.413355755, 49.989606732 ], [ 31.388235944, 49.994591277 ], [ 31.361352808, 49.992643934 ], [ 31.35513702, 49.990890063 ], [ 31.311661138, 49.992740473 ], [ 31.301980655, 49.988791385 ], [ 31.295533804, 49.976940274 ], [ 31.298677408, 49.975701298 ], [ 31.307783052, 49.980780441 ], [ 31.315263505, 49.976276586 ], [ 31.292211793, 49.960708848 ], [ 31.287844699, 49.954694159 ], [ 31.294509323, 49.95842287 ], [ 31.298012182, 49.958260142 ], [ 31.310847789, 49.965692142 ], [ 31.350133228, 49.950212588 ], [ 31.335605282, 49.944897302 ], [ 31.334904225, 49.938275939 ], [ 31.347401173, 49.937560885 ], [ 31.380086802, 49.907798755 ], [ 31.379259083, 49.906430782 ], [ 31.373617283, 49.898655231 ], [ 31.369579509, 49.899084013 ], [ 31.366020194, 49.896177807 ], [ 31.346043429, 49.896039798 ], [ 31.317742731, 49.89267306 ], [ 31.313206091, 49.888601764 ], [ 31.291172245, 49.882951529 ], [ 31.260826951, 49.858132901 ], [ 31.247369006, 49.8676627 ], [ 31.207738094, 49.852310326 ], [ 31.208162475, 49.84850639 ], [ 31.22079521, 49.832066913 ], [ 31.206295576, 49.813040982 ], [ 31.204087456, 49.813078176 ], [ 31.204307649, 49.810094891 ], [ 31.18979359, 49.790229144 ], [ 31.216230885, 49.776891554 ], [ 31.207932071, 49.761080124 ], [ 31.211942651, 49.757160765 ], [ 31.207670489, 49.755500277 ], [ 31.221027743, 49.733121579 ], [ 31.211703959, 49.729650765 ], [ 31.196233079, 49.70154161 ], [ 31.210494754, 49.698378952 ], [ 31.21746713, 49.694596757 ], [ 31.211502154, 49.68618073 ], [ 31.206446932, 49.687330828 ], [ 31.208293525, 49.689985799 ], [ 31.204139273, 49.692119093 ], [ 31.200671158, 49.689434159 ], [ 31.202176815, 49.688199005 ], [ 31.195741815, 49.684100499 ], [ 31.20220087, 49.675225272 ], [ 31.154534001, 49.628407802 ], [ 31.135693183, 49.603691535 ], [ 31.128697165, 49.583773939 ], [ 31.152605738, 49.580468794 ], [ 31.138592145, 49.571293871 ], [ 31.144961329, 49.570777353 ], [ 31.148972881, 49.568247342 ], [ 31.15158505, 49.555857536 ], [ 31.143009953, 49.557684467 ], [ 31.139921757, 49.55238093 ], [ 31.133620704, 49.553811647 ], [ 31.120654291, 49.561254851 ], [ 31.118934506, 49.560826355 ], [ 31.118707876, 49.556688496 ], [ 31.108684819, 49.557302357 ], [ 31.106852382, 49.549913922 ], [ 31.100599089, 49.548916509 ], [ 31.097454515, 49.542895896 ], [ 31.103928908, 49.531198435 ], [ 31.099671195, 49.529739431 ], [ 31.101145026, 49.523187441 ], [ 31.096790498, 49.521058317 ], [ 31.09335493, 49.516647932 ], [ 31.096494769, 49.514146352 ], [ 31.091648865, 49.510057128 ], [ 31.094087851, 49.508545528 ], [ 31.093537621, 49.5053995 ], [ 31.098840562, 49.504744207 ], [ 31.096946905, 49.502401994 ], [ 31.092687412, 49.50221217 ], [ 31.092155596, 49.499820266 ], [ 31.094918652, 49.49718102 ], [ 31.091781797, 49.49552988 ], [ 31.087754109, 49.496115496 ], [ 31.086641313, 49.49008495 ], [ 31.062501344, 49.483362943 ], [ 31.060053131, 49.477736023 ], [ 31.047715966, 49.478029161 ], [ 31.047601288, 49.476503954 ], [ 31.039483816, 49.473424786 ], [ 31.039778744, 49.46896469 ], [ 31.045218275, 49.461319498 ], [ 31.044028637, 49.456485589 ], [ 31.0373189, 49.459168523 ], [ 31.031494649, 49.471197008 ], [ 31.029308287, 49.471763413 ], [ 31.005160832, 49.450893416 ], [ 31.006328208, 49.430954494 ], [ 30.994499437, 49.422765432 ], [ 30.956812501, 49.423964854 ], [ 30.929724228, 49.418612473 ], [ 30.920793847, 49.415526066 ], [ 30.929875539, 49.409076987 ], [ 30.936535907, 49.406731505 ], [ 30.933560673, 49.40019948 ], [ 30.934780145, 49.395571428 ], [ 30.927414435, 49.393000797 ], [ 30.930504162, 49.38051582 ], [ 30.925757474, 49.379048349 ], [ 30.921203185, 49.381404015 ], [ 30.909064288, 49.358500584 ], [ 30.895564164, 49.362829031 ], [ 30.885650394, 49.363156818 ], [ 30.879595246, 49.361103915 ], [ 30.87856087, 49.358069919 ], [ 30.871617168, 49.355585841 ], [ 30.868260088, 49.351763936 ], [ 30.862812699, 49.351670708 ], [ 30.858440401, 49.353420403 ], [ 30.839289087, 49.352763066 ], [ 30.834089025, 49.350082902 ], [ 30.818196943, 49.355214092 ], [ 30.815016745, 49.353605543 ], [ 30.800451301, 49.354069551 ], [ 30.778413693, 49.343651588 ], [ 30.749531154, 49.344929765 ], [ 30.7285763, 49.331731809 ], [ 30.71519573, 49.339343777 ], [ 30.708942001, 49.336464498 ], [ 30.677491857, 49.355169747 ], [ 30.674208347, 49.354441875 ], [ 30.668725916, 49.35610525 ], [ 30.662495687, 49.354103059 ], [ 30.660175922, 49.360341844 ], [ 30.639057852, 49.356064667 ], [ 30.607190719, 49.370246449 ], [ 30.583516345, 49.349845571 ], [ 30.579549331, 49.350276662 ], [ 30.577144609, 49.352987252 ], [ 30.570490398, 49.35480078 ], [ 30.559078456, 49.345702434 ], [ 30.555928048, 49.339606361 ], [ 30.544563588, 49.336938596 ], [ 30.544801454, 49.332043999 ], [ 30.537291579, 49.331455682 ], [ 30.536811149, 49.328116566 ], [ 30.528008845, 49.329987456 ], [ 30.515823741, 49.327816545 ], [ 30.497780042, 49.342042266 ], [ 30.473266044, 49.365094124 ], [ 30.459442491, 49.35887922 ], [ 30.447838991, 49.357179842 ], [ 30.444466539, 49.353048258 ], [ 30.437831251, 49.352308905 ], [ 30.441836149, 49.335928745 ], [ 30.438998739, 49.333777293 ], [ 30.413847382, 49.3304662 ], [ 30.421233909, 49.302325462 ], [ 30.397725657, 49.303475494 ], [ 30.385784392, 49.257232242 ], [ 30.375708587, 49.236257876 ], [ 30.371840828, 49.236406274 ], [ 30.374830652, 49.243469877 ], [ 30.364472514, 49.244863608 ], [ 30.366738145, 49.25503603 ], [ 30.258166088, 49.271482207 ], [ 30.257169261, 49.268267741 ], [ 30.238509986, 49.271148237 ], [ 30.235855025, 49.269625796 ], [ 30.229970222, 49.27175528 ], [ 30.189485278, 49.274908503 ], [ 30.200264775, 49.328171419 ], [ 30.148927935, 49.326773139 ], [ 30.148571474, 49.334993137 ], [ 30.136841606, 49.33123154 ], [ 30.13219353, 49.313720355 ], [ 30.126503043, 49.310163892 ], [ 30.121870577, 49.310674665 ], [ 30.119723512, 49.308482546 ], [ 30.112983571, 49.308910722 ], [ 30.107030452, 49.302890925 ], [ 30.121159107, 49.295052322 ], [ 30.119114326, 49.292445179 ], [ 30.123243462, 49.288915511 ], [ 30.123296259, 49.281175105 ], [ 30.118695635, 49.27985832 ], [ 30.113045512, 49.270098973 ], [ 30.103532799, 49.273868701 ], [ 30.088626881, 49.285995763 ], [ 30.086765974, 49.294541761 ], [ 30.082285099, 49.299106177 ], [ 30.085462238, 49.302325991 ], [ 30.086108845, 49.312515069 ], [ 30.079560879, 49.31823902 ], [ 30.078383053, 49.32231885 ], [ 30.069615674, 49.325393444 ], [ 30.035021376, 49.331075206 ], [ 30.026642085, 49.334297663 ], [ 30.020632827, 49.329003827 ], [ 30.013041623, 49.329260004 ], [ 30.010368815, 49.327631708 ], [ 30.00716478, 49.315049511 ], [ 29.983488995, 49.315607618 ], [ 29.95994758, 49.306253888 ], [ 29.95436316, 49.311572271 ], [ 29.948385198, 49.311919089 ], [ 29.944115137, 49.302225016 ], [ 29.957012544, 49.286253356 ], [ 29.955580879, 49.252175104 ], [ 29.952623737, 49.250178077 ], [ 29.932077366, 49.248594101 ], [ 29.931134228, 49.242315087 ], [ 29.920937174, 49.230123946 ], [ 29.904320814, 49.221520074 ], [ 29.908938889, 49.216487096 ], [ 29.893733667, 49.208388995 ], [ 29.897742363, 49.20479244 ], [ 29.876768986, 49.20026209 ], [ 29.882742927, 49.193648776 ], [ 29.884069436, 49.188495057 ], [ 29.882216815, 49.186126798 ], [ 29.857767928, 49.188462053 ], [ 29.819197409, 49.178566314 ], [ 29.814807976, 49.186516476 ], [ 29.760137635, 49.179782513 ], [ 29.727328071, 49.208100992 ], [ 29.741914881, 49.211374176 ], [ 29.74047489, 49.216859878 ], [ 29.744587537, 49.217992306 ], [ 29.744695241, 49.220882881 ], [ 29.746359412, 49.221203046 ], [ 29.744900865, 49.22283162 ], [ 29.754749686, 49.226095116 ], [ 29.747131013, 49.224447943 ], [ 29.739867001, 49.226074929 ], [ 29.736541301, 49.228401316 ], [ 29.725169296, 49.221237239 ], [ 29.718277774, 49.221084295 ], [ 29.703790101, 49.225406171 ], [ 29.710526787, 49.207135698 ], [ 29.725860335, 49.202933681 ], [ 29.726946822, 49.181992 ], [ 29.726098704, 49.180785456 ], [ 29.721134115, 49.183452158 ], [ 29.717609632, 49.17943797 ], [ 29.716262246, 49.170722379 ], [ 29.718278939, 49.170422679 ], [ 29.716351984, 49.162511894 ], [ 29.717743852, 49.156205799 ], [ 29.7098554, 49.155131188 ], [ 29.712034047, 49.141914337 ], [ 29.719545649, 49.131547655 ], [ 29.731339828, 49.131904963 ], [ 29.733595097, 49.122797182 ], [ 29.6851842, 49.115974627 ], [ 29.680930796, 49.112357426 ], [ 29.678176842, 49.112175704 ], [ 29.686274563, 49.088711317 ], [ 29.65710221, 49.094086197 ], [ 29.650892091, 49.097051149 ], [ 29.634467291, 49.060685547 ], [ 29.641367234, 49.056866626 ], [ 29.638009804, 49.053068313 ], [ 29.628763732, 49.051375829 ], [ 29.630800616, 49.047040012 ], [ 29.625034892, 49.048852457 ], [ 29.615703502, 49.056045859 ], [ 29.605942639, 49.057568495 ], [ 29.606019289, 49.056656578 ], [ 29.610955213, 49.052269969 ], [ 29.615054673, 49.042928171 ], [ 29.624469319, 49.034997479 ], [ 29.628220179, 49.023345768 ], [ 29.639327963, 49.011759048 ], [ 29.651349144, 49.016712005 ], [ 29.653387453, 49.01439675 ], [ 29.658657569, 49.016303338 ], [ 29.668057031, 49.021171439 ], [ 29.670679257, 49.024346811 ], [ 29.67622028, 49.022192736 ], [ 29.683671021, 49.026443311 ], [ 29.682409074, 49.013319833 ], [ 29.689336521, 49.014560387 ], [ 29.690581307, 49.012164308 ], [ 29.68348685, 49.006220057 ], [ 29.695737544, 49.00040605 ], [ 29.652014419, 48.959769632 ], [ 29.660773287, 48.948403352 ], [ 29.653238838, 48.938531427 ], [ 29.656630783, 48.937305366 ], [ 29.655246968, 48.93582953 ], [ 29.667179225, 48.930634421 ], [ 29.668362934, 48.928268938 ], [ 29.664319, 48.924237001 ], [ 29.686650564, 48.912195694 ], [ 29.700248004, 48.916825155 ], [ 29.712520756, 48.911398976 ], [ 29.735501932, 48.908179008 ], [ 29.713258637, 48.897710539 ], [ 29.709449849, 48.897895783 ], [ 29.708426279, 48.895443882 ], [ 29.71253357, 48.892317929 ], [ 29.721404495, 48.891255803 ], [ 29.728072822, 48.886357094 ], [ 29.731700065, 48.854596416 ], [ 29.742054727, 48.85314237 ], [ 29.755907516, 48.84779122 ], [ 29.761641963, 48.847063424 ], [ 29.766138614, 48.786264771 ], [ 29.774498075, 48.782492412 ], [ 29.780670119, 48.785514822 ], [ 29.784370514, 48.78528255 ], [ 29.793058032, 48.780864438 ], [ 29.805288306, 48.778788232 ], [ 29.80014074, 48.774322372 ], [ 29.866533155, 48.76302039 ], [ 29.865397222, 48.759404197 ], [ 29.859769341, 48.758536636 ], [ 29.870889626, 48.746931822 ], [ 29.877493603, 48.745872232 ], [ 29.877110535, 48.74369068 ], [ 29.884120485, 48.736083645 ], [ 29.881265137, 48.731317292 ], [ 29.86773734, 48.73450196 ], [ 29.856278217, 48.713844746 ], [ 29.863153085, 48.712177974 ], [ 29.861494009, 48.709116218 ], [ 29.865691452, 48.708113277 ], [ 29.86115662, 48.699753141 ], [ 29.872386089, 48.702768827 ], [ 29.917047872, 48.6715864 ], [ 29.946849142, 48.669834797 ], [ 29.942873459, 48.664557268 ], [ 29.944684028, 48.657817953 ], [ 29.956172337, 48.658712782 ], [ 29.959572074, 48.649912461 ], [ 29.966348217, 48.650456152 ], [ 29.968049411, 48.64266764 ], [ 29.976194318, 48.642468333 ], [ 29.977669293, 48.635009842 ], [ 29.989782288, 48.636374832 ], [ 29.992301593, 48.632471439 ], [ 29.99276615, 48.630185067 ], [ 29.988956044, 48.627083417 ], [ 29.988969737, 48.621284478 ], [ 29.986587433, 48.620406737 ], [ 29.991362, 48.615919 ], [ 29.989752851, 48.613526142 ], [ 29.983269408, 48.610769666 ], [ 29.98253582, 48.612355001 ], [ 29.951287008, 48.608532797 ], [ 29.949858936, 48.605602422 ], [ 29.951762963, 48.600810578 ], [ 29.947845044, 48.594603352 ], [ 29.956410953, 48.583754146 ], [ 29.9596919, 48.582745784 ], [ 29.97032075, 48.583811805 ], [ 29.993135184, 48.578965339 ], [ 30.002640396, 48.573309303 ], [ 30.005839495, 48.573071786 ], [ 30.003757496, 48.560096547 ], [ 30.005888543, 48.556654815 ], [ 30.003347163, 48.551631236 ], [ 30.007512023, 48.549040685 ], [ 30.008538834, 48.542575748 ], [ 30.019950433, 48.53941885 ], [ 30.018622935, 48.536230794 ], [ 30.021144023, 48.53615327 ], [ 30.021079951, 48.534680349 ], [ 30.017977329, 48.521550005 ], [ 30.02041569, 48.519206323 ], [ 30.017578195, 48.517547243 ], [ 30.010506818, 48.520187318 ], [ 30.006253198, 48.518178674 ], [ 29.997214052, 48.521368538 ], [ 29.992853944, 48.520105939 ], [ 29.989010629, 48.516693253 ], [ 29.990137004, 48.514100986 ], [ 29.999263071, 48.513684761 ], [ 30.00344111, 48.515293528 ], [ 30.006341768, 48.513360895 ], [ 30.000868321, 48.492022718 ], [ 29.98057572, 48.494112641 ], [ 29.975895164, 48.489863151 ], [ 29.966744973, 48.491425895 ], [ 29.961184282, 48.472965089 ], [ 29.967909818, 48.47167291 ] ] ] } },
{ "type": "Feature", "properties": { "shapeName": "Chernivetska", "shapeISO": "", "shapeID": "82583831B38832939133562", "shapeGroup": "UKR", "shapeType": "ADM1" }, "geometry": { "type": "Polygon", "coordinates": [ [ [ 27.372910786, 48.630152122 ], [ 27.355183004, 48.629406914 ], [ 27.350669202, 48.625872721 ], [ 27.349065977, 48.61412335 ], [ 27.344263011, 48.604895785 ], [ 27.323616246, 48.598973824 ], [ 27.317267751, 48.598716858 ], [ 27.30793821, 48.601970114 ], [ 27.291484971, 48.62018803 ], [ 27.279392703, 48.625702414 ], [ 27.263923881, 48.626759683 ], [ 27.249605536, 48.62301367 ], [ 27.233155627, 48.60926957 ], [ 27.236155257, 48.60564749 ], [ 27.249679325, 48.601181196 ], [ 27.25664979, 48.596728546 ], [ 27.263156009, 48.588765362 ], [ 27.266379005, 48.580866502 ], [ 27.263548967, 48.573922736 ], [ 27.25847228, 48.569324503 ], [ 27.247996546, 48.56525582 ], [ 27.224914396, 48.56375354 ], [ 27.211965625, 48.568531644 ], [ 27.181137703, 48.584178793 ], [ 27.167835387, 48.585218423 ], [ 27.155131408, 48.582571327 ], [ 27.145793086, 48.578015483 ], [ 27.130272637, 48.564811153 ], [ 27.120490435, 48.559594241 ], [ 27.106133835, 48.555801128 ], [ 27.099405042, 48.555812545 ], [ 27.07323352, 48.560072859 ], [ 27.05503424, 48.564704871 ], [ 27.03167081, 48.565171082 ], [ 27.000675067, 48.570521499 ], [ 26.99398032, 48.577551199 ], [ 26.995964161, 48.587587647 ], [ 26.98996268, 48.588238107 ], [ 26.980251971, 48.584763513 ], [ 26.973316655, 48.577896733 ], [ 26.966254722, 48.57481013 ], [ 26.937544244, 48.576262027 ], [ 26.926200596, 48.574147066 ], [ 26.918560881, 48.56962628 ], [ 26.902925139, 48.550103189 ], [ 26.887514491, 48.543410812 ], [ 26.879275025, 48.542482213 ], [ 26.860386483, 48.546875574 ], [ 26.840940117, 48.557883943 ], [ 26.820197687, 48.581735613 ], [ 26.820381664, 48.58956114 ], [ 26.82554953, 48.601073704 ], [ 26.823769051, 48.605852635 ], [ 26.815645029, 48.610066897 ], [ 26.80061325, 48.609187844 ], [ 26.793001098, 48.606449733 ], [ 26.783281738, 48.60018031 ], [ 26.778837698, 48.594535135 ], [ 26.780153783, 48.586645845 ], [ 26.790682491, 48.575008149 ], [ 26.794525817, 48.567499749 ], [ 26.791986445, 48.558621082 ], [ 26.784753459, 48.549624438 ], [ 26.77983285, 48.547804126 ], [ 26.768382638, 48.546875345 ], [ 26.761601209, 48.549164543 ], [ 26.754287211, 48.55951324 ], [ 26.747526237, 48.580362105 ], [ 26.735743458, 48.58617394 ], [ 26.728654328, 48.587268838 ], [ 26.721529548, 48.586329464 ], [ 26.719431924, 48.582161483 ], [ 26.720276014, 48.578731102 ], [ 26.725487255, 48.57301253 ], [ 26.737758902, 48.566835068 ], [ 26.74308431, 48.55598731 ], [ 26.740014765, 48.540092586 ], [ 26.727081645, 48.533058962 ], [ 26.718469135, 48.531056622 ], [ 26.702397834, 48.535246802 ], [ 26.685434503, 48.544642475 ], [ 26.675218554, 48.552996019 ], [ 26.661449726, 48.560020768 ], [ 26.647348507, 48.561997638 ], [ 26.639555092, 48.56161512 ], [ 26.630981464, 48.559369962 ], [ 26.622633987, 48.55488403 ], [ 26.619218958, 48.551192243 ], [ 26.61787389, 48.544354432 ], [ 26.623505713, 48.537518532 ], [ 26.636514114, 48.536263905 ], [ 26.651199031, 48.54044553 ], [ 26.664843058, 48.541664752 ], [ 26.675218244, 48.538626147 ], [ 26.681045481, 48.523750726 ], [ 26.704974763, 48.509468383 ], [ 26.711732733, 48.50220019 ], [ 26.713067996, 48.495137853 ], [ 26.710432063, 48.49095089 ], [ 26.699786254, 48.486409419 ], [ 26.669254659, 48.485628925 ], [ 26.661808507, 48.487102257 ], [ 26.653264837, 48.490962551 ], [ 26.630262303, 48.507549226 ], [ 26.621374738, 48.508882645 ], [ 26.612478966, 48.506709969 ], [ 26.607171778, 48.503042699 ], [ 26.607584341, 48.496934215 ], [ 26.624669383, 48.47007472 ], [ 26.625834205, 48.464067628 ], [ 26.619771128, 48.456352297 ], [ 26.6125103, 48.453190692 ], [ 26.601966979, 48.451312943 ], [ 26.58630577, 48.451511692 ], [ 26.56811333, 48.45418993 ], [ 26.553693868, 48.463384846 ], [ 26.530322964, 48.492245113 ], [ 26.507497982, 48.516028228 ], [ 26.490160579, 48.543144688 ], [ 26.486399775, 48.545097092 ], [ 26.476338613, 48.546734657 ], [ 26.443788955, 48.538620638 ], [ 26.430888113, 48.534888185 ], [ 26.410041477, 48.537375874 ], [ 26.398473545, 48.536713599 ], [ 26.387859851, 48.533771932 ], [ 26.368245548, 48.513278001 ], [ 26.355090548, 48.507573001 ], [ 26.34219216, 48.509943812 ], [ 26.324770172, 48.517063534 ], [ 26.30834573, 48.508803807 ], [ 26.302187397, 48.509049151 ], [ 26.295705422, 48.512877259 ], [ 26.279460001, 48.536492 ], [ 26.27627, 48.538486 ], [ 26.267858001, 48.539975001 ], [ 26.250734439, 48.537225566 ], [ 26.229898518, 48.530950555 ], [ 26.199576146, 48.525762474 ], [ 26.188434342, 48.525615257 ], [ 26.166318534, 48.528937387 ], [ 26.153407, 48.536673 ], [ 26.146610498, 48.546247889 ], [ 26.14258725, 48.570593915 ], [ 26.144517268, 48.597345056 ], [ 26.126453, 48.615706 ], [ 26.118294999, 48.620042 ], [ 26.107716999, 48.618382 ], [ 26.100316001, 48.613913999 ], [ 26.096997001, 48.608358 ], [ 26.095980999, 48.599555001 ], [ 26.103779, 48.591752 ], [ 26.106140999, 48.580493 ], [ 26.123272, 48.56951 ], [ 26.127608, 48.556124001 ], [ 26.122899001, 48.547995 ], [ 26.119323, 48.545666001 ], [ 26.105321, 48.538970999 ], [ 26.094304, 48.538268999 ], [ 26.089479007, 48.540467697 ], [ 26.086227001, 48.548776 ], [ 26.080496999, 48.556226 ], [ 26.057432001, 48.570608 ], [ 26.043777674, 48.586281278 ], [ 26.04863313, 48.594305011 ], [ 26.061210001, 48.60112 ], [ 26.065884999, 48.607142001 ], [ 26.058431999, 48.622131 ], [ 26.062096999, 48.637013 ], [ 26.058041, 48.644246 ], [ 26.051684999, 48.647782 ], [ 26.041722326, 48.648894713 ], [ 26.035231262, 48.646537271 ], [ 26.031809468, 48.643413082 ], [ 26.028844002, 48.634034 ], [ 26.029501, 48.620281 ], [ 26.020999, 48.610335 ], [ 26.01169, 48.609932001 ], [ 25.993101384, 48.618161629 ], [ 25.975274001, 48.620881 ], [ 25.966956443, 48.617094417 ], [ 25.93378646, 48.591028073 ], [ 25.922778001, 48.587546999 ], [ 25.909067, 48.586915 ], [ 25.899049999, 48.589126 ], [ 25.875054, 48.599906 ], [ 25.858176, 48.596812 ], [ 25.849112, 48.597118001 ], [ 25.847792, 48.603926 ], [ 25.856860662, 48.613747799 ], [ 25.855000101, 48.620379419 ], [ 25.84029367, 48.630747571 ], [ 25.834078642, 48.638424331 ], [ 25.821603895, 48.647495796 ], [ 25.820132489, 48.652889214 ], [ 25.806243114, 48.666365331 ], [ 25.784980141, 48.675264561 ], [ 25.780661937, 48.675742398 ], [ 25.77297866, 48.673307384 ], [ 25.760945, 48.666392 ], [ 25.753357468, 48.658167046 ], [ 25.747027019, 48.647533877 ], [ 25.745724904, 48.636474395 ], [ 25.738021999, 48.633207 ], [ 25.731181, 48.634404 ], [ 25.726464999, 48.638228 ], [ 25.72104475, 48.65518314 ], [ 25.710122194, 48.663654259 ], [ 25.697908682, 48.664897411 ], [ 25.681257361, 48.664218792 ], [ 25.652650393, 48.666943614 ], [ 25.628090107, 48.672825492 ], [ 25.622047026, 48.666513579 ], [ 25.622117382, 48.661005774 ], [ 25.60714187, 48.653187214 ], [ 25.585120457, 48.633999728 ], [ 25.585958472, 48.627528395 ], [ 25.589654886, 48.622735082 ], [ 25.588178497, 48.620361562 ], [ 25.590659052, 48.606605098 ], [ 25.587328935, 48.589908106 ], [ 25.593279175, 48.583638314 ], [ 25.596069557, 48.576670331 ], [ 25.603360741, 48.57022554 ], [ 25.59818589, 48.56525653 ], [ 25.600701715, 48.560603031 ], [ 25.59805894, 48.557892146 ], [ 25.603944814, 48.550971125 ], [ 25.599699208, 48.54272811 ], [ 25.601780766, 48.5388933 ], [ 25.607559725, 48.536678195 ], [ 25.609190099, 48.527069458 ], [ 25.606047798, 48.514377069 ], [ 25.599480339, 48.500540802 ], [ 25.601972284, 48.489942419 ], [ 25.601009458, 48.478904252 ], [ 25.597857257, 48.473515489 ], [ 25.605931106, 48.465185402 ], [ 25.606785601, 48.451442532 ], [ 25.602713614, 48.446055676 ], [ 25.610874636, 48.428659851 ], [ 25.605181865, 48.417802147 ], [ 25.600182408, 48.41470875 ], [ 25.603718476, 48.410047944 ], [ 25.613703093, 48.41303907 ], [ 25.620284887, 48.408795312 ], [ 25.617823652, 48.403132402 ], [ 25.620557956, 48.39806197 ], [ 25.616411574, 48.392032996 ], [ 25.620503238, 48.387772136 ], [ 25.621104536, 48.380379704 ], [ 25.612590877, 48.380429159 ], [ 25.601220408, 48.376813808 ], [ 25.588674382, 48.377788824 ], [ 25.579384192, 48.380417647 ], [ 25.570320853, 48.379143173 ], [ 25.553874809, 48.382595276 ], [ 25.548132542, 48.381262308 ], [ 25.54724556, 48.384623832 ], [ 25.537457651, 48.386510643 ], [ 25.533826792, 48.392078243 ], [ 25.528620821, 48.393611256 ], [ 25.520832127, 48.39926428 ], [ 25.509936922, 48.398532419 ], [ 25.506976259, 48.400359175 ], [ 25.502914372, 48.4005315 ], [ 25.489278071, 48.399182067 ], [ 25.482311883, 48.401035849 ], [ 25.475435224, 48.398784693 ], [ 25.470697942, 48.401517775 ], [ 25.461869911, 48.40001234 ], [ 25.453902316, 48.402575808 ], [ 25.442743404, 48.400611973 ], [ 25.432507722, 48.394264049 ], [ 25.421936606, 48.39508924 ], [ 25.416055269, 48.392066358 ], [ 25.409825581, 48.39519286 ], [ 25.402353821, 48.392727517 ], [ 25.402386726, 48.389927421 ], [ 25.390173752, 48.388629401 ], [ 25.378388514, 48.390346727 ], [ 25.372353271, 48.385512176 ], [ 25.36176163, 48.383564515 ], [ 25.355508742, 48.379715327 ], [ 25.329209307, 48.36938092 ], [ 25.315958878, 48.366072635 ], [ 25.306776168, 48.356800809 ], [ 25.300498168, 48.35426681 ], [ 25.29463617, 48.345743809 ], [ 25.281355169, 48.342699809 ], [ 25.279424653, 48.335146625 ], [ 25.271601651, 48.33265213 ], [ 25.27505017, 48.331237808 ], [ 25.275719172, 48.32899881 ], [ 25.27215009, 48.327312995 ], [ 25.266434171, 48.329164808 ], [ 25.259991948, 48.324190302 ], [ 25.256389431, 48.31570126 ], [ 25.246378103, 48.315284792 ], [ 25.232150695, 48.293348644 ], [ 25.220434369, 48.286204572 ], [ 25.216756286, 48.279900563 ], [ 25.196198349, 48.260679228 ], [ 25.193186902, 48.254945001 ], [ 25.175249154, 48.24487721 ], [ 25.150736086, 48.247973992 ], [ 25.143024479, 48.245227779 ], [ 25.135261632, 48.239396248 ], [ 25.127341597, 48.235933979 ], [ 25.125446994, 48.231571153 ], [ 25.121493764, 48.231255724 ], [ 25.106122204, 48.224932935 ], [ 25.107347199, 48.222893702 ], [ 25.116090899, 48.221074453 ], [ 25.119450742, 48.217746011 ], [ 25.119294323, 48.215018568 ], [ 25.114296521, 48.212057133 ], [ 25.115901807, 48.207577805 ], [ 25.124765608, 48.205072593 ], [ 25.13048875, 48.199545496 ], [ 25.137773325, 48.195813253 ], [ 25.137284573, 48.181300464 ], [ 25.132260997, 48.178194668 ], [ 25.127906935, 48.177594815 ], [ 25.113279026, 48.1849192 ], [ 25.099423001, 48.185991 ], [ 25.088039737, 48.181183936 ], [ 25.083596146, 48.177551709 ], [ 25.082163256, 48.172600517 ], [ 25.084980239, 48.168961459 ], [ 25.093355201, 48.1643346 ], [ 25.092824472, 48.162031599 ], [ 25.089012046, 48.159737256 ], [ 25.074014105, 48.159812962 ], [ 25.06622673, 48.157227611 ], [ 25.066213924, 48.151434021 ], [ 25.072157405, 48.145898695 ], [ 25.067847704, 48.138879275 ], [ 25.067488151, 48.132839519 ], [ 25.062603139, 48.129711861 ], [ 25.04731183, 48.130170048 ], [ 25.038523833, 48.127472145 ], [ 25.036015499, 48.122912415 ], [ 25.039670627, 48.115246034 ], [ 25.036586001, 48.11171 ], [ 25.02993311, 48.109926562 ], [ 25.021490329, 48.110973081 ], [ 25.009359443, 48.114919479 ], [ 25.007193399, 48.118080335 ], [ 25.000829967, 48.119993943 ], [ 24.991759349, 48.119502281 ], [ 24.982124091, 48.113419489 ], [ 24.979361178, 48.110235433 ], [ 24.981672781, 48.105983142 ], [ 24.98672825, 48.10284489 ], [ 24.985714927, 48.100509838 ], [ 24.988892578, 48.094681877 ], [ 24.995456745, 48.092638053 ], [ 24.994203928, 48.086529388 ], [ 24.986032291, 48.077988251 ], [ 24.974877055, 48.074282937 ], [ 24.976867772, 48.071196189 ], [ 24.969246065, 48.071530111 ], [ 24.95856993, 48.060133248 ], [ 24.939199076, 48.048367003 ], [ 24.942280787, 48.045856294 ], [ 24.936817931, 48.041323921 ], [ 24.920518262, 48.033829185 ], [ 24.921948313, 48.030940273 ], [ 24.911471753, 48.027091116 ], [ 24.912846441, 48.012978072 ], [ 24.917366628, 48.012962305 ], [ 24.920195956, 48.009537994 ], [ 24.912968894, 48.002891986 ], [ 24.913705352, 47.999869996 ], [ 24.908463545, 47.996560068 ], [ 24.913924356, 47.978126799 ], [ 24.916584476, 47.975552111 ], [ 24.914447649, 47.968605612 ], [ 24.918504831, 47.965818897 ], [ 24.923465967, 47.965205049 ], [ 24.9228358, 47.963251605 ], [ 24.916111294, 47.963504573 ], [ 24.918823513, 47.955721781 ], [ 24.928921027, 47.953905736 ], [ 24.927075638, 47.952575705 ], [ 24.921008274, 47.953091901 ], [ 24.919204813, 47.94651915 ], [ 24.926194581, 47.937544936 ], [ 24.932346641, 47.93701859 ], [ 24.936863396, 47.934513601 ], [ 24.938702637, 47.931138718 ], [ 24.944765076, 47.929472838 ], [ 24.946687101, 47.921873788 ], [ 24.949107391, 47.920873369 ], [ 24.951894796, 47.922290273 ], [ 24.95420719, 47.920128066 ], [ 24.957044728, 47.920009109 ], [ 24.956351049, 47.912593886 ], [ 24.960191197, 47.91103383 ], [ 24.960047031, 47.90804916 ], [ 24.957052014, 47.906958018 ], [ 24.961257575, 47.90398924 ], [ 24.954772517, 47.902327452 ], [ 24.949607486, 47.903442447 ], [ 24.944518508, 47.89790429 ], [ 24.948927615, 47.894651758 ], [ 24.948771761, 47.889757954 ], [ 24.953161059, 47.888977444 ], [ 24.956504172, 47.886312111 ], [ 24.956533926, 47.879159223 ], [ 24.96248739, 47.876498846 ], [ 24.966201349, 47.875991966 ], [ 24.967293445, 47.877623785 ], [ 24.968588238, 47.875647706 ], [ 24.971958277, 47.876412176 ], [ 24.975198915, 47.870688677 ], [ 24.985032306, 47.867831184 ], [ 24.9868779, 47.865351484 ], [ 24.981124081, 47.859985756 ], [ 24.985773497, 47.859754191 ], [ 24.990593874, 47.856982986 ], [ 24.99628939, 47.857567931 ], [ 24.997323503, 47.855600663 ], [ 24.994110958, 47.849141369 ], [ 24.989071425, 47.844950944 ], [ 24.986568701, 47.833536421 ], [ 24.982576391, 47.831751596 ], [ 24.984804492, 47.830505228 ], [ 24.981845873, 47.825906641 ], [ 24.97562172, 47.825780259 ], [ 24.973461458, 47.822325439 ], [ 24.974841258, 47.820102716 ], [ 24.964548366, 47.813988353 ], [ 24.96495066, 47.811033212 ], [ 24.960081596, 47.80826417 ], [ 24.960914068, 47.806024834 ], [ 24.956791288, 47.804641217 ], [ 24.957045374, 47.80087667 ], [ 24.950262383, 47.798670989 ], [ 24.946669138, 47.794250954 ], [ 24.938367574, 47.772962325 ], [ 24.939626037, 47.764633441 ], [ 24.936207981, 47.761337923 ], [ 24.936904665, 47.758313161 ], [ 24.92861145, 47.75240517 ], [ 24.927865462, 47.746347262 ], [ 24.923067034, 47.740945936 ], [ 24.923758791, 47.735076179 ], [ 24.920744782, 47.730802193 ], [ 24.922332958, 47.726808068 ], [ 24.947191598, 47.729034097 ], [ 24.98344475, 47.72950397 ], [ 24.995852268, 47.725061926 ], [ 25.001332898, 47.727233258 ], [ 25.002027778, 47.729874622 ], [ 25.007921617, 47.733986202 ], [ 25.016747984, 47.730982516 ], [ 25.025749796, 47.731059607 ], [ 25.029676983, 47.72775031 ], [ 25.040137405, 47.725221243 ], [ 25.042966648, 47.731738158 ], [ 25.053833888, 47.743438238 ], [ 25.053305038, 47.746337111 ], [ 25.064666728, 47.740454651 ], [ 25.076643481, 47.745362196 ], [ 25.085082076, 47.745858853 ], [ 25.088714073, 47.748684385 ], [ 25.097939676, 47.749121481 ], [ 25.103401665, 47.752871578 ], [ 25.115369493, 47.754637281 ], [ 25.117146078, 47.768959571 ], [ 25.129300715, 47.778849763 ], [ 25.142026494, 47.785787837 ], [ 25.148816591, 47.792087309 ], [ 25.153193494, 47.789187331 ], [ 25.160387522, 47.789418181 ], [ 25.167302844, 47.791884963 ], [ 25.170801036, 47.796496274 ], [ 25.169957695, 47.804880811 ], [ 25.166861375, 47.808822962 ], [ 25.177403449, 47.81393691 ], [ 25.180699521, 47.820772138 ], [ 25.179972309, 47.825630958 ], [ 25.183672038, 47.828591409 ], [ 25.189098577, 47.829258531 ], [ 25.191607374, 47.832189596 ], [ 25.196435334, 47.833778059 ], [ 25.19880379, 47.838462315 ], [ 25.202376743, 47.839540304 ], [ 25.200284492, 47.8459264 ], [ 25.201358313, 47.850353256 ], [ 25.204958998, 47.850913837 ], [ 25.206250387, 47.853760282 ], [ 25.22182759, 47.858903991 ], [ 25.222116278, 47.86912459 ], [ 25.224752415, 47.873021465 ], [ 25.221558114, 47.882351108 ], [ 25.224456914, 47.882607635 ], [ 25.230030818, 47.893120818 ], [ 25.238852826, 47.895949064 ], [ 25.244874574, 47.893189246 ], [ 25.247611457, 47.894900203 ], [ 25.251812625, 47.894964123 ], [ 25.256754097, 47.891933876 ], [ 25.263028007, 47.893763742 ], [ 25.269697903, 47.892378554 ], [ 25.310926306, 47.914207566 ], [ 25.340614294, 47.913927528 ], [ 25.347830333, 47.916129662 ], [ 25.499081846, 47.932521502 ], [ 25.535366978, 47.935791123 ], [ 25.592378343, 47.938215565 ], [ 25.625195152, 47.948556377 ], [ 25.643127374, 47.94959591 ], [ 25.652184339, 47.94842054 ], [ 25.656318351, 47.949461942 ], [ 25.685812972, 47.943915657 ], [ 25.687446174, 47.946255347 ], [ 25.690462943, 47.944207375 ], [ 25.697639394, 47.945620847 ], [ 25.710384825, 47.940824542 ], [ 25.718025559, 47.941084647 ], [ 25.720617078, 47.944362348 ], [ 25.733312279, 47.94566734 ], [ 25.738206131, 47.941527201 ], [ 25.774712964, 47.93944253 ], [ 25.818574495, 47.954001554 ], [ 25.825748103, 47.963772595 ], [ 25.84669764, 47.96833104 ], [ 25.861213385, 47.970035095 ], [ 25.879782403, 47.962974128 ], [ 25.891942022, 47.961150958 ], [ 25.90771108, 47.964942222 ], [ 25.914479967, 47.977359066 ], [ 25.940405658, 47.975746554 ], [ 25.951671177, 47.970738351 ], [ 26.061227726, 47.988047019 ], [ 26.101005041, 47.978261318 ], [ 26.117118108, 47.981929669 ], [ 26.126659864, 47.987814143 ], [ 26.137597414, 47.984229487 ], [ 26.16533843, 47.989266979 ], [ 26.184628358, 47.994769735 ], [ 26.199175372, 48.007838816 ], [ 26.207957744, 48.028720102 ], [ 26.212038898, 48.050613069 ], [ 26.237939527, 48.064391566 ], [ 26.267271939, 48.07671152 ], [ 26.275431841, 48.086067909 ], [ 26.277786024, 48.09505406 ], [ 26.282921474, 48.101709263 ], [ 26.28591433, 48.115614012 ], [ 26.297858818, 48.133488193 ], [ 26.309629683, 48.143753836 ], [ 26.316462667, 48.148512727 ], [ 26.328035783, 48.152804424 ], [ 26.334321145, 48.159002509 ], [ 26.334075631, 48.165977744 ], [ 26.327841661, 48.176105895 ], [ 26.33327648, 48.184001925 ], [ 26.34738423, 48.183107099 ], [ 26.349639497, 48.185653782 ], [ 26.347444444, 48.190042951 ], [ 26.351136664, 48.191587554 ], [ 26.355761154, 48.185423325 ], [ 26.359481951, 48.185410591 ], [ 26.369597081, 48.191008112 ], [ 26.370655234, 48.195557025 ], [ 26.374744562, 48.197782325 ], [ 26.383529416, 48.195870171 ], [ 26.379242076, 48.191334213 ], [ 26.385752723, 48.186279179 ], [ 26.392570022, 48.18910284 ], [ 26.400484812, 48.188616145 ], [ 26.405536693, 48.190107977 ], [ 26.420771608, 48.201294972 ], [ 26.430151609, 48.197402852 ], [ 26.432358258, 48.193203406 ], [ 26.437693862, 48.193604731 ], [ 26.439485711, 48.196080122 ], [ 26.43273623, 48.20069569 ], [ 26.433116308, 48.202842424 ], [ 26.436656515, 48.204579616 ], [ 26.447945944, 48.204359275 ], [ 26.456318897, 48.206210384 ], [ 26.458386006, 48.209330098 ], [ 26.455771285, 48.21316367 ], [ 26.463815388, 48.215481374 ], [ 26.467910191, 48.220927335 ], [ 26.480306112, 48.215411726 ], [ 26.492796466, 48.218094844 ], [ 26.501415887, 48.216802603 ], [ 26.513398737, 48.210459585 ], [ 26.52294883, 48.213172845 ], [ 26.52245137, 48.208771058 ], [ 26.524130076, 48.2081228 ], [ 26.538399146, 48.214446141 ], [ 26.547110429, 48.215461557 ], [ 26.549761974, 48.218402851 ], [ 26.547379911, 48.222251564 ], [ 26.550259862, 48.224967501 ], [ 26.571930057, 48.21956389 ], [ 26.572191733, 48.225648251 ], [ 26.5685215, 48.230111121 ], [ 26.570744642, 48.238173246 ], [ 26.576094196, 48.242932853 ], [ 26.579554688, 48.242412306 ], [ 26.586459704, 48.246496337 ], [ 26.589226218, 48.245936621 ], [ 26.596654825, 48.239024881 ], [ 26.611457022, 48.240309062 ], [ 26.62069899, 48.239518921 ], [ 26.614247692, 48.250164678 ], [ 26.620016543, 48.250467177 ], [ 26.627786707, 48.246392883 ], [ 26.630754921, 48.252528158 ], [ 26.630012969, 48.259649276 ], [ 26.616418055, 48.274047242 ], [ 26.64186638, 48.28998298 ], [ 26.649659313, 48.297918922 ], [ 26.647742241, 48.30534084 ], [ 26.675957465, 48.317708086 ], [ 26.675817251, 48.324895428 ], [ 26.69593365, 48.327180065 ], [ 26.689887224, 48.344486456 ], [ 26.681812023, 48.355319612 ], [ 26.694708231, 48.35986258 ], [ 26.739256933, 48.31288005 ], [ 26.758863498, 48.322416026 ], [ 26.761501816, 48.317407377 ], [ 26.761000157, 48.312928033 ], [ 26.76687239, 48.302314152 ], [ 26.782134111, 48.297675384 ], [ 26.794485029, 48.291147819 ], [ 26.817340925, 48.295236712 ], [ 26.825630768, 48.304028645 ], [ 26.822462503, 48.311427694 ], [ 26.831378133, 48.313670585 ], [ 26.822462875, 48.320169505 ], [ 26.822400041, 48.324264056 ], [ 26.827095019, 48.324684033 ], [ 26.824184593, 48.344339407 ], [ 26.807799048, 48.351631362 ], [ 26.794213059, 48.342982631 ], [ 26.779993139, 48.350013352 ], [ 26.765086468, 48.353613522 ], [ 26.760638728, 48.360769084 ], [ 26.709029031, 48.405326249 ], [ 26.720253869, 48.410390392 ], [ 26.725048941, 48.411630875 ], [ 26.753613473, 48.398904944 ], [ 26.764682488, 48.408178344 ], [ 26.768163163, 48.407146862 ], [ 26.7751877, 48.418360907 ], [ 26.788529249, 48.419215718 ], [ 26.851112397, 48.413121604 ], [ 26.873174277, 48.419965273 ], [ 26.889881517, 48.409581955 ], [ 26.892151219, 48.405284361 ], [ 26.901256049, 48.396950318 ], [ 26.898007337, 48.394365677 ], [ 26.894545767, 48.383504173 ], [ 26.932368433, 48.36288564 ], [ 26.933854027, 48.364001695 ], [ 26.93224231, 48.371301562 ], [ 26.995355601, 48.359479905 ], [ 27.000505252, 48.364979058 ], [ 27.002005204, 48.364171488 ], [ 27.000819022, 48.373339907 ], [ 27.002438454, 48.379504587 ], [ 27.027458512, 48.382725849 ], [ 27.045875378, 48.374211247 ], [ 27.047313092, 48.378509142 ], [ 27.049829325, 48.387826519 ], [ 27.046161225, 48.391307672 ], [ 27.044997898, 48.402254944 ], [ 27.036921628, 48.407111047 ], [ 27.039796717, 48.41083815 ], [ 27.026375299, 48.417974182 ], [ 27.022787633, 48.417655706 ], [ 27.01344359, 48.420426863 ], [ 27.012053903, 48.42292675 ], [ 27.014205483, 48.424954152 ], [ 27.030084174, 48.427143685 ], [ 27.037006706, 48.423416588 ], [ 27.051641141, 48.426001274 ], [ 27.062104828, 48.421220501 ], [ 27.064331661, 48.422145641 ], [ 27.06551589, 48.429223236 ], [ 27.069365058, 48.430736886 ], [ 27.069404985, 48.432371727 ], [ 27.084517604, 48.434574023 ], [ 27.0872256, 48.412974997 ], [ 27.103880794, 48.399448636 ], [ 27.122895238, 48.3800458 ], [ 27.129365609, 48.377376184 ], [ 27.139030251, 48.374437249 ], [ 27.15528477, 48.377837447 ], [ 27.160139688, 48.380472623 ], [ 27.161190513, 48.378793364 ], [ 27.168304801, 48.380811312 ], [ 27.192245111, 48.394821574 ], [ 27.200229213, 48.388975834 ], [ 27.213162238, 48.390880512 ], [ 27.235770331, 48.372831562 ], [ 27.240965049, 48.374755084 ], [ 27.249859818, 48.375481592 ], [ 27.26371754, 48.380327129 ], [ 27.28629932, 48.371477364 ], [ 27.297263168, 48.409617683 ], [ 27.314058, 48.422580625 ], [ 27.311427206, 48.428499816 ], [ 27.319607535, 48.443564601 ], [ 27.337408216, 48.440866458 ], [ 27.338495798, 48.442188417 ], [ 27.335268218, 48.443845143 ], [ 27.338899012, 48.448043569 ], [ 27.353419922, 48.440447045 ], [ 27.349775242, 48.446613693 ], [ 27.353229804, 48.449045251 ], [ 27.363049338, 48.44266884 ], [ 27.373523403, 48.441689336 ], [ 27.375523628, 48.433275465 ], [ 27.379105861, 48.433807521 ], [ 27.375695635, 48.429593826 ], [ 27.377946762, 48.414925637 ], [ 27.38494035, 48.40978409 ], [ 27.397354874, 48.411982157 ], [ 27.407688573, 48.410209547 ], [ 27.417670754, 48.412739297 ], [ 27.447155119, 48.408860088 ], [ 27.461952156, 48.433102505 ], [ 27.466249831, 48.448647858 ], [ 27.474482211, 48.452940754 ], [ 27.490964556, 48.458363535 ], [ 27.504597486, 48.455310867 ], [ 27.521386781, 48.463013204 ], [ 27.526287233, 48.462234887 ], [ 27.525956909, 48.465470366 ], [ 27.534438315, 48.470138374 ], [ 27.520632002, 48.470395 ], [ 27.499068003, 48.482131 ], [ 27.478797417, 48.506353424 ], [ 27.483124003, 48.529673 ], [ 27.479345865, 48.54692 ], [ 27.465630222, 48.576058557 ], [ 27.456818534, 48.59021723 ], [ 27.443799663, 48.60229041 ], [ 27.42442569, 48.613188084 ], [ 27.405753719, 48.620591861 ], [ 27.372910786, 48.630152122 ] ] ] } },
{ "type": "Feature", "properties": { "shapeName": "Chernihivska", "shapeISO": "", "shapeID": "82583831B87330598112957", "shapeGroup": "UKR", "shapeType": "ADM1" }, "geometry": { "type": "Polygon", "coordinates": [ [ [ 32.143312643, 50.348251211 ], [ 32.16066533, 50.351703913 ], [ 32.216361689, 50.357971169 ], [ 32.228248053, 50.350338997 ], [ 32.236199306, 50.35404652 ], [ 32.239839293, 50.352537571 ], [ 32.237978309, 50.350100163 ], [ 32.254504742, 50.346845765 ], [ 32.268873604, 50.351950751 ], [ 32.264276571, 50.354610676 ], [ 32.254586879, 50.352288378 ], [ 32.256144511, 50.357331147 ], [ 32.263584862, 50.360635455 ], [ 32.263985018, 50.362501667 ], [ 32.259518628, 50.363615509 ], [ 32.259939728, 50.366837268 ], [ 32.255296131, 50.368306756 ], [ 32.251595276, 50.373821151 ], [ 32.278457, 50.373825 ], [ 32.278171296, 50.380296116 ], [ 32.290181138, 50.379475311 ], [ 32.295767405, 50.398576083 ], [ 32.301527123, 50.397268741 ], [ 32.306674987, 50.401965832 ], [ 32.325662518, 50.403512507 ], [ 32.316044323, 50.417828804 ], [ 32.322195559, 50.424297727 ], [ 32.33180366, 50.426942237 ], [ 32.335634448, 50.426036154 ], [ 32.3384162, 50.428229279 ], [ 32.364752153, 50.426674238 ], [ 32.36674419, 50.418514846 ], [ 32.369699962, 50.415380406 ], [ 32.397181078, 50.406906034 ], [ 32.401427209, 50.412640795 ], [ 32.446199458, 50.398870858 ], [ 32.476762396, 50.397269881 ], [ 32.484272985, 50.400857492 ], [ 32.489295819, 50.397555571 ], [ 32.493567999, 50.399597 ], [ 32.49451137, 50.397889839 ], [ 32.491654495, 50.396122484 ], [ 32.493629654, 50.39416798 ], [ 32.491729054, 50.39263084 ], [ 32.489097251, 50.392917586 ], [ 32.493106439, 50.389999132 ], [ 32.492523958, 50.376981145 ], [ 32.485281059, 50.374046275 ], [ 32.485919643, 50.369182927 ], [ 32.495119658, 50.366180869 ], [ 32.493771043, 50.364598915 ], [ 32.510893443, 50.359558059 ], [ 32.525874418, 50.345472652 ], [ 32.54221372, 50.35116219 ], [ 32.544499803, 50.354186754 ], [ 32.552524279, 50.354012249 ], [ 32.562567807, 50.358700094 ], [ 32.578599373, 50.358482401 ], [ 32.584681908, 50.355243327 ], [ 32.634269995, 50.356676108 ], [ 32.632376701, 50.36620758 ], [ 32.671734, 50.370026 ], [ 32.670745703, 50.358030772 ], [ 32.730992257, 50.355847764 ], [ 32.741394346, 50.357403782 ], [ 32.742237924, 50.356168294 ], [ 32.739732697, 50.354505762 ], [ 32.742673677, 50.351798559 ], [ 32.746490001, 50.358144 ], [ 32.75036214, 50.359448571 ], [ 32.750341719, 50.357668633 ], [ 32.761146564, 50.348560951 ], [ 32.763778533, 50.348751931 ], [ 32.769781327, 50.353239884 ], [ 32.792855732, 50.346293847 ], [ 32.80101965, 50.356329333 ], [ 32.786378329, 50.361682305 ], [ 32.791689928, 50.363602299 ], [ 32.786658745, 50.367697965 ], [ 32.790484506, 50.367405098 ], [ 32.7898402, 50.37089011 ], [ 32.810552798, 50.374696293 ], [ 32.836574102, 50.374286032 ], [ 32.899558965, 50.40634391 ], [ 32.912084871, 50.405386188 ], [ 32.915578942, 50.407145406 ], [ 32.917244282, 50.408717082 ], [ 32.914543396, 50.411018522 ], [ 32.91206304, 50.423624881 ], [ 32.921009999, 50.424666 ], [ 32.91999492, 50.429267834 ], [ 32.929790677, 50.430154573 ], [ 32.931934698, 50.428734093 ], [ 32.940501785, 50.429208741 ], [ 32.935467547, 50.435380385 ], [ 32.93200677, 50.436727354 ], [ 32.948987517, 50.446286833 ], [ 32.959108005, 50.442621643 ], [ 32.964796317, 50.444707943 ], [ 32.969801835, 50.448907973 ], [ 32.969755586, 50.451306493 ], [ 32.966379999, 50.453769 ], [ 32.967862791, 50.457250598 ], [ 32.969689229, 50.459243689 ], [ 32.976330804, 50.459652465 ], [ 32.978267867, 50.462359515 ], [ 32.970477052, 50.474144597 ], [ 32.972780406, 50.475796521 ], [ 32.988412876, 50.473752528 ], [ 32.99002563, 50.477530352 ], [ 33.016190945, 50.470720754 ], [ 33.01306686, 50.480356318 ], [ 33.025234405, 50.493196376 ], [ 33.022146929, 50.495516995 ], [ 33.022863763, 50.501418433 ], [ 33.02847043, 50.503332674 ], [ 33.032721413, 50.501813849 ], [ 33.042515188, 50.502217575 ], [ 33.058168815, 50.516551883 ], [ 33.065279573, 50.519827848 ], [ 33.061053806, 50.521889261 ], [ 33.061777808, 50.525397637 ], [ 33.048719835, 50.540934704 ], [ 33.073936578, 50.556915531 ], [ 33.080465809, 50.568703362 ], [ 33.096898069, 50.580057463 ], [ 33.092365926, 50.584308449 ], [ 33.101063192, 50.591515691 ], [ 33.103956622, 50.593414356 ], [ 33.119073049, 50.591755892 ], [ 33.121978879, 50.594490429 ], [ 33.12363111, 50.598106423 ], [ 33.121991418, 50.599402168 ], [ 33.102708024, 50.602152772 ], [ 33.110721954, 50.611580457 ], [ 33.121585102, 50.639464321 ], [ 33.118066805, 50.641270349 ], [ 33.117564425, 50.647629849 ], [ 33.126195769, 50.650270301 ], [ 33.137661704, 50.648544142 ], [ 33.146781519, 50.65497551 ], [ 33.151155666, 50.693805988 ], [ 33.135827386, 50.710837521 ], [ 33.153807482, 50.70882915 ], [ 33.158279033, 50.71525892 ], [ 33.174400339, 50.716539826 ], [ 33.195099554, 50.722146178 ], [ 33.213864815, 50.721606459 ], [ 33.214119194, 50.727417451 ], [ 33.239357369, 50.732138047 ], [ 33.236676667, 50.735666196 ], [ 33.232689846, 50.734835487 ], [ 33.230795368, 50.737923685 ], [ 33.212573279, 50.736083541 ], [ 33.207664032, 50.747665688 ], [ 33.189601955, 50.746527226 ], [ 33.189016905, 50.75024952 ], [ 33.165047564, 50.776494381 ], [ 33.15337841, 50.793027828 ], [ 33.164239134, 50.792043549 ], [ 33.169035039, 50.799606861 ], [ 33.164026918, 50.802415067 ], [ 33.165853789, 50.814727024 ], [ 33.162163857, 50.815059361 ], [ 33.16032021, 50.820007441 ], [ 33.155454199, 50.822283921 ], [ 33.155125352, 50.827931749 ], [ 33.162797521, 50.829621338 ], [ 33.173742464, 50.843227179 ], [ 33.181094821, 50.844330971 ], [ 33.185268471, 50.848203848 ], [ 33.185001942, 50.849271832 ], [ 33.169162266, 50.850694564 ], [ 33.172625285, 50.856086534 ], [ 33.174026, 50.866066 ], [ 33.181069647, 50.867015879 ], [ 33.176678631, 50.867657888 ], [ 33.176746123, 50.870591496 ], [ 33.173813831, 50.87076721 ], [ 33.175515992, 50.872920057 ], [ 33.170029739, 50.875569502 ], [ 33.168779913, 50.88249435 ], [ 33.170417108, 50.887950131 ], [ 33.180645485, 50.89492042700001 ], [ 33.183808741, 50.892127882 ], [ 33.18627875, 50.894845668 ], [ 33.188631318, 50.894662063 ], [ 33.187958515, 50.891566656 ], [ 33.195679161, 50.891920471 ], [ 33.197040553, 50.890880713 ], [ 33.200399877, 50.892638069 ], [ 33.198476109, 50.89599559700001 ], [ 33.201371101, 50.89336744300001 ], [ 33.208175219, 50.893479828 ], [ 33.202404929, 50.898494034 ], [ 33.210505515, 50.901845844 ], [ 33.197088054, 50.91997383 ], [ 33.197003885, 50.931239975 ], [ 33.199992678, 50.934376109 ], [ 33.200239377, 50.961553494 ], [ 33.187909223, 50.962070323 ], [ 33.187355329, 50.959244617 ], [ 33.181736174, 50.95855924 ], [ 33.147897511, 50.961782801 ], [ 33.136955572, 50.961444009 ], [ 33.139435206, 50.967646183 ], [ 33.121622429, 50.99775642 ], [ 33.126230563, 51.001049203 ], [ 33.117857069, 51.006762249 ], [ 33.078161705, 50.991731845 ], [ 33.079530487, 50.980198988 ], [ 33.07589378, 50.982761425 ], [ 33.050551997, 50.988008547 ], [ 33.047855689, 50.990703022 ], [ 33.037976655, 50.994005069 ], [ 33.051453194, 51.012239241 ], [ 33.057831086, 51.015329303 ], [ 33.058933918, 51.022418956 ], [ 33.06387311, 51.022658212 ], [ 33.072948719, 51.03186222 ], [ 33.077005773, 51.030094208 ], [ 33.08473324, 51.03837709 ], [ 33.083843621, 51.040051087 ], [ 33.070857236, 51.043912155 ], [ 33.060161805, 51.049206115 ], [ 33.070886841, 51.063307774 ], [ 33.069149924, 51.069207539 ], [ 33.037854218, 51.071787533 ], [ 33.040974924, 51.08186493800001 ], [ 32.962320441, 51.088552492 ], [ 32.955259827, 51.084481511 ], [ 32.942483713, 51.08967395900001 ], [ 32.992852581, 51.143439484 ], [ 32.974665447, 51.152712071 ], [ 32.960387218, 51.162643672 ], [ 32.986371607, 51.183961909 ], [ 32.977102223, 51.188357213 ], [ 32.989503323, 51.197589056 ], [ 33.030184201, 51.2004024 ], [ 33.029403724, 51.204818168 ], [ 33.041407659, 51.205644635 ], [ 33.038960418, 51.21992013 ], [ 33.029531589, 51.22728882700001 ], [ 33.069080155, 51.255321218 ], [ 33.060503873, 51.256876252 ], [ 33.058205246, 51.266085511 ], [ 33.066491456, 51.268636318 ], [ 33.065671975, 51.274822596 ], [ 33.072831543, 51.274925729 ], [ 33.073199555, 51.283303156 ], [ 33.06734948, 51.282472508 ], [ 33.065436827, 51.283516423 ], [ 33.074626584, 51.284715344 ], [ 33.072198999, 51.286978 ], [ 33.07620613, 51.287783436 ], [ 33.076322119, 51.290042564 ], [ 33.072022046, 51.288136017 ], [ 33.0692938, 51.29050492 ], [ 33.067900999, 51.287722999 ], [ 33.063315436, 51.286304888 ], [ 33.060015964, 51.287329661 ], [ 33.063906961, 51.288790781 ], [ 33.065155888, 51.29168849500001 ], [ 33.049554558, 51.288329244 ], [ 33.043005244, 51.288236077 ], [ 33.040921914, 51.291185771 ], [ 33.04419915, 51.295218917 ], [ 33.061450903, 51.296725068 ], [ 33.059576036, 51.299509641 ], [ 33.051319718, 51.297776771 ], [ 33.050885834, 51.300072839 ], [ 33.044825874, 51.301766625 ], [ 33.046264224, 51.303802284 ], [ 33.054528091, 51.303325824 ], [ 33.063142198, 51.307587949 ], [ 33.063754366, 51.30560341 ], [ 33.06677782, 51.305622972 ], [ 33.07038604, 51.308432103 ], [ 33.069941623, 51.311342587 ], [ 33.076564564, 51.312543433 ], [ 33.073909203, 51.313772776 ], [ 33.073665482, 51.317803909 ], [ 33.079268046, 51.322562722 ], [ 33.070855385, 51.328817258 ], [ 33.068515575, 51.333667343 ], [ 33.074622205, 51.340674424 ], [ 33.06404506, 51.346258659 ], [ 33.064405395, 51.347363941 ], [ 33.058916533, 51.347985403 ], [ 33.056803959, 51.345981039 ], [ 33.049992514, 51.344313796 ], [ 33.047777067, 51.346225665 ], [ 33.044278927, 51.344538227 ], [ 33.046469749, 51.342661243 ], [ 33.04505486, 51.342170458 ], [ 33.037568324, 51.345676129 ], [ 33.035686765, 51.359769329 ], [ 33.040925348, 51.367722165 ], [ 33.033728529, 51.370220343 ], [ 33.016568641, 51.395738023 ], [ 33.038981084, 51.401285549 ], [ 33.040079464, 51.404117662 ], [ 33.04347251, 51.404267205 ], [ 33.045745626, 51.411135678 ], [ 33.047631977, 51.410197334 ], [ 33.05774434, 51.404026871 ], [ 33.052348535, 51.3978847 ], [ 33.053140724, 51.396382532 ], [ 33.04460468, 51.394511354 ], [ 33.043906463, 51.396110378 ], [ 33.039159406, 51.395198483 ], [ 33.041311262, 51.392475862 ], [ 33.039581757, 51.391386511 ], [ 33.046204047, 51.386167354 ], [ 33.059659693, 51.382754386 ], [ 33.062438417, 51.379564925 ], [ 33.062260439, 51.376860892 ], [ 33.059272397, 51.37681961700001 ], [ 33.060757206, 51.369881349 ], [ 33.064770408, 51.370589734 ], [ 33.083521809, 51.368111999 ], [ 33.083373598, 51.372727596 ], [ 33.084952793, 51.373121769 ], [ 33.087842423, 51.367915972 ], [ 33.092739305, 51.36961579 ], [ 33.095793576, 51.367278482 ], [ 33.098943753, 51.367732181 ], [ 33.10058663, 51.365990533 ], [ 33.102755158, 51.366964091 ], [ 33.106532634, 51.365375549 ], [ 33.111632498, 51.369792623 ], [ 33.106454983, 51.37240366 ], [ 33.109071112, 51.37519969200001 ], [ 33.10489412, 51.377178173 ], [ 33.106762377, 51.379543707 ], [ 33.109497265, 51.37855385 ], [ 33.110850269, 51.379968152 ], [ 33.109178987, 51.382146653 ], [ 33.094902063, 51.384671983 ], [ 33.089356222, 51.387400427 ], [ 33.090843673, 51.389683232 ], [ 33.107803285, 51.389627779 ], [ 33.114000885, 51.386329222 ], [ 33.116552242, 51.386620135 ], [ 33.118690568, 51.382479917 ], [ 33.127303, 51.381439 ], [ 33.133065999, 51.382562 ], [ 33.13225698, 51.393713688 ], [ 33.137441261, 51.395239172 ], [ 33.135381113, 51.399476385 ], [ 33.11955687, 51.40047696 ], [ 33.119645034, 51.403702574 ], [ 33.123761841, 51.403616982 ], [ 33.134554025, 51.416593214 ], [ 33.113092569, 51.428366848 ], [ 33.12436849, 51.460373221 ], [ 33.135558593, 51.466884263 ], [ 33.130769634, 51.48134825 ], [ 33.134182999, 51.491974 ], [ 33.137477999, 51.496019 ], [ 33.142902999, 51.497022999 ], [ 33.150284031, 51.496463252 ], [ 33.147294524, 51.49416363 ], [ 33.148491125, 51.492948795 ], [ 33.159748139, 51.495124414 ], [ 33.173844416, 51.500506363 ], [ 33.177407282, 51.507324787 ], [ 33.191737846, 51.506390264 ], [ 33.192938044, 51.512624619 ], [ 33.19327722, 51.522045939 ], [ 33.186243074, 51.52992065 ], [ 33.185833981, 51.537177417 ], [ 33.182581561, 51.53978399 ], [ 33.16686803, 51.5437461 ], [ 33.164636884, 51.554269156 ], [ 33.157153654, 51.555872176 ], [ 33.157397657, 51.564645762 ], [ 33.161239355, 51.565963948 ], [ 33.159181814, 51.57141951700001 ], [ 33.168297521, 51.570473542 ], [ 33.190685096, 51.572821913 ], [ 33.207319011, 51.570212451 ], [ 33.214915972, 51.578285537 ], [ 33.222314239, 51.580305835 ], [ 33.191826241, 51.583591924 ], [ 33.17702139, 51.59743765 ], [ 33.154464649, 51.607477086 ], [ 33.154504836, 51.641878993 ], [ 33.14020842, 51.640723352 ], [ 33.132507104, 51.643967043 ], [ 33.127669655, 51.642915175 ], [ 33.125187378, 51.649124084 ], [ 33.127711343, 51.654555015 ], [ 33.147417386, 51.66950775 ], [ 33.139391685, 51.673584723 ], [ 33.140056091, 51.678516027 ], [ 33.143442145, 51.679539667 ], [ 33.157948627, 51.678169789 ], [ 33.165135389, 51.680339066 ], [ 33.164360568, 51.681957869 ], [ 33.151689472, 51.681616478 ], [ 33.147223651, 51.682878269 ], [ 33.144510587, 51.691209372 ], [ 33.155058542, 51.688913604 ], [ 33.165823901, 51.691599057 ], [ 33.171671299, 51.699292635 ], [ 33.168237134, 51.70136738 ], [ 33.160293831, 51.700589396 ], [ 33.154379497, 51.702829269 ], [ 33.145455727, 51.715377429 ], [ 33.132302846, 51.721775178 ], [ 33.137877158, 51.725922463 ], [ 33.123773607, 51.735020688 ], [ 33.10862207, 51.741928495 ], [ 33.099798865, 51.75008071 ], [ 33.094394013, 51.759632588 ], [ 33.097505749, 51.762670359 ], [ 33.093774635, 51.764875558 ], [ 33.091942508, 51.774715003 ], [ 33.089066469, 51.774764796 ], [ 33.083892177, 51.769013907 ], [ 33.078333565, 51.77557517 ], [ 33.078445887, 51.77683509300001 ], [ 33.083217999, 51.778183 ], [ 33.084747117, 51.781402295 ], [ 33.091860845, 51.78131924 ], [ 33.092026433, 51.783531535 ], [ 33.102489121, 51.781759681 ], [ 33.100964091, 51.789223174 ], [ 33.113572001, 51.798366001 ], [ 33.121293417, 51.80651099 ], [ 33.122071945, 51.81059007 ], [ 33.132156935, 51.815648707 ], [ 33.14187892, 51.813723904 ], [ 33.146973478, 51.816489112 ], [ 33.146449717, 51.820688591 ], [ 33.138478474, 51.83133831 ], [ 33.136334192, 51.833301056 ], [ 33.127644257, 51.835160084 ], [ 33.127597273, 51.843023552 ], [ 33.130979217, 51.843771576 ], [ 33.128667555, 51.846348934 ], [ 33.12301122, 51.844879869 ], [ 33.124563398, 51.854242247 ], [ 33.132558247, 51.855708443 ], [ 33.124027266, 51.860447042 ], [ 33.122723631, 51.863554089 ], [ 33.127760477, 51.864720345 ], [ 33.133446333, 51.861121865 ], [ 33.135123222, 51.862969561 ], [ 33.133659441, 51.871843616 ], [ 33.136864304, 51.873357101 ], [ 33.14270341, 51.871739982 ], [ 33.145798971, 51.873506101 ], [ 33.14523435, 51.877189359 ], [ 33.148347899, 51.878347585 ], [ 33.170094465, 51.881172857 ], [ 33.179797128, 51.885190689 ], [ 33.181153125, 51.887805412 ], [ 33.178286997, 51.897016167 ], [ 33.170667955, 51.900655294 ], [ 33.175527547, 51.905372998 ], [ 33.184065921, 51.903099996 ], [ 33.187508164, 51.912402021 ], [ 33.198669745, 51.909523082 ], [ 33.213206199, 51.913024371 ], [ 33.216189383, 51.911448855 ], [ 33.216508253, 51.905768636 ], [ 33.220887757, 51.904761358 ], [ 33.223689287, 51.906599727 ], [ 33.219512595, 51.910430778 ], [ 33.220194742, 51.913062949 ], [ 33.222859865, 51.912943746 ], [ 33.228932526, 51.908935535 ], [ 33.234784475, 51.909273706 ], [ 33.237565383, 51.911466233 ], [ 33.23823093, 51.915597508 ], [ 33.249942749, 51.917000563 ], [ 33.245820207, 51.920075648 ], [ 33.252213829, 51.922050883 ], [ 33.253013, 51.926231 ], [ 33.25699, 51.92509 ], [ 33.263377016, 51.919313196 ], [ 33.270343488, 51.923032278 ], [ 33.288662996, 51.922780136 ], [ 33.29209042, 51.924455943 ], [ 33.296538082, 51.93439433 ], [ 33.303120116, 51.933426008 ], [ 33.317215, 51.936654 ], [ 33.317254174, 51.933826486 ], [ 33.328093, 51.932952001 ], [ 33.330831, 51.929548 ], [ 33.355079866, 51.930273899 ], [ 33.358579983, 51.935158771 ], [ 33.357258331, 51.939182011 ], [ 33.360011107, 51.940782878 ], [ 33.36135593, 51.946504644 ], [ 33.371101318, 51.946317324 ], [ 33.368869272, 51.949881223 ], [ 33.370862872, 51.953543215 ], [ 33.376778861, 51.95518728 ], [ 33.388009372, 51.952881344 ], [ 33.395490076, 51.954901116 ], [ 33.395874409, 51.962065248 ], [ 33.384157583, 51.972573543 ], [ 33.379793033, 51.972965942 ], [ 33.372668948, 51.970847704 ], [ 33.373117836, 51.978520565 ], [ 33.367081376, 51.981034982 ], [ 33.365645428, 51.978933078 ], [ 33.350509782, 51.983224872 ], [ 33.347616423, 51.993672558 ], [ 33.34861539, 51.998791521 ], [ 33.343127524, 52.000834434 ], [ 33.337160533, 52.006889238 ], [ 33.326770348, 52.007761965 ], [ 33.314309813, 52.012192095 ], [ 33.304217944, 52.013455597 ], [ 33.303423483, 52.015337444 ], [ 33.306022942, 52.017661908 ], [ 33.307963779, 52.015630059 ], [ 33.311613723, 52.015104165 ], [ 33.317297749, 52.017299518 ], [ 33.312599893, 52.026559189 ], [ 33.316009519, 52.031677726 ], [ 33.345422041, 52.029667662 ], [ 33.35554445, 52.031147325 ], [ 33.367342734, 52.040616434 ], [ 33.390624329, 52.049647825 ], [ 33.40323112, 52.051192854 ], [ 33.411991485, 52.03332647500001 ], [ 33.430385337, 52.025695929 ], [ 33.439603607, 52.032555855 ], [ 33.46444591, 52.038403085 ], [ 33.500618978, 52.038531677 ], [ 33.500015491, 52.089272112 ], [ 33.492378577, 52.086817944 ], [ 33.490142787, 52.08274795 ], [ 33.459813442, 52.087533599 ], [ 33.459031452, 52.089822545 ], [ 33.45691928, 52.090073868 ], [ 33.445196227, 52.089296593 ], [ 33.437072331, 52.087044809 ], [ 33.444959977, 52.097846488 ], [ 33.433364836, 52.108783703 ], [ 33.409705265, 52.115389716 ], [ 33.417193716, 52.123098255 ], [ 33.344012387, 52.145690847 ], [ 33.328401682, 52.140711854 ], [ 33.333562, 52.138474688 ], [ 33.342349543, 52.13797254 ], [ 33.34252099, 52.13531440500001 ], [ 33.322585367, 52.13619658 ], [ 33.327715102, 52.155222806 ], [ 33.337560087, 52.155411709 ], [ 33.3369264, 52.161164322 ], [ 33.336013629, 52.162715053 ], [ 33.331285349, 52.163603529 ], [ 33.332631452, 52.166667442 ], [ 33.328706761, 52.170015019 ], [ 33.323743991, 52.169065327 ], [ 33.321148519, 52.172883262 ], [ 33.319122767, 52.172972612 ], [ 33.31961652, 52.174655466 ], [ 33.315433081, 52.175927271 ], [ 33.318567715, 52.180034945 ], [ 33.317631532, 52.182244994 ], [ 33.309800583, 52.184752847 ], [ 33.313917016, 52.185669698 ], [ 33.312024996, 52.19148635 ], [ 33.315005093, 52.192199801 ], [ 33.321549896, 52.189981763 ], [ 33.320931381, 52.194603064 ], [ 33.326633768, 52.195208283 ], [ 33.326342418, 52.198131233 ], [ 33.330090854, 52.197863898 ], [ 33.331235055, 52.201805679 ], [ 33.329907857, 52.205735097 ], [ 33.324315175, 52.208474054 ], [ 33.32577044, 52.211562469 ], [ 33.317410677, 52.212339125 ], [ 33.314644865, 52.215500799 ], [ 33.323806597, 52.221954397 ], [ 33.327525378, 52.216223163 ], [ 33.331465606, 52.214880043 ], [ 33.334840557, 52.215643622 ], [ 33.341458019, 52.221108256 ], [ 33.351280257, 52.220347956 ], [ 33.354475041, 52.222711241 ], [ 33.356101004, 52.22805385 ], [ 33.366437852, 52.23294629 ], [ 33.361519858, 52.237206786 ], [ 33.367562022, 52.244386441 ], [ 33.360290363, 52.246085893 ], [ 33.36045561, 52.250705958 ], [ 33.35733358, 52.254312151 ], [ 33.358117541, 52.258325536 ], [ 33.363179287, 52.255369915 ], [ 33.368288501, 52.25920952 ], [ 33.372058552, 52.258067785 ], [ 33.387226531, 52.271343779 ], [ 33.385902786, 52.272982232 ], [ 33.379511768, 52.27151022 ], [ 33.384478268, 52.274230924 ], [ 33.376862257, 52.275379441 ], [ 33.380918341, 52.277614358 ], [ 33.382343965, 52.276084964 ], [ 33.387205961, 52.278698969 ], [ 33.386608665, 52.280253068 ], [ 33.382665176, 52.279445239 ], [ 33.386357382, 52.281461112 ], [ 33.383829406, 52.284319508 ], [ 33.385419561, 52.289265271 ], [ 33.387870481, 52.291184041 ], [ 33.390774565, 52.289927602 ], [ 33.393866791, 52.291077769 ], [ 33.393313683, 52.293418754 ], [ 33.386779, 52.297067 ], [ 33.393635288, 52.302128495 ], [ 33.399730047, 52.299172854 ], [ 33.40282977, 52.302121495 ], [ 33.399412893, 52.300751042 ], [ 33.399802321, 52.306508688 ], [ 33.397490257, 52.308748504 ], [ 33.388020928, 52.310910925 ], [ 33.386001677, 52.316048976 ], [ 33.388705275, 52.31672994800001 ], [ 33.396999971, 52.313241284 ], [ 33.400126205, 52.313444824 ], [ 33.403927989, 52.321768606 ], [ 33.410254503, 52.322425294 ], [ 33.414296283, 52.324980236 ], [ 33.428887583, 52.345258192 ], [ 33.409828282, 52.350219048 ], [ 33.409994088, 52.35134599300001 ], [ 33.415672973, 52.352134924 ], [ 33.416637868, 52.360557002 ], [ 33.409596519, 52.35956328 ], [ 33.407954877, 52.361450535 ], [ 33.4028901, 52.361356823 ], [ 33.401573106, 52.364590432 ], [ 33.407734547, 52.367188317 ], [ 33.392659713, 52.37143900400001 ], [ 33.380696797, 52.372253605 ], [ 33.37303793, 52.371017302 ], [ 33.369358884, 52.36231796 ], [ 33.36371294, 52.360748264 ], [ 33.359935808, 52.364747765 ], [ 33.356124434, 52.358577241 ], [ 33.349850044, 52.353681998 ], [ 33.331888875, 52.352698265 ], [ 33.314485334, 52.355414794 ], [ 33.310470616, 52.354633293 ], [ 33.305740406, 52.351029904 ], [ 33.289093276, 52.357765593 ], [ 33.208267113, 52.375940186 ], [ 33.206167435, 52.373253541 ], [ 33.196480855, 52.373798114 ], [ 33.195840001, 52.379165555 ], [ 33.189170445, 52.379290596 ], [ 33.188912498, 52.373496463 ], [ 33.169918055, 52.372801988 ], [ 33.169949989, 52.368845983 ], [ 33.173279304, 52.366113096 ], [ 33.169968323, 52.341915997 ], [ 33.155944686, 52.33856587 ], [ 33.138236009, 52.346957964 ], [ 33.129210973, 52.341711011 ], [ 33.128999772, 52.338493299 ], [ 33.116900493, 52.328709455 ], [ 33.111232727, 52.325708843 ], [ 33.107955553, 52.327096304 ], [ 33.079868448, 52.307875859 ], [ 33.073029989, 52.307522284 ], [ 33.073042813, 52.304703471 ], [ 33.067284085, 52.30335101 ], [ 33.0618347, 52.306545067 ], [ 33.059608062, 52.311219479 ], [ 33.062676772, 52.315870698 ], [ 33.067063794, 52.313955786 ], [ 33.072783941, 52.315637072 ], [ 33.070295726, 52.318114314 ], [ 33.072098645, 52.326409651 ], [ 33.060697941, 52.328823988 ], [ 33.055755057, 52.32635599 ], [ 33.058055836, 52.318780467 ], [ 33.043397921, 52.314187478 ], [ 33.044681861, 52.307640716 ], [ 33.024458979, 52.29984437000001 ], [ 33.017155894, 52.292648058 ], [ 32.996742748, 52.287990091 ], [ 32.999644324, 52.278427569 ], [ 32.998857095, 52.276846647 ], [ 32.996134717, 52.276803772 ], [ 32.996143929, 52.272204991 ], [ 32.98248902, 52.273822966 ], [ 32.960656961, 52.273560003 ], [ 32.944012011, 52.264040975 ], [ 32.925156838, 52.258588416 ], [ 32.924340274, 52.256646828 ], [ 32.910547117, 52.250181872 ], [ 32.907857876, 52.246197756 ], [ 32.900677798, 52.245483799 ], [ 32.88761581, 52.245457418 ], [ 32.885278585, 52.24880922700001 ], [ 32.880659058, 52.257696695 ], [ 32.881105096, 52.262674696 ], [ 32.885525021, 52.269305088 ], [ 32.884344011, 52.273659043 ], [ 32.854064138, 52.275153057 ], [ 32.833294323, 52.279240805 ], [ 32.816948532, 52.259220774 ], [ 32.799961348, 52.265758593 ], [ 32.778871307, 52.261844554 ], [ 32.778301095, 52.259578904 ], [ 32.771755121, 52.260042184 ], [ 32.762904352, 52.256508931 ], [ 32.760783621, 52.263429944 ], [ 32.754201613, 52.266943533 ], [ 32.72668717, 52.257172942 ], [ 32.716883314, 52.259095671 ], [ 32.700640752, 52.24787183 ], [ 32.700129773, 52.254682137 ], [ 32.689992607, 52.255954763 ], [ 32.684591062, 52.266612788 ], [ 32.663168094, 52.278151277 ], [ 32.638696101, 52.28658895400001 ], [ 32.620562004, 52.297645637 ], [ 32.612866023, 52.300571004 ], [ 32.60776797, 52.305000005 ], [ 32.594632952, 52.303726002 ], [ 32.583835174, 52.300755434 ], [ 32.577309117, 52.301023658 ], [ 32.571002669, 52.309956896 ], [ 32.550113292, 52.326521172 ], [ 32.503277059, 52.327495985 ], [ 32.499920963, 52.321180016 ], [ 32.49031099, 52.314198027 ], [ 32.472644432, 52.323839001 ], [ 32.466579004, 52.323994317 ], [ 32.460219917, 52.326883265 ], [ 32.433744545, 52.321404746 ], [ 32.405255396, 52.337060128 ], [ 32.398840456, 52.338178982 ], [ 32.376494233, 52.337594146 ], [ 32.354658439, 52.327849019 ], [ 32.351775742, 52.316795744 ], [ 32.36256719, 52.302701952 ], [ 32.369606013, 52.276704564 ], [ 32.373275814, 52.273982152 ], [ 32.381903738, 52.279236294 ], [ 32.3931435, 52.278353818 ], [ 32.383052432, 52.269928 ], [ 32.383506592, 52.263130484 ], [ 32.388121885, 52.257930667 ], [ 32.390521171, 52.257664758 ], [ 32.389592238, 52.254117462 ], [ 32.398122712, 52.250019712 ], [ 32.399877869, 52.246860993 ], [ 32.394912638, 52.246403183 ], [ 32.388857763, 52.242643943 ], [ 32.380503043, 52.240138338 ], [ 32.369207134, 52.240863523 ], [ 32.361008704, 52.239495098 ], [ 32.34692525, 52.245057901 ], [ 32.345049664, 52.240841787 ], [ 32.341942051, 52.240310683 ], [ 32.323784787, 52.222424086 ], [ 32.324173558, 52.2151852 ], [ 32.331485306, 52.202799899 ], [ 32.345333857, 52.194155117 ], [ 32.347158577, 52.183216689 ], [ 32.342683218, 52.182216324 ], [ 32.341810194, 52.180406521 ], [ 32.339921486, 52.180883629 ], [ 32.338289664, 52.175456705 ], [ 32.334675745, 52.176170844 ], [ 32.339047417, 52.173932553 ], [ 32.332923817, 52.170809174 ], [ 32.333530463, 52.167883069 ], [ 32.331602952, 52.166783847 ], [ 32.33038904, 52.168018715 ], [ 32.32908045, 52.163197706 ], [ 32.326245029, 52.16307093 ], [ 32.327264, 52.160519 ], [ 32.325602938, 52.159870103 ], [ 32.329442797, 52.159164069 ], [ 32.324616744, 52.150917643 ], [ 32.330966857, 52.156834325 ], [ 32.365393205, 52.155996902 ], [ 32.368179929, 52.146672311 ], [ 32.360375421, 52.140410429 ], [ 32.334589027, 52.140978187 ], [ 32.329407111, 52.133070096 ], [ 32.320283582, 52.1363925 ], [ 32.317576793, 52.1222679 ], [ 32.300618328, 52.12205082700001 ], [ 32.296854494, 52.119634718 ], [ 32.294137766, 52.11990506 ], [ 32.295265849, 52.113372205 ], [ 32.297002026, 52.113683732 ], [ 32.298177576, 52.111263346 ], [ 32.291460436, 52.108463692 ], [ 32.290441044, 52.103024355 ], [ 32.286736834, 52.103336948 ], [ 32.286402509, 52.101435638 ], [ 32.280981767, 52.099343556 ], [ 32.279318328, 52.099976645 ], [ 32.276881374, 52.09715618100001 ], [ 32.270545034, 52.097552003 ], [ 32.263551631, 52.092525145 ], [ 32.260793241, 52.092926563 ], [ 32.262256443, 52.092023431 ], [ 32.260207757, 52.090847323 ], [ 32.25205966, 52.090692428 ], [ 32.252553942, 52.088869538 ], [ 32.242602454, 52.089451933 ], [ 32.237939988, 52.088525524 ], [ 32.238136987, 52.086754058 ], [ 32.224420773, 52.087150737 ], [ 32.217024058, 52.081448822 ], [ 32.208575661, 52.078521801 ], [ 32.207402242, 52.074221414 ], [ 32.201988584, 52.074373769 ], [ 32.20061839, 52.072411417 ], [ 32.202659547, 52.068999641 ], [ 32.199326701, 52.066077373 ], [ 32.199313258, 52.068512315 ], [ 32.192939159, 52.066991549 ], [ 32.185957912, 52.071836052 ], [ 32.176202132, 52.070950406 ], [ 32.175734224, 52.068940299 ], [ 32.170504896, 52.07154704 ], [ 32.167992411, 52.070305437 ], [ 32.164742301, 52.071950055 ], [ 32.162699875, 52.070108572 ], [ 32.155800943, 52.071688246 ], [ 32.153593316, 52.069263781 ], [ 32.147279345, 52.069149875 ], [ 32.148542691, 52.067672197 ], [ 32.146420657, 52.065344235 ], [ 32.148462523, 52.062566319 ], [ 32.143710292, 52.060626862 ], [ 32.145549824, 52.059284239 ], [ 32.144136418, 52.05827187 ], [ 32.147122483, 52.057764212 ], [ 32.137603442, 52.052327533 ], [ 32.133970421, 52.052630963 ], [ 32.135675203, 52.054020271 ], [ 32.133167999, 52.053717 ], [ 32.131365001, 52.047835001 ], [ 32.133757999, 52.043938999 ], [ 32.124475001, 52.046459 ], [ 32.10062179, 52.045604832 ], [ 32.095974901, 52.044160955 ], [ 32.09552442, 52.033604615 ], [ 32.062438202, 52.035458468 ], [ 32.044392689, 52.039500406 ], [ 32.036380247, 52.045430047 ], [ 32.025422999, 52.047096999 ], [ 32.020706001, 52.049521 ], [ 31.964687393, 52.053873991 ], [ 31.958729318, 52.051351207 ], [ 31.95724096, 52.048644731 ], [ 31.949333733, 52.045741175 ], [ 31.946443324, 52.04757332 ], [ 31.941541094, 52.047664987 ], [ 31.940857605, 52.049157579 ], [ 31.935507637, 52.047786679 ], [ 31.935484787, 52.045987991 ], [ 31.925200065, 52.043204041 ], [ 31.920660775, 52.044854693 ], [ 31.918128201, 52.043089281 ], [ 31.914288072, 52.043316139 ], [ 31.917355675, 52.047784571 ], [ 31.928711626, 52.047265077 ], [ 31.9279605, 52.050687493 ], [ 31.917326381, 52.052506968 ], [ 31.918323379, 52.054939792 ], [ 31.921183089, 52.056901038 ], [ 31.927622246, 52.056731432 ], [ 31.929709158, 52.059028239 ], [ 31.943560356, 52.056629765 ], [ 31.943132155, 52.060792633 ], [ 31.957882002, 52.06789624 ], [ 31.959987001, 52.075109 ], [ 31.954132138, 52.081913333 ], [ 31.94874408, 52.081240933 ], [ 31.947709998, 52.082359317 ], [ 31.940623618, 52.080306313 ], [ 31.94109178, 52.082549687 ], [ 31.936875737, 52.083867725 ], [ 31.931165678, 52.090526607 ], [ 31.920142649, 52.094462709 ], [ 31.916834195, 52.097251147 ], [ 31.908109383, 52.09833625 ], [ 31.902097156, 52.10285488000001 ], [ 31.894338668, 52.105073993 ], [ 31.885698129, 52.105852268 ], [ 31.866768904, 52.11061126 ], [ 31.846504687, 52.110016384 ], [ 31.841508647, 52.106768992 ], [ 31.833242518, 52.104540762 ], [ 31.827823882, 52.100091676 ], [ 31.819326255, 52.098433084 ], [ 31.809495691, 52.098790974 ], [ 31.797684, 52.103072 ], [ 31.786563929, 52.111854539 ], [ 31.77274, 52.111582 ], [ 31.760718784, 52.105435865 ], [ 31.746032172, 52.103163288 ], [ 31.727354748, 52.096395095 ], [ 31.721971316, 52.095818237 ], [ 31.714098106, 52.107275762 ], [ 31.699786738, 52.107648409 ], [ 31.691689025, 52.111104911 ], [ 31.660907139, 52.116604269 ], [ 31.653794419, 52.114306657 ], [ 31.61705451, 52.114516692 ], [ 31.60782424, 52.111487046 ], [ 31.596854151, 52.11555829 ], [ 31.595491001, 52.113959 ], [ 31.5734455, 52.119019161 ], [ 31.546558129, 52.120403214 ], [ 31.535056972, 52.12434086 ], [ 31.518160901, 52.125154077 ], [ 31.498413763, 52.117773222 ], [ 31.491262076, 52.117428789 ], [ 31.488922299, 52.115857814 ], [ 31.483257222, 52.116498621 ], [ 31.463015755, 52.122108228 ], [ 31.455835537, 52.13009103000001 ], [ 31.455700222, 52.136114644 ], [ 31.45194647, 52.140391029 ], [ 31.442380982, 52.140105668 ], [ 31.438698903, 52.142018476 ], [ 31.435140902, 52.140879341 ], [ 31.432176723, 52.143314152 ], [ 31.426980439, 52.140551892 ], [ 31.420663553, 52.139593162 ], [ 31.41437684, 52.141996081 ], [ 31.403412763, 52.142701735 ], [ 31.402851875, 52.140351744 ], [ 31.396762129, 52.13963961 ], [ 31.389966819, 52.133924402 ], [ 31.377469888, 52.134248411 ], [ 31.387631206, 52.121245103 ], [ 31.376783482, 52.118876594 ], [ 31.371714496, 52.114776223 ], [ 31.324880321, 52.104965735 ], [ 31.320697025, 52.09188305 ], [ 31.311132951, 52.086893071 ], [ 31.32132076, 52.082726544 ], [ 31.297759173, 52.051770864 ], [ 31.253613811, 52.04217071 ], [ 31.227098908, 52.049985377 ], [ 31.21876328, 52.054908931 ], [ 31.212338336, 52.062527266 ], [ 31.215069063, 52.069545584 ], [ 31.213073125, 52.071357303 ], [ 31.191514809, 52.075494462 ], [ 31.181587552, 52.075863787 ], [ 31.178712124, 52.074778941 ], [ 31.178970745, 52.076028933 ], [ 31.171619302, 52.07571732000001 ], [ 31.167408724, 52.077651808 ], [ 31.160789163, 52.078136798 ], [ 31.15426109, 52.083722446 ], [ 31.156320643, 52.085706761 ], [ 31.14602038, 52.091790384 ], [ 31.144583988, 52.098538741 ], [ 31.142662854, 52.098753532 ], [ 31.144020785, 52.100566406 ], [ 31.139750314, 52.103111364 ], [ 31.131914473, 52.101713804 ], [ 31.126346122, 52.099647762 ], [ 31.124985771, 52.097148855 ], [ 31.116650898, 52.096413641 ], [ 31.098608504, 52.089634283 ], [ 31.069984949, 52.091095455 ], [ 31.050512647, 52.085855234 ], [ 31.036172712, 52.0855981 ], [ 31.022699227, 52.082517786 ], [ 31.017866776, 52.083159868 ], [ 30.993129801, 52.077790869 ], [ 30.97680802, 52.078721978 ], [ 30.962699587, 52.082615366 ], [ 30.964908581, 52.089624805 ], [ 30.958627838, 52.090388315 ], [ 30.956630001, 52.088517 ], [ 30.949737001, 52.08944 ], [ 30.952432349, 52.075453411 ], [ 30.945576775, 52.073395025 ], [ 30.936251712, 52.075504206 ], [ 30.932051174, 52.071986651 ], [ 30.935423663, 52.064581019 ], [ 30.944867169, 52.060235542 ], [ 30.948650977, 52.054819788 ], [ 30.944513992, 52.046751813 ], [ 30.936074497, 52.043330441 ], [ 30.933305446, 52.03945610200001 ], [ 30.936839294, 52.031752272 ], [ 30.945226685, 52.026169729 ], [ 30.938981071, 52.020074467 ], [ 30.939682063, 52.013548615 ], [ 30.935652546, 52.012631041 ], [ 30.923953336, 52.015480309 ], [ 30.917855183, 52.010204943 ], [ 30.910130984, 52.008830907 ], [ 30.904395559, 52.004838914 ], [ 30.895052542, 52.002419117 ], [ 30.892306076, 51.998108749 ], [ 30.893302727, 51.995107315 ], [ 30.908177958, 51.992510298 ], [ 30.911003257, 51.9881993 ], [ 30.904738252, 51.984461992 ], [ 30.889058184, 51.98628039 ], [ 30.884889836, 51.984456822 ], [ 30.884204211, 51.980854198 ], [ 30.891159755, 51.973291612 ], [ 30.889004084, 51.968749031 ], [ 30.87205106, 51.966901834 ], [ 30.8651615, 51.971473949 ], [ 30.86014653, 51.972429771 ], [ 30.855129042, 51.969804528 ], [ 30.849324043, 51.961918367 ], [ 30.836653272, 51.961507718 ], [ 30.834967976, 51.952923193 ], [ 30.82933144, 51.952426788 ], [ 30.819904386, 51.956249756 ], [ 30.814761106, 51.951386265 ], [ 30.805632529, 51.94741795800001 ], [ 30.811741929, 51.936526158 ], [ 30.823622408, 51.924883289 ], [ 30.825187929, 51.921157695 ], [ 30.823230296, 51.918194949 ], [ 30.804891962, 51.906604463 ], [ 30.802200438, 51.898859495 ], [ 30.797083314, 51.897285626 ], [ 30.791266105, 51.897485857 ], [ 30.75518398, 51.904178776 ], [ 30.749888507, 51.90392295 ], [ 30.728373662, 51.885878476 ], [ 30.721761035, 51.873699131 ], [ 30.706873988, 51.866735676 ], [ 30.700416514, 51.857330029 ], [ 30.698589331, 51.846075522 ], [ 30.69144502, 51.827661793 ], [ 30.683835945, 51.823657509 ], [ 30.666488618, 51.821268149 ], [ 30.660554968, 51.816951158 ], [ 30.670646886, 51.79585321 ], [ 30.668670078, 51.78960171 ], [ 30.65973103, 51.784398715 ], [ 30.642228316, 51.78500537 ], [ 30.636011913, 51.783709803 ], [ 30.630345723, 51.774558609 ], [ 30.618728313, 51.770540443 ], [ 30.611913389, 51.765376753 ], [ 30.613078497, 51.761174542 ], [ 30.617874265, 51.759230318 ], [ 30.625889109, 51.76037764 ], [ 30.63907107, 51.765240332 ], [ 30.646944519, 51.764270431 ], [ 30.650919844, 51.760381097 ], [ 30.650384263, 51.754302846 ], [ 30.646954765, 51.749180296 ], [ 30.625364949, 51.732829155 ], [ 30.625361615, 51.713744502 ], [ 30.618698196, 51.709595375 ], [ 30.608455772, 51.707721615 ], [ 30.586452001, 51.711310001 ], [ 30.575799693, 51.71164239 ], [ 30.564820544, 51.707943215 ], [ 30.560809215, 51.70419556200001 ], [ 30.560422497, 51.698571949 ], [ 30.578464366, 51.678590143 ], [ 30.573261446, 51.660724259 ], [ 30.580433288, 51.651354346 ], [ 30.580192393, 51.646685575 ], [ 30.572368328, 51.643078497 ], [ 30.553801507, 51.644120693 ], [ 30.548555443, 51.642678712 ], [ 30.546416763, 51.636390189 ], [ 30.55831726, 51.627843726 ], [ 30.556863783, 51.623587466 ], [ 30.549652804, 51.621761937 ], [ 30.536694879, 51.622727989 ], [ 30.531594053, 51.620355498 ], [ 30.530304878, 51.6165021 ], [ 30.535816094, 51.608470482 ], [ 30.53210133, 51.603119376 ], [ 30.525571571, 51.602334612 ], [ 30.51339124, 51.604266263 ], [ 30.506398662, 51.600215411 ], [ 30.508915851, 51.594995828 ], [ 30.519786032, 51.59014345 ], [ 30.527355752, 51.583564402 ], [ 30.53184837, 51.582421655 ], [ 30.543749244, 51.58328060800001 ], [ 30.553819498, 51.578408364 ], [ 30.554733464, 51.576181147 ], [ 30.551825011, 51.572884322 ], [ 30.533589608, 51.573968098 ], [ 30.528729742, 51.572323869 ], [ 30.527022794, 51.570003535 ], [ 30.528122412, 51.563249781 ], [ 30.541222757, 51.552541194 ], [ 30.545873764, 51.542720689 ], [ 30.552678999, 51.541836001 ], [ 30.565068214, 51.549804913 ], [ 30.572505367, 51.552486148 ], [ 30.578935987, 51.551424553 ], [ 30.584899482, 51.544765865 ], [ 30.58588015, 51.53921796600001 ], [ 30.570212709, 51.521737926 ], [ 30.567477925, 51.514113088 ], [ 30.569733436, 51.510143195 ], [ 30.582097873, 51.502652853 ], [ 30.586070278, 51.498189795 ], [ 30.590094593, 51.478998302 ], [ 30.595659947, 51.474258326 ], [ 30.606058944, 51.470318888 ], [ 30.607508459, 51.467374058 ], [ 30.602039789, 51.460504384 ], [ 30.583359369, 51.453945714 ], [ 30.578514384, 51.449419719 ], [ 30.57777017, 51.446572661 ], [ 30.584249486, 51.430596787 ], [ 30.589330645, 51.424466988 ], [ 30.595726089, 51.422635268 ], [ 30.602316968, 51.423603186 ], [ 30.610967226, 51.429240975 ], [ 30.615456542, 51.429653668 ], [ 30.620321472, 51.427967916 ], [ 30.621464723, 51.420688286 ], [ 30.633485695, 51.401578942 ], [ 30.65366528, 51.37648426 ], [ 30.651592776, 51.372309468 ], [ 30.636308082, 51.366553314 ], [ 30.633452973, 51.361841217 ], [ 30.635804595, 51.356588229 ], [ 30.653369895, 51.34483138 ], [ 30.651975695, 51.338275679 ], [ 30.645204444, 51.33489395 ], [ 30.619073249, 51.331870515 ], [ 30.594872712, 51.314856684 ], [ 30.575712667, 51.306644049 ], [ 30.573472436, 51.302115127 ], [ 30.57697446, 51.295809635 ], [ 30.57811329, 51.286694897 ], [ 30.576115034, 51.281116754 ], [ 30.569313264, 51.275196762 ], [ 30.568772077, 51.270034825 ], [ 30.550566551, 51.266613827 ], [ 30.539826714, 51.26257745 ], [ 30.539625917, 51.257124058 ], [ 30.552567302, 51.251665324 ], [ 30.556507286, 51.246207696 ], [ 30.560239881, 51.236576679 ], [ 30.558405407, 51.232564406 ], [ 30.554481555, 51.230079001 ], [ 30.547644181, 51.229650299 ], [ 30.525360147, 51.236676898 ], [ 30.509045543, 51.231333347 ], [ 30.505217412, 51.224326946 ], [ 30.507548961, 51.219622818 ], [ 30.521593399, 51.213066791 ], [ 30.530439142, 51.20058966500001 ], [ 30.528811692, 51.196179087 ], [ 30.516807441, 51.189241916 ], [ 30.516372131, 51.185792437 ], [ 30.520026207, 51.182953803 ], [ 30.534545508, 51.183984875 ], [ 30.538448164, 51.181092514 ], [ 30.538213491, 51.176970751 ], [ 30.530558804, 51.172859084 ], [ 30.522066023, 51.173107744 ], [ 30.509047972, 51.176543423 ], [ 30.50218121, 51.176111369 ], [ 30.496160454, 51.172098685 ], [ 30.49040988, 51.163348098 ], [ 30.490401983, 51.146065411 ], [ 30.49416775, 51.134342905 ], [ 30.501661918, 51.125841233 ], [ 30.514337318, 51.116787865 ], [ 30.517206857, 51.110990033 ], [ 30.513806976, 51.102493617 ], [ 30.495084223, 51.098965643 ], [ 30.484425196, 51.092298355 ], [ 30.486329083, 51.089245698 ], [ 30.510194313, 51.073722864 ], [ 30.506255672, 51.061609917 ], [ 30.493437479, 51.049853415 ], [ 30.50121437, 51.032317785 ], [ 30.499894143, 51.022006331 ], [ 30.601335295, 51.026842073 ], [ 30.60283643, 51.009287048 ], [ 30.625010775, 51.009871353 ], [ 30.625593601, 51.008185106 ], [ 30.641758275, 51.002888171 ], [ 30.649668615, 50.984271168 ], [ 30.644896161, 50.963702705 ], [ 30.657729436, 50.953399798 ], [ 30.667691966, 50.937070366 ], [ 30.667012044, 50.933725195 ], [ 30.67370248, 50.919043185 ], [ 30.683436117, 50.902559834 ], [ 30.695241132, 50.903440643 ], [ 30.696903287, 50.901052101 ], [ 30.715577903, 50.899102548 ], [ 30.71583485, 50.89712053 ], [ 30.722005695, 50.895200571 ], [ 30.734226105, 50.8952043 ], [ 30.736528676, 50.887605414 ], [ 30.770913904, 50.874782264 ], [ 30.767175792, 50.871783768 ], [ 30.771185199, 50.866238177 ], [ 30.775208605, 50.864149673 ], [ 30.777438443, 50.855655374 ], [ 30.772814962, 50.852887104 ], [ 30.770631261, 50.849133066 ], [ 30.774557325, 50.843863152 ], [ 30.774422371, 50.836785224 ], [ 30.777804383, 50.830949837 ], [ 30.774681392, 50.828094619 ], [ 30.765953678, 50.825952456 ], [ 30.766349302, 50.823040082 ], [ 30.770037464, 50.822602261 ], [ 30.771279217, 50.81660382 ], [ 30.763904152, 50.81101382 ], [ 30.757771423, 50.810448679 ], [ 30.753566001, 50.811395066 ], [ 30.744577253, 50.819384905 ], [ 30.738121181, 50.817102307 ], [ 30.731392228, 50.817347392 ], [ 30.735923814, 50.80852237300001 ], [ 30.744335462, 50.806384433 ], [ 30.743143116, 50.801286316 ], [ 30.745458785, 50.798170894 ], [ 30.742869355, 50.794772278 ], [ 30.748896765, 50.791276133 ], [ 30.745357285, 50.786250181 ], [ 30.737951195, 50.784450439 ], [ 30.739045172, 50.782887156 ], [ 30.736253704, 50.783170911 ], [ 30.740135546, 50.78004786 ], [ 30.737198537, 50.777130457 ], [ 30.739714385, 50.771152388 ], [ 30.755204621, 50.775792481 ], [ 30.757771568, 50.772277922 ], [ 30.764993902, 50.772070669 ], [ 30.767231405, 50.770714264 ], [ 30.77037575, 50.778980407 ], [ 30.776709645, 50.777546403 ], [ 30.780039602, 50.774394322 ], [ 30.801379176, 50.769246194 ], [ 30.809242601, 50.769584219 ], [ 30.821741824, 50.764815587 ], [ 30.836789213, 50.761704689 ], [ 30.838755886, 50.767145474 ], [ 30.844366014, 50.76852724 ], [ 30.845373487, 50.773060372 ], [ 30.856009314, 50.775787526 ], [ 30.864286221, 50.779827534 ], [ 30.870473293, 50.78070458 ], [ 30.873498678, 50.777029952 ], [ 30.858588189, 50.771181506 ], [ 30.855244534, 50.771995693 ], [ 30.84147519, 50.762840778 ], [ 30.838666405, 50.75816735 ], [ 30.842133515, 50.756308469 ], [ 30.841502648, 50.754573192 ], [ 30.827703313, 50.756545061 ], [ 30.827549178, 50.750152663 ], [ 30.833530529, 50.748562488 ], [ 30.834896446, 50.744912178 ], [ 30.865326762, 50.745243034 ], [ 30.875273, 50.746814999 ], [ 30.877528848, 50.768619537 ], [ 30.890061087, 50.773864744 ], [ 30.893484999, 50.766125999 ], [ 30.934211735, 50.763614414 ], [ 30.934600051, 50.758919927 ], [ 30.949876484, 50.757248034 ], [ 30.954892863, 50.763570143 ], [ 30.975522075, 50.761488076 ], [ 31.013762163, 50.765366665 ], [ 31.015442899, 50.763186829 ], [ 31.024956858, 50.763622067 ], [ 31.031370434, 50.761663964 ], [ 31.040695972, 50.763638866 ], [ 31.069493516, 50.764715586 ], [ 31.075588776, 50.781359531 ], [ 31.099439612, 50.779307946 ], [ 31.126408473, 50.774840076 ], [ 31.121756982, 50.749772665 ], [ 31.13173623, 50.747464786 ], [ 31.141859177, 50.747091156 ], [ 31.149443053, 50.737740651 ], [ 31.156340638, 50.73787384 ], [ 31.166044007, 50.7330293 ], [ 31.164305487, 50.724819222 ], [ 31.190824583, 50.724468238 ], [ 31.190644547, 50.703033138 ], [ 31.205960565, 50.706430046 ], [ 31.206539105, 50.69670135 ], [ 31.218698015, 50.696211607 ], [ 31.216863663, 50.69078895 ], [ 31.220426044, 50.684227936 ], [ 31.223335888, 50.667649429 ], [ 31.212660335, 50.663339224 ], [ 31.203640479, 50.656199102 ], [ 31.198861641, 50.645355341 ], [ 31.20421116, 50.637930073 ], [ 31.227445373, 50.627075424 ], [ 31.218522871, 50.619946202 ], [ 31.227214261, 50.613084141 ], [ 31.222123647, 50.606694719 ], [ 31.166040269, 50.607501834 ], [ 31.165385206, 50.589694328 ], [ 31.187491404, 50.589152958 ], [ 31.187572711, 50.574236494 ], [ 31.213812277, 50.573486088 ], [ 31.213566375, 50.569773044 ], [ 31.237434246, 50.569097121 ], [ 31.237237242, 50.56691933 ], [ 31.246580348, 50.567059833 ], [ 31.246711268, 50.561377983 ], [ 31.250969661, 50.555942052 ], [ 31.259573247, 50.556479073 ], [ 31.258822468, 50.548436546 ], [ 31.254802202, 50.544340168 ], [ 31.255496509, 50.54231092 ], [ 31.270582635, 50.53701994 ], [ 31.308058276, 50.530903622 ], [ 31.307526184, 50.529706056 ], [ 31.320371543, 50.52694325 ], [ 31.32221756, 50.513634706 ], [ 31.330215803, 50.500815264 ], [ 31.34802486, 50.516741833 ], [ 31.358013256, 50.52924923 ], [ 31.370114414, 50.533009972 ], [ 31.375801413, 50.527878031 ], [ 31.397823177, 50.523295265 ], [ 31.413830727, 50.517237263 ], [ 31.420752546, 50.508897925 ], [ 31.419463567, 50.50345691 ], [ 31.444813262, 50.500348527 ], [ 31.445049234, 50.506071264 ], [ 31.452212518, 50.505690791 ], [ 31.455440767, 50.510930564 ], [ 31.480041483, 50.515174149 ], [ 31.493181245, 50.520247009 ], [ 31.492672858, 50.523105808 ], [ 31.499679214, 50.521849981 ], [ 31.510575957, 50.522724197 ], [ 31.511199207, 50.520945647 ], [ 31.51911248, 50.52178142 ], [ 31.519493797, 50.529809898 ], [ 31.5267442, 50.529797175 ], [ 31.529727184, 50.526551019 ], [ 31.535160944, 50.528453121 ], [ 31.544927008, 50.521275074 ], [ 31.553102693, 50.519437595 ], [ 31.559472931, 50.520267464 ], [ 31.563733921, 50.518497332 ], [ 31.570087949, 50.5236804 ], [ 31.570759919, 50.527670374 ], [ 31.630243941, 50.520541435 ], [ 31.639138236, 50.524439565 ], [ 31.645480917, 50.531362332 ], [ 31.64677675, 50.552739355 ], [ 31.66255283, 50.553735328 ], [ 31.664266828, 50.550712148 ], [ 31.668691677, 50.548460755 ], [ 31.686469353, 50.562749534 ], [ 31.72783395, 50.560048182 ], [ 31.782171679, 50.559465358 ], [ 31.777191481, 50.577668889 ], [ 31.788081315, 50.578919857 ], [ 31.787350675, 50.590504414 ], [ 31.78204686, 50.605674228 ], [ 31.812008586, 50.60597942 ], [ 31.81068772, 50.623758531 ], [ 31.84640133, 50.628465422 ], [ 31.858987, 50.632042496 ], [ 31.868768114, 50.618568564 ], [ 31.872327053, 50.619485142 ], [ 31.883450279, 50.607336618 ], [ 31.887961755, 50.608747126 ], [ 31.913605963, 50.598780021 ], [ 31.921685153, 50.593206847 ], [ 31.925668675, 50.582918834 ], [ 31.940467703, 50.571299559 ], [ 31.955299082, 50.543708339 ], [ 31.976076246, 50.540117112 ], [ 32.045690375, 50.542058639 ], [ 32.063453412, 50.540772634 ], [ 32.06197253, 50.529433509 ], [ 32.051438879, 50.523500131 ], [ 32.064050061, 50.511729445 ], [ 32.046922885, 50.496045305 ], [ 32.007022422, 50.486718755 ], [ 32.001775693, 50.496407337 ], [ 31.996259568, 50.496799523 ], [ 31.992240729, 50.494569668 ], [ 31.98661988, 50.496523854 ], [ 31.985825865, 50.486458344 ], [ 31.983235939, 50.482878317 ], [ 31.977492181, 50.485335853 ], [ 31.975576738, 50.489440692 ], [ 31.965715216, 50.487458723 ], [ 31.96347674, 50.485439985 ], [ 31.967871242, 50.482313434 ], [ 31.97108828, 50.482551318 ], [ 31.970598011, 50.483831943 ], [ 31.972692516, 50.483292323 ], [ 31.974907727, 50.480527498 ], [ 31.979312454, 50.481631059 ], [ 31.970125129, 50.473791911 ], [ 31.973199686, 50.466383455 ], [ 32.023441531, 50.458496242 ], [ 32.02775358, 50.435912772 ], [ 32.039275468, 50.428617839 ], [ 32.046310294, 50.401705514 ], [ 32.056980899, 50.397171851 ], [ 32.096468845, 50.41687985 ], [ 32.102383896, 50.412674428 ], [ 32.076781555, 50.392427921 ], [ 32.083973964, 50.385890645 ], [ 32.081431713, 50.383316407 ], [ 32.08454818, 50.378986343 ], [ 32.075554896, 50.374457877 ], [ 32.091116082, 50.369580992 ], [ 32.103420688, 50.374078724 ], [ 32.106489563, 50.378336724 ], [ 32.117527571, 50.380686911 ], [ 32.137318562, 50.377321998 ], [ 32.154665506, 50.376530912 ], [ 32.161006175, 50.368032869 ], [ 32.141304891, 50.354111339 ], [ 32.143312643, 50.348251211 ] ], [ [ 30.77683074, 51.509217512 ], [ 30.773440373, 51.509113527 ], [ 30.773180571, 51.511555142 ], [ 30.776516055, 51.511682533 ], [ 30.77683074, 51.509217512 ] ], [ [ 30.666654042, 51.512034466 ], [ 30.667176128, 51.510976446 ], [ 30.663989394, 51.510243102 ], [ 30.662893237, 51.512790232 ], [ 30.665656652, 51.513427961 ], [ 30.666654042, 51.512034466 ] ], [ [ 30.755115411, 51.514719667 ], [ 30.754799143, 51.513473052 ], [ 30.747857795, 51.514418919 ], [ 30.748167639, 51.515589589 ], [ 30.755115411, 51.514719667 ] ], [ [ 30.760987216, 51.539864018 ], [ 30.785311195, 51.538846259 ], [ 30.783861889, 51.525228459 ], [ 30.789305321, 51.525121292 ], [ 30.789218519, 51.522859796 ], [ 30.786342763, 51.522938832 ], [ 30.786338273, 51.525032284 ], [ 30.783848332, 51.525141105 ], [ 30.782252862, 51.511851222 ], [ 30.752927296, 51.516501327 ], [ 30.698726798, 51.522135311 ], [ 30.67116922, 51.52202123 ], [ 30.658409979, 51.518665229 ], [ 30.658600646, 51.519829469 ], [ 30.654636712, 51.52007776 ], [ 30.652078413, 51.523335822 ], [ 30.628517177, 51.514989378 ], [ 30.604838994, 51.515420432 ], [ 30.605546524, 51.51249967 ], [ 30.602367652, 51.51224044 ], [ 30.601728126, 51.510517854 ], [ 30.599838032, 51.510347455 ], [ 30.595356518, 51.514755004 ], [ 30.598163526, 51.515811286 ], [ 30.596871566, 51.52003520200001 ], [ 30.592978274, 51.520882974 ], [ 30.595171985, 51.515317614 ], [ 30.585740289, 51.515877988 ], [ 30.585796374, 51.521831306 ], [ 30.59263198, 51.521136365 ], [ 30.592582045, 51.524279645 ], [ 30.601082206, 51.524946953 ], [ 30.605562272, 51.51588372 ], [ 30.626714573, 51.515059475 ], [ 30.661005204, 51.526422267 ], [ 30.669370629, 51.528059676 ], [ 30.670968374, 51.530878911 ], [ 30.689749933, 51.530667116 ], [ 30.69416903, 51.528872833 ], [ 30.710124261, 51.530868 ], [ 30.70885535, 51.553079579 ], [ 30.735559258, 51.548692455 ], [ 30.735969298, 51.540916418 ], [ 30.760987216, 51.539864018 ] ] ] } },
{ "type": "Feature", "properties": { "shapeName": "Kyivska", "shapeISO": "", "shapeID": "82583831B38424722393808", "shapeGroup": "UKR", "shapeType": "ADM1" }, "geometry": { "type": "Polygon", "coordinates": [ [ [ 30.57303635, 50.54826783 ], [ 30.569663161, 50.545302646 ], [ 30.563781049, 50.54482071 ], [ 30.54558019, 50.549776723 ], [ 30.535184076, 50.548975664 ], [ 30.532275134, 50.547385572 ], [ 30.530953256, 50.541516731 ], [ 30.544378151, 50.528094668 ], [ 30.540950024, 50.52322889 ], [ 30.534746159, 50.526679773 ], [ 30.531534094, 50.535417764 ], [ 30.50256411, 50.546773802 ], [ 30.495531136, 50.551651785 ], [ 30.491109068, 50.560831775 ], [ 30.49020413, 50.568330808 ], [ 30.483880101, 50.567730774 ], [ 30.484954259, 50.569395444 ], [ 30.481521121, 50.572232813 ], [ 30.464562082, 50.57166375 ], [ 30.462866113, 50.58447183 ], [ 30.4468861, 50.586264816 ], [ 30.371004118, 50.586436827 ], [ 30.370747072, 50.573402798 ], [ 30.339185086, 50.573758755 ], [ 30.307402122, 50.57058381 ], [ 30.326560101, 50.564949776 ], [ 30.325548619, 50.563008124 ], [ 30.331714067, 50.559262828 ], [ 30.341889639, 50.5569318 ], [ 30.331779158, 50.556457803 ], [ 30.331865075, 50.554695767 ], [ 30.329247076, 50.553764798 ], [ 30.332681076, 50.551265618 ], [ 30.329127291, 50.549481344 ], [ 30.325873142, 50.550155797 ], [ 30.326509129, 50.546055752 ], [ 30.310950368, 50.555083244 ], [ 30.301489137, 50.553491769 ], [ 30.298026716, 50.554413786 ], [ 30.297254125, 50.551723773 ], [ 30.303025102, 50.547833817 ], [ 30.304324168, 50.543454798 ], [ 30.30258207, 50.533073772 ], [ 30.292775255, 50.532730507 ], [ 30.290845116, 50.527188818 ], [ 30.282018088, 50.522214794 ], [ 30.273656751, 50.52134978 ], [ 30.260650129, 50.511613762 ], [ 30.259386641, 50.509911792 ], [ 30.270352138, 50.502663817 ], [ 30.270006235, 50.498148119 ], [ 30.264652112, 50.494063773 ], [ 30.266350136, 50.492376747 ], [ 30.260368159, 50.485935761 ], [ 30.253412061, 50.486885753 ], [ 30.251684062, 50.485046764 ], [ 30.249418161, 50.474901771 ], [ 30.256222064, 50.472199816 ], [ 30.257772098, 50.469777795 ], [ 30.240867052, 50.455324739 ], [ 30.239408046, 50.449070199 ], [ 30.246829121, 50.440368794 ], [ 30.242306069, 50.43860274 ], [ 30.242062154, 50.435686791 ], [ 30.236491069, 50.430672762 ], [ 30.240883115, 50.428065746 ], [ 30.24438912, 50.422924742 ], [ 30.251084124, 50.42649874 ], [ 30.255238046, 50.431142798 ], [ 30.260220142, 50.431133754 ], [ 30.269308099, 50.426211817 ], [ 30.276252103, 50.430682732 ], [ 30.274793789, 50.431651593 ], [ 30.282050159, 50.442795784 ], [ 30.281260137, 50.447320785 ], [ 30.310854085, 50.442691807 ], [ 30.321872144, 50.442360773 ], [ 30.344012116, 50.445606788 ], [ 30.344012067, 50.449516797 ], [ 30.339599066, 50.452693788 ], [ 30.345661109, 50.45359279 ], [ 30.348691077, 50.451192295 ], [ 30.34812416, 50.448807788 ], [ 30.351067075, 50.44900876900001 ], [ 30.350731122, 50.445016823 ], [ 30.357801101, 50.44462277 ], [ 30.359674041, 50.433232795 ], [ 30.369132068, 50.420966814 ], [ 30.394218096, 50.405450753 ], [ 30.419981131, 50.397256783 ], [ 30.417317092, 50.39632176 ], [ 30.422672088, 50.395956749 ], [ 30.421955108, 50.393918765 ], [ 30.425982076, 50.391323809 ], [ 30.42854615, 50.391880767 ], [ 30.442174043, 50.381455737 ], [ 30.430558057, 50.3717898 ], [ 30.437477082, 50.367547789 ], [ 30.435916136, 50.36089579 ], [ 30.437633506, 50.356927344 ], [ 30.452083043, 50.354555763 ], [ 30.455043052, 50.359922795 ], [ 30.457702132, 50.360980787 ], [ 30.468393041, 50.3601288 ], [ 30.466707049, 50.358399772 ], [ 30.470275079, 50.355463781 ], [ 30.468048093, 50.352007765 ], [ 30.472752125, 50.350547802 ], [ 30.474079024, 50.340127792 ], [ 30.477827063, 50.339452753 ], [ 30.476974113, 50.336173753 ], [ 30.474266031, 50.335364786 ], [ 30.475237031, 50.333177811 ], [ 30.485204125, 50.333960776 ], [ 30.485915041, 50.336232792 ], [ 30.491116126, 50.335248799 ], [ 30.497030066, 50.332652748 ], [ 30.487621101, 50.328290791 ], [ 30.496295239, 50.321925238 ], [ 30.508519052, 50.32609376 ], [ 30.515820085, 50.321418255 ], [ 30.53540704, 50.31741182 ], [ 30.532321123, 50.302109774 ], [ 30.537060165, 50.300428271 ], [ 30.528106116, 50.290297771 ], [ 30.54623008, 50.291005809 ], [ 30.548032081, 50.282923777 ], [ 30.542592012, 50.27586482 ], [ 30.553797083, 50.26948374700001 ], [ 30.553950119, 50.262453825 ], [ 30.55100109, 50.26200380200001 ], [ 30.55261307, 50.259348823 ], [ 30.554677581, 50.258367767 ], [ 30.574726079, 50.259445767 ], [ 30.583356013, 50.250378764 ], [ 30.590928042, 50.231182814 ], [ 30.590000006, 50.216200789 ], [ 30.592308022, 50.216411804 ], [ 30.59347411, 50.213303431 ], [ 30.643667021, 50.225957784 ], [ 30.637424906, 50.234680488 ], [ 30.645751051, 50.236574823 ], [ 30.646707027, 50.239724788 ], [ 30.635936081, 50.245257779 ], [ 30.63312808, 50.25117876 ], [ 30.625314091, 50.257379753 ], [ 30.62667603, 50.262656745 ], [ 30.616753099, 50.265341817 ], [ 30.616053112, 50.271647274 ], [ 30.609759107, 50.276871789 ], [ 30.610805121, 50.280603786 ], [ 30.640640048, 50.28015578 ], [ 30.638667088, 50.282285787 ], [ 30.635862038, 50.281466739 ], [ 30.638624043, 50.283524822 ], [ 30.636074059, 50.2831868 ], [ 30.638051023, 50.284443803 ], [ 30.63539907, 50.284858772 ], [ 30.637459124, 50.285357811 ], [ 30.638371054, 50.284126819 ], [ 30.641446043, 50.285996757 ], [ 30.641888549, 50.290610764 ], [ 30.65374811, 50.293994815 ], [ 30.644683061, 50.306581755 ], [ 30.629079102, 50.320258761 ], [ 30.627788121, 50.326750747 ], [ 30.618933035, 50.335577784 ], [ 30.618369094, 50.337174767 ], [ 30.624846042, 50.337126813 ], [ 30.628731072, 50.338584808 ], [ 30.627596046, 50.341160789 ], [ 30.633242111, 50.339978799 ], [ 30.631978022, 50.34743175 ], [ 30.625943061, 50.347451816 ], [ 30.624933119, 50.349376784 ], [ 30.620092105, 50.350868763 ], [ 30.625318021, 50.35191481 ], [ 30.626966044, 50.360098772 ], [ 30.63577207, 50.362416794 ], [ 30.646067117, 50.363024748 ], [ 30.647540041, 50.356633771 ], [ 30.6729961, 50.358238819 ], [ 30.677478064, 50.353119782 ], [ 30.685096099, 50.352763806 ], [ 30.695455057, 50.349686773 ], [ 30.696783099, 50.347287817 ], [ 30.71099309, 50.352379758 ], [ 30.711077099, 50.35422177 ], [ 30.713188117, 50.354442821 ], [ 30.713925077, 50.35676675500001 ], [ 30.707044038, 50.365591815 ], [ 30.709581031, 50.36794074 ], [ 30.714960131, 50.368582763 ], [ 30.710932022, 50.37275178 ], [ 30.712993024, 50.374275757 ], [ 30.711424125, 50.376524819 ], [ 30.717208117, 50.382511747 ], [ 30.725815126, 50.379648758 ], [ 30.728942068, 50.376622821 ], [ 30.726786124, 50.375395757 ], [ 30.745619119, 50.370637756 ], [ 30.75643404, 50.3727338 ], [ 30.777263348, 50.370488903 ], [ 30.774875088, 50.373511777 ], [ 30.776534345, 50.379007684 ], [ 30.772629086, 50.380973824 ], [ 30.780424531, 50.38523438 ], [ 30.775814034, 50.389705783 ], [ 30.776031116, 50.394747825 ], [ 30.790447074, 50.39782379 ], [ 30.797932054, 50.393780797 ], [ 30.812862078, 50.391807767 ], [ 30.819280101, 50.393903795 ], [ 30.821562074, 50.396414777 ], [ 30.821261032, 50.401033766 ], [ 30.825946092, 50.404716832 ], [ 30.821428046, 50.408226761 ], [ 30.810110491, 50.410594278 ], [ 30.808429308, 50.409543681 ], [ 30.795762085, 50.417626745 ], [ 30.801364066, 50.420867819 ], [ 30.80001114, 50.421706818 ], [ 30.802752031, 50.423609831 ], [ 30.802313054, 50.426360753 ], [ 30.791845553, 50.433874602 ], [ 30.787990054, 50.433614801 ], [ 30.776280116, 50.438868764 ], [ 30.776786135, 50.443135791 ], [ 30.760063089, 50.448201833 ], [ 30.742677069, 50.458505779 ], [ 30.754681127, 50.46156575 ], [ 30.75053012, 50.464325802 ], [ 30.753207142, 50.466332782 ], [ 30.751949029, 50.470346631 ], [ 30.741315108, 50.468708751 ], [ 30.750310055, 50.474584748 ], [ 30.746231137, 50.477658819 ], [ 30.749017055, 50.483600538 ], [ 30.760365794, 50.482376214 ], [ 30.754323127, 50.490198817 ], [ 30.749434145, 50.486551791 ], [ 30.746733042, 50.492018831 ], [ 30.742459043, 50.490326789 ], [ 30.737894109, 50.498663785 ], [ 30.746408045, 50.502195754 ], [ 30.750511288, 50.502280949 ], [ 30.749251781, 50.50463759 ], [ 30.757765957, 50.507787361 ], [ 30.757199308, 50.508774636 ], [ 30.761921648, 50.509020781 ], [ 30.761459141, 50.512065724 ], [ 30.753653685, 50.517308972 ], [ 30.754735078, 50.518973525 ], [ 30.761590117, 50.518945576 ], [ 30.766156257, 50.51401007 ], [ 30.768270056, 50.518768475 ], [ 30.765200018, 50.520953517 ], [ 30.823289418, 50.537035194 ], [ 30.821253082, 50.538783206 ], [ 30.81766715, 50.557187614 ], [ 30.814825169, 50.558223536 ], [ 30.816091042, 50.564188845 ], [ 30.813016086, 50.565903765 ], [ 30.796588792, 50.570454265 ], [ 30.783728115, 50.580017643 ], [ 30.783055745, 50.577434139 ], [ 30.770980397, 50.575758733 ], [ 30.766664946, 50.583794688 ], [ 30.753962224, 50.583297819 ], [ 30.718137069, 50.59083532 ], [ 30.721058111, 50.586104758 ], [ 30.710249208, 50.574950516 ], [ 30.713408073, 50.5576868 ], [ 30.69829048, 50.556393463 ], [ 30.69752414, 50.561633503 ], [ 30.681251115, 50.555566766 ], [ 30.667916127, 50.5531078 ], [ 30.663681134, 50.550659799 ], [ 30.653791081, 50.534778749 ], [ 30.571773787, 50.537964113 ], [ 30.570007054, 50.543647706 ], [ 30.574153102, 50.547163638 ], [ 30.57303635, 50.54826783 ] ], [ [ 30.345649631, 50.495766994 ], [ 30.345439101, 50.49185975 ], [ 30.35071214, 50.490996793 ], [ 30.351805059, 50.484669797 ], [ 30.346278124, 50.482653781 ], [ 30.341366075, 50.482984814 ], [ 30.337324136, 50.485198825 ], [ 30.336408109, 50.483183285 ], [ 30.32789207, 50.48438079 ], [ 30.318903136, 50.487484298 ], [ 30.320713099, 50.487375787 ], [ 30.3173951, 50.492055788 ], [ 30.318851092, 50.495471799 ], [ 30.325165108, 50.492607756 ], [ 30.334832154, 50.493404763 ], [ 30.339302628, 50.498184108 ], [ 30.345649631, 50.495766994 ] ] ] } },
{ "type": "Feature", "properties": { "shapeName": "Sevastopilska", "shapeISO": "", "shapeID": "82583831B98131377155256", "shapeGroup": "UKR", "shapeType": "ADM1" }, "geometry": { "type": "MultiPolygon", "coordinates": [ [ [ [ 33.597177802, 44.503319453 ], [ 33.600503352, 44.498841871 ], [ 33.598343215, 44.496067602 ], [ 33.601869429, 44.497317723 ], [ 33.603303907, 44.500145704 ], [ 33.599192773, 44.505762895 ], [ 33.61055346, 44.507489206 ], [ 33.611987808, 44.509666693 ], [ 33.610566092, 44.514227702 ], [ 33.616282288, 44.511228202 ], [ 33.616975467, 44.513174722 ], [ 33.621890602, 44.514748493 ], [ 33.621440922, 44.516346799 ], [ 33.607770432, 44.516841082 ], [ 33.609195087, 44.518412436 ], [ 33.605098471, 44.517490767 ], [ 33.599962628, 44.518662221 ], [ 33.600260677, 44.523213398 ], [ 33.589999797, 44.522875087 ], [ 33.589082813, 44.520739115 ], [ 33.593056957, 44.519959575 ], [ 33.592188, 44.518862 ], [ 33.583827, 44.514724 ], [ 33.580104, 44.516508 ], [ 33.580962412, 44.5121877 ], [ 33.578894605, 44.509656553 ], [ 33.582198163, 44.507869639 ], [ 33.592647191, 44.512045773 ], [ 33.59325427, 44.506988301 ], [ 33.597177802, 44.503319453 ] ] ], [ [ [ 33.569942969, 44.613571935 ], [ 33.55893028, 44.616297066 ], [ 33.556329763, 44.614334997 ], [ 33.557468185, 44.611326669 ], [ 33.553930025, 44.617347669 ], [ 33.546178602, 44.615659291 ], [ 33.531962142, 44.617068805 ], [ 33.536875659, 44.614615334 ], [ 33.537287773, 44.611078178 ], [ 33.535388243, 44.613446902 ], [ 33.532860858, 44.613664417 ], [ 33.533689298, 44.603677192 ], [ 33.527934494, 44.597239123 ], [ 33.526655733, 44.600177157 ], [ 33.529931799, 44.60483221 ], [ 33.527071291, 44.618792467 ], [ 33.522331813, 44.617570739 ], [ 33.519041565, 44.613558489 ], [ 33.517799338, 44.617358221 ], [ 33.511614211, 44.615937699 ], [ 33.510889328, 44.617876852 ], [ 33.505968341, 44.616210141 ], [ 33.507593204, 44.621049758 ], [ 33.505331031, 44.616862973 ], [ 33.501705752, 44.615155011 ], [ 33.501929211, 44.61123982 ], [ 33.497445481, 44.609719188 ], [ 33.500948489, 44.607612532 ], [ 33.500196353, 44.603956851 ], [ 33.499163966, 44.607253562 ], [ 33.495474795, 44.610015668 ], [ 33.497640147, 44.612245974 ], [ 33.494867726, 44.614526883 ], [ 33.486729805, 44.612204676 ], [ 33.485059753, 44.609124218 ], [ 33.481865661, 44.608000215 ], [ 33.480336815, 44.610906986 ], [ 33.474068359, 44.611812814 ], [ 33.473158987, 44.605796898 ], [ 33.471006182, 44.604973848 ], [ 33.474545667, 44.601799211 ], [ 33.470909551, 44.600969949 ], [ 33.470045353, 44.596815535 ], [ 33.471887112, 44.592234872 ], [ 33.46827055, 44.594367955 ], [ 33.467769135, 44.600283381 ], [ 33.465731882, 44.601097548 ], [ 33.466067954, 44.606437208 ], [ 33.4687821, 44.608192442 ], [ 33.468225168, 44.611812189 ], [ 33.463453296, 44.611576419 ], [ 33.46030518, 44.609036788 ], [ 33.458158609, 44.60994272 ], [ 33.44831078, 44.607816267 ], [ 33.447599762, 44.604738556 ], [ 33.45004641, 44.602033503 ], [ 33.447065657, 44.597639948 ], [ 33.448792403, 44.597149198 ], [ 33.448186484, 44.594865927 ], [ 33.439774079, 44.599130792 ], [ 33.440847169, 44.60372621 ], [ 33.438921177, 44.605372794 ], [ 33.434158439, 44.603289052 ], [ 33.431456193, 44.596753034 ], [ 33.434023478, 44.594680529 ], [ 33.435957336, 44.598682236 ], [ 33.43844485, 44.597239955 ], [ 33.437417641, 44.590808664 ], [ 33.432981833, 44.588241279 ], [ 33.432775541, 44.584334286 ], [ 33.437819854, 44.575959516 ], [ 33.445455515, 44.570970215 ], [ 33.44743, 44.582893 ], [ 33.448857179, 44.582855652 ], [ 33.449239685, 44.586033348 ], [ 33.451620093, 44.586436551 ], [ 33.457316, 44.579758 ], [ 33.455432884, 44.571628676 ], [ 33.463306348, 44.571834771 ], [ 33.462641459, 44.569962697 ], [ 33.469457815, 44.570317263 ], [ 33.474339319, 44.567921925 ], [ 33.476552595, 44.575288117 ], [ 33.486072348, 44.568910983 ], [ 33.488758, 44.569587 ], [ 33.491231448, 44.573012696 ], [ 33.495957697, 44.571306003 ], [ 33.503253524, 44.576012921 ], [ 33.504003951, 44.573261938 ], [ 33.507917, 44.570952 ], [ 33.506523569, 44.567849047 ], [ 33.509528, 44.562992 ], [ 33.520901016, 44.561818216 ], [ 33.525419374, 44.553741016 ], [ 33.522464428, 44.551950649 ], [ 33.528420001, 44.549193 ], [ 33.536227979, 44.550535205 ], [ 33.534911799, 44.553051771 ], [ 33.536116695, 44.556894741 ], [ 33.533534856, 44.560481335 ], [ 33.535184101, 44.574036502 ], [ 33.528552501, 44.57626221 ], [ 33.531383566, 44.578118656 ], [ 33.529178, 44.581572 ], [ 33.533921618, 44.584103516 ], [ 33.53067752, 44.586073682 ], [ 33.541914366, 44.586150444 ], [ 33.543301012, 44.590536282 ], [ 33.547155507, 44.586919457 ], [ 33.553435122, 44.587344435 ], [ 33.570376133, 44.572417877 ], [ 33.578390102, 44.572907203 ], [ 33.580964, 44.574612 ], [ 33.573493127, 44.586642536 ], [ 33.568058806, 44.590742692 ], [ 33.573505378, 44.595063528 ], [ 33.571062311, 44.597909148 ], [ 33.577923124, 44.6024116 ], [ 33.573704615, 44.606628846 ], [ 33.567286873, 44.607375398 ], [ 33.569942969, 44.613571935 ] ] ], [ [ [ 33.602009742, 44.592348952 ], [ 33.604043088, 44.587798043 ], [ 33.609978709, 44.587584549 ], [ 33.602208928, 44.599400355 ], [ 33.600536167, 44.598766266 ], [ 33.602009742, 44.592348952 ] ] ], [ [ [ 33.537325994, 44.647392114 ], [ 33.53178025, 44.640487717 ], [ 33.525747127, 44.638129333 ], [ 33.518097292, 44.637512517 ], [ 33.510306072, 44.631471412 ], [ 33.512803366, 44.628542242 ], [ 33.509660861, 44.624451348 ], [ 33.514560102, 44.629164921 ], [ 33.519500704, 44.627888457 ], [ 33.522314891, 44.629470872 ], [ 33.5257369, 44.62713219 ], [ 33.536309591, 44.626192798 ], [ 33.53643597, 44.623263622 ], [ 33.547808248, 44.623810195 ], [ 33.550004832, 44.626249959 ], [ 33.553693037, 44.623636975 ], [ 33.561906045, 44.625352599 ], [ 33.565124159, 44.623086411 ], [ 33.563938117, 44.620647664 ], [ 33.567471327, 44.620298092 ], [ 33.56755364, 44.621508443 ], [ 33.572299211, 44.622466173 ], [ 33.573704078, 44.627875185 ], [ 33.571034381, 44.629981672 ], [ 33.566970684, 44.626463425 ], [ 33.564773646, 44.626802012 ], [ 33.563186999, 44.629431 ], [ 33.560213453, 44.629305391 ], [ 33.561460664, 44.635268109 ], [ 33.558288735, 44.634493686 ], [ 33.561145219, 44.639530463 ], [ 33.557215343, 44.639590999 ], [ 33.557224926, 44.645477745 ], [ 33.547472071, 44.643723334 ], [ 33.544006148, 44.640151871 ], [ 33.537325994, 44.647392114 ] ] ] ] } }
]
}
