date,territory_snapshot_date,detections,occupied,government_controlled,total_frp_mw,shard
2022-02-24,2022-02-24,46,1,45,197.39,/data/v1/fires/territorial/2022-02.json
2022-02-25,2022-02-24,72,11,61,379.8,/data/v1/fires/territorial/2022-02.json
2022-02-26,2022-02-24,55,8,47,323.15,/data/v1/fires/territorial/2022-02.json
2022-02-27,2022-02-24,86,10,76,337,/data/v1/fires/territorial/2022-02.json
2022-02-28,2022-02-24,99,6,93,806.38,/data/v1/fires/territorial/2022-02.json
2022-03-01,2022-02-24,3,1,2,9.82,/data/v1/fires/territorial/2022-03.json
2022-03-02,2022-02-24,0,0,0,0,/data/v1/fires/territorial/2022-03.json
2022-03-03,2022-02-24,0,0,0,0,/data/v1/fires/territorial/2022-03.json
2022-03-04,2022-02-24,4,0,4,18.12,/data/v1/fires/territorial/2022-03.json
2022-03-05,2022-02-24,6,2,4,11.4,/data/v1/fires/territorial/2022-03.json
2022-03-06,2022-02-24,19,0,19,65.92,/data/v1/fires/territorial/2022-03.json
2022-03-07,2022-03-07,4,0,4,6.61,/data/v1/fires/territorial/2022-03.json
2022-03-08,2022-03-07,10,0,10,94.81,/data/v1/fires/territorial/2022-03.json
2022-03-09,2022-03-07,21,4,17,229.31,/data/v1/fires/territorial/2022-03.json
2022-03-10,2022-03-07,68,16,52,359.26,/data/v1/fires/territorial/2022-03.json
2022-03-11,2022-03-07,265,94,171,2207.1,/data/v1/fires/territorial/2022-03.json
2022-03-12,2022-03-07,137,24,113,1134.99,/data/v1/fires/territorial/2022-03.json
2022-03-13,2022-03-07,130,36,94,1019.99,/data/v1/fires/territorial/2022-03.json
2022-03-14,2022-03-07,379,54,325,2854.62,/data/v1/fires/territorial/2022-03.json
2022-03-15,2022-03-07,836,131,705,6230.85,/data/v1/fires/territorial/2022-03.json
2022-03-16,2022-03-07,425,83,342,3148.71,/data/v1/fires/territorial/2022-03.json
2022-03-17,2022-03-07,616,101,515,4198.13,/data/v1/fires/territorial/2022-03.json
2022-03-18,2022-03-07,558,75,483,3855.66,/data/v1/fires/territorial/2022-03.json
2022-03-19,2022-03-07,1181,260,921,8389.21,/data/v1/fires/territorial/2022-03.json
2022-03-20,2022-03-20,1151,365,786,8318.08,/data/v1/fires/territorial/2022-03.json
2022-03-21,2022-03-20,1710,446,1264,12312.08,/data/v1/fires/territorial/2022-03.json
2022-03-22,2022-03-20,1386,448,938,10424.4,/data/v1/fires/territorial/2022-03.json
2022-03-23,2022-03-20,1560,630,930,11301.72,/data/v1/fires/territorial/2022-03.json
2022-03-24,2022-03-20,1323,386,937,10262.73,/data/v1/fires/territorial/2022-03.json
2022-03-25,2022-03-20,708,229,479,4613.1,/data/v1/fires/territorial/2022-03.json
2022-03-26,2022-03-20,1117,387,730,8520.7,/data/v1/fires/territorial/2022-03.json
2022-03-27,2022-03-20,182,22,160,1213.26,/data/v1/fires/territorial/2022-03.json
2022-03-28,2022-03-20,1264,331,933,7079.53,/data/v1/fires/territorial/2022-03.json
2022-03-29,2022-03-20,809,295,514,5903.89,/data/v1/fires/territorial/2022-03.json
2022-03-30,2022-03-20,225,106,119,1380.01,/data/v1/fires/territorial/2022-03.json
2022-03-31,2022-03-20,118,58,60,871.2,/data/v1/fires/territorial/2022-03.json
2022-04-01,2022-03-20,253,77,176,1126.7,/data/v1/fires/territorial/2022-04.json
2022-04-02,2022-03-20,201,137,64,1381.24,/data/v1/fires/territorial/2022-04.json
2022-04-03,2022-04-03,25,20,5,153.6,/data/v1/fires/territorial/2022-04.json
2022-04-04,2022-04-03,9,6,3,39.99,/data/v1/fires/territorial/2022-04.json
2022-04-05,2022-04-03,45,23,22,182.51,/data/v1/fires/territorial/2022-04.json
2022-04-06,2022-04-03,173,42,131,806.32,/data/v1/fires/territorial/2022-04.json
2022-04-07,2022-04-03,612,195,417,4995.16,/data/v1/fires/territorial/2022-04.json
2022-04-08,2022-04-03,212,82,130,1184.18,/data/v1/fires/territorial/2022-04.json
2022-04-09,2022-04-03,108,36,72,554.11,/data/v1/fires/territorial/2022-04.json
2022-04-10,2022-04-03,50,27,23,227.54,/data/v1/fires/territorial/2022-04.json
2022-04-11,2022-04-03,144,62,82,885.58,/data/v1/fires/territorial/2022-04.json
2022-04-12,2022-04-03,17,0,17,57.25,/data/v1/fires/territorial/2022-04.json
2022-04-13,2022-04-03,87,0,87,357.89,/data/v1/fires/territorial/2022-04.json
2022-04-14,2022-04-03,181,0,181,1109.05,/data/v1/fires/territorial/2022-04.json
2022-04-15,2022-04-15,197,11,186,1132.98,/data/v1/fires/territorial/2022-04.json
2022-04-16,2022-04-15,40,16,24,91.41,/data/v1/fires/territorial/2022-04.json
2022-04-17,2022-04-15,11,0,11,67.25,/data/v1/fires/territorial/2022-04.json
2022-04-18,2022-04-15,32,15,17,59.7,/data/v1/fires/territorial/2022-04.json
2022-04-19,2022-04-15,50,0,50,328.76,/data/v1/fires/territorial/2022-04.json
2022-04-20,2022-04-15,32,4,28,165.73,/data/v1/fires/territorial/2022-04.json
2022-04-21,2022-04-15,21,9,12,37.34,/data/v1/fires/territorial/2022-04.json
2022-04-22,2022-04-15,32,8,24,37.31,/data/v1/fires/territorial/2022-04.json
2022-04-23,2022-04-15,14,2,12,62.49,/data/v1/fires/territorial/2022-04.json
2022-04-24,2022-04-15,54,19,35,152.42,/data/v1/fires/territorial/2022-04.json
2022-04-25,2022-04-15,75,23,52,250.93,/data/v1/fires/territorial/2022-04.json
2022-04-26,2022-04-15,106,30,76,673.12,/data/v1/fires/territorial/2022-04.json
2022-04-27,2022-04-15,140,53,87,373.67,/data/v1/fires/territorial/2022-04.json
2022-04-28,2022-04-15,71,33,38,447.36,/data/v1/fires/territorial/2022-04.json
2022-04-29,2022-04-15,40,4,36,411.46,/data/v1/fires/territorial/2022-04.json
2022-04-30,2022-04-15,33,7,26,181.46,/data/v1/fires/territorial/2022-04.json
2022-05-01,2022-04-15,76,21,55,412.29,/data/v1/fires/territorial/2022-05.json
2022-05-02,2022-04-15,115,18,97,460.41,/data/v1/fires/territorial/2022-05.json
2022-05-03,2022-04-15,183,38,145,917.61,/data/v1/fires/territorial/2022-05.json
2022-05-04,2022-04-15,174,36,138,802.09,/data/v1/fires/territorial/2022-05.json
2022-05-05,2022-04-15,476,99,377,2883.92,/data/v1/fires/territorial/2022-05.json
2022-05-06,2022-04-15,501,80,421,3101.25,/data/v1/fires/territorial/2022-05.json
2022-05-07,2022-04-15,515,105,410,3415.08,/data/v1/fires/territorial/2022-05.json
2022-05-08,2022-04-15,521,187,334,2701.12,/data/v1/fires/territorial/2022-05.json
2022-05-09,2022-04-15,389,179,210,5342.97,/data/v1/fires/territorial/2022-05.json
2022-05-10,2022-04-15,160,34,126,924.78,/data/v1/fires/territorial/2022-05.json
2022-05-11,2022-04-15,135,8,127,759.55,/data/v1/fires/territorial/2022-05.json
2022-05-12,2022-04-15,465,49,416,4800.39,/data/v1/fires/territorial/2022-05.json
2022-05-13,2022-05-13,368,162,206,1249.58,/data/v1/fires/territorial/2022-05.json
2022-05-14,2022-05-13,47,4,43,210.53,/data/v1/fires/territorial/2022-05.json
2022-05-15,2022-05-13,44,8,36,115.95,/data/v1/fires/territorial/2022-05.json
2022-05-16,2022-05-13,85,7,78,494.62,/data/v1/fires/territorial/2022-05.json
2022-05-17,2022-05-13,245,34,211,4185.92,/data/v1/fires/territorial/2022-05.json
2022-05-18,2022-05-13,228,1,227,479.91,/data/v1/fires/territorial/2022-05.json
2022-05-19,2022-05-13,127,15,112,475.05,/data/v1/fires/territorial/2022-05.json
2022-05-20,2022-05-13,118,34,84,798.93,/data/v1/fires/territorial/2022-05.json
2022-05-21,2022-05-13,33,2,31,177.63,/data/v1/fires/territorial/2022-05.json
2022-05-22,2022-05-13,30,8,22,67.44,/data/v1/fires/territorial/2022-05.json
2022-05-23,2022-05-13,75,18,57,244.95,/data/v1/fires/territorial/2022-05.json
2022-05-24,2022-05-13,131,32,99,377.84,/data/v1/fires/territorial/2022-05.json
2022-05-25,2022-05-13,110,32,78,382.75,/data/v1/fires/territorial/2022-05.json
2022-05-26,2022-05-13,42,16,26,91.33,/data/v1/fires/territorial/2022-05.json
2022-05-27,2022-05-13,71,23,48,313.59,/data/v1/fires/territorial/2022-05.json
2022-05-28,2022-05-13,82,29,53,279.42,/data/v1/fires/territorial/2022-05.json
2022-05-29,2022-05-13,99,34,65,217.1,/data/v1/fires/territorial/2022-05.json
2022-05-30,2022-05-13,86,38,48,280.57,/data/v1/fires/territorial/2022-05.json
2022-05-31,2022-05-13,35,7,28,184.5,/data/v1/fires/territorial/2022-05.json
2022-06-01,2022-06-01,62,19,43,281.73,/data/v1/fires/territorial/2022-06.json
2022-06-02,2022-06-01,39,11,28,103.17,/data/v1/fires/territorial/2022-06.json
2022-06-03,2022-06-01,131,55,76,357.94,/data/v1/fires/territorial/2022-06.json
2022-06-04,2022-06-01,111,54,57,924.54,/data/v1/fires/territorial/2022-06.json
2022-06-05,2022-06-01,59,24,35,100.04,/data/v1/fires/territorial/2022-06.json
2022-06-06,2022-06-01,122,57,65,488.31,/data/v1/fires/territorial/2022-06.json
2022-06-07,2022-06-01,131,59,72,467.02,/data/v1/fires/territorial/2022-06.json
2022-06-08,2022-06-01,115,62,53,450.86,/data/v1/fires/territorial/2022-06.json
2022-06-09,2022-06-01,408,152,256,1857.18,/data/v1/fires/territorial/2022-06.json
2022-06-10,2022-06-01,348,147,201,1965.31,/data/v1/fires/territorial/2022-06.json
2022-06-11,2022-06-01,235,113,122,1338.53,/data/v1/fires/territorial/2022-06.json
2022-06-12,2022-06-01,151,66,85,756.2,/data/v1/fires/territorial/2022-06.json
2022-06-13,2022-06-01,98,40,58,428.18,/data/v1/fires/territorial/2022-06.json
2022-06-14,2022-06-01,163,91,72,874.58,/data/v1/fires/territorial/2022-06.json
2022-06-15,2022-06-15,92,32,60,329.92,/data/v1/fires/territorial/2022-06.json
2022-06-16,2022-06-15,107,48,59,347.85,/data/v1/fires/territorial/2022-06.json
2022-06-17,2022-06-15,96,59,37,383.85,/data/v1/fires/territorial/2022-06.json
2022-06-18,2022-06-15,56,25,31,135.9,/data/v1/fires/territorial/2022-06.json
2022-06-19,2022-06-15,179,80,99,685.35,/data/v1/fires/territorial/2022-06.json
2022-06-20,2022-06-15,297,157,140,1674.16,/data/v1/fires/territorial/2022-06.json
2022-06-21,2022-06-15,281,155,126,1745.66,/data/v1/fires/territorial/2022-06.json
2022-06-22,2022-06-15,41,23,18,156.97,/data/v1/fires/territorial/2022-06.json
2022-06-23,2022-06-15,39,21,18,92.76,/data/v1/fires/territorial/2022-06.json
2022-06-24,2022-06-15,54,32,22,283.73,/data/v1/fires/territorial/2022-06.json
2022-06-25,2022-06-15,95,32,63,175.29,/data/v1/fires/territorial/2022-06.json
2022-06-26,2022-06-15,78,27,51,175.77,/data/v1/fires/territorial/2022-06.json
2022-06-27,2022-06-15,156,86,70,776.37,/data/v1/fires/territorial/2022-06.json
2022-06-28,2022-06-15,159,62,97,982.64,/data/v1/fires/territorial/2022-06.json
2022-06-29,2022-06-15,163,63,100,1361.62,/data/v1/fires/territorial/2022-06.json
2022-06-30,2022-06-15,187,75,112,444.71,/data/v1/fires/territorial/2022-06.json
2022-07-01,2022-06-15,374,206,168,1993.5,/data/v1/fires/territorial/2022-07.json
2022-07-02,2022-06-15,427,268,159,3155.79,/data/v1/fires/territorial/2022-07.json
2022-07-03,2022-06-15,283,188,95,1776.89,/data/v1/fires/territorial/2022-07.json
2022-07-04,2022-06-15,242,108,134,1603.87,/data/v1/fires/territorial/2022-07.json
2022-07-05,2022-06-15,333,155,178,1828.31,/data/v1/fires/territorial/2022-07.json
2022-07-06,2022-06-15,429,216,213,3842.44,/data/v1/fires/territorial/2022-07.json
2022-07-07,2022-06-15,844,409,435,8720.43,/data/v1/fires/territorial/2022-07.json
2022-07-08,2022-06-15,540,267,273,5626.75,/data/v1/fires/territorial/2022-07.json
2022-07-09,2022-06-15,293,179,114,2406.6,/data/v1/fires/territorial/2022-07.json
2022-07-10,2022-06-15,56,30,26,264.69,/data/v1/fires/territorial/2022-07.json
2022-07-11,2022-06-15,94,46,48,365.01,/data/v1/fires/territorial/2022-07.json
2022-07-12,2022-06-15,173,84,89,1575.51,/data/v1/fires/territorial/2022-07.json
2022-07-13,2022-06-15,114,61,53,716.44,/data/v1/fires/territorial/2022-07.json
2022-07-14,2022-06-15,127,44,83,1248.84,/data/v1/fires/territorial/2022-07.json
2022-07-15,2022-07-15,212,104,108,1774,/data/v1/fires/territorial/2022-07.json
2022-07-16,2022-07-15,211,104,107,1285.58,/data/v1/fires/territorial/2022-07.json
2022-07-17,2022-07-15,106,44,62,695.21,/data/v1/fires/territorial/2022-07.json
2022-07-18,2022-07-15,156,95,61,1738.46,/data/v1/fires/territorial/2022-07.json
2022-07-19,2022-07-15,221,89,132,2082.86,/data/v1/fires/territorial/2022-07.json
2022-07-20,2022-07-15,208,75,133,1575.99,/data/v1/fires/territorial/2022-07.json
2022-07-21,2022-07-15,261,85,176,1399.03,/data/v1/fires/territorial/2022-07.json
2022-07-22,2022-07-15,363,191,172,4028.31,/data/v1/fires/territorial/2022-07.json
2022-07-23,2022-07-15,232,122,110,1971.73,/data/v1/fires/territorial/2022-07.json
2022-07-24,2022-07-15,284,195,89,2585.51,/data/v1/fires/territorial/2022-07.json
2022-07-25,2022-07-15,118,63,55,464.62,/data/v1/fires/territorial/2022-07.json
2022-07-26,2022-07-15,181,35,146,3252.64,/data/v1/fires/territorial/2022-07.json
2022-07-27,2022-07-15,416,157,259,3226.14,/data/v1/fires/territorial/2022-07.json
2022-07-28,2022-07-15,433,279,154,4221.57,/data/v1/fires/territorial/2022-07.json
2022-07-29,2022-07-15,541,342,199,5602.94,/data/v1/fires/territorial/2022-07.json
2022-07-30,2022-07-15,799,457,342,4444.07,/data/v1/fires/territorial/2022-07.json
2022-07-31,2022-07-15,755,419,336,5803.66,/data/v1/fires/territorial/2022-07.json
2022-08-01,2022-07-15,334,213,121,1046.75,/data/v1/fires/territorial/2022-08.json
2022-08-02,2022-07-15,132,93,39,1222.97,/data/v1/fires/territorial/2022-08.json
2022-08-03,2022-07-15,87,63,24,507.89,/data/v1/fires/territorial/2022-08.json
2022-08-04,2022-07-15,127,80,47,1219.77,/data/v1/fires/territorial/2022-08.json
2022-08-05,2022-07-15,105,42,63,769.74,/data/v1/fires/territorial/2022-08.json
2022-08-06,2022-07-15,291,150,141,2069.32,/data/v1/fires/territorial/2022-08.json
2022-08-07,2022-07-15,412,237,175,3810.74,/data/v1/fires/territorial/2022-08.json
2022-08-08,2022-07-15,638,444,194,8275.33,/data/v1/fires/territorial/2022-08.json
2022-08-09,2022-07-15,525,347,178,4574.66,/data/v1/fires/territorial/2022-08.json
2022-08-10,2022-07-15,444,309,135,3519.29,/data/v1/fires/territorial/2022-08.json
2022-08-11,2022-07-15,185,72,113,1201.57,/data/v1/fires/territorial/2022-08.json
2022-08-12,2022-07-15,93,40,53,777.17,/data/v1/fires/territorial/2022-08.json
2022-08-13,2022-07-15,302,202,100,2628.45,/data/v1/fires/territorial/2022-08.json
2022-08-14,2022-07-15,354,202,152,4818.12,/data/v1/fires/territorial/2022-08.json
2022-08-15,2022-07-15,307,173,134,2935.26,/data/v1/fires/territorial/2022-08.json
2022-08-16,2022-07-15,23,9,14,92.41,/data/v1/fires/territorial/2022-08.json
2022-08-17,2022-07-15,156,85,71,1343.65,/data/v1/fires/territorial/2022-08.json
2022-08-18,2022-07-15,206,103,103,1503.67,/data/v1/fires/territorial/2022-08.json
2022-08-19,2022-07-15,89,40,49,624.34,/data/v1/fires/territorial/2022-08.json
2022-08-20,2022-07-15,77,30,47,711.47,/data/v1/fires/territorial/2022-08.json
2022-08-21,2022-07-15,118,51,67,1248.29,/data/v1/fires/territorial/2022-08.json
2022-08-22,2022-07-15,374,202,172,2308.35,/data/v1/fires/territorial/2022-08.json
2022-08-23,2022-07-15,706,458,248,5494.03,/data/v1/fires/territorial/2022-08.json
2022-08-24,2022-07-15,880,625,255,7036.33,/data/v1/fires/territorial/2022-08.json
2022-08-25,2022-07-15,648,394,254,6968.59,/data/v1/fires/territorial/2022-08.json
2022-08-26,2022-07-15,237,109,128,1541.66,/data/v1/fires/territorial/2022-08.json
2022-08-27,2022-07-15,199,96,103,1242,/data/v1/fires/territorial/2022-08.json
2022-08-28,2022-07-15,284,130,154,2411.83,/data/v1/fires/territorial/2022-08.json
2022-08-29,2022-08-29,355,202,153,2207.97,/data/v1/fires/territorial/2022-08.json
2022-08-30,2022-08-29,258,129,129,1936.64,/data/v1/fires/territorial/2022-08.json
2022-08-31,2022-08-29,181,110,71,1022.18,/data/v1/fires/territorial/2022-08.json
2022-09-01,2022-08-29,74,15,59,296.28,/data/v1/fires/territorial/2022-09.json
2022-09-02,2022-08-29,322,180,142,1996.27,/data/v1/fires/territorial/2022-09.json
2022-09-03,2022-08-29,84,33,51,763.92,/data/v1/fires/territorial/2022-09.json
2022-09-04,2022-08-29,48,20,28,136.63,/data/v1/fires/territorial/2022-09.json
2022-09-05,2022-08-29,62,36,26,218.98,/data/v1/fires/territorial/2022-09.json
2022-09-06,2022-08-29,99,65,34,421.35,/data/v1/fires/territorial/2022-09.json
2022-09-07,2022-08-29,217,101,116,1041.07,/data/v1/fires/territorial/2022-09.json
2022-09-08,2022-08-29,162,65,97,1049.62,/data/v1/fires/territorial/2022-09.json
2022-09-09,2022-08-29,99,72,27,872.69,/data/v1/fires/territorial/2022-09.json
2022-09-10,2022-08-29,132,106,26,658.41,/data/v1/fires/territorial/2022-09.json
2022-09-11,2022-09-11,21,18,3,45.59,/data/v1/fires/territorial/2022-09.json
2022-09-12,2022-09-11,10,5,5,41.58,/data/v1/fires/territorial/2022-09.json
2022-09-13,2022-09-11,14,8,6,22.78,/data/v1/fires/territorial/2022-09.json
2022-09-14,2022-09-11,14,6,8,50.96,/data/v1/fires/territorial/2022-09.json
2022-09-15,2022-09-11,8,1,7,13.63,/data/v1/fires/territorial/2022-09.json
2022-09-16,2022-09-11,30,9,21,196.5,/data/v1/fires/territorial/2022-09.json
2022-09-17,2022-09-11,31,23,8,71.42,/data/v1/fires/territorial/2022-09.json
2022-09-18,2022-09-11,50,24,26,122.47,/data/v1/fires/territorial/2022-09.json
2022-09-19,2022-09-11,66,57,9,352.4,/data/v1/fires/territorial/2022-09.json
2022-09-20,2022-09-11,27,14,13,134.65,/data/v1/fires/territorial/2022-09.json
2022-09-21,2022-09-11,48,34,14,309.74,/data/v1/fires/territorial/2022-09.json
2022-09-22,2022-09-11,14,5,9,48.49,/data/v1/fires/territorial/2022-09.json
2022-09-23,2022-09-11,25,6,19,49.18,/data/v1/fires/territorial/2022-09.json
2022-09-24,2022-09-11,33,17,16,63.52,/data/v1/fires/territorial/2022-09.json
2022-09-25,2022-09-11,25,11,14,113.44,/data/v1/fires/territorial/2022-09.json
2022-09-26,2022-09-11,7,5,2,66.76,/data/v1/fires/territorial/2022-09.json
2022-09-27,2022-09-11,2,1,1,5.69,/data/v1/fires/territorial/2022-09.json
2022-09-28,2022-09-11,13,0,13,111.31,/data/v1/fires/territorial/2022-09.json
2022-09-29,2022-09-11,89,26,63,979.97,/data/v1/fires/territorial/2022-09.json
2022-09-30,2022-09-11,108,26,82,1632.34,/data/v1/fires/territorial/2022-09.json
2022-10-01,2022-10-01,57,9,48,489.33,/data/v1/fires/territorial/2022-10.json
2022-10-02,2022-10-01,5,0,5,9.37,/data/v1/fires/territorial/2022-10.json
2022-10-03,2022-10-01,17,7,10,29.14,/data/v1/fires/territorial/2022-10.json
2022-10-04,2022-10-01,59,17,42,122.9,/data/v1/fires/territorial/2022-10.json
2022-10-05,2022-10-01,12,3,9,97.27,/data/v1/fires/territorial/2022-10.json
2022-10-06,2022-10-01,48,22,26,151.92,/data/v1/fires/territorial/2022-10.json
2022-10-07,2022-10-01,70,17,53,588.32,/data/v1/fires/territorial/2022-10.json
2022-10-08,2022-10-01,117,33,84,817.07,/data/v1/fires/territorial/2022-10.json
2022-10-09,2022-10-01,48,15,33,115.16,/data/v1/fires/territorial/2022-10.json
2022-10-10,2022-10-01,36,4,32,221.38,/data/v1/fires/territorial/2022-10.json
2022-10-11,2022-10-01,50,11,39,155.51,/data/v1/fires/territorial/2022-10.json
2022-10-12,2022-10-01,43,6,37,155.35,/data/v1/fires/territorial/2022-10.json
2022-10-13,2022-10-01,75,20,55,871.56,/data/v1/fires/territorial/2022-10.json
2022-10-14,2022-10-01,68,13,55,705.29,/data/v1/fires/territorial/2022-10.json
2022-10-15,2022-10-15,142,33,109,576.19,/data/v1/fires/territorial/2022-10.json
2022-10-16,2022-10-15,80,36,44,720.67,/data/v1/fires/territorial/2022-10.json
2022-10-17,2022-10-15,86,23,63,591.29,/data/v1/fires/territorial/2022-10.json
2022-10-18,2022-10-15,88,16,72,281.92,/data/v1/fires/territorial/2022-10.json
2022-10-19,2022-10-15,55,31,24,307.62,/data/v1/fires/territorial/2022-10.json
2022-10-20,2022-10-15,37,3,34,135.68,/data/v1/fires/territorial/2022-10.json
2022-10-21,2022-10-15,42,2,40,281.28,/data/v1/fires/territorial/2022-10.json
2022-10-22,2022-10-15,16,10,6,170.19,/data/v1/fires/territorial/2022-10.json
2022-10-23,2022-10-15,1,0,1,7.3,/data/v1/fires/territorial/2022-10.json
2022-10-24,2022-10-15,6,0,6,15.73,/data/v1/fires/territorial/2022-10.json
2022-10-25,2022-10-15,11,3,8,40.13,/data/v1/fires/territorial/2022-10.json
2022-10-26,2022-10-15,10,0,10,46.14,/data/v1/fires/territorial/2022-10.json
2022-10-27,2022-10-15,12,2,10,22.35,/data/v1/fires/territorial/2022-10.json
2022-10-28,2022-10-15,7,1,6,11.85,/data/v1/fires/territorial/2022-10.json
2022-10-29,2022-10-15,21,1,20,137.56,/data/v1/fires/territorial/2022-10.json
2022-10-30,2022-10-15,5,1,4,12.73,/data/v1/fires/territorial/2022-10.json
2022-10-31,2022-10-15,80,10,70,384.3,/data/v1/fires/territorial/2022-10.json
2022-11-01,2022-10-15,37,6,31,174.99,/data/v1/fires/territorial/2022-11.json
2022-11-02,2022-10-15,18,7,11,41.68,/data/v1/fires/territorial/2022-11.json
2022-11-03,2022-10-15,20,2,18,84.89,/data/v1/fires/territorial/2022-11.json
2022-11-04,2022-10-15,9,1,8,23.47,/data/v1/fires/territorial/2022-11.json
2022-11-05,2022-10-15,15,4,11,32.56,/data/v1/fires/territorial/2022-11.json
2022-11-06,2022-10-15,2,1,1,2.2,/data/v1/fires/territorial/2022-11.json
2022-11-07,2022-10-15,39,15,24,193.69,/data/v1/fires/territorial/2022-11.json
2022-11-08,2022-10-15,11,3,8,44.17,/data/v1/fires/territorial/2022-11.json
2022-11-09,2022-10-15,20,3,17,94.94,/data/v1/fires/territorial/2022-11.json
2022-11-10,2022-10-15,24,2,22,38.63,/data/v1/fires/territorial/2022-11.json
2022-11-11,2022-11-11,5,1,4,5.53,/data/v1/fires/territorial/2022-11.json
2022-11-12,2022-11-11,14,2,12,51.26,/data/v1/fires/territorial/2022-11.json
2022-11-13,2022-11-11,36,8,28,270.47,/data/v1/fires/territorial/2022-11.json
2022-11-14,2022-11-11,34,12,22,88.73,/data/v1/fires/territorial/2022-11.json
2022-11-15,2022-11-11,18,7,11,79.61,/data/v1/fires/territorial/2022-11.json
2022-11-16,2022-11-11,7,7,0,11.17,/data/v1/fires/territorial/2022-11.json
2022-11-17,2022-11-11,0,0,0,0,/data/v1/fires/territorial/2022-11.json
2022-11-18,2022-11-11,0,0,0,0,/data/v1/fires/territorial/2022-11.json
2022-11-19,2022-11-11,0,0,0,0,/data/v1/fires/territorial/2022-11.json
2022-11-20,2022-11-11,0,0,0,0,/data/v1/fires/territorial/2022-11.json
2022-11-21,2022-11-11,1,0,1,1.32,/data/v1/fires/territorial/2022-11.json
2022-11-22,2022-11-11,2,2,0,1.75,/data/v1/fires/territorial/2022-11.json
2022-11-23,2022-11-11,0,0,0,0,/data/v1/fires/territorial/2022-11.json
2022-11-24,2022-11-11,2,2,0,2.93,/data/v1/fires/territorial/2022-11.json
2022-11-25,2022-11-11,0,0,0,0,/data/v1/fires/territorial/2022-11.json
2022-11-26,2022-11-11,0,0,0,0,/data/v1/fires/territorial/2022-11.json
2022-11-27,2022-11-11,0,0,0,0,/data/v1/fires/territorial/2022-11.json
2022-11-28,2022-11-11,1,1,0,1,/data/v1/fires/territorial/2022-11.json
2022-11-29,2022-11-11,9,5,4,27.05,/data/v1/fires/territorial/2022-11.json
2022-11-30,2022-11-11,3,3,0,21.71,/data/v1/fires/territorial/2022-11.json
2022-12-01,2022-11-11,15,6,9,71.4,/data/v1/fires/territorial/2022-12.json
2022-12-02,2022-11-11,18,6,12,152.68,/data/v1/fires/territorial/2022-12.json
2022-12-03,2022-11-11,17,5,12,79.27,/data/v1/fires/territorial/2022-12.json
2022-12-04,2022-11-11,18,7,11,115.56,/data/v1/fires/territorial/2022-12.json
2022-12-05,2022-11-11,20,0,20,119.18,/data/v1/fires/territorial/2022-12.json
2022-12-06,2022-11-11,42,24,18,355.7,/data/v1/fires/territorial/2022-12.json
2022-12-07,2022-11-11,11,4,7,164.65,/data/v1/fires/territorial/2022-12.json
2022-12-08,2022-11-11,0,0,0,0,/data/v1/fires/territorial/2022-12.json
2022-12-09,2022-11-11,0,0,0,0,/data/v1/fires/territorial/2022-12.json
2022-12-10,2022-11-11,0,0,0,0,/data/v1/fires/territorial/2022-12.json
2022-12-11,2022-11-11,1,1,0,1.12,/data/v1/fires/territorial/2022-12.json
2022-12-12,2022-11-11,2,2,0,2.56,/data/v1/fires/territorial/2022-12.json
2022-12-13,2022-11-11,2,1,1,1.16,/data/v1/fires/territorial/2022-12.json
2022-12-14,2022-11-11,2,2,0,1.62,/data/v1/fires/territorial/2022-12.json
2022-12-15,2022-12-15,0,0,0,0,/data/v1/fires/territorial/2022-12.json
2022-12-16,2022-12-15,0,0,0,0,/data/v1/fires/territorial/2022-12.json
2022-12-17,2022-12-15,1,1,0,0.63,/data/v1/fires/territorial/2022-12.json
2022-12-18,2022-12-15,5,2,3,6,/data/v1/fires/territorial/2022-12.json
2022-12-19,2022-12-15,12,8,4,24.25,/data/v1/fires/territorial/2022-12.json
2022-12-20,2022-12-15,5,1,4,170.52,/data/v1/fires/territorial/2022-12.json
2022-12-21,2022-12-15,6,0,6,14.65,/data/v1/fires/territorial/2022-12.json
2022-12-22,2022-12-15,0,0,0,0,/data/v1/fires/territorial/2022-12.json
2022-12-23,2022-12-15,3,2,1,5.85,/data/v1/fires/territorial/2022-12.json
2022-12-24,2022-12-15,0,0,0,0,/data/v1/fires/territorial/2022-12.json
2022-12-25,2022-12-15,1,0,1,5.91,/data/v1/fires/territorial/2022-12.json
2022-12-26,2022-12-15,0,0,0,0,/data/v1/fires/territorial/2022-12.json
2022-12-27,2022-12-15,0,0,0,0,/data/v1/fires/territorial/2022-12.json
2022-12-28,2022-12-15,11,1,10,20.28,/data/v1/fires/territorial/2022-12.json
2022-12-29,2022-12-15,2,0,2,3.82,/data/v1/fires/territorial/2022-12.json
2022-12-30,2022-12-15,8,4,4,11.72,/data/v1/fires/territorial/2022-12.json
2022-12-31,2022-12-15,9,0,9,69.51,/data/v1/fires/territorial/2022-12.json
2023-01-01,2023-01-01,9,3,6,37.25,/data/v1/fires/territorial/2023-01.json
2023-01-02,2023-01-01,14,1,13,80.3,/data/v1/fires/territorial/2023-01.json
2023-01-03,2023-01-01,14,3,11,24.83,/data/v1/fires/territorial/2023-01.json
2023-01-04,2023-01-01,7,5,2,16.71,/data/v1/fires/territorial/2023-01.json
2023-01-05,2023-01-01,0,0,0,0,/data/v1/fires/territorial/2023-01.json
2023-01-06,2023-01-01,4,0,4,13.57,/data/v1/fires/territorial/2023-01.json
2023-01-07,2023-01-01,4,2,2,12.12,/data/v1/fires/territorial/2023-01.json
2023-01-08,2023-01-01,4,1,3,27.26,/data/v1/fires/territorial/2023-01.json
2023-01-09,2023-01-01,2,1,1,2.47,/data/v1/fires/territorial/2023-01.json
2023-01-10,2023-01-01,1,0,1,9.54,/data/v1/fires/territorial/2023-01.json
2023-01-11,2023-01-01,2,1,1,7.98,/data/v1/fires/territorial/2023-01.json
2023-01-12,2023-01-01,0,0,0,0,/data/v1/fires/territorial/2023-01.json
2023-01-13,2023-01-01,1,1,0,0.68,/data/v1/fires/territorial/2023-01.json
2023-01-14,2023-01-01,0,0,0,0,/data/v1/fires/territorial/2023-01.json
2023-01-15,2023-01-01,0,0,0,0,/data/v1/fires/territorial/2023-01.json
2023-01-16,2023-01-01,2,2,0,12.4,/data/v1/fires/territorial/2023-01.json
2023-01-17,2023-01-01,12,4,8,29.98,/data/v1/fires/territorial/2023-01.json
2023-01-18,2023-01-01,28,8,20,74.18,/data/v1/fires/territorial/2023-01.json
2023-01-19,2023-01-01,40,21,19,406.82,/data/v1/fires/territorial/2023-01.json
2023-01-20,2023-01-01,10,7,3,63.19,/data/v1/fires/territorial/2023-01.json
2023-01-21,2023-01-01,4,2,2,12.07,/data/v1/fires/territorial/2023-01.json
2023-01-22,2023-01-01,0,0,0,0,/data/v1/fires/territorial/2023-01.json
2023-01-23,2023-01-01,5,2,3,29.14,/data/v1/fires/territorial/2023-01.json
2023-01-24,2023-01-01,12,5,7,43.62,/data/v1/fires/territorial/2023-01.json
2023-01-25,2023-01-01,19,8,11,90.98,/data/v1/fires/territorial/2023-01.json
2023-01-26,2023-01-01,21,17,4,143.07,/data/v1/fires/territorial/2023-01.json
2023-01-27,2023-01-01,7,2,5,45.6,/data/v1/fires/territorial/2023-01.json
2023-01-28,2023-01-01,5,0,5,7.62,/data/v1/fires/territorial/2023-01.json
2023-01-29,2023-01-01,3,0,3,5.95,/data/v1/fires/territorial/2023-01.json
2023-01-30,2023-01-01,5,0,5,18.01,/data/v1/fires/territorial/2023-01.json
2023-01-31,2023-01-01,0,0,0,0,/data/v1/fires/territorial/2023-01.json
2023-02-01,2023-01-01,0,0,0,0,/data/v1/fires/territorial/2023-02.json
2023-02-02,2023-01-01,1,0,1,1.19,/data/v1/fires/territorial/2023-02.json
2023-02-03,2023-01-01,5,2,3,11.64,/data/v1/fires/territorial/2023-02.json
2023-02-04,2023-01-01,2,0,2,3.91,/data/v1/fires/territorial/2023-02.json
2023-02-05,2023-01-01,0,0,0,0,/data/v1/fires/territorial/2023-02.json
2023-02-06,2023-01-01,6,1,5,34.95,/data/v1/fires/territorial/2023-02.json
2023-02-07,2023-01-01,1,0,1,6.89,/data/v1/fires/territorial/2023-02.json
2023-02-08,2023-01-01,19,2,17,195.9,/data/v1/fires/territorial/2023-02.json
2023-02-09,2023-01-01,20,4,16,110.12,/data/v1/fires/territorial/2023-02.json
2023-02-10,2023-01-01,24,6,18,206.59,/data/v1/fires/territorial/2023-02.json
2023-02-11,2023-01-01,30,17,13,262.53,/data/v1/fires/territorial/2023-02.json
2023-02-12,2023-01-01,9,0,9,51.18,/data/v1/fires/territorial/2023-02.json
2023-02-13,2023-01-01,12,2,10,50.16,/data/v1/fires/territorial/2023-02.json
2023-02-14,2023-01-01,2,0,2,3.33,/data/v1/fires/territorial/2023-02.json
2023-02-15,2023-02-15,12,0,12,117.29,/data/v1/fires/territorial/2023-02.json
2023-02-16,2023-02-15,12,0,12,68.39,/data/v1/fires/territorial/2023-02.json
2023-02-17,2023-02-15,13,4,9,41.54,/data/v1/fires/territorial/2023-02.json
2023-02-18,2023-02-15,1,0,1,3.12,/data/v1/fires/territorial/2023-02.json
2023-02-19,2023-02-15,3,2,1,20,/data/v1/fires/territorial/2023-02.json
2023-02-20,2023-02-15,23,5,18,173.24,/data/v1/fires/territorial/2023-02.json
2023-02-21,2023-02-15,31,2,29,247.64,/data/v1/fires/territorial/2023-02.json
2023-02-22,2023-02-15,5,3,2,26.18,/data/v1/fires/territorial/2023-02.json
2023-02-23,2023-02-15,20,7,13,100.44,/data/v1/fires/territorial/2023-02.json
2023-02-24,2023-02-15,11,6,5,42.07,/data/v1/fires/territorial/2023-02.json
2023-02-25,2023-02-15,21,5,16,113.02,/data/v1/fires/territorial/2023-02.json
2023-02-26,2023-02-15,1,1,0,1.95,/data/v1/fires/territorial/2023-02.json
2023-02-27,2023-02-15,0,0,0,0,/data/v1/fires/territorial/2023-02.json
2023-02-28,2023-02-15,10,1,9,48.26,/data/v1/fires/territorial/2023-02.json
2023-03-01,2023-03-01,39,17,22,284.09,/data/v1/fires/territorial/2023-03.json
2023-03-02,2023-03-01,80,7,73,579.98,/data/v1/fires/territorial/2023-03.json
2023-03-03,2023-03-01,37,16,21,537.86,/data/v1/fires/territorial/2023-03.json
2023-03-04,2023-03-01,111,49,62,872.75,/data/v1/fires/territorial/2023-03.json
2023-03-05,2023-03-01,115,20,95,1316.08,/data/v1/fires/territorial/2023-03.json
2023-03-06,2023-03-01,49,36,13,391.1,/data/v1/fires/territorial/2023-03.json
2023-03-07,2023-03-01,22,15,7,299.19,/data/v1/fires/territorial/2023-03.json
2023-03-08,2023-03-01,37,11,26,511.98,/data/v1/fires/territorial/2023-03.json
2023-03-09,2023-03-01,98,33,65,898.63,/data/v1/fires/territorial/2023-03.json
2023-03-10,2023-03-01,74,15,59,476.39,/data/v1/fires/territorial/2023-03.json
2023-03-11,2023-03-01,7,1,6,29.23,/data/v1/fires/territorial/2023-03.json
2023-03-12,2023-03-01,22,3,19,143.06,/data/v1/fires/territorial/2023-03.json
2023-03-13,2023-03-01,87,34,53,463.91,/data/v1/fires/territorial/2023-03.json
2023-03-14,2023-03-01,198,94,104,1257.42,/data/v1/fires/territorial/2023-03.json
2023-03-15,2023-03-01,29,0,29,128.03,/data/v1/fires/territorial/2023-03.json
2023-03-16,2023-03-01,3,0,3,16.08,/data/v1/fires/territorial/2023-03.json
2023-03-17,2023-03-01,14,2,12,40.26,/data/v1/fires/territorial/2023-03.json
2023-03-18,2023-03-01,45,2,43,196.87,/data/v1/fires/territorial/2023-03.json
2023-03-19,2023-03-01,84,0,84,460.52,/data/v1/fires/territorial/2023-03.json
2023-03-20,2023-03-01,112,39,73,921.96,/data/v1/fires/territorial/2023-03.json
2023-03-21,2023-03-01,122,14,108,667.56,/data/v1/fires/territorial/2023-03.json
2023-03-22,2023-03-01,106,10,96,533.69,/data/v1/fires/territorial/2023-03.json
2023-03-23,2023-03-01,276,63,213,1847.25,/data/v1/fires/territorial/2023-03.json
2023-03-24,2023-03-01,175,37,138,859.45,/data/v1/fires/territorial/2023-03.json
2023-03-25,2023-03-01,183,54,129,1262.19,/data/v1/fires/territorial/2023-03.json
2023-03-26,2023-03-01,54,12,42,347.11,/data/v1/fires/territorial/2023-03.json
2023-03-27,2023-03-01,22,2,20,258.19,/data/v1/fires/territorial/2023-03.json
2023-03-28,2023-03-01,24,8,16,206.39,/data/v1/fires/territorial/2023-03.json
2023-03-29,2023-03-01,4,1,3,4.12,/data/v1/fires/territorial/2023-03.json
2023-03-30,2023-03-01,25,1,24,71.26,/data/v1/fires/territorial/2023-03.json
2023-03-31,2023-03-01,40,10,30,285.72,/data/v1/fires/territorial/2023-03.json
2023-04-01,2023-03-01,12,10,2,26.7,/data/v1/fires/territorial/2023-04.json
2023-04-02,2023-03-01,8,6,2,16.61,/data/v1/fires/territorial/2023-04.json
2023-04-03,2023-03-01,3,0,3,3.47,/data/v1/fires/territorial/2023-04.json
2023-04-04,2023-03-01,5,5,0,13.23,/data/v1/fires/territorial/2023-04.json
2023-04-05,2023-03-01,10,0,10,58.25,/data/v1/fires/territorial/2023-04.json
2023-04-06,2023-03-01,1,0,1,7.48,/data/v1/fires/territorial/2023-04.json
2023-04-07,2023-03-01,4,3,1,12.75,/data/v1/fires/territorial/2023-04.json
2023-04-08,2023-03-01,25,8,17,203.75,/data/v1/fires/territorial/2023-04.json
2023-04-09,2023-03-01,50,18,32,238.62,/data/v1/fires/territorial/2023-04.json
2023-04-10,2023-03-01,134,21,113,957.38,/data/v1/fires/territorial/2023-04.json
2023-04-11,2023-03-01,54,1,53,330.3,/data/v1/fires/territorial/2023-04.json
2023-04-12,2023-03-01,1,1,0,0.74,/data/v1/fires/territorial/2023-04.json
2023-04-13,2023-03-01,2,0,2,23.18,/data/v1/fires/territorial/2023-04.json
2023-04-14,2023-03-01,7,3,4,48.53,/data/v1/fires/territorial/2023-04.json
2023-04-15,2023-03-01,13,9,4,14.45,/data/v1/fires/territorial/2023-04.json
2023-04-16,2023-03-01,40,13,27,157.53,/data/v1/fires/territorial/2023-04.json
2023-04-17,2023-03-01,68,23,45,387.84,/data/v1/fires/territorial/2023-04.json
2023-04-18,2023-03-01,69,7,62,442.21,/data/v1/fires/territorial/2023-04.json
2023-04-19,2023-03-01,20,2,18,84.68,/data/v1/fires/territorial/2023-04.json
2023-04-20,2023-03-01,5,0,5,13.95,/data/v1/fires/territorial/2023-04.json
2023-04-21,2023-03-01,10,0,10,28.71,/data/v1/fires/territorial/2023-04.json
2023-04-22,2023-03-01,11,0,11,25.36,/data/v1/fires/territorial/2023-04.json
2023-04-23,2023-03-01,38,1,37,140.19,/data/v1/fires/territorial/2023-04.json
2023-04-24,2023-03-01,49,3,46,257.8,/data/v1/fires/territorial/2023-04.json
2023-04-25,2023-03-01,63,9,54,213.38,/data/v1/fires/territorial/2023-04.json
2023-04-26,2023-03-01,57,21,36,309.5,/data/v1/fires/territorial/2023-04.json
2023-04-27,2023-03-01,6,3,3,13.85,/data/v1/fires/territorial/2023-04.json
2023-04-28,2023-03-01,2,1,1,2.71,/data/v1/fires/territorial/2023-04.json
2023-04-29,2023-03-01,39,0,39,185.57,/data/v1/fires/territorial/2023-04.json
2023-04-30,2023-03-01,32,0,32,80.74,/data/v1/fires/territorial/2023-04.json
2023-05-01,2023-03-01,42,1,41,132.3,/data/v1/fires/territorial/2023-05.json
2023-05-02,2023-03-01,98,13,85,518.71,/data/v1/fires/territorial/2023-05.json
2023-05-03,2023-03-01,113,19,94,526.53,/data/v1/fires/territorial/2023-05.json
2023-05-04,2023-03-01,97,18,79,412.04,/data/v1/fires/territorial/2023-05.json
2023-05-05,2023-03-01,87,24,63,479.45,/data/v1/fires/territorial/2023-05.json
2023-05-06,2023-03-01,178,28,150,1128.29,/data/v1/fires/territorial/2023-05.json
2023-05-07,2023-03-01,146,19,127,1000.21,/data/v1/fires/territorial/2023-05.json
2023-05-08,2023-03-01,56,0,56,369.1,/data/v1/fires/territorial/2023-05.json
2023-05-09,2023-03-01,17,0,17,52.63,/data/v1/fires/territorial/2023-05.json
2023-05-10,2023-03-01,13,3,10,36.51,/data/v1/fires/territorial/2023-05.json
2023-05-11,2023-03-01,90,10,80,144.39,/data/v1/fires/territorial/2023-05.json
2023-05-12,2023-03-01,85,28,57,418.15,/data/v1/fires/territorial/2023-05.json
2023-05-13,2023-03-01,106,24,82,588.42,/data/v1/fires/territorial/2023-05.json
2023-05-14,2023-03-01,68,10,58,252.16,/data/v1/fires/territorial/2023-05.json
2023-05-15,2023-03-01,103,23,80,422.3,/data/v1/fires/territorial/2023-05.json
2023-05-16,2023-03-01,81,35,46,249.55,/data/v1/fires/territorial/2023-05.json
2023-05-17,2023-03-01,154,75,79,998.44,/data/v1/fires/territorial/2023-05.json
2023-05-18,2023-03-01,131,71,60,1829.65,/data/v1/fires/territorial/2023-05.json
2023-05-19,2023-03-01,78,26,52,224.52,/data/v1/fires/territorial/2023-05.json
2023-05-20,2023-03-01,97,31,66,437.81,/data/v1/fires/territorial/2023-05.json
2023-05-21,2023-03-01,99,41,58,680.06,/data/v1/fires/territorial/2023-05.json
2023-05-22,2023-03-01,30,0,30,85.62,/data/v1/fires/territorial/2023-05.json
2023-05-23,2023-03-01,42,5,37,119.73,/data/v1/fires/territorial/2023-05.json
2023-05-24,2023-03-01,40,13,27,83.74,/data/v1/fires/territorial/2023-05.json
2023-05-25,2023-03-01,26,16,10,39.08,/data/v1/fires/territorial/2023-05.json
2023-05-26,2023-03-01,23,7,16,65.27,/data/v1/fires/territorial/2023-05.json
2023-05-27,2023-03-01,38,1,37,50.83,/data/v1/fires/territorial/2023-05.json
2023-05-28,2023-03-01,67,22,45,180.13,/data/v1/fires/territorial/2023-05.json
2023-05-29,2023-03-01,29,3,26,129.21,/data/v1/fires/territorial/2023-05.json
2023-05-30,2023-03-01,26,0,26,154.34,/data/v1/fires/territorial/2023-05.json
2023-05-31,2023-03-01,28,0,28,99.58,/data/v1/fires/territorial/2023-05.json
2023-06-01,2023-03-01,141,24,117,660.23,/data/v1/fires/territorial/2023-06.json
2023-06-02,2023-03-01,101,20,81,477.42,/data/v1/fires/territorial/2023-06.json
2023-06-03,2023-03-01,54,8,46,261.45,/data/v1/fires/territorial/2023-06.json
2023-06-04,2023-03-01,66,16,50,173.82,/data/v1/fires/territorial/2023-06.json
2023-06-05,2023-03-01,79,34,45,308.56,/data/v1/fires/territorial/2023-06.json
2023-06-06,2023-03-01,190,86,104,1202.08,/data/v1/fires/territorial/2023-06.json
2023-06-07,2023-03-01,86,55,31,645.05,/data/v1/fires/territorial/2023-06.json
2023-06-08,2023-03-01,102,63,39,496.97,/data/v1/fires/territorial/2023-06.json
2023-06-09,2023-03-01,141,61,80,1236.5,/data/v1/fires/territorial/2023-06.json
2023-06-10,2023-03-01,37,11,26,91.35,/data/v1/fires/territorial/2023-06.json
2023-06-11,2023-03-01,3,2,1,4.93,/data/v1/fires/territorial/2023-06.json
2023-06-12,2023-03-01,17,15,2,19.25,/data/v1/fires/territorial/2023-06.json
2023-06-13,2023-03-01,5,1,4,4.5,/data/v1/fires/territorial/2023-06.json
2023-06-14,2023-03-01,31,17,14,62.91,/data/v1/fires/territorial/2023-06.json
2023-06-15,2023-03-01,57,16,41,129.98,/data/v1/fires/territorial/2023-06.json
2023-06-16,2023-03-01,45,11,34,104.7,/data/v1/fires/territorial/2023-06.json
2023-06-17,2023-03-01,95,28,67,501.31,/data/v1/fires/territorial/2023-06.json
2023-06-18,2023-03-01,101,36,65,513.2,/data/v1/fires/territorial/2023-06.json
2023-06-19,2023-03-01,136,50,86,1147.04,/data/v1/fires/territorial/2023-06.json
2023-06-20,2023-03-01,81,35,46,727.9,/data/v1/fires/territorial/2023-06.json
2023-06-21,2023-03-01,65,21,44,230.49,/data/v1/fires/territorial/2023-06.json
2023-06-22,2023-03-01,161,54,107,542.22,/data/v1/fires/territorial/2023-06.json
2023-06-23,2023-03-01,67,14,53,336.15,/data/v1/fires/territorial/2023-06.json
2023-06-24,2023-03-01,77,23,54,1003.33,/data/v1/fires/territorial/2023-06.json
2023-06-25,2023-03-01,32,14,18,166.36,/data/v1/fires/territorial/2023-06.json
2023-06-26,2023-03-01,24,5,19,40.25,/data/v1/fires/territorial/2023-06.json
2023-06-27,2023-03-01,39,12,27,69.93,/data/v1/fires/territorial/2023-06.json
2023-06-28,2023-03-01,61,31,30,126.33,/data/v1/fires/territorial/2023-06.json
2023-06-29,2023-03-01,24,11,13,24.87,/data/v1/fires/territorial/2023-06.json
2023-06-30,2023-03-01,60,17,43,195.5,/data/v1/fires/territorial/2023-06.json
2023-07-01,2023-03-01,40,21,19,125.88,/data/v1/fires/territorial/2023-07.json
2023-07-02,2023-03-01,65,25,40,417.09,/data/v1/fires/territorial/2023-07.json
2023-07-03,2023-03-01,126,35,91,348.71,/data/v1/fires/territorial/2023-07.json
2023-07-04,2023-03-01,118,33,85,1051.29,/data/v1/fires/territorial/2023-07.json
2023-07-05,2023-03-01,153,46,107,903.29,/data/v1/fires/territorial/2023-07.json
2023-07-06,2023-03-01,203,95,108,3560.19,/data/v1/fires/territorial/2023-07.json
2023-07-07,2023-03-01,149,77,72,1466.78,/data/v1/fires/territorial/2023-07.json
2023-07-08,2023-03-01,150,102,48,1029.88,/data/v1/fires/territorial/2023-07.json
2023-07-09,2023-03-01,52,12,40,65.17,/data/v1/fires/territorial/2023-07.json
2023-07-10,2023-03-01,143,80,63,1267.85,/data/v1/fires/territorial/2023-07.json
2023-07-11,2023-03-01,121,41,80,939.62,/data/v1/fires/territorial/2023-07.json
2023-07-12,2023-03-01,82,23,59,383.24,/data/v1/fires/territorial/2023-07.json
2023-07-13,2023-03-01,82,27,55,508.09,/data/v1/fires/territorial/2023-07.json
2023-07-14,2023-03-01,122,43,79,371.49,/data/v1/fires/territorial/2023-07.json
2023-07-15,2023-03-01,164,52,112,994.58,/data/v1/fires/territorial/2023-07.json
2023-07-16,2023-03-01,147,30,117,811.8,/data/v1/fires/territorial/2023-07.json
2023-07-17,2023-03-01,137,36,101,597.15,/data/v1/fires/territorial/2023-07.json
2023-07-18,2023-03-01,102,35,67,498.06,/data/v1/fires/territorial/2023-07.json
2023-07-19,2023-03-01,0,0,0,0,/data/v1/fires/territorial/2023-07.json
2023-07-20,2023-03-01,0,0,0,0,/data/v1/fires/territorial/2023-07.json
2023-07-21,2023-03-01,0,0,0,0,/data/v1/fires/territorial/2023-07.json
2023-07-22,2023-03-01,0,0,0,0,/data/v1/fires/territorial/2023-07.json
2023-07-23,2023-03-01,67,7,60,314.39,/data/v1/fires/territorial/2023-07.json
2023-07-24,2023-03-01,222,35,187,1082,/data/v1/fires/territorial/2023-07.json
2023-07-25,2023-03-01,259,57,202,1980.99,/data/v1/fires/territorial/2023-07.json
2023-07-26,2023-03-01,317,95,222,2657.22,/data/v1/fires/territorial/2023-07.json
2023-07-27,2023-03-01,176,95,81,2044.96,/data/v1/fires/territorial/2023-07.json
2023-07-28,2023-03-01,21,3,18,37.8,/data/v1/fires/territorial/2023-07.json
2023-07-29,2023-03-01,70,8,62,347.92,/data/v1/fires/territorial/2023-07.json
2023-07-30,2023-03-01,191,47,144,1003.53,/data/v1/fires/territorial/2023-07.json
2023-07-31,2023-03-01,167,73,94,1095.43,/data/v1/fires/territorial/2023-07.json
2023-08-01,2023-03-01,135,47,88,1054.68,/data/v1/fires/territorial/2023-08.json
2023-08-02,2023-03-01,122,59,63,806.23,/data/v1/fires/territorial/2023-08.json
2023-08-03,2023-03-01,179,52,127,2443.16,/data/v1/fires/territorial/2023-08.json
2023-08-04,2023-03-01,477,131,346,4400.54,/data/v1/fires/territorial/2023-08.json
2023-08-05,2023-03-01,588,256,332,4319.1,/data/v1/fires/territorial/2023-08.json
2023-08-06,2023-03-01,897,387,510,8505.45,/data/v1/fires/territorial/2023-08.json
2023-08-07,2023-03-01,486,184,302,2699.44,/data/v1/fires/territorial/2023-08.json
2023-08-08,2023-03-01,307,138,169,1423.97,/data/v1/fires/territorial/2023-08.json
2023-08-09,2023-03-01,359,208,151,1758.84,/data/v1/fires/territorial/2023-08.json
2023-08-10,2023-03-01,129,39,90,1137.97,/data/v1/fires/territorial/2023-08.json
2023-08-11,2023-03-01,73,10,63,566.71,/data/v1/fires/territorial/2023-08.json
2023-08-12,2023-03-01,114,40,74,586.53,/data/v1/fires/territorial/2023-08.json
2023-08-13,2023-03-01,170,77,93,1208.47,/data/v1/fires/territorial/2023-08.json
2023-08-14,2023-03-01,242,125,117,2138.96,/data/v1/fires/territorial/2023-08.json
2023-08-15,2023-03-01,503,304,199,2843.53,/data/v1/fires/territorial/2023-08.json
2023-08-16,2023-03-01,482,259,223,3311.02,/data/v1/fires/territorial/2023-08.json
2023-08-17,2023-03-01,438,286,152,3051.38,/data/v1/fires/territorial/2023-08.json
2023-08-18,2023-03-01,306,157,149,1657.93,/data/v1/fires/territorial/2023-08.json
2023-08-19,2023-03-01,368,217,151,2592.87,/data/v1/fires/territorial/2023-08.json
2023-08-20,2023-03-01,662,436,226,5063.35,/data/v1/fires/territorial/2023-08.json
2023-08-21,2023-03-01,591,382,209,4607.58,/data/v1/fires/territorial/2023-08.json
2023-08-22,2023-03-01,530,344,186,4766.89,/data/v1/fires/territorial/2023-08.json
2023-08-23,2023-03-01,343,204,139,1736.73,/data/v1/fires/territorial/2023-08.json
2023-08-24,2023-03-01,322,203,119,1631.84,/data/v1/fires/territorial/2023-08.json
2023-08-25,2023-03-01,425,299,126,3700.82,/data/v1/fires/territorial/2023-08.json
2023-08-26,2023-03-01,376,250,126,2906.74,/data/v1/fires/territorial/2023-08.json
2023-08-27,2023-03-01,346,241,105,2859.75,/data/v1/fires/territorial/2023-08.json
2023-08-28,2023-03-01,366,233,133,2919.65,/data/v1/fires/territorial/2023-08.json
2023-08-29,2023-03-01,415,265,150,2611.64,/data/v1/fires/territorial/2023-08.json
2023-08-30,2023-03-01,572,347,225,3792.61,/data/v1/fires/territorial/2023-08.json
2023-08-31,2023-03-01,809,501,308,5666.94,/data/v1/fires/territorial/2023-08.json
2023-09-01,2023-03-01,116,57,59,697.86,/data/v1/fires/territorial/2023-09.json
2023-09-02,2023-03-01,171,96,75,898.46,/data/v1/fires/territorial/2023-09.json
2023-09-03,2023-03-01,233,134,99,1152.38,/data/v1/fires/territorial/2023-09.json
2023-09-04,2023-03-01,146,85,61,961.85,/data/v1/fires/territorial/2023-09.json
2023-09-05,2023-03-01,356,175,181,2369.73,/data/v1/fires/territorial/2023-09.json
2023-09-06,2023-03-01,338,218,120,1738.55,/data/v1/fires/territorial/2023-09.json
2023-09-07,2023-03-01,317,182,135,1883.83,/data/v1/fires/territorial/2023-09.json
2023-09-08,2023-03-01,335,175,160,2742.62,/data/v1/fires/territorial/2023-09.json
2023-09-09,2023-03-01,204,111,93,963.78,/data/v1/fires/territorial/2023-09.json
2023-09-10,2023-03-01,368,218,150,2538.4,/data/v1/fires/territorial/2023-09.json
2023-09-11,2023-03-01,251,160,91,1374.81,/data/v1/fires/territorial/2023-09.json
2023-09-12,2023-03-01,213,108,105,1341.86,/data/v1/fires/territorial/2023-09.json
2023-09-13,2023-03-01,237,121,116,1698.51,/data/v1/fires/territorial/2023-09.json
2023-09-14,2023-03-01,153,77,76,810.35,/data/v1/fires/territorial/2023-09.json
2023-09-15,2023-03-01,34,14,20,35.42,/data/v1/fires/territorial/2023-09.json
2023-09-16,2023-03-01,142,66,76,617.66,/data/v1/fires/territorial/2023-09.json
2023-09-17,2023-03-01,190,94,96,1130.61,/data/v1/fires/territorial/2023-09.json
2023-09-18,2023-03-01,181,98,83,1165.55,/data/v1/fires/territorial/2023-09.json
2023-09-19,2023-03-01,237,142,95,2028.81,/data/v1/fires/territorial/2023-09.json
2023-09-20,2023-03-01,224,145,79,1204.81,/data/v1/fires/territorial/2023-09.json
2023-09-21,2023-03-01,301,149,152,2313.71,/data/v1/fires/territorial/2023-09.json
2023-09-22,2023-03-01,431,221,210,4075.43,/data/v1/fires/territorial/2023-09.json
2023-09-23,2023-03-01,448,248,200,3621.71,/data/v1/fires/territorial/2023-09.json
2023-09-24,2023-03-01,522,293,229,4906.93,/data/v1/fires/territorial/2023-09.json
2023-09-25,2023-03-01,576,299,277,4478.74,/data/v1/fires/territorial/2023-09.json
2023-09-26,2023-03-01,742,382,360,4916.81,/data/v1/fires/territorial/2023-09.json
2023-09-27,2023-03-01,892,460,432,7470.18,/data/v1/fires/territorial/2023-09.json
2023-09-28,2023-03-01,1183,778,405,12548.97,/data/v1/fires/territorial/2023-09.json
2023-09-29,2023-03-01,668,372,296,5867.45,/data/v1/fires/territorial/2023-09.json
2023-09-30,2023-03-01,0,0,0,0,/data/v1/fires/territorial/2023-09.json
2023-10-01,2023-03-01,12,8,4,24.62,/data/v1/fires/territorial/2023-10.json
2023-10-02,2023-03-01,397,203,194,2970.11,/data/v1/fires/territorial/2023-10.json
2023-10-03,2023-03-01,354,177,177,2604.3,/data/v1/fires/territorial/2023-10.json
2023-10-04,2023-03-01,368,151,217,3139.47,/data/v1/fires/territorial/2023-10.json
2023-10-05,2023-03-01,167,67,100,1294.54,/data/v1/fires/territorial/2023-10.json
2023-10-06,2023-03-01,119,36,83,730.05,/data/v1/fires/territorial/2023-10.json
2023-10-07,2023-03-01,137,52,85,669.88,/data/v1/fires/territorial/2023-10.json
2023-10-08,2023-03-01,26,13,13,43.13,/data/v1/fires/territorial/2023-10.json
2023-10-09,2023-03-01,34,7,27,143.88,/data/v1/fires/territorial/2023-10.json
2023-10-10,2023-03-01,66,15,51,216.98,/data/v1/fires/territorial/2023-10.json
2023-10-11,2023-03-01,103,26,77,512.13,/data/v1/fires/territorial/2023-10.json
2023-10-12,2023-03-01,277,78,199,1669.03,/data/v1/fires/territorial/2023-10.json
2023-10-13,2023-03-01,54,10,44,226.34,/data/v1/fires/territorial/2023-10.json
2023-10-14,2023-03-01,172,91,81,1268.89,/data/v1/fires/territorial/2023-10.json
2023-10-15,2023-03-01,236,108,128,1880.58,/data/v1/fires/territorial/2023-10.json
2023-10-16,2023-03-01,63,36,27,339.94,/data/v1/fires/territorial/2023-10.json
2023-10-17,2023-03-01,62,8,54,256.43,/data/v1/fires/territorial/2023-10.json
2023-10-18,2023-03-01,85,40,45,207.08,/data/v1/fires/territorial/2023-10.json
2023-10-19,2023-03-01,57,25,32,465.06,/data/v1/fires/territorial/2023-10.json
2023-10-20,2023-03-01,60,28,32,462.68,/data/v1/fires/territorial/2023-10.json
2023-10-21,2023-03-01,78,21,57,468.78,/data/v1/fires/territorial/2023-10.json
2023-10-22,2023-03-01,50,7,43,245.98,/data/v1/fires/territorial/2023-10.json
2023-10-23,2023-03-01,174,62,112,1137.92,/data/v1/fires/territorial/2023-10.json
2023-10-24,2023-03-01,117,48,69,625.01,/data/v1/fires/territorial/2023-10.json
2023-10-25,2023-03-01,9,1,8,28.32,/data/v1/fires/territorial/2023-10.json
2023-10-26,2023-03-01,50,35,15,517.09,/data/v1/fires/territorial/2023-10.json
2023-10-27,2023-03-01,42,26,16,639.96,/data/v1/fires/territorial/2023-10.json
2023-10-28,2023-03-01,145,66,79,1862.22,/data/v1/fires/territorial/2023-10.json
2023-10-29,2023-03-01,140,67,73,866.03,/data/v1/fires/territorial/2023-10.json
2023-10-30,2023-03-01,164,76,88,920.06,/data/v1/fires/territorial/2023-10.json
2023-10-31,2023-03-01,194,71,123,1054.5,/data/v1/fires/territorial/2023-10.json
2023-11-01,2023-03-01,72,35,37,222.7,/data/v1/fires/territorial/2023-11.json
2023-11-02,2023-03-01,47,7,40,243.07,/data/v1/fires/territorial/2023-11.json
2023-11-03,2023-03-01,45,11,34,160.44,/data/v1/fires/territorial/2023-11.json
2023-11-04,2023-03-01,9,5,4,7.88,/data/v1/fires/territorial/2023-11.json
2023-11-05,2023-03-01,17,11,6,76.06,/data/v1/fires/territorial/2023-11.json
2023-11-06,2023-03-01,52,33,19,215.72,/data/v1/fires/territorial/2023-11.json
2023-11-07,2023-03-01,128,74,54,617.76,/data/v1/fires/territorial/2023-11.json
2023-11-08,2023-03-01,32,13,19,89.56,/data/v1/fires/territorial/2023-11.json
2023-11-09,2023-03-01,25,6,19,52.24,/data/v1/fires/territorial/2023-11.json
2023-11-10,2023-03-01,38,15,23,88.94,/data/v1/fires/territorial/2023-11.json
2023-11-11,2023-03-01,7,1,6,20.02,/data/v1/fires/territorial/2023-11.json
2023-11-12,2023-03-01,9,7,2,26.35,/data/v1/fires/territorial/2023-11.json
2023-11-13,2023-03-01,29,10,19,112.37,/data/v1/fires/territorial/2023-11.json
2023-11-14,2023-03-01,32,6,26,107.93,/data/v1/fires/territorial/2023-11.json
2023-11-15,2023-03-01,19,11,8,27.66,/data/v1/fires/territorial/2023-11.json
2023-11-16,2023-03-01,0,0,0,0,/data/v1/fires/territorial/2023-11.json
2023-11-17,2023-03-01,4,1,3,4.66,/data/v1/fires/territorial/2023-11.json
2023-11-18,2023-03-01,4,0,4,9.66,/data/v1/fires/territorial/2023-11.json
2023-11-19,2023-03-01,2,0,2,4.53,/data/v1/fires/territorial/2023-11.json
2023-11-20,2023-03-01,1,0,1,9.97,/data/v1/fires/territorial/2023-11.json
2023-11-21,2023-03-01,0,0,0,0,/data/v1/fires/territorial/2023-11.json
2023-11-22,2023-03-01,2,2,0,15.04,/data/v1/fires/territorial/2023-11.json
2023-11-23,2023-03-01,0,0,0,0,/data/v1/fires/territorial/2023-11.json
2023-11-24,2023-03-01,11,0,11,18.72,/data/v1/fires/territorial/2023-11.json
2023-11-25,2023-03-01,2,1,1,8.95,/data/v1/fires/territorial/2023-11.json
2023-11-26,2023-03-01,2,2,0,2.33,/data/v1/fires/territorial/2023-11.json
2023-11-27,2023-03-01,11,3,8,28.43,/data/v1/fires/territorial/2023-11.json
2023-11-28,2023-03-01,6,0,6,89.36,/data/v1/fires/territorial/2023-11.json
2023-11-29,2023-03-01,5,1,4,14.08,/data/v1/fires/territorial/2023-11.json
2023-11-30,2023-03-01,4,3,1,15.31,/data/v1/fires/territorial/2023-11.json
2023-12-01,2023-03-01,1,1,0,0.83,/data/v1/fires/territorial/2023-12.json
2023-12-02,2023-03-01,1,1,0,0.87,/data/v1/fires/territorial/2023-12.json
2023-12-03,2023-03-01,6,2,4,12.52,/data/v1/fires/territorial/2023-12.json
2023-12-04,2023-03-01,0,0,0,0,/data/v1/fires/territorial/2023-12.json
2023-12-05,2023-03-01,7,5,2,30.61,/data/v1/fires/territorial/2023-12.json
2023-12-06,2023-03-01,2,0,2,8.47,/data/v1/fires/territorial/2023-12.json
2023-12-07,2023-03-01,0,0,0,0,/data/v1/fires/territorial/2023-12.json
2023-12-08,2023-03-01,0,0,0,0,/data/v1/fires/territorial/2023-12.json
2023-12-09,2023-03-01,0,0,0,0,/data/v1/fires/territorial/2023-12.json
2023-12-10,2023-03-01,0,0,0,0,/data/v1/fires/territorial/2023-12.json
2023-12-11,2023-03-01,0,0,0,0,/data/v1/fires/territorial/2023-12.json
2023-12-12,2023-03-01,0,0,0,0,/data/v1/fires/territorial/2023-12.json
2023-12-13,2023-03-01,0,0,0,0,/data/v1/fires/territorial/2023-12.json
2023-12-14,2023-03-01,0,0,0,0,/data/v1/fires/territorial/2023-12.json
2023-12-15,2023-03-01,1,0,1,1.09,/data/v1/fires/territorial/2023-12.json
2023-12-16,2023-03-01,13,13,0,20.47,/data/v1/fires/territorial/2023-12.json
2023-12-17,2023-03-01,0,0,0,0,/data/v1/fires/territorial/2023-12.json
2023-12-18,2023-03-01,0,0,0,0,/data/v1/fires/territorial/2023-12.json
2023-12-19,2023-03-01,1,0,1,2.09,/data/v1/fires/territorial/2023-12.json
2023-12-20,2023-03-01,6,0,6,12.15,/data/v1/fires/territorial/2023-12.json
2023-12-21,2023-03-01,12,5,7,16.51,/data/v1/fires/territorial/2023-12.json
2023-12-22,2023-03-01,0,0,0,0,/data/v1/fires/territorial/2023-12.json
2023-12-23,2023-03-01,2,0,2,17.81,/data/v1/fires/territorial/2023-12.json
2023-12-24,2023-03-01,6,1,5,54.59,/data/v1/fires/territorial/2023-12.json
2023-12-25,2023-03-01,6,3,3,10.42,/data/v1/fires/territorial/2023-12.json
2023-12-26,2023-03-01,13,2,11,24.52,/data/v1/fires/territorial/2023-12.json
2023-12-27,2023-03-01,19,3,16,57.32,/data/v1/fires/territorial/2023-12.json
2023-12-28,2023-03-01,5,1,4,14.23,/data/v1/fires/territorial/2023-12.json
2023-12-29,2023-03-01,7,0,7,40.29,/data/v1/fires/territorial/2023-12.json
2023-12-30,2023-03-01,8,1,7,33.23,/data/v1/fires/territorial/2023-12.json
2023-12-31,2023-03-01,34,7,27,76.69,/data/v1/fires/territorial/2023-12.json
2024-01-01,2023-03-01,5,3,2,33.94,/data/v1/fires/territorial/2024-01.json
2024-01-02,2023-03-01,6,0,6,31.21,/data/v1/fires/territorial/2024-01.json
2024-01-03,2023-03-01,3,0,3,9.92,/data/v1/fires/territorial/2024-01.json
2024-01-04,2023-03-01,2,1,1,15.05,/data/v1/fires/territorial/2024-01.json
2024-01-05,2023-03-01,1,0,1,2.16,/data/v1/fires/territorial/2024-01.json
2024-01-06,2023-03-01,11,5,6,10.54,/data/v1/fires/territorial/2024-01.json
2024-01-07,2023-03-01,0,0,0,0,/data/v1/fires/territorial/2024-01.json
2024-01-08,2023-03-01,0,0,0,0,/data/v1/fires/territorial/2024-01.json
2024-01-09,2023-03-01,3,0,3,22.84,/data/v1/fires/territorial/2024-01.json
2024-01-10,2023-03-01,0,0,0,0,/data/v1/fires/territorial/2024-01.json
2024-01-11,2023-03-01,0,0,0,0,/data/v1/fires/territorial/2024-01.json
2024-01-12,2023-03-01,5,2,3,20.93,/data/v1/fires/territorial/2024-01.json
2024-01-13,2023-03-01,0,0,0,0,/data/v1/fires/territorial/2024-01.json
2024-01-14,2023-03-01,0,0,0,0,/data/v1/fires/territorial/2024-01.json
2024-01-15,2023-03-01,6,2,4,8.85,/data/v1/fires/territorial/2024-01.json
2024-01-16,2023-03-01,17,3,14,24.41,/data/v1/fires/territorial/2024-01.json
2024-01-17,2023-03-01,6,4,2,14.69,/data/v1/fires/territorial/2024-01.json
2024-01-18,2023-03-01,0,0,0,0,/data/v1/fires/territorial/2024-01.json
2024-01-19,2023-03-01,0,0,0,0,/data/v1/fires/territorial/2024-01.json
2024-01-20,2023-03-01,0,0,0,0,/data/v1/fires/territorial/2024-01.json
2024-01-21,2023-03-01,6,1,5,18.27,/data/v1/fires/territorial/2024-01.json
2024-01-22,2023-03-01,5,2,3,22.66,/data/v1/fires/territorial/2024-01.json
2024-01-23,2023-03-01,0,0,0,0,/data/v1/fires/territorial/2024-01.json
2024-01-24,2023-03-01,0,0,0,0,/data/v1/fires/territorial/2024-01.json
2024-01-25,2023-03-01,0,0,0,0,/data/v1/fires/territorial/2024-01.json
2024-01-26,2023-03-01,0,0,0,0,/data/v1/fires/territorial/2024-01.json
2024-01-27,2023-03-01,1,0,1,1.06,/data/v1/fires/territorial/2024-01.json
2024-01-28,2023-03-01,5,1,4,21.04,/data/v1/fires/territorial/2024-01.json
2024-01-29,2023-03-01,9,0,9,21.73,/data/v1/fires/territorial/2024-01.json
2024-01-30,2023-03-01,5,1,4,7.07,/data/v1/fires/territorial/2024-01.json
2024-01-31,2023-03-01,9,3,6,20.79,/data/v1/fires/territorial/2024-01.json
2024-02-01,2023-03-01,23,4,19,53.57,/data/v1/fires/territorial/2024-02.json
2024-02-02,2023-03-01,15,9,6,37.62,/data/v1/fires/territorial/2024-02.json
2024-02-03,2023-03-01,0,0,0,0,/data/v1/fires/territorial/2024-02.json
2024-02-04,2023-03-01,0,0,0,0,/data/v1/fires/territorial/2024-02.json
2024-02-05,2023-03-01,0,0,0,0,/data/v1/fires/territorial/2024-02.json
2024-02-06,2023-03-01,5,0,5,34.33,/data/v1/fires/territorial/2024-02.json
2024-02-07,2023-03-01,27,11,16,170.76,/data/v1/fires/territorial/2024-02.json
2024-02-08,2023-03-01,13,0,13,61.44,/data/v1/fires/territorial/2024-02.json
2024-02-09,2023-03-01,0,0,0,0,/data/v1/fires/territorial/2024-02.json
2024-02-10,2023-03-01,1,1,0,0.55,/data/v1/fires/territorial/2024-02.json
2024-02-11,2023-03-01,1,0,1,1.09,/data/v1/fires/territorial/2024-02.json
2024-02-12,2023-03-01,10,0,10,65.79,/data/v1/fires/territorial/2024-02.json
2024-02-13,2023-03-01,0,0,0,0,/data/v1/fires/territorial/2024-02.json
2024-02-14,2023-03-01,3,2,1,13.85,/data/v1/fires/territorial/2024-02.json
2024-02-15,2023-03-01,9,6,3,64.41,/data/v1/fires/territorial/2024-02.json
2024-02-16,2023-03-01,8,1,7,21.47,/data/v1/fires/territorial/2024-02.json
2024-02-17,2023-03-01,44,9,35,181.71,/data/v1/fires/territorial/2024-02.json
2024-02-18,2023-03-01,0,0,0,0,/data/v1/fires/territorial/2024-02.json
2024-02-19,2023-03-01,7,0,7,18.07,/data/v1/fires/territorial/2024-02.json
2024-02-20,2023-03-01,4,4,0,29.34,/data/v1/fires/territorial/2024-02.json
2024-02-21,2023-03-01,18,12,6,135.18,/data/v1/fires/territorial/2024-02.json
2024-02-22,2023-03-01,23,7,16,159.77,/data/v1/fires/territorial/2024-02.json
2024-02-23,2023-03-01,34,17,17,226.62,/data/v1/fires/territorial/2024-02.json
2024-02-24,2023-03-01,30,7,23,183.26,/data/v1/fires/territorial/2024-02.json
2024-02-25,2023-03-01,110,55,55,831.73,/data/v1/fires/territorial/2024-02.json
2024-02-26,2023-03-01,156,58,98,958.09,/data/v1/fires/territorial/2024-02.json
2024-02-27,2023-03-01,262,105,157,1900.16,/data/v1/fires/territorial/2024-02.json
2024-02-28,2023-03-01,411,176,235,3506.49,/data/v1/fires/territorial/2024-02.json
2024-02-29,2023-03-01,388,159,229,3008.49,/data/v1/fires/territorial/2024-02.json
2024-03-01,2023-03-01,23,4,19,210.9,/data/v1/fires/territorial/2024-03.json
2024-03-02,2023-03-01,56,15,41,250.35,/data/v1/fires/territorial/2024-03.json
2024-03-03,2023-03-01,30,7,23,307.39,/data/v1/fires/territorial/2024-03.json
2024-03-04,2023-03-01,259,90,169,1956.85,/data/v1/fires/territorial/2024-03.json
2024-03-05,2023-03-01,141,25,116,1119.92,/data/v1/fires/territorial/2024-03.json
2024-03-06,2023-03-01,82,41,41,728.27,/data/v1/fires/territorial/2024-03.json
2024-03-07,2023-03-01,206,77,129,1552.69,/data/v1/fires/territorial/2024-03.json
2024-03-08,2023-03-01,184,75,109,1097.03,/data/v1/fires/territorial/2024-03.json
2024-03-09,2023-03-01,289,89,200,1927.4,/data/v1/fires/territorial/2024-03.json
2024-03-10,2023-03-01,403,37,366,2458.29,/data/v1/fires/territorial/2024-03.json
2024-03-11,2023-03-01,411,84,327,2544.53,/data/v1/fires/territorial/2024-03.json
2024-03-12,2023-03-01,208,59,149,1839.69,/data/v1/fires/territorial/2024-03.json
2024-03-13,2023-03-01,84,18,66,669.53,/data/v1/fires/territorial/2024-03.json
2024-03-14,2023-03-01,1,0,1,31.15,/data/v1/fires/territorial/2024-03.json
2024-03-15,2023-03-01,9,0,9,35.5,/data/v1/fires/territorial/2024-03.json
2024-03-16,2023-03-01,29,22,7,176.87,/data/v1/fires/territorial/2024-03.json
2024-03-17,2023-03-01,6,0,6,105.38,/data/v1/fires/territorial/2024-03.json
2024-03-18,2023-03-01,6,4,2,14.73,/data/v1/fires/territorial/2024-03.json
2024-03-19,2023-03-01,30,25,5,189.9,/data/v1/fires/territorial/2024-03.json
2024-03-20,2023-03-01,41,29,12,320.34,/data/v1/fires/territorial/2024-03.json
2024-03-21,2023-03-01,53,13,40,215.03,/data/v1/fires/territorial/2024-03.json
2024-03-22,2023-03-01,129,52,77,1066.33,/data/v1/fires/territorial/2024-03.json
2024-03-23,2023-03-01,98,50,48,730.27,/data/v1/fires/territorial/2024-03.json
2024-03-24,2023-03-01,416,179,237,3238.63,/data/v1/fires/territorial/2024-03.json
2024-03-25,2023-03-01,154,61,93,1047.29,/data/v1/fires/territorial/2024-03.json
2024-03-26,2023-03-01,173,85,88,1200.71,/data/v1/fires/territorial/2024-03.json
2024-03-27,2023-03-01,225,120,105,1451.09,/data/v1/fires/territorial/2024-03.json
2024-03-28,2023-03-01,511,270,241,5583.57,/data/v1/fires/territorial/2024-03.json
2024-03-29,2023-03-01,264,108,156,2306.45,/data/v1/fires/territorial/2024-03.json
2024-03-30,2023-03-01,171,43,128,886.7,/data/v1/fires/territorial/2024-03.json
2024-03-31,2023-03-01,645,235,410,6294.9,/data/v1/fires/territorial/2024-03.json
2024-04-01,2023-03-01,713,330,383,5528.73,/data/v1/fires/territorial/2024-04.json
2024-04-02,2023-03-01,502,230,272,2706.37,/data/v1/fires/territorial/2024-04.json
2024-04-03,2023-03-01,260,42,218,1127.91,/data/v1/fires/territorial/2024-04.json
2024-04-04,2023-03-01,217,67,150,1250.2,/data/v1/fires/territorial/2024-04.json
2024-04-05,2023-03-01,259,74,185,2048.18,/data/v1/fires/territorial/2024-04.json
2024-04-06,2023-03-01,310,174,136,2130.07,/data/v1/fires/territorial/2024-04.json
2024-04-07,2023-03-01,193,92,101,1410.72,/data/v1/fires/territorial/2024-04.json
2024-04-08,2023-03-01,344,117,227,2297.57,/data/v1/fires/territorial/2024-04.json
2024-04-09,2023-03-01,459,128,331,3314.33,/data/v1/fires/territorial/2024-04.json
2024-04-10,2023-03-01,544,186,358,4094.17,/data/v1/fires/territorial/2024-04.json
2024-04-11,2023-03-01,673,242,431,5331.39,/data/v1/fires/territorial/2024-04.json
2024-04-12,2023-03-01,551,196,355,3945.44,/data/v1/fires/territorial/2024-04.json
2024-04-13,2023-03-01,327,155,172,2812.84,/data/v1/fires/territorial/2024-04.json
2024-04-14,2023-03-01,104,39,65,637.68,/data/v1/fires/territorial/2024-04.json
2024-04-15,2023-03-01,147,44,103,894.66,/data/v1/fires/territorial/2024-04.json
2024-04-16,2023-03-01,32,26,6,130.16,/data/v1/fires/territorial/2024-04.json
2024-04-17,2023-03-01,25,17,8,156.63,/data/v1/fires/territorial/2024-04.json
2024-04-18,2023-03-01,15,12,3,22.19,/data/v1/fires/territorial/2024-04.json
2024-04-19,2023-03-01,47,26,21,196.38,/data/v1/fires/territorial/2024-04.json
2024-04-20,2023-03-01,97,30,67,477.73,/data/v1/fires/territorial/2024-04.json
2024-04-21,2023-03-01,39,19,20,86.47,/data/v1/fires/territorial/2024-04.json
2024-04-22,2023-03-01,81,24,57,514.81,/data/v1/fires/territorial/2024-04.json
2024-04-23,2023-03-01,21,10,11,50.05,/data/v1/fires/territorial/2024-04.json
2024-04-24,2023-03-01,5,1,4,9.38,/data/v1/fires/territorial/2024-04.json
2024-04-25,2023-03-01,25,4,21,52.8,/data/v1/fires/territorial/2024-04.json
2024-04-26,2023-03-01,38,8,30,79.15,/data/v1/fires/territorial/2024-04.json
2024-04-27,2023-03-01,84,24,60,386.95,/data/v1/fires/territorial/2024-04.json
2024-04-28,2023-03-01,20,7,13,59.07,/data/v1/fires/territorial/2024-04.json
2024-04-29,2023-03-01,58,7,51,433.04,/data/v1/fires/territorial/2024-04.json
2024-04-30,2023-03-01,128,42,86,555.76,/data/v1/fires/territorial/2024-04.json
2024-05-01,2023-03-01,263,71,192,1427.64,/data/v1/fires/territorial/2024-05.json
2024-05-02,2023-03-01,198,71,127,1469.03,/data/v1/fires/territorial/2024-05.json
2024-05-03,2023-03-01,171,48,123,808.18,/data/v1/fires/territorial/2024-05.json
2024-05-04,2023-03-01,189,56,133,1153.04,/data/v1/fires/territorial/2024-05.json
2024-05-05,2023-03-01,199,62,137,1377.91,/data/v1/fires/territorial/2024-05.json
2024-05-06,2023-03-01,209,81,128,857.26,/data/v1/fires/territorial/2024-05.json
2024-05-07,2023-03-01,371,181,190,5123.8,/data/v1/fires/territorial/2024-05.json
2024-05-08,2023-03-01,121,79,42,551.8,/data/v1/fires/territorial/2024-05.json
2024-05-09,2023-03-01,161,75,86,1081.98,/data/v1/fires/territorial/2024-05.json
2024-05-10,2023-03-01,216,112,104,1186.29,/data/v1/fires/territorial/2024-05.json
2024-05-11,2023-03-01,166,71,95,610.14,/data/v1/fires/territorial/2024-05.json
2024-05-12,2023-03-01,106,55,51,865.28,/data/v1/fires/territorial/2024-05.json
2024-05-13,2023-03-01,36,13,23,112.9,/data/v1/fires/territorial/2024-05.json
2024-05-14,2023-03-01,43,24,19,238.1,/data/v1/fires/territorial/2024-05.json
2024-05-15,2023-03-01,27,5,22,138.94,/data/v1/fires/territorial/2024-05.json
2024-05-16,2023-03-01,46,8,38,178.8,/data/v1/fires/territorial/2024-05.json
2024-05-17,2023-03-01,93,22,71,264.35,/data/v1/fires/territorial/2024-05.json
2024-05-18,2023-03-01,48,17,31,122.77,/data/v1/fires/territorial/2024-05.json
2024-05-19,2023-03-01,76,29,47,252.53,/data/v1/fires/territorial/2024-05.json
2024-05-20,2023-03-01,78,31,47,267.75,/data/v1/fires/territorial/2024-05.json
2024-05-21,2023-03-01,109,42,67,396.88,/data/v1/fires/territorial/2024-05.json
2024-05-22,2023-03-01,258,127,131,993.36,/data/v1/fires/territorial/2024-05.json
2024-05-23,2023-03-01,281,134,147,1783.72,/data/v1/fires/territorial/2024-05.json
2024-05-24,2023-03-01,528,263,265,3929.58,/data/v1/fires/territorial/2024-05.json
2024-05-25,2023-03-01,468,216,252,4708.98,/data/v1/fires/territorial/2024-05.json
2024-05-26,2023-03-01,145,73,72,1630.45,/data/v1/fires/territorial/2024-05.json
2024-05-27,2023-03-01,184,65,119,626.52,/data/v1/fires/territorial/2024-05.json
2024-05-28,2023-03-01,449,268,181,9408.19,/data/v1/fires/territorial/2024-05.json
2024-05-29,2023-03-01,163,122,41,4440.49,/data/v1/fires/territorial/2024-05.json
2024-05-30,2023-03-01,115,42,73,644.05,/data/v1/fires/territorial/2024-05.json
2024-05-31,2023-03-01,71,24,47,201.65,/data/v1/fires/territorial/2024-05.json
2024-06-01,2023-03-01,123,70,53,1232.25,/data/v1/fires/territorial/2024-06.json
2024-06-02,2023-03-01,281,86,195,1294.83,/data/v1/fires/territorial/2024-06.json
2024-06-03,2023-03-01,175,79,96,968.17,/data/v1/fires/territorial/2024-06.json
2024-06-04,2023-03-01,63,25,38,346.93,/data/v1/fires/territorial/2024-06.json
2024-06-05,2023-03-01,119,73,46,1747.25,/data/v1/fires/territorial/2024-06.json
2024-06-06,2023-03-01,71,35,36,205.42,/data/v1/fires/territorial/2024-06.json
2024-06-07,2023-03-01,251,153,98,1438.8,/data/v1/fires/territorial/2024-06.json
2024-06-08,2023-03-01,76,33,43,1111.69,/data/v1/fires/territorial/2024-06.json
2024-06-09,2023-03-01,100,46,54,510.19,/data/v1/fires/territorial/2024-06.json
2024-06-10,2023-03-01,137,88,49,1323.21,/data/v1/fires/territorial/2024-06.json
2024-06-11,2023-03-01,151,69,82,1175.91,/data/v1/fires/territorial/2024-06.json
2024-06-12,2023-03-01,134,67,67,471.07,/data/v1/fires/territorial/2024-06.json
2024-06-13,2023-03-01,245,117,128,2067.7,/data/v1/fires/territorial/2024-06.json
2024-06-14,2023-03-01,27,23,4,150.38,/data/v1/fires/territorial/2024-06.json
2024-06-15,2023-03-01,13,3,10,32.16,/data/v1/fires/territorial/2024-06.json
2024-06-16,2023-03-01,27,3,24,54.78,/data/v1/fires/territorial/2024-06.json
2024-06-17,2023-03-01,18,16,2,65.53,/data/v1/fires/territorial/2024-06.json
2024-06-18,2023-03-01,112,42,70,276.62,/data/v1/fires/territorial/2024-06.json
2024-06-19,2023-03-01,111,49,62,480.99,/data/v1/fires/territorial/2024-06.json
2024-06-20,2023-03-01,146,71,75,923.4,/data/v1/fires/territorial/2024-06.json
2024-06-21,2023-03-01,86,19,67,224.99,/data/v1/fires/territorial/2024-06.json
2024-06-22,2023-03-01,97,33,64,466.58,/data/v1/fires/territorial/2024-06.json
2024-06-23,2023-03-01,162,65,97,607.48,/data/v1/fires/territorial/2024-06.json
2024-06-24,2023-03-01,113,44,69,593.08,/data/v1/fires/territorial/2024-06.json
2024-06-25,2023-03-01,68,31,37,217.67,/data/v1/fires/territorial/2024-06.json
2024-06-26,2023-03-01,99,40,59,469.37,/data/v1/fires/territorial/2024-06.json
2024-06-27,2023-03-01,120,48,72,434.61,/data/v1/fires/territorial/2024-06.json
2024-06-28,2023-03-01,226,90,136,967.2,/data/v1/fires/territorial/2024-06.json
2024-06-29,2023-03-01,252,99,153,1090.08,/data/v1/fires/territorial/2024-06.json
2024-06-30,2023-03-01,261,64,197,1465.09,/data/v1/fires/territorial/2024-06.json
2024-07-01,2023-03-01,207,78,129,1771.48,/data/v1/fires/territorial/2024-07.json
2024-07-02,2023-03-01,278,115,163,1888.56,/data/v1/fires/territorial/2024-07.json
2024-07-03,2023-03-01,463,178,285,4486.6,/data/v1/fires/territorial/2024-07.json
2024-07-04,2023-03-01,692,289,403,5567.87,/data/v1/fires/territorial/2024-07.json
2024-07-05,2023-03-01,270,104,166,2387.71,/data/v1/fires/territorial/2024-07.json
2024-07-06,2023-03-01,460,174,286,3365.05,/data/v1/fires/territorial/2024-07.json
2024-07-07,2023-03-01,509,202,307,3552.91,/data/v1/fires/territorial/2024-07.json
2024-07-08,2024-07-08,513,251,262,4285.02,/data/v1/fires/territorial/2024-07.json
2024-07-09,2024-07-08,674,190,484,4660.5,/data/v1/fires/territorial/2024-07.json
2024-07-10,2024-07-08,905,364,541,7501.35,/data/v1/fires/territorial/2024-07.json
2024-07-11,2024-07-08,898,455,443,14007.32,/data/v1/fires/territorial/2024-07.json
2024-07-12,2024-07-08,505,177,328,3509.62,/data/v1/fires/territorial/2024-07.json
2024-07-13,2024-07-08,496,154,342,2463.7,/data/v1/fires/territorial/2024-07.json
2024-07-14,2024-07-08,1112,443,669,10275.9,/data/v1/fires/territorial/2024-07.json
2024-07-15,2024-07-08,760,364,396,7433.29,/data/v1/fires/territorial/2024-07.json
2024-07-16,2024-07-08,910,331,579,8682.19,/data/v1/fires/territorial/2024-07.json
2024-07-17,2024-07-08,712,261,451,7066.58,/data/v1/fires/territorial/2024-07.json
2024-07-18,2024-07-08,555,189,366,3788.16,/data/v1/fires/territorial/2024-07.json
2024-07-19,2024-07-08,605,219,386,3758.83,/data/v1/fires/territorial/2024-07.json
2024-07-20,2024-07-08,753,171,582,3278.91,/data/v1/fires/territorial/2024-07.json
2024-07-21,2024-07-08,406,138,268,3220.19,/data/v1/fires/territorial/2024-07.json
2024-07-22,2024-07-08,172,44,128,1183.12,/data/v1/fires/territorial/2024-07.json
2024-07-23,2024-07-08,207,41,166,1722.43,/data/v1/fires/territorial/2024-07.json
2024-07-24,2024-07-08,284,88,196,1395.08,/data/v1/fires/territorial/2024-07.json
2024-07-25,2024-07-08,459,137,322,3397.98,/data/v1/fires/territorial/2024-07.json
2024-07-26,2024-07-08,404,144,260,2168.15,/data/v1/fires/territorial/2024-07.json
2024-07-27,2024-07-08,627,289,338,5159.9,/data/v1/fires/territorial/2024-07.json
2024-07-28,2024-07-08,521,234,287,3083.53,/data/v1/fires/territorial/2024-07.json
2024-07-29,2024-07-08,563,185,378,3808.71,/data/v1/fires/territorial/2024-07.json
2024-07-30,2024-07-08,419,130,289,1308.09,/data/v1/fires/territorial/2024-07.json
2024-07-31,2024-07-08,349,137,212,1837.14,/data/v1/fires/territorial/2024-07.json
2024-08-01,2024-08-01,539,266,273,3898.57,/data/v1/fires/territorial/2024-08.json
2024-08-02,2024-08-01,441,203,238,3241.12,/data/v1/fires/territorial/2024-08.json
2024-08-03,2024-08-01,468,238,230,4507.91,/data/v1/fires/territorial/2024-08.json
2024-08-04,2024-08-01,99,78,21,557.73,/data/v1/fires/territorial/2024-08.json
2024-08-05,2024-08-01,192,68,124,831.5,/data/v1/fires/territorial/2024-08.json
2024-08-06,2024-08-01,174,58,116,1195.73,/data/v1/fires/territorial/2024-08.json
2024-08-07,2024-08-01,179,57,122,1157.67,/data/v1/fires/territorial/2024-08.json
2024-08-08,2024-08-08,208,72,136,1045.41,/data/v1/fires/territorial/2024-08.json
2024-08-09,2024-08-08,234,94,140,1154.83,/data/v1/fires/territorial/2024-08.json
2024-08-10,2024-08-08,330,162,168,1272.43,/data/v1/fires/territorial/2024-08.json
2024-08-11,2024-08-08,417,210,207,3402.53,/data/v1/fires/territorial/2024-08.json
2024-08-12,2024-08-08,486,157,329,3458.89,/data/v1/fires/territorial/2024-08.json
2024-08-13,2024-08-08,353,96,257,3277.95,/data/v1/fires/territorial/2024-08.json
2024-08-14,2024-08-14,356,157,199,2992.82,/data/v1/fires/territorial/2024-08.json
2024-08-15,2024-08-14,475,200,275,2736.96,/data/v1/fires/territorial/2024-08.json
2024-08-16,2024-08-14,583,275,308,4422.32,/data/v1/fires/territorial/2024-08.json
2024-08-17,2024-08-14,553,256,297,4825.21,/data/v1/fires/territorial/2024-08.json
2024-08-18,2024-08-14,577,263,314,4984.54,/data/v1/fires/territorial/2024-08.json
2024-08-19,2024-08-19,506,244,262,3911.94,/data/v1/fires/territorial/2024-08.json
2024-08-20,2024-08-19,574,227,347,8015.29,/data/v1/fires/territorial/2024-08.json
2024-08-21,2024-08-19,838,363,475,5653.8,/data/v1/fires/territorial/2024-08.json
2024-08-22,2024-08-19,546,280,266,5537.61,/data/v1/fires/territorial/2024-08.json
2024-08-23,2024-08-19,288,91,197,1400.75,/data/v1/fires/territorial/2024-08.json
2024-08-24,2024-08-19,386,111,275,2075.01,/data/v1/fires/territorial/2024-08.json
2024-08-25,2024-08-19,518,195,323,3620.07,/data/v1/fires/territorial/2024-08.json
2024-08-26,2024-08-19,818,305,513,6791.22,/data/v1/fires/territorial/2024-08.json
2024-08-27,2024-08-19,411,92,319,3701.31,/data/v1/fires/territorial/2024-08.json
2024-08-28,2024-08-19,539,182,357,4565.85,/data/v1/fires/territorial/2024-08.json
2024-08-29,2024-08-29,662,211,451,6221.17,/data/v1/fires/territorial/2024-08.json
2024-08-30,2024-08-29,559,118,441,5367.77,/data/v1/fires/territorial/2024-08.json
2024-08-31,2024-08-29,1192,401,791,9807.02,/data/v1/fires/territorial/2024-08.json
2024-09-01,2024-09-01,1713,779,934,21948.19,/data/v1/fires/territorial/2024-09.json
2024-09-02,2024-09-01,777,244,533,8606.13,/data/v1/fires/territorial/2024-09.json
2024-09-03,2024-09-01,264,27,237,1232.97,/data/v1/fires/territorial/2024-09.json
2024-09-04,2024-09-01,612,133,479,4555.71,/data/v1/fires/territorial/2024-09.json
2024-09-05,2024-09-01,708,137,571,4504.02,/data/v1/fires/territorial/2024-09.json
2024-09-06,2024-09-01,1534,344,1190,16153.9,/data/v1/fires/territorial/2024-09.json
2024-09-07,2024-09-01,1427,328,1099,19909.66,/data/v1/fires/territorial/2024-09.json
2024-09-08,2024-09-01,953,149,804,9479.89,/data/v1/fires/territorial/2024-09.json
2024-09-09,2024-09-01,596,141,455,5739.01,/data/v1/fires/territorial/2024-09.json
2024-09-10,2024-09-01,391,20,371,1600.18,/data/v1/fires/territorial/2024-09.json
2024-09-11,2024-09-01,282,42,240,931.43,/data/v1/fires/territorial/2024-09.json
2024-09-12,2024-09-01,308,108,200,3048.1,/data/v1/fires/territorial/2024-09.json
2024-09-13,2024-09-01,289,150,139,1681.99,/data/v1/fires/territorial/2024-09.json
2024-09-14,2024-09-01,899,293,606,7747.38,/data/v1/fires/territorial/2024-09.json
2024-09-15,2024-09-01,1779,676,1103,14352.76,/data/v1/fires/territorial/2024-09.json
2024-09-16,2024-09-01,2728,649,2079,24618.75,/data/v1/fires/territorial/2024-09.json
2024-09-17,2024-09-01,812,119,693,9858.91,/data/v1/fires/territorial/2024-09.json
2024-09-18,2024-09-01,658,170,488,4756.73,/data/v1/fires/territorial/2024-09.json
2024-09-19,2024-09-01,899,221,678,6538.82,/data/v1/fires/territorial/2024-09.json
2024-09-20,2024-09-01,648,139,509,3769.82,/data/v1/fires/territorial/2024-09.json
2024-09-21,2024-09-01,430,94,336,2596.17,/data/v1/fires/territorial/2024-09.json
2024-09-22,2024-09-01,751,134,617,3218.04,/data/v1/fires/territorial/2024-09.json
2024-09-23,2024-09-01,587,149,438,3568.42,/data/v1/fires/territorial/2024-09.json
2024-09-24,2024-09-01,685,164,521,4655.64,/data/v1/fires/territorial/2024-09.json
2024-09-25,2024-09-01,739,184,555,5015.23,/data/v1/fires/territorial/2024-09.json
2024-09-26,2024-09-01,367,99,268,1312.4,/data/v1/fires/territorial/2024-09.json
2024-09-27,2024-09-01,418,117,301,1818.03,/data/v1/fires/territorial/2024-09.json
2024-09-28,2024-09-01,855,215,640,5200.05,/data/v1/fires/territorial/2024-09.json
2024-09-29,2024-09-01,889,400,489,6612.5,/data/v1/fires/territorial/2024-09.json
2024-09-30,2024-09-01,600,304,296,4274.06,/data/v1/fires/territorial/2024-09.json
2024-10-01,2024-10-01,954,334,620,9069.21,/data/v1/fires/territorial/2024-10.json
2024-10-02,2024-10-01,1322,206,1116,9001.32,/data/v1/fires/territorial/2024-10.json
2024-10-03,2024-10-01,772,220,552,5609.72,/data/v1/fires/territorial/2024-10.json
2024-10-04,2024-10-01,311,114,197,2039.22,/data/v1/fires/territorial/2024-10.json
2024-10-05,2024-10-01,365,185,180,3150.74,/data/v1/fires/territorial/2024-10.json
2024-10-06,2024-10-01,486,216,270,3359.35,/data/v1/fires/territorial/2024-10.json
2024-10-07,2024-10-01,176,57,119,1218.32,/data/v1/fires/territorial/2024-10.json
2024-10-08,2024-10-01,116,42,74,524.29,/data/v1/fires/territorial/2024-10.json
2024-10-09,2024-10-01,194,61,133,1021.71,/data/v1/fires/territorial/2024-10.json
2024-10-10,2024-10-01,117,45,72,420.21,/data/v1/fires/territorial/2024-10.json
2024-10-11,2024-10-01,170,58,112,762.03,/data/v1/fires/territorial/2024-10.json
2024-10-12,2024-10-01,123,38,85,576.34,/data/v1/fires/territorial/2024-10.json
2024-10-13,2024-10-01,47,10,37,275.54,/data/v1/fires/territorial/2024-10.json
2024-10-14,2024-10-01,26,1,25,77.53,/data/v1/fires/territorial/2024-10.json
2024-10-15,2024-10-01,8,0,8,12.46,/data/v1/fires/territorial/2024-10.json
2024-10-16,2024-10-01,15,0,15,40.01,/data/v1/fires/territorial/2024-10.json
2024-10-17,2024-10-01,36,2,34,132.35,/data/v1/fires/territorial/2024-10.json
2024-10-18,2024-10-01,38,1,37,175.12,/data/v1/fires/territorial/2024-10.json
2024-10-19,2024-10-01,12,0,12,28.6,/data/v1/fires/territorial/2024-10.json
2024-10-20,2024-10-01,38,1,37,155.82,/data/v1/fires/territorial/2024-10.json
2024-10-21,2024-10-01,104,6,98,329.87,/data/v1/fires/territorial/2024-10.json
2024-10-22,2024-10-01,126,20,106,543.24,/data/v1/fires/territorial/2024-10.json
2024-10-23,2024-10-01,97,12,85,584.95,/data/v1/fires/territorial/2024-10.json
2024-10-24,2024-10-01,88,17,71,363.59,/data/v1/fires/territorial/2024-10.json
2024-10-25,2024-10-01,58,20,38,165.83,/data/v1/fires/territorial/2024-10.json
2024-10-26,2024-10-01,45,16,29,123.78,/data/v1/fires/territorial/2024-10.json
2024-10-27,2024-10-01,38,9,29,112.81,/data/v1/fires/territorial/2024-10.json
2024-10-28,2024-10-01,25,0,25,100.6,/data/v1/fires/territorial/2024-10.json
2024-10-29,2024-10-01,104,36,68,441.75,/data/v1/fires/territorial/2024-10.json
2024-10-30,2024-10-01,28,15,13,108.64,/data/v1/fires/territorial/2024-10.json
2024-10-31,2024-10-01,14,5,9,46.1,/data/v1/fires/territorial/2024-10.json
2024-11-01,2024-11-01,61,17,44,470.27,/data/v1/fires/territorial/2024-11.json
2024-11-02,2024-11-01,65,25,40,194.49,/data/v1/fires/territorial/2024-11.json
2024-11-03,2024-11-01,77,17,60,312.84,/data/v1/fires/territorial/2024-11.json
2024-11-04,2024-11-01,39,5,34,164.84,/data/v1/fires/territorial/2024-11.json
2024-11-05,2024-11-01,49,4,45,448.37,/data/v1/fires/territorial/2024-11.json
2024-11-06,2024-11-01,55,2,53,244.08,/data/v1/fires/territorial/2024-11.json
2024-11-07,2024-11-01,61,9,52,337.99,/data/v1/fires/territorial/2024-11.json
2024-11-08,2024-11-01,29,7,22,105.87,/data/v1/fires/territorial/2024-11.json
2024-11-09,2024-11-01,5,3,2,6.1,/data/v1/fires/territorial/2024-11.json
2024-11-10,2024-11-01,2,0,2,2.95,/data/v1/fires/territorial/2024-11.json
2024-11-11,2024-11-01,2,0,2,9.28,/data/v1/fires/territorial/2024-11.json
2024-11-12,2024-11-01,0,0,0,0,/data/v1/fires/territorial/2024-11.json
2024-11-13,2024-11-01,0,0,0,0,/data/v1/fires/territorial/2024-11.json
2024-11-14,2024-11-01,0,0,0,0,/data/v1/fires/territorial/2024-11.json
2024-11-15,2024-11-01,9,9,0,29.02,/data/v1/fires/territorial/2024-11.json
2024-11-16,2024-11-01,18,12,6,29.16,/data/v1/fires/territorial/2024-11.json
2024-11-17,2024-11-01,44,16,28,324.98,/data/v1/fires/territorial/2024-11.json
2024-11-18,2024-11-01,8,1,7,13.48,/data/v1/fires/territorial/2024-11.json
2024-11-19,2024-11-01,68,24,44,223.22,/data/v1/fires/territorial/2024-11.json
2024-11-20,2024-11-01,6,4,2,23.57,/data/v1/fires/territorial/2024-11.json
2024-11-21,2024-11-01,5,0,5,5.99,/data/v1/fires/territorial/2024-11.json
2024-11-22,2024-11-01,2,0,2,2.37,/data/v1/fires/territorial/2024-11.json
2024-11-23,2024-11-01,0,0,0,0,/data/v1/fires/territorial/2024-11.json
2024-11-24,2024-11-01,3,0,3,3.7,/data/v1/fires/territorial/2024-11.json
2024-11-25,2024-11-01,11,0,11,34.34,/data/v1/fires/territorial/2024-11.json
2024-11-26,2024-11-01,3,0,3,11.6,/data/v1/fires/territorial/2024-11.json
2024-11-27,2024-11-01,0,0,0,0,/data/v1/fires/territorial/2024-11.json
2024-11-28,2024-11-01,3,0,3,12.45,/data/v1/fires/territorial/2024-11.json
2024-11-29,2024-11-01,1,1,0,10.47,/data/v1/fires/territorial/2024-11.json
2024-11-30,2024-11-01,2,1,1,2.23,/data/v1/fires/territorial/2024-11.json
2024-12-01,2024-12-01,0,0,0,0,/data/v1/fires/territorial/2024-12.json
2024-12-02,2024-12-01,0,0,0,0,/data/v1/fires/territorial/2024-12.json
2024-12-03,2024-12-01,0,0,0,0,/data/v1/fires/territorial/2024-12.json
2024-12-04,2024-12-01,0,0,0,0,/data/v1/fires/territorial/2024-12.json
2024-12-05,2024-12-01,0,0,0,0,/data/v1/fires/territorial/2024-12.json
2024-12-06,2024-12-01,0,0,0,0,/data/v1/fires/territorial/2024-12.json
2024-12-07,2024-12-01,0,0,0,0,/data/v1/fires/territorial/2024-12.json
2024-12-08,2024-12-01,0,0,0,0,/data/v1/fires/territorial/2024-12.json
2024-12-09,2024-12-01,0,0,0,0,/data/v1/fires/territorial/2024-12.json
2024-12-10,2024-12-01,0,0,0,0,/data/v1/fires/territorial/2024-12.json
2024-12-11,2024-12-01,0,0,0,0,/data/v1/fires/territorial/2024-12.json
2024-12-12,2024-12-01,1,0,1,0.69,/data/v1/fires/territorial/2024-12.json
2024-12-13,2024-12-01,3,2,1,26.6,/data/v1/fires/territorial/2024-12.json
2024-12-14,2024-12-01,11,1,10,42.2,/data/v1/fires/territorial/2024-12.json
2024-12-15,2024-12-01,0,0,0,0,/data/v1/fires/territorial/2024-12.json
2024-12-16,2024-12-01,20,0,20,23.87,/data/v1/fires/territorial/2024-12.json
2024-12-17,2024-12-01,17,1,16,30.46,/data/v1/fires/territorial/2024-12.json
2024-12-18,2024-12-01,18,8,10,38.3,/data/v1/fires/territorial/2024-12.json
2024-12-19,2024-12-01,2,1,1,12.11,/data/v1/fires/territorial/2024-12.json
2024-12-20,2024-12-01,12,7,5,59.34,/data/v1/fires/territorial/2024-12.json
2024-12-21,2024-12-01,5,5,0,8.69,/data/v1/fires/territorial/2024-12.json
2024-12-22,2024-12-01,0,0,0,0,/data/v1/fires/territorial/2024-12.json
2024-12-23,2024-12-01,1,0,1,0.93,/data/v1/fires/territorial/2024-12.json
2024-12-24,2024-12-01,3,3,0,8.89,/data/v1/fires/territorial/2024-12.json
2024-12-25,2024-12-01,0,0,0,0,/data/v1/fires/territorial/2024-12.json
2024-12-26,2024-12-01,1,0,1,0.63,/data/v1/fires/territorial/2024-12.json
2024-12-27,2024-12-01,0,0,0,0,/data/v1/fires/territorial/2024-12.json
2024-12-28,2024-12-01,0,0,0,0,/data/v1/fires/territorial/2024-12.json
2024-12-29,2024-12-01,0,0,0,0,/data/v1/fires/territorial/2024-12.json
2024-12-30,2024-12-01,0,0,0,0,/data/v1/fires/territorial/2024-12.json
2024-12-31,2024-12-01,5,2,3,25.57,/data/v1/fires/territorial/2024-12.json
2025-01-01,2024-12-01,18,1,17,30.36,/data/v1/fires/territorial/2025-01.json
2025-01-02,2025-01-02,37,8,29,180.26,/data/v1/fires/territorial/2025-01.json
2025-01-03,2025-01-02,6,0,6,12.36,/data/v1/fires/territorial/2025-01.json
2025-01-04,2025-01-02,17,10,7,320.16,/data/v1/fires/territorial/2025-01.json
2025-01-05,2025-01-02,11,6,5,26.49,/data/v1/fires/territorial/2025-01.json
2025-01-06,2025-01-02,5,1,4,9.64,/data/v1/fires/territorial/2025-01.json
2025-01-07,2025-01-02,1,0,1,7.24,/data/v1/fires/territorial/2025-01.json
2025-01-08,2025-01-02,2,1,1,5.22,/data/v1/fires/territorial/2025-01.json
2025-01-09,2025-01-02,10,1,9,45.24,/data/v1/fires/territorial/2025-01.json
2025-01-10,2025-01-02,6,2,4,7.71,/data/v1/fires/territorial/2025-01.json
2025-01-11,2025-01-02,7,6,1,21.98,/data/v1/fires/territorial/2025-01.json
2025-01-12,2025-01-02,24,0,24,43.26,/data/v1/fires/territorial/2025-01.json
2025-01-13,2025-01-02,6,5,1,8.45,/data/v1/fires/territorial/2025-01.json
2025-01-14,2025-01-02,8,2,6,18.11,/data/v1/fires/territorial/2025-01.json
2025-01-15,2025-01-02,6,0,6,17.91,/data/v1/fires/territorial/2025-01.json
2025-01-16,2025-01-02,6,6,0,5.61,/data/v1/fires/territorial/2025-01.json
2025-01-17,2025-01-02,0,0,0,0,/data/v1/fires/territorial/2025-01.json
2025-01-18,2025-01-02,3,0,3,6.78,/data/v1/fires/territorial/2025-01.json
2025-01-19,2025-01-02,10,0,10,22.07,/data/v1/fires/territorial/2025-01.json
2025-01-20,2025-01-02,12,2,10,41.32,/data/v1/fires/territorial/2025-01.json
2025-01-21,2025-01-02,5,5,0,4.51,/data/v1/fires/territorial/2025-01.json
2025-01-22,2025-01-02,2,2,0,2.14,/data/v1/fires/territorial/2025-01.json
2025-01-23,2025-01-02,0,0,0,0,/data/v1/fires/territorial/2025-01.json
2025-01-24,2025-01-02,0,0,0,0,/data/v1/fires/territorial/2025-01.json
2025-01-25,2025-01-02,2,0,2,2.02,/data/v1/fires/territorial/2025-01.json
2025-01-26,2025-01-02,1,1,0,1.11,/data/v1/fires/territorial/2025-01.json
2025-01-27,2025-01-02,18,2,16,133.53,/data/v1/fires/territorial/2025-01.json
2025-01-28,2025-01-02,8,2,6,50.03,/data/v1/fires/territorial/2025-01.json
2025-01-29,2025-01-02,24,10,14,86.95,/data/v1/fires/territorial/2025-01.json
2025-01-30,2025-01-02,12,1,11,124.61,/data/v1/fires/territorial/2025-01.json
2025-01-31,2025-01-02,6,6,0,28.84,/data/v1/fires/territorial/2025-01.json
2025-02-01,2025-02-01,0,0,0,0,/data/v1/fires/territorial/2025-02.json
2025-02-02,2025-02-01,9,0,9,28.33,/data/v1/fires/territorial/2025-02.json
2025-02-03,2025-02-01,2,1,1,4.48,/data/v1/fires/territorial/2025-02.json
2025-02-04,2025-02-01,4,4,0,4.88,/data/v1/fires/territorial/2025-02.json
2025-02-05,2025-02-01,8,1,7,22.64,/data/v1/fires/territorial/2025-02.json
2025-02-06,2025-02-01,1,0,1,1.98,/data/v1/fires/territorial/2025-02.json
2025-02-07,2025-02-01,6,0,6,25.73,/data/v1/fires/territorial/2025-02.json
2025-02-08,2025-02-01,44,3,41,271.3,/data/v1/fires/territorial/2025-02.json
2025-02-09,2025-02-01,79,3,76,733.33,/data/v1/fires/territorial/2025-02.json
2025-02-10,2025-02-01,25,2,23,137.07,/data/v1/fires/territorial/2025-02.json
2025-02-11,2025-02-01,42,8,34,486.02,/data/v1/fires/territorial/2025-02.json
2025-02-12,2025-02-01,59,9,50,462.2,/data/v1/fires/territorial/2025-02.json
2025-02-13,2025-02-01,92,4,88,853.77,/data/v1/fires/territorial/2025-02.json
2025-02-14,2025-02-01,37,13,24,330.84,/data/v1/fires/territorial/2025-02.json
2025-02-15,2025-02-01,0,0,0,0,/data/v1/fires/territorial/2025-02.json
2025-02-16,2025-02-01,2,0,2,8.15,/data/v1/fires/territorial/2025-02.json
2025-02-17,2025-02-01,14,4,10,81.19,/data/v1/fires/territorial/2025-02.json
2025-02-18,2025-02-01,35,3,32,220.95,/data/v1/fires/territorial/2025-02.json
2025-02-19,2025-02-01,9,2,7,61.19,/data/v1/fires/territorial/2025-02.json
2025-02-20,2025-02-01,11,7,4,75.67,/data/v1/fires/territorial/2025-02.json
2025-02-21,2025-02-01,44,8,36,614.64,/data/v1/fires/territorial/2025-02.json
2025-02-22,2025-02-01,46,0,46,368.49,/data/v1/fires/territorial/2025-02.json
2025-02-23,2025-02-01,258,5,253,2445.44,/data/v1/fires/territorial/2025-02.json
2025-02-24,2025-02-01,142,3,139,1356.81,/data/v1/fires/territorial/2025-02.json
2025-02-25,2025-02-01,209,14,195,1331.36,/data/v1/fires/territorial/2025-02.json
2025-02-26,2025-02-01,282,7,275,1988.41,/data/v1/fires/territorial/2025-02.json
2025-02-27,2025-02-01,222,6,216,1797.94,/data/v1/fires/territorial/2025-02.json
2025-02-28,2025-02-01,112,16,96,1387.13,/data/v1/fires/territorial/2025-02.json
2025-03-01,2025-03-01,46,17,29,289.79,/data/v1/fires/territorial/2025-03.json
2025-03-02,2025-03-01,0,0,0,0,/data/v1/fires/territorial/2025-03.json
2025-03-03,2025-03-01,29,23,6,232.73,/data/v1/fires/territorial/2025-03.json
2025-03-04,2025-03-01,10,0,10,102.22,/data/v1/fires/territorial/2025-03.json
2025-03-05,2025-03-01,90,10,80,834.2,/data/v1/fires/territorial/2025-03.json
2025-03-06,2025-03-01,1125,44,1081,8605.09,/data/v1/fires/territorial/2025-03.json
2025-03-07,2025-03-01,1092,124,968,8255.12,/data/v1/fires/territorial/2025-03.json
2025-03-08,2025-03-01,963,89,874,6527.98,/data/v1/fires/territorial/2025-03.json
2025-03-09,2025-03-01,788,57,731,5540.56,/data/v1/fires/territorial/2025-03.json
2025-03-10,2025-03-01,545,12,533,3585.32,/data/v1/fires/territorial/2025-03.json
2025-03-11,2025-03-01,323,21,302,1968.36,/data/v1/fires/territorial/2025-03.json
2025-03-12,2025-03-01,130,27,103,688.23,/data/v1/fires/territorial/2025-03.json
2025-03-13,2025-03-01,74,25,49,317.54,/data/v1/fires/territorial/2025-03.json
2025-03-14,2025-03-01,368,127,241,3451.34,/data/v1/fires/territorial/2025-03.json
2025-03-15,2025-03-01,74,33,41,317.07,/data/v1/fires/territorial/2025-03.json
2025-03-16,2025-03-01,25,2,23,82.78,/data/v1/fires/territorial/2025-03.json
2025-03-17,2025-03-01,51,30,21,575.99,/data/v1/fires/territorial/2025-03.json
2025-03-18,2025-03-01,110,6,104,1234.15,/data/v1/fires/territorial/2025-03.json
2025-03-19,2025-03-01,78,32,46,521.78,/data/v1/fires/territorial/2025-03.json
2025-03-20,2025-03-01,288,21,267,1926.5,/data/v1/fires/territorial/2025-03.json
2025-03-21,2025-03-01,514,15,499,4341.8,/data/v1/fires/territorial/2025-03.json
2025-03-22,2025-03-01,741,44,697,5222.1,/data/v1/fires/territorial/2025-03.json
2025-03-23,2025-03-01,163,37,126,1306.83,/data/v1/fires/territorial/2025-03.json
2025-03-24,2025-03-01,77,44,33,532.28,/data/v1/fires/territorial/2025-03.json
2025-03-25,2025-03-01,18,10,8,215.92,/data/v1/fires/territorial/2025-03.json
2025-03-26,2025-03-01,83,16,67,476.04,/data/v1/fires/territorial/2025-03.json
2025-03-27,2025-03-01,100,6,94,541.01,/data/v1/fires/territorial/2025-03.json
2025-03-28,2025-03-01,134,9,125,1266.99,/data/v1/fires/territorial/2025-03.json
2025-03-29,2025-03-01,167,7,160,1738.41,/data/v1/fires/territorial/2025-03.json
2025-03-30,2025-03-01,75,1,74,394.76,/data/v1/fires/territorial/2025-03.json
2025-03-31,2025-03-01,14,0,14,67.19,/data/v1/fires/territorial/2025-03.json
2025-04-01,2025-03-01,10,5,5,33.48,/data/v1/fires/territorial/2025-04.json
2025-04-02,2025-04-02,22,8,14,35.33,/data/v1/fires/territorial/2025-04.json
2025-04-03,2025-04-02,56,14,42,168.09,/data/v1/fires/territorial/2025-04.json
2025-04-04,2025-04-02,173,41,132,1194.9,/data/v1/fires/territorial/2025-04.json
2025-04-05,2025-04-02,48,1,47,273.22,/data/v1/fires/territorial/2025-04.json
2025-04-06,2025-04-02,0,0,0,0,/data/v1/fires/territorial/2025-04.json
2025-04-07,2025-04-02,16,1,15,32.67,/data/v1/fires/territorial/2025-04.json
2025-04-08,2025-04-02,33,16,17,75.64,/data/v1/fires/territorial/2025-04.json
2025-04-09,2025-04-02,41,10,31,169.17,/data/v1/fires/territorial/2025-04.json
2025-04-10,2025-04-02,14,5,9,29.19,/data/v1/fires/territorial/2025-04.json
2025-04-11,2025-04-02,21,9,12,142.33,/data/v1/fires/territorial/2025-04.json
2025-04-12,2025-04-02,26,1,25,118.61,/data/v1/fires/territorial/2025-04.json
2025-04-13,2025-04-02,174,24,150,803.56,/data/v1/fires/territorial/2025-04.json
2025-04-14,2025-04-02,225,27,198,1059.18,/data/v1/fires/territorial/2025-04.json
2025-04-15,2025-04-02,154,43,111,1119.43,/data/v1/fires/territorial/2025-04.json
2025-04-16,2025-04-02,114,50,64,981.71,/data/v1/fires/territorial/2025-04.json
2025-04-17,2025-04-02,187,58,129,1371.12,/data/v1/fires/territorial/2025-04.json
2025-04-18,2025-04-02,552,119,433,5071.34,/data/v1/fires/territorial/2025-04.json
2025-04-19,2025-04-02,476,136,340,4991.2,/data/v1/fires/territorial/2025-04.json
2025-04-20,2025-04-02,354,165,189,6107.81,/data/v1/fires/territorial/2025-04.json
2025-04-21,2025-04-02,396,157,239,5779.03,/data/v1/fires/territorial/2025-04.json
2025-04-22,2025-04-02,238,32,206,1521.46,/data/v1/fires/territorial/2025-04.json
2025-04-23,2025-04-02,327,40,287,2376.77,/data/v1/fires/territorial/2025-04.json
2025-04-24,2025-04-02,248,33,215,1717.42,/data/v1/fires/territorial/2025-04.json
2025-04-25,2025-04-02,177,30,147,1799.09,/data/v1/fires/territorial/2025-04.json
2025-04-26,2025-04-02,84,20,64,389.3,/data/v1/fires/territorial/2025-04.json
2025-04-27,2025-04-02,136,19,117,804.08,/data/v1/fires/territorial/2025-04.json
2025-04-28,2025-04-02,225,34,191,1080.69,/data/v1/fires/territorial/2025-04.json
2025-04-29,2025-04-02,259,81,178,1272.92,/data/v1/fires/territorial/2025-04.json
2025-04-30,2025-04-02,159,28,131,809.24,/data/v1/fires/territorial/2025-04.json
2025-05-01,2025-05-01,172,30,142,926.25,/data/v1/fires/territorial/2025-05.json
2025-05-02,2025-05-01,328,52,276,4308.56,/data/v1/fires/territorial/2025-05.json
2025-05-03,2025-05-01,307,71,236,2255.38,/data/v1/fires/territorial/2025-05.json
2025-05-04,2025-05-01,397,111,286,3017.72,/data/v1/fires/territorial/2025-05.json
2025-05-05,2025-05-01,101,44,57,808.92,/data/v1/fires/territorial/2025-05.json
2025-05-06,2025-05-01,13,9,4,40.74,/data/v1/fires/territorial/2025-05.json
2025-05-07,2025-05-01,7,1,6,41.33,/data/v1/fires/territorial/2025-05.json
2025-05-08,2025-05-01,23,7,16,41.57,/data/v1/fires/territorial/2025-05.json
2025-05-09,2025-05-01,29,11,18,53.03,/data/v1/fires/territorial/2025-05.json
2025-05-10,2025-05-01,38,15,23,56.41,/data/v1/fires/territorial/2025-05.json
2025-05-11,2025-05-01,24,17,7,107.86,/data/v1/fires/territorial/2025-05.json
2025-05-12,2025-05-01,33,14,19,61.55,/data/v1/fires/territorial/2025-05.json
2025-05-13,2025-05-01,40,14,26,91.56,/data/v1/fires/territorial/2025-05.json
2025-05-14,2025-05-01,99,40,59,351.47,/data/v1/fires/territorial/2025-05.json
2025-05-15,2025-05-01,59,34,25,221.53,/data/v1/fires/territorial/2025-05.json
2025-05-16,2025-05-01,19,5,14,61.21,/data/v1/fires/territorial/2025-05.json
2025-05-17,2025-05-01,4,4,0,3.93,/data/v1/fires/territorial/2025-05.json
2025-05-18,2025-05-01,15,11,4,27.56,/data/v1/fires/territorial/2025-05.json
2025-05-19,2025-05-01,38,8,30,175.57,/data/v1/fires/territorial/2025-05.json
2025-05-20,2025-05-01,59,9,50,113.02,/data/v1/fires/territorial/2025-05.json
2025-05-21,2025-05-01,69,14,55,233.42,/data/v1/fires/territorial/2025-05.json
2025-05-22,2025-05-01,85,28,57,242.62,/data/v1/fires/territorial/2025-05.json
2025-05-23,2025-05-01,87,33,54,237.16,/data/v1/fires/territorial/2025-05.json
2025-05-24,2025-05-01,88,35,53,207.55,/data/v1/fires/territorial/2025-05.json
2025-05-25,2025-05-01,71,29,42,251.82,/data/v1/fires/territorial/2025-05.json
2025-05-26,2025-05-01,43,32,11,123.41,/data/v1/fires/territorial/2025-05.json
2025-05-27,2025-05-01,29,18,11,179.26,/data/v1/fires/territorial/2025-05.json
2025-05-28,2025-05-01,50,35,15,621.77,/data/v1/fires/territorial/2025-05.json
2025-05-29,2025-05-01,25,8,17,81.89,/data/v1/fires/territorial/2025-05.json
2025-05-30,2025-05-01,73,14,59,235.68,/data/v1/fires/territorial/2025-05.json
2025-05-31,2025-05-01,53,4,49,91.18,/data/v1/fires/territorial/2025-05.json
2025-06-01,2025-06-01,90,32,58,250.74,/data/v1/fires/territorial/2025-06.json
2025-06-02,2025-06-01,131,44,87,444.13,/data/v1/fires/territorial/2025-06.json
2025-06-03,2025-06-01,144,26,118,709.34,/data/v1/fires/territorial/2025-06.json
2025-06-04,2025-06-01,102,36,66,569.06,/data/v1/fires/territorial/2025-06.json
2025-06-05,2025-06-01,290,129,161,1591.39,/data/v1/fires/territorial/2025-06.json
2025-06-06,2025-06-01,238,74,164,1836.01,/data/v1/fires/territorial/2025-06.json
2025-06-07,2025-06-01,206,87,119,2091,/data/v1/fires/territorial/2025-06.json
2025-06-08,2025-06-01,268,132,136,2917.54,/data/v1/fires/territorial/2025-06.json
2025-06-09,2025-06-01,306,131,175,3068.22,/data/v1/fires/territorial/2025-06.json
2025-06-10,2025-06-01,415,207,208,2620.21,/data/v1/fires/territorial/2025-06.json
2025-06-11,2025-06-01,305,149,156,3070.96,/data/v1/fires/territorial/2025-06.json
2025-06-12,2025-06-01,86,28,58,521.25,/data/v1/fires/territorial/2025-06.json
2025-06-13,2025-06-01,103,40,63,491.52,/data/v1/fires/territorial/2025-06.json
2025-06-14,2025-06-01,65,34,31,227.35,/data/v1/fires/territorial/2025-06.json
2025-06-15,2025-06-01,47,10,37,69.79,/data/v1/fires/territorial/2025-06.json
2025-06-16,2025-06-01,123,35,88,528.14,/data/v1/fires/territorial/2025-06.json
2025-06-17,2025-06-01,99,24,75,601.02,/data/v1/fires/territorial/2025-06.json
2025-06-18,2025-06-01,141,56,85,888.65,/data/v1/fires/territorial/2025-06.json
2025-06-19,2025-06-01,98,42,56,588.93,/data/v1/fires/territorial/2025-06.json
2025-06-20,2025-06-01,91,44,47,1800.02,/data/v1/fires/territorial/2025-06.json
2025-06-21,2025-06-01,114,29,85,194.26,/data/v1/fires/territorial/2025-06.json
2025-06-22,2025-06-01,83,17,66,615.84,/data/v1/fires/territorial/2025-06.json
2025-06-23,2025-06-01,76,26,50,274.11,/data/v1/fires/territorial/2025-06.json
2025-06-24,2025-06-01,108,51,57,470.22,/data/v1/fires/territorial/2025-06.json
2025-06-25,2025-06-01,48,20,28,393.67,/data/v1/fires/territorial/2025-06.json
2025-06-26,2025-06-01,338,183,155,3854.41,/data/v1/fires/territorial/2025-06.json
2025-06-27,2025-06-01,173,94,79,1872.35,/data/v1/fires/territorial/2025-06.json
2025-06-28,2025-06-01,48,22,26,125.46,/data/v1/fires/territorial/2025-06.json
2025-06-29,2025-06-01,67,32,35,293.33,/data/v1/fires/territorial/2025-06.json
2025-06-30,2025-06-01,164,59,105,1293,/data/v1/fires/territorial/2025-06.json
2025-07-01,2025-07-01,204,85,119,978.91,/data/v1/fires/territorial/2025-07.json
2025-07-02,2025-07-01,92,28,64,315.38,/data/v1/fires/territorial/2025-07.json
2025-07-03,2025-07-01,212,67,145,3004.08,/data/v1/fires/territorial/2025-07.json
2025-07-04,2025-07-01,181,61,120,1002.8,/data/v1/fires/territorial/2025-07.json
2025-07-05,2025-07-01,152,50,102,680.9,/data/v1/fires/territorial/2025-07.json
2025-07-06,2025-07-01,232,70,162,1599.77,/data/v1/fires/territorial/2025-07.json
2025-07-07,2025-07-01,479,156,323,3919.91,/data/v1/fires/territorial/2025-07.json
2025-07-08,2025-07-01,665,298,367,5411.59,/data/v1/fires/territorial/2025-07.json
2025-07-09,2025-07-01,1406,699,707,19712.74,/data/v1/fires/territorial/2025-07.json
2025-07-10,2025-07-01,712,278,434,8214.15,/data/v1/fires/territorial/2025-07.json
2025-07-11,2025-07-01,612,281,331,4470.42,/data/v1/fires/territorial/2025-07.json
2025-07-12,2025-07-01,628,349,279,5327.65,/data/v1/fires/territorial/2025-07.json
2025-07-13,2025-07-01,618,370,248,6676.25,/data/v1/fires/territorial/2025-07.json
2025-07-14,2025-07-01,412,190,222,3385.77,/data/v1/fires/territorial/2025-07.json
2025-07-15,2025-07-01,471,224,247,3586.17,/data/v1/fires/territorial/2025-07.json
2025-07-16,2025-07-01,399,168,231,3351.28,/data/v1/fires/territorial/2025-07.json
2025-07-17,2025-07-01,264,116,148,1654.56,/data/v1/fires/territorial/2025-07.json
2025-07-18,2025-07-01,125,55,70,1494.08,/data/v1/fires/territorial/2025-07.json
2025-07-19,2025-07-01,444,203,241,3797.56,/data/v1/fires/territorial/2025-07.json
2025-07-20,2025-07-01,188,72,116,1368.57,/data/v1/fires/territorial/2025-07.json
2025-07-21,2025-07-01,269,97,172,1903.72,/data/v1/fires/territorial/2025-07.json
2025-07-22,2025-07-01,292,128,164,2766.33,/data/v1/fires/territorial/2025-07.json
2025-07-23,2025-07-01,459,164,295,3694.78,/data/v1/fires/territorial/2025-07.json
2025-07-24,2025-07-01,534,276,258,4280.43,/data/v1/fires/territorial/2025-07.json
2025-07-25,2025-07-01,529,229,300,4714.75,/data/v1/fires/territorial/2025-07.json
2025-07-26,2025-07-01,244,102,142,1773.93,/data/v1/fires/territorial/2025-07.json
2025-07-27,2025-07-01,350,153,197,3270.05,/data/v1/fires/territorial/2025-07.json
2025-07-28,2025-07-01,1204,521,683,10455.52,/data/v1/fires/territorial/2025-07.json
2025-07-29,2025-07-01,1781,819,962,18887.74,/data/v1/fires/territorial/2025-07.json
2025-07-30,2025-07-01,1901,967,934,19848.2,/data/v1/fires/territorial/2025-07.json
2025-07-31,2025-07-01,688,357,331,4989.97,/data/v1/fires/territorial/2025-07.json
2025-08-01,2025-08-01,346,164,182,3197.43,/data/v1/fires/territorial/2025-08.json
2025-08-02,2025-08-01,562,224,338,4381.43,/data/v1/fires/territorial/2025-08.json
2025-08-03,2025-08-01,302,131,171,2361.01,/data/v1/fires/territorial/2025-08.json
2025-08-04,2025-08-01,179,52,127,1051.13,/data/v1/fires/territorial/2025-08.json
2025-08-05,2025-08-01,265,75,190,2193.13,/data/v1/fires/territorial/2025-08.json
2025-08-06,2025-08-01,303,163,140,2523.64,/data/v1/fires/territorial/2025-08.json
2025-08-07,2025-08-01,226,149,77,1324.95,/data/v1/fires/territorial/2025-08.json
2025-08-08,2025-08-01,688,327,361,4478.49,/data/v1/fires/territorial/2025-08.json
2025-08-09,2025-08-01,600,264,336,5599.93,/data/v1/fires/territorial/2025-08.json
2025-08-10,2025-08-01,429,206,223,3248.06,/data/v1/fires/territorial/2025-08.json
2025-08-11,2025-08-01,273,118,155,2106.73,/data/v1/fires/territorial/2025-08.json
2025-08-12,2025-08-01,327,95,232,1796.1,/data/v1/fires/territorial/2025-08.json
2025-08-13,2025-08-01,630,253,377,3382.81,/data/v1/fires/territorial/2025-08.json
2025-08-14,2025-08-01,532,220,312,4045.26,/data/v1/fires/territorial/2025-08.json
2025-08-15,2025-08-01,474,223,251,4105.61,/data/v1/fires/territorial/2025-08.json
2025-08-16,2025-08-01,362,134,228,1815.35,/data/v1/fires/territorial/2025-08.json
2025-08-17,2025-08-01,526,228,298,3102.45,/data/v1/fires/territorial/2025-08.json
2025-08-18,2025-08-01,721,293,428,4868.37,/data/v1/fires/territorial/2025-08.json
2025-08-19,2025-08-01,591,245,346,5374.28,/data/v1/fires/territorial/2025-08.json
2025-08-20,2025-08-01,581,319,262,4457.37,/data/v1/fires/territorial/2025-08.json
2025-08-21,2025-08-01,592,293,299,4730.9,/data/v1/fires/territorial/2025-08.json
2025-08-22,2025-08-01,585,181,404,5034.32,/data/v1/fires/territorial/2025-08.json
2025-08-23,2025-08-01,88,58,30,360.47,/data/v1/fires/territorial/2025-08.json
2025-08-24,2025-08-01,82,30,52,569.22,/data/v1/fires/territorial/2025-08.json
2025-08-25,2025-08-01,80,42,38,479.52,/data/v1/fires/territorial/2025-08.json
2025-08-26,2025-08-01,109,40,69,486.4,/data/v1/fires/territorial/2025-08.json
2025-08-27,2025-08-01,203,106,97,1007.39,/data/v1/fires/territorial/2025-08.json
2025-08-28,2025-08-01,218,79,139,1197.03,/data/v1/fires/territorial/2025-08.json
2025-08-29,2025-08-01,697,276,421,5210.23,/data/v1/fires/territorial/2025-08.json
2025-08-30,2025-08-01,937,438,499,8461.45,/data/v1/fires/territorial/2025-08.json
2025-08-31,2025-08-01,654,311,343,7673.64,/data/v1/fires/territorial/2025-08.json
2025-09-01,2025-09-01,240,111,129,1657.74,/data/v1/fires/territorial/2025-09.json
2025-09-02,2025-09-01,145,46,99,629.65,/data/v1/fires/territorial/2025-09.json
2025-09-03,2025-09-01,264,72,192,1534.43,/data/v1/fires/territorial/2025-09.json
2025-09-04,2025-09-01,246,80,166,1670.1,/data/v1/fires/territorial/2025-09.json
2025-09-05,2025-09-01,232,89,143,1255.64,/data/v1/fires/territorial/2025-09.json
2025-09-06,2025-09-01,353,151,202,2711,/data/v1/fires/territorial/2025-09.json
2025-09-07,2025-09-01,318,91,227,1742.27,/data/v1/fires/territorial/2025-09.json
2025-09-08,2025-09-01,192,47,145,933.4,/data/v1/fires/territorial/2025-09.json
2025-09-09,2025-09-01,154,35,119,769.14,/data/v1/fires/territorial/2025-09.json
2025-09-10,2025-09-01,176,54,122,596.41,/data/v1/fires/territorial/2025-09.json
2025-09-11,2025-09-01,374,148,226,2565.79,/data/v1/fires/territorial/2025-09.json
2025-09-12,2025-09-01,308,115,193,2151.79,/data/v1/fires/territorial/2025-09.json
2025-09-13,2025-09-01,280,106,174,1717.38,/data/v1/fires/territorial/2025-09.json
2025-09-14,2025-09-01,484,173,311,4199.99,/data/v1/fires/territorial/2025-09.json
2025-09-15,2025-09-01,553,267,286,5622.16,/data/v1/fires/territorial/2025-09.json
2025-09-16,2025-09-01,399,123,276,3022.1,/data/v1/fires/territorial/2025-09.json
2025-09-17,2025-09-01,344,147,197,3087.12,/data/v1/fires/territorial/2025-09.json
2025-09-18,2025-09-01,33,10,23,138.63,/data/v1/fires/territorial/2025-09.json
2025-09-19,2025-09-01,80,11,69,225.27,/data/v1/fires/territorial/2025-09.json
2025-09-20,2025-09-01,118,27,91,347.26,/data/v1/fires/territorial/2025-09.json
2025-09-21,2025-09-01,209,80,129,1010.17,/data/v1/fires/territorial/2025-09.json
2025-09-22,2025-09-01,342,129,213,2573.48,/data/v1/fires/territorial/2025-09.json
2025-09-23,2025-09-01,282,99,183,1535.68,/data/v1/fires/territorial/2025-09.json
2025-09-24,2025-09-01,248,119,129,1789.87,/data/v1/fires/territorial/2025-09.json
2025-09-25,2025-09-01,225,48,177,1109.23,/data/v1/fires/territorial/2025-09.json
2025-09-26,2025-09-01,128,28,100,488.16,/data/v1/fires/territorial/2025-09.json
2025-09-27,2025-09-01,288,117,171,2517.36,/data/v1/fires/territorial/2025-09.json
2025-09-28,2025-09-01,148,50,98,652.65,/data/v1/fires/territorial/2025-09.json
2025-09-29,2025-09-01,134,45,89,681.33,/data/v1/fires/territorial/2025-09.json
2025-09-30,2025-09-01,29,10,19,106.32,/data/v1/fires/territorial/2025-09.json
2025-10-01,2025-10-01,1,1,0,0.97,/data/v1/fires/territorial/2025-10.json
2025-10-02,2025-10-01,158,144,14,2784.67,/data/v1/fires/territorial/2025-10.json
2025-10-03,2025-10-01,215,113,102,1818.14,/data/v1/fires/territorial/2025-10.json
2025-10-04,2025-10-01,372,166,206,3746.7,/data/v1/fires/territorial/2025-10.json
2025-10-05,2025-10-01,33,5,28,71.3,/data/v1/fires/territorial/2025-10.json
2025-10-06,2025-10-01,11,3,8,21.38,/data/v1/fires/territorial/2025-10.json
2025-10-07,2025-10-01,24,11,13,350.86,/data/v1/fires/territorial/2025-10.json
2025-10-08,2025-10-01,1,1,0,2.85,/data/v1/fires/territorial/2025-10.json
2025-10-09,2025-10-01,10,1,9,31.39,/data/v1/fires/territorial/2025-10.json
2025-10-10,2025-10-01,6,1,5,9.37,/data/v1/fires/territorial/2025-10.json
2025-10-11,2025-10-01,14,8,6,17.69,/data/v1/fires/territorial/2025-10.json
2025-10-12,2025-10-01,37,24,13,200.49,/data/v1/fires/territorial/2025-10.json
2025-10-13,2025-10-01,31,9,22,63.49,/data/v1/fires/territorial/2025-10.json
2025-10-14,2025-10-01,46,10,36,170.54,/data/v1/fires/territorial/2025-10.json
2025-10-15,2025-10-01,20,6,14,104.44,/data/v1/fires/territorial/2025-10.json
2025-10-16,2025-10-01,25,9,16,163.7,/data/v1/fires/territorial/2025-10.json
2025-10-17,2025-10-01,14,9,5,55.27,/data/v1/fires/territorial/2025-10.json
2025-10-18,2025-10-01,20,10,10,94.49,/data/v1/fires/territorial/2025-10.json
2025-10-19,2025-10-01,23,7,16,90.34,/data/v1/fires/territorial/2025-10.json
2025-10-20,2025-10-01,14,5,9,25.06,/data/v1/fires/territorial/2025-10.json
2025-10-21,2025-10-01,25,1,24,58.43,/data/v1/fires/territorial/2025-10.json
2025-10-22,2025-10-01,45,19,26,99.29,/data/v1/fires/territorial/2025-10.json
2025-10-23,2025-10-01,30,12,18,99.16,/data/v1/fires/territorial/2025-10.json
2025-10-24,2025-10-01,11,3,8,56.35,/data/v1/fires/territorial/2025-10.json
2025-10-25,2025-10-01,16,10,6,61.54,/data/v1/fires/territorial/2025-10.json
2025-10-26,2025-10-01,16,11,5,23.71,/data/v1/fires/territorial/2025-10.json
2025-10-27,2025-10-01,34,2,32,86.07,/data/v1/fires/territorial/2025-10.json
2025-10-28,2025-10-01,28,1,27,80.11,/data/v1/fires/territorial/2025-10.json
2025-10-29,2025-10-01,37,12,25,112.01,/data/v1/fires/territorial/2025-10.json
2025-10-30,2025-10-01,33,4,29,69.89,/data/v1/fires/territorial/2025-10.json
2025-10-31,2025-10-01,14,5,9,116.13,/data/v1/fires/territorial/2025-10.json
2025-11-01,2025-11-01,56,8,48,117.77,/data/v1/fires/territorial/2025-11.json
2025-11-02,2025-11-01,30,3,27,86.22,/data/v1/fires/territorial/2025-11.json
2025-11-03,2025-11-01,35,12,23,90.3,/data/v1/fires/territorial/2025-11.json
2025-11-04,2025-11-01,8,6,2,13.02,/data/v1/fires/territorial/2025-11.json
2025-11-05,2025-11-01,7,3,4,8.42,/data/v1/fires/territorial/2025-11.json
2025-11-06,2025-11-01,1,0,1,1.2,/data/v1/fires/territorial/2025-11.json
2025-11-07,2025-11-01,2,0,2,2.76,/data/v1/fires/territorial/2025-11.json
2025-11-08,2025-11-01,8,4,4,50.64,/data/v1/fires/territorial/2025-11.json
2025-11-09,2025-11-01,1,1,0,5.03,/data/v1/fires/territorial/2025-11.json
2025-11-10,2025-11-01,2,0,2,12.22,/data/v1/fires/territorial/2025-11.json
2025-11-11,2025-11-01,0,0,0,0,/data/v1/fires/territorial/2025-11.json
2025-11-12,2025-11-01,14,5,9,15.82,/data/v1/fires/territorial/2025-11.json
2025-11-13,2025-11-01,17,11,6,62.57,/data/v1/fires/territorial/2025-11.json
2025-11-14,2025-11-01,29,13,16,61.93,/data/v1/fires/territorial/2025-11.json
2025-11-15,2025-11-01,12,4,8,40.43,/data/v1/fires/territorial/2025-11.json
2025-11-16,2025-11-01,5,2,3,7.48,/data/v1/fires/territorial/2025-11.json
2025-11-17,2025-11-01,17,5,12,19.4,/data/v1/fires/territorial/2025-11.json
2025-11-18,2025-11-01,3,3,0,9.89,/data/v1/fires/territorial/2025-11.json
2025-11-19,2025-11-01,5,0,5,12.89,/data/v1/fires/territorial/2025-11.json
2025-11-20,2025-11-01,2,2,0,2.83,/data/v1/fires/territorial/2025-11.json
2025-11-21,2025-11-01,6,3,3,17.79,/data/v1/fires/territorial/2025-11.json
2025-11-22,2025-11-01,42,10,32,82.17,/data/v1/fires/territorial/2025-11.json
2025-11-23,2025-11-01,5,1,4,3.82,/data/v1/fires/territorial/2025-11.json
2025-11-24,2025-11-01,14,6,8,23.86,/data/v1/fires/territorial/2025-11.json
2025-11-25,2025-11-01,19,8,11,31.98,/data/v1/fires/territorial/2025-11.json
2025-11-26,2025-11-01,9,4,5,26.9,/data/v1/fires/territorial/2025-11.json
2025-11-27,2025-11-01,3,2,1,2.57,/data/v1/fires/territorial/2025-11.json
2025-11-28,2025-11-28,5,5,0,18.19,/data/v1/fires/territorial/2025-11.json
2025-11-29,2025-11-28,1,1,0,1.1,/data/v1/fires/territorial/2025-11.json
2025-11-30,2025-11-28,0,0,0,0,/data/v1/fires/territorial/2025-11.json
2025-12-01,2025-12-01,0,0,0,0,/data/v1/fires/territorial/2025-12.json
2025-12-02,2025-12-01,1,0,1,0.95,/data/v1/fires/territorial/2025-12.json
2025-12-03,2025-12-01,6,6,0,7.29,/data/v1/fires/territorial/2025-12.json
2025-12-04,2025-12-01,8,1,7,14.67,/data/v1/fires/territorial/2025-12.json
2025-12-05,2025-12-01,2,1,1,1.75,/data/v1/fires/territorial/2025-12.json
2025-12-06,2025-12-01,5,2,3,8.51,/data/v1/fires/territorial/2025-12.json
2025-12-07,2025-12-01,3,2,1,8.98,/data/v1/fires/territorial/2025-12.json
2025-12-08,2025-12-01,0,0,0,0,/data/v1/fires/territorial/2025-12.json
2025-12-09,2025-12-01,0,0,0,0,/data/v1/fires/territorial/2025-12.json
2025-12-10,2025-12-01,0,0,0,0,/data/v1/fires/territorial/2025-12.json
2025-12-11,2025-12-01,0,0,0,0,/data/v1/fires/territorial/2025-12.json
2025-12-12,2025-12-01,1,0,1,2.57,/data/v1/fires/territorial/2025-12.json
2025-12-13,2025-12-01,4,1,3,25.49,/data/v1/fires/territorial/2025-12.json
2025-12-14,2025-12-01,10,6,4,27.55,/data/v1/fires/territorial/2025-12.json
2025-12-15,2025-12-01,9,5,4,33.45,/data/v1/fires/territorial/2025-12.json
2025-12-16,2025-12-01,9,1,8,12.01,/data/v1/fires/territorial/2025-12.json
2025-12-17,2025-12-01,0,0,0,0,/data/v1/fires/territorial/2025-12.json
2025-12-18,2025-12-01,4,1,3,8.9,/data/v1/fires/territorial/2025-12.json
2025-12-19,2025-12-01,7,0,7,14.79,/data/v1/fires/territorial/2025-12.json
2025-12-20,2025-12-01,0,0,0,0,/data/v1/fires/territorial/2025-12.json
2025-12-21,2025-12-01,0,0,0,0,/data/v1/fires/territorial/2025-12.json
2025-12-22,2025-12-01,3,0,3,8.19,/data/v1/fires/territorial/2025-12.json
2025-12-23,2025-12-01,2,2,0,2.19,/data/v1/fires/territorial/2025-12.json
2025-12-24,2025-12-01,4,3,1,8.27,/data/v1/fires/territorial/2025-12.json
2025-12-25,2025-12-01,0,0,0,0,/data/v1/fires/territorial/2025-12.json
2025-12-26,2025-12-01,0,0,0,0,/data/v1/fires/territorial/2025-12.json
2025-12-27,2025-12-01,0,0,0,0,/data/v1/fires/territorial/2025-12.json
2025-12-28,2025-12-01,1,0,1,0.91,/data/v1/fires/territorial/2025-12.json
2025-12-29,2025-12-01,6,0,6,41.96,/data/v1/fires/territorial/2025-12.json
2025-12-30,2025-12-01,7,1,6,61.69,/data/v1/fires/territorial/2025-12.json
2025-12-31,2025-12-01,0,0,0,0,/data/v1/fires/territorial/2025-12.json
2026-01-01,2026-01-01,8,3,5,133.98,/data/v1/fires/territorial/2026-01.json
2026-01-02,2026-01-01,96,0,96,2060.16,/data/v1/fires/territorial/2026-01.json
2026-01-03,2026-01-01,74,0,74,523.53,/data/v1/fires/territorial/2026-01.json
2026-01-04,2026-01-01,20,0,20,106.21,/data/v1/fires/territorial/2026-01.json
2026-01-05,2026-01-01,1,0,1,4.07,/data/v1/fires/territorial/2026-01.json
2026-01-06,2026-01-01,0,0,0,0,/data/v1/fires/territorial/2026-01.json
2026-01-07,2026-01-01,2,1,1,9.66,/data/v1/fires/territorial/2026-01.json
2026-01-08,2026-01-01,0,0,0,0,/data/v1/fires/territorial/2026-01.json
2026-01-09,2026-01-01,3,0,3,8.62,/data/v1/fires/territorial/2026-01.json
2026-01-10,2026-01-01,1,0,1,3.84,/data/v1/fires/territorial/2026-01.json
2026-01-11,2026-01-01,1,0,1,3.69,/data/v1/fires/territorial/2026-01.json
2026-01-12,2026-01-01,2,0,2,4.56,/data/v1/fires/territorial/2026-01.json
2026-01-13,2026-01-01,0,0,0,0,/data/v1/fires/territorial/2026-01.json
2026-01-14,2026-01-01,0,0,0,0,/data/v1/fires/territorial/2026-01.json
2026-01-15,2026-01-01,1,0,1,4.19,/data/v1/fires/territorial/2026-01.json
2026-01-16,2026-01-01,0,0,0,0,/data/v1/fires/territorial/2026-01.json
2026-01-17,2026-01-01,6,0,6,31.56,/data/v1/fires/territorial/2026-01.json
2026-01-18,2026-01-01,1,0,1,2.42,/data/v1/fires/territorial/2026-01.json
2026-01-19,2026-01-01,1,0,1,58.42,/data/v1/fires/territorial/2026-01.json
2026-01-20,2026-01-01,4,1,3,36.78,/data/v1/fires/territorial/2026-01.json
2026-01-21,2026-01-01,1,0,1,5.45,/data/v1/fires/territorial/2026-01.json
2026-01-22,2026-01-01,0,0,0,0,/data/v1/fires/territorial/2026-01.json
2026-01-23,2026-01-01,1,0,1,2.39,/data/v1/fires/territorial/2026-01.json
2026-01-24,2026-01-01,1,0,1,1.72,/data/v1/fires/territorial/2026-01.json
2026-01-25,2026-01-01,0,0,0,0,/data/v1/fires/territorial/2026-01.json
2026-01-26,2026-01-01,2,2,0,7.06,/data/v1/fires/territorial/2026-01.json
2026-01-27,2026-01-01,6,6,0,12.81,/data/v1/fires/territorial/2026-01.json
2026-01-28,2026-01-01,3,1,2,8.99,/data/v1/fires/territorial/2026-01.json
2026-01-29,2026-01-01,2,2,0,2.06,/data/v1/fires/territorial/2026-01.json
2026-01-30,2026-01-01,0,0,0,0,/data/v1/fires/territorial/2026-01.json
2026-01-31,2026-01-01,2,0,2,8.17,/data/v1/fires/territorial/2026-01.json
2026-02-01,2026-02-01,3,0,3,21.4,/data/v1/fires/territorial/2026-02.json
2026-02-02,2026-02-01,0,0,0,0,/data/v1/fires/territorial/2026-02.json
2026-02-03,2026-02-01,8,0,8,76.15,/data/v1/fires/territorial/2026-02.json
2026-02-04,2026-02-01,6,2,4,28.04,/data/v1/fires/territorial/2026-02.json
2026-02-05,2026-02-01,1,1,0,6.76,/data/v1/fires/territorial/2026-02.json
2026-02-06,2026-02-01,1,1,0,0.6,/data/v1/fires/territorial/2026-02.json
2026-02-07,2026-02-01,1,0,1,9.56,/data/v1/fires/territorial/2026-02.json
2026-02-08,2026-02-01,4,0,4,106.43,/data/v1/fires/territorial/2026-02.json
2026-02-09,2026-02-01,5,0,5,19.92,/data/v1/fires/territorial/2026-02.json
2026-02-10,2026-02-01,13,2,11,156.01,/data/v1/fires/territorial/2026-02.json
2026-02-11,2026-02-01,2,2,0,11.71,/data/v1/fires/territorial/2026-02.json
2026-02-12,2026-02-01,0,0,0,0,/data/v1/fires/territorial/2026-02.json
2026-02-13,2026-02-01,0,0,0,0,/data/v1/fires/territorial/2026-02.json
2026-02-14,2026-02-01,3,0,3,3.12,/data/v1/fires/territorial/2026-02.json
2026-02-15,2026-02-01,1,0,1,1.01,/data/v1/fires/territorial/2026-02.json
2026-02-16,2026-02-01,1,0,1,0.62,/data/v1/fires/territorial/2026-02.json
2026-02-17,2026-02-01,1,0,1,4.03,/data/v1/fires/territorial/2026-02.json
2026-02-18,2026-02-01,0,0,0,0,/data/v1/fires/territorial/2026-02.json
2026-02-19,2026-02-01,7,3,4,22.55,/data/v1/fires/territorial/2026-02.json
2026-02-20,2026-02-01,2,1,1,5.32,/data/v1/fires/territorial/2026-02.json
2026-02-21,2026-02-01,7,1,6,72.58,/data/v1/fires/territorial/2026-02.json
2026-02-22,2026-02-01,14,2,12,67.11,/data/v1/fires/territorial/2026-02.json
2026-02-23,2026-02-01,3,2,1,17.34,/data/v1/fires/territorial/2026-02.json
2026-02-24,2026-02-01,1,0,1,2.15,/data/v1/fires/territorial/2026-02.json
2026-02-25,2026-02-01,0,0,0,0,/data/v1/fires/territorial/2026-02.json
2026-02-26,2026-02-01,2,0,2,2.22,/data/v1/fires/territorial/2026-02.json
2026-02-27,2026-02-01,23,6,17,46.03,/data/v1/fires/territorial/2026-02.json
2026-02-28,2026-02-01,28,9,19,92.13,/data/v1/fires/territorial/2026-02.json
2026-03-01,2026-03-01,21,9,12,49.41,/data/v1/fires/territorial/2026-03.json
2026-03-02,2026-03-01,30,9,21,99.41,/data/v1/fires/territorial/2026-03.json
2026-03-03,2026-03-01,10,1,9,13.79,/data/v1/fires/territorial/2026-03.json
2026-03-04,2026-03-01,10,0,10,25.94,/data/v1/fires/territorial/2026-03.json
2026-03-05,2026-03-01,44,5,39,316.7,/data/v1/fires/territorial/2026-03.json
2026-03-06,2026-03-01,34,2,32,143.65,/data/v1/fires/territorial/2026-03.json
2026-03-07,2026-03-01,61,6,55,262.05,/data/v1/fires/territorial/2026-03.json
2026-03-08,2026-03-01,67,18,49,332.57,/data/v1/fires/territorial/2026-03.json
2026-03-09,2026-03-01,186,34,152,1001.27,/data/v1/fires/territorial/2026-03.json
2026-03-10,2026-03-01,212,54,158,1298.64,/data/v1/fires/territorial/2026-03.json
2026-03-11,2026-03-01,315,64,251,2314.25,/data/v1/fires/territorial/2026-03.json
2026-03-12,2026-03-01,205,48,157,1060.94,/data/v1/fires/territorial/2026-03.json
2026-03-13,2026-03-01,289,78,211,1504.64,/data/v1/fires/territorial/2026-03.json
2026-03-14,2026-03-01,460,58,402,2691.29,/data/v1/fires/territorial/2026-03.json
2026-03-15,2026-03-01,320,40,280,1903.47,/data/v1/fires/territorial/2026-03.json
2026-03-16,2026-03-01,197,9,188,1327.89,/data/v1/fires/territorial/2026-03.json
2026-03-17,2026-03-01,92,13,79,430,/data/v1/fires/territorial/2026-03.json
2026-03-18,2026-03-01,77,10,67,498.69,/data/v1/fires/territorial/2026-03.json
2026-03-19,2026-03-01,15,7,8,146.11,/data/v1/fires/territorial/2026-03.json
2026-03-20,2026-03-01,35,5,30,142.13,/data/v1/fires/territorial/2026-03.json
2026-03-21,2026-03-01,54,8,46,427.14,/data/v1/fires/territorial/2026-03.json
2026-03-22,2026-03-01,174,33,141,1013.51,/data/v1/fires/territorial/2026-03.json
2026-03-23,2026-03-23,153,32,121,859.36,/data/v1/fires/territorial/2026-03.json
2026-03-24,2026-03-24,161,0,161,1599.94,/data/v1/fires/territorial/2026-03.json
2026-03-25,2026-03-24,141,9,132,1017.61,/data/v1/fires/territorial/2026-03.json
2026-03-26,2026-03-24,118,7,111,557.21,/data/v1/fires/territorial/2026-03.json
2026-03-27,2026-03-24,92,5,87,653.17,/data/v1/fires/territorial/2026-03.json
2026-03-28,2026-03-24,77,25,52,488.46,/data/v1/fires/territorial/2026-03.json
2026-03-29,2026-03-24,143,39,104,697.68,/data/v1/fires/territorial/2026-03.json
2026-03-30,2026-03-24,56,4,52,252.91,/data/v1/fires/territorial/2026-03.json
2026-03-31,2026-03-24,23,3,20,150.2,/data/v1/fires/territorial/2026-03.json
2026-04-01,2026-04-01,23,0,23,70.61,/data/v1/fires/territorial/2026-04.json
2026-04-02,2026-04-01,60,2,58,240.2,/data/v1/fires/territorial/2026-04.json
2026-04-03,2026-04-01,32,2,30,144.2,/data/v1/fires/territorial/2026-04.json
2026-04-04,2026-04-01,107,3,104,654.2,/data/v1/fires/territorial/2026-04.json
2026-04-05,2026-04-01,409,59,350,3142.33,/data/v1/fires/territorial/2026-04.json
2026-04-06,2026-04-01,192,87,105,1393.05,/data/v1/fires/territorial/2026-04.json
2026-04-07,2026-04-01,29,1,28,106.59,/data/v1/fires/territorial/2026-04.json
2026-04-08,2026-04-01,18,9,9,301.07,/data/v1/fires/territorial/2026-04.json
2026-04-09,2026-04-01,15,13,2,127.4,/data/v1/fires/territorial/2026-04.json
2026-04-10,2026-04-01,43,13,30,65.68,/data/v1/fires/territorial/2026-04.json
2026-04-11,2026-04-01,22,13,9,60.36,/data/v1/fires/territorial/2026-04.json
2026-04-12,2026-04-01,32,8,24,115.25,/data/v1/fires/territorial/2026-04.json
2026-04-13,2026-04-01,61,13,48,278.56,/data/v1/fires/territorial/2026-04.json
2026-04-14,2026-04-01,89,10,79,384.14,/data/v1/fires/territorial/2026-04.json
2026-04-15,2026-04-01,144,20,124,823.66,/data/v1/fires/territorial/2026-04.json
2026-04-16,2026-04-01,110,27,83,448.94,/data/v1/fires/territorial/2026-04.json
2026-04-17,2026-04-01,72,27,45,309.5,/data/v1/fires/territorial/2026-04.json
2026-04-18,2026-04-01,22,9,13,96.76,/data/v1/fires/territorial/2026-04.json
2026-04-19,2026-04-01,54,7,47,187.77,/data/v1/fires/territorial/2026-04.json
2026-04-20,2026-04-01,22,4,18,71.92,/data/v1/fires/territorial/2026-04.json
2026-04-21,2026-04-01,27,2,25,106.22,/data/v1/fires/territorial/2026-04.json
2026-04-22,2026-04-01,126,15,111,811.37,/data/v1/fires/territorial/2026-04.json
2026-04-23,2026-04-01,23,3,20,124.91,/data/v1/fires/territorial/2026-04.json
2026-04-24,2026-04-01,60,2,58,398.56,/data/v1/fires/territorial/2026-04.json
2026-04-25,2026-04-01,45,6,39,343.68,/data/v1/fires/territorial/2026-04.json
2026-04-26,2026-04-01,79,17,62,200.55,/data/v1/fires/territorial/2026-04.json
2026-04-27,2026-04-01,73,12,61,181.51,/data/v1/fires/territorial/2026-04.json
2026-04-28,2026-04-01,62,10,52,283.25,/data/v1/fires/territorial/2026-04.json
2026-04-29,2026-04-01,71,11,60,279.12,/data/v1/fires/territorial/2026-04.json
2026-04-30,2026-04-01,65,17,48,202.36,/data/v1/fires/territorial/2026-04.json
2026-05-01,2026-04-01,53,7,46,118.58,/data/v1/fires/territorial/2026-05.json
2026-05-02,2026-04-01,100,17,83,405.73,/data/v1/fires/territorial/2026-05.json
2026-05-03,2026-04-01,265,56,209,1695.75,/data/v1/fires/territorial/2026-05.json
2026-05-04,2026-04-01,274,42,232,1688.93,/data/v1/fires/territorial/2026-05.json
2026-05-05,2026-04-01,312,47,265,1598.58,/data/v1/fires/territorial/2026-05.json
2026-05-06,2026-04-01,441,33,408,6704.82,/data/v1/fires/territorial/2026-05.json
2026-05-07,2026-04-01,773,65,708,7156.5,/data/v1/fires/territorial/2026-05.json
2026-05-08,2026-05-08,374,72,302,2251.21,/data/v1/fires/territorial/2026-05.json
2026-05-09,2026-05-08,139,50,89,801.29,/data/v1/fires/territorial/2026-05.json
2026-05-10,2026-05-08,80,40,40,404.68,/data/v1/fires/territorial/2026-05.json
2026-05-11,2026-05-08,39,3,36,206.27,/data/v1/fires/territorial/2026-05.json
2026-05-12,2026-05-08,101,18,83,307.84,/data/v1/fires/territorial/2026-05.json
2026-05-13,2026-05-08,21,1,20,119.97,/data/v1/fires/territorial/2026-05.json
2026-05-14,2026-05-08,36,2,34,239.44,/data/v1/fires/territorial/2026-05.json
2026-05-15,2026-05-08,58,3,55,745.84,/data/v1/fires/territorial/2026-05.json
2026-05-16,2026-05-08,51,7,44,897.23,/data/v1/fires/territorial/2026-05.json
2026-05-17,2026-05-08,63,7,56,88.7,/data/v1/fires/territorial/2026-05.json
2026-05-18,2026-05-08,65,20,45,75.57,/data/v1/fires/territorial/2026-05.json
2026-05-19,2026-05-08,54,18,36,160.12,/data/v1/fires/territorial/2026-05.json
2026-05-20,2026-05-08,81,14,67,266.79,/data/v1/fires/territorial/2026-05.json
2026-05-21,2026-05-08,135,33,102,474.02,/data/v1/fires/territorial/2026-05.json
2026-05-22,2026-05-08,141,32,109,835.41,/data/v1/fires/territorial/2026-05.json
2026-05-23,2026-05-23,148,22,126,478.04,/data/v1/fires/territorial/2026-05.json
2026-05-24,2026-05-23,110,34,76,693.39,/data/v1/fires/territorial/2026-05.json
2026-05-25,2026-05-23,43,12,31,215.35,/data/v1/fires/territorial/2026-05.json
2026-05-26,2026-05-23,71,15,56,203.55,/data/v1/fires/territorial/2026-05.json
2026-05-27,2026-05-23,50,11,39,145.12,/data/v1/fires/territorial/2026-05.json
2026-05-28,2026-05-23,112,20,92,235.11,/data/v1/fires/territorial/2026-05.json
2026-05-29,2026-05-23,58,13,45,173.75,/data/v1/fires/territorial/2026-05.json
2026-05-30,2026-05-23,40,5,35,84.59,/data/v1/fires/territorial/2026-05.json
2026-05-31,2026-05-31,40,8,32,112.07,/data/v1/fires/territorial/2026-05.json
2026-06-01,2026-05-31,53,6,47,147.97,/data/v1/fires/territorial/2026-06.json
2026-06-02,2026-05-31,97,14,83,405.64,/data/v1/fires/territorial/2026-06.json
2026-06-03,2026-05-31,50,8,42,98.18,/data/v1/fires/territorial/2026-06.json
2026-06-04,2026-06-04,38,11,27,71.15,/data/v1/fires/territorial/2026-06.json
2026-06-05,2026-06-04,115,10,105,279.46,/data/v1/fires/territorial/2026-06.json
2026-06-06,2026-06-06,111,28,83,258.66,/data/v1/fires/territorial/2026-06.json
2026-06-07,2026-06-06,90,27,63,288.41,/data/v1/fires/territorial/2026-06.json
2026-06-08,2026-06-06,225,69,156,932.17,/data/v1/fires/territorial/2026-06.json
2026-06-09,2026-06-09,110,47,63,539.62,/data/v1/fires/territorial/2026-06.json
2026-06-10,2026-06-09,99,21,78,476.31,/data/v1/fires/territorial/2026-06.json
2026-06-11,2026-06-09,124,36,88,887.29,/data/v1/fires/territorial/2026-06.json
2026-06-12,2026-06-09,120,21,99,505.39,/data/v1/fires/territorial/2026-06.json
2026-06-13,2026-06-13,129,38,91,506.17,/data/v1/fires/territorial/2026-06.json
2026-06-14,2026-06-13,186,58,128,1254.82,/data/v1/fires/territorial/2026-06.json
2026-06-15,2026-06-13,77,7,70,212.36,/data/v1/fires/territorial/2026-06.json
2026-06-16,2026-06-13,136,19,117,753.72,/data/v1/fires/territorial/2026-06.json
2026-06-17,2026-06-13,179,51,128,1187.84,/data/v1/fires/territorial/2026-06.json
2026-06-18,2026-06-13,22,7,15,33.55,/data/v1/fires/territorial/2026-06.json
2026-06-19,2026-06-13,232,90,142,1188.26,/data/v1/fires/territorial/2026-06.json
2026-06-20,2026-06-13,186,60,126,1057.9,/data/v1/fires/territorial/2026-06.json
2026-06-21,2026-06-13,267,96,171,1525.07,/data/v1/fires/territorial/2026-06.json
2026-06-22,2026-06-13,246,74,172,1303.05,/data/v1/fires/territorial/2026-06.json
2026-06-23,2026-06-13,301,124,177,2461.58,/data/v1/fires/territorial/2026-06.json
2026-06-24,2026-06-24,478,221,257,3205,/data/v1/fires/territorial/2026-06.json
2026-06-25,2026-06-24,342,176,166,3628.97,/data/v1/fires/territorial/2026-06.json
2026-06-26,2026-06-24,399,130,269,8971.55,/data/v1/fires/territorial/2026-06.json
2026-06-27,2026-06-27,243,87,156,2184.43,/data/v1/fires/territorial/2026-06.json
2026-06-28,2026-06-27,320,119,201,3577.3,/data/v1/fires/territorial/2026-06.json
2026-06-29,2026-06-27,685,251,434,6535.69,/data/v1/fires/territorial/2026-06.json
2026-06-30,2026-06-27,788,357,431,7343.27,/data/v1/fires/territorial/2026-06.json
2026-07-01,2026-06-27,779,288,491,7561.39,/data/v1/fires/territorial/2026-07.json
2026-07-02,2026-06-27,724,306,418,7740.41,/data/v1/fires/territorial/2026-07.json
2026-07-03,2026-06-27,529,256,273,4215.09,/data/v1/fires/territorial/2026-07.json
2026-07-04,2026-06-27,200,98,102,1420.46,/data/v1/fires/territorial/2026-07.json
2026-07-05,2026-06-27,344,158,186,1539.07,/data/v1/fires/territorial/2026-07.json
2026-07-06,2026-06-27,271,131,140,2053.15,/data/v1/fires/territorial/2026-07.json
2026-07-07,2026-06-27,326,183,143,2699.47,/data/v1/fires/territorial/2026-07.json
2026-07-08,2026-06-27,285,195,90,2981.92,/data/v1/fires/territorial/2026-07.json
2026-07-09,2026-06-27,40,31,9,126.97,/data/v1/fires/territorial/2026-07.json
2026-07-10,2026-06-27,49,19,30,77.04,/data/v1/fires/territorial/2026-07.json
2026-07-11,2026-06-27,76,43,33,298.61,/data/v1/fires/territorial/2026-07.json
2026-07-12,2026-06-27,150,93,57,849.66,/data/v1/fires/territorial/2026-07.json
2026-07-13,2026-07-13,274,178,96,1641.64,/data/v1/fires/territorial/2026-07.json
2026-07-14,2026-07-13,157,107,50,739.87,/data/v1/fires/territorial/2026-07.json
2026-07-15,2026-07-13,262,111,151,1072.09,/data/v1/fires/territorial/2026-07.json
2026-07-16,2026-07-16,343,207,136,2571.96,/data/v1/fires/territorial/2026-07.json
2026-07-17,2026-07-16,304,180,124,1948.88,/data/v1/fires/territorial/2026-07.json
2026-07-18,2026-07-16,290,139,151,2734.38,/data/v1/fires/territorial/2026-07.json
2026-07-19,2026-07-16,366,194,172,2571.15,/data/v1/fires/territorial/2026-07.json
2026-07-20,2026-07-16,568,343,225,5777.34,/data/v1/fires/territorial/2026-07.json
2026-07-21,2026-07-16,423,281,142,2596.11,/data/v1/fires/territorial/2026-07.json
2026-07-22,2026-07-16,438,344,94,4964.38,/data/v1/fires/territorial/2026-07.json
2026-07-23,2026-07-16,35,14,21,191.95,/data/v1/fires/territorial/2026-07.json
2026-07-24,2026-07-16,35,17,18,177.27,/data/v1/fires/territorial/2026-07.json
2026-07-25,2026-07-25,79,8,71,647,/data/v1/fires/territorial/2026-07.json
2026-07-26,2026-07-25,280,91,189,1937.31,/data/v1/fires/territorial/2026-07.json
2026-07-27,2026-07-25,272,114,158,2105.17,/data/v1/fires/territorial/2026-07.json
2026-07-28,2026-07-25,120,17,103,510.03,/data/v1/fires/territorial/2026-07.json
2026-07-29,2026-07-25,180,67,113,1095.9,/data/v1/fires/territorial/2026-07.json
2026-07-30,2026-07-25,341,154,187,3027.01,/data/v1/fires/territorial/2026-07.json
2026-07-31,2026-07-25,781,317,464,6739.18,/data/v1/fires/territorial/2026-07.json
2026-08-01,2026-07-25,891,455,436,8758.62,/data/v1/fires/territorial/2026-08.json
2026-08-02,2026-07-25,757,350,407,7038.01,/data/v1/fires/territorial/2026-08.json
2026-08-03,2026-07-25,531,200,331,4708.37,/data/v1/fires/territorial/2026-08.json
2026-08-04,2026-07-25,442,108,334,3246.73,/data/v1/fires/territorial/2026-08.json
2026-08-05,2026-07-25,832,338,494,8100.96,/data/v1/fires/territorial/2026-08.json
2026-08-06,2026-07-25,1925,891,1034,15582.65,/data/v1/fires/territorial/2026-08.json
2026-08-07,2026-07-25,1636,863,773,16130.03,/data/v1/fires/territorial/2026-08.json
2026-08-08,2026-07-25,961,683,278,8201.29,/data/v1/fires/territorial/2026-08.json
2026-08-09,2026-07-25,706,437,269,3783.54,/data/v1/fires/territorial/2026-08.json
2026-08-10,2026-07-25,702,325,377,4554.23,/data/v1/fires/territorial/2026-08.json
2026-08-11,2026-07-25,974,398,576,6398.68,/data/v1/fires/territorial/2026-08.json
2026-08-12,2026-08-12,971,512,459,5361.13,/data/v1/fires/territorial/2026-08.json
2026-08-13,2026-08-12,1188,729,459,8614.8,/data/v1/fires/territorial/2026-08.json
2026-08-14,2026-08-14,837,549,288,6086.5,/data/v1/fires/territorial/2026-08.json
2026-08-15,2026-08-14,925,539,386,5370.29,/data/v1/fires/territorial/2026-08.json
2026-08-16,2026-08-14,1472,777,695,12063.35,/data/v1/fires/territorial/2026-08.json
2026-08-17,2026-08-14,1730,990,740,13990.61,/data/v1/fires/territorial/2026-08.json
2026-08-18,2026-08-14,1927,1147,780,20587.22,/data/v1/fires/territorial/2026-08.json
2026-08-19,2026-08-19,269,197,72,2148.78,/data/v1/fires/territorial/2026-08.json
2026-08-20,2026-08-19,445,198,247,3523.37,/data/v1/fires/territorial/2026-08.json
2026-08-21,2026-08-19,861,440,421,6795.13,/data/v1/fires/territorial/2026-08.json
2026-08-22,2026-08-19,2317,1119,1198,20864.24,/data/v1/fires/territorial/2026-08.json
2026-08-23,2026-08-23,2763,1711,1052,27811.76,/data/v1/fires/territorial/2026-08.json
2026-08-24,2026-08-23,1564,1030,534,14272.5,/data/v1/fires/territorial/2026-08.json
2026-08-25,2026-08-25,1080,706,374,11669.46,/data/v1/fires/territorial/2026-08.json
2026-08-26,2026-08-25,170,112,58,1206.94,/data/v1/fires/territorial/2026-08.json
2026-08-27,2026-08-25,51,0,51,204.72,/data/v1/fires/territorial/2026-08.json
2026-08-28,2026-08-28,111,15,96,394.2,/data/v1/fires/territorial/2026-08.json
2026-08-29,2026-08-28,264,161,103,2207.55,/data/v1/fires/territorial/2026-08.json
2026-08-30,2026-08-28,274,191,83,2040.59,/data/v1/fires/territorial/2026-08.json
2026-08-31,2026-08-31,186,94,92,1977.11,/data/v1/fires/territorial/2026-08.json
2026-09-01,2026-08-31,437,243,194,3371.69,/data/v1/fires/territorial/2026-09.json
2026-09-02,2026-08-31,4,0,4,4.88,/data/v1/fires/territorial/2026-09.json
