date,personnel,boats,submarines,tanks,armoured_personnel_vehicles,artillery_systems,mlrs,vehicles,special_equipment,air_defence_systems,aircraft,helicopters,uav,unmanned_ground_vehicles,cruise_missiles
2022-02-24,800,0,0,30,130,0,0,0,0,0,7,6,0,0,0
2022-02-25,3000,0,0,100,540,0,0,0,0,0,16,18,0,0,0
2022-02-26,4500,2,0,150,706,50,4,0,0,1,27,26,2,0,0
2022-02-27,5300,2,0,191,816,74,21,291,0,1,29,29,3,0,0
2022-02-28,5710,2,0,198,846,77,24,305,0,7,29,29,3,0,0
2022-03-01,5840,2,0,211,862,85,40,415,0,9,30,31,3,0,0
2022-03-02,9000,2,0,217,900,90,42,434,0,11,30,31,3,0,0
2022-03-03,9166,2,0,251,939,105,50,464,0,18,37,37,3,0,0
2022-03-04,10000,2,0,269,945,105,50,469,0,19,39,40,3,0,0
2022-03-05,11000,2,0,285,985,109,50,507,0,21,44,48,4,0,0
2022-03-06,11000,3,0,290,999,117,50,514,0,23,46,68,7,0,0
2022-03-07,12000,3,0,303,1036,120,56,534,0,27,48,80,7,0,0
2022-03-08,12000,3,0,317,1070,120,56,542,0,28,49,81,7,0,0
2022-03-09,12000,3,0,335,1105,123,56,586,0,29,49,81,7,0,0
2022-03-10,12000,3,0,353,1165,125,58,618,0,31,57,83,7,0,0
2022-03-11,12000,3,0,362,1205,135,62,645,0,33,58,83,7,0,0
2022-03-12,12000,3,0,374,1226,140,62,660,0,34,74,86,7,0,0
2022-03-13,12000,3,0,389,1249,150,64,677,0,34,77,90,8,0,0
2022-03-14,13500,3,0,404,1279,150,64,700,0,36,81,95,9,0,0
2022-03-15,13800,3,0,430,1375,190,70,879,10,43,84,108,11,0,0
2022-03-16,14000,3,0,444,1435,201,72,924,10,43,86,108,11,0,0
2022-03-17,14200,3,0,450,1448,205,72,939,11,43,93,112,12,0,0
2022-03-18,14400,3,0,466,1470,213,72,974,11,44,95,115,17,0,0
2022-03-19,14700,3,0,476,1487,230,74,1007,12,44,96,118,21,0,0
2022-03-20,15000,3,0,498,1535,240,80,1029,13,45,97,121,24,0,0
2022-03-21,15300,3,0,509,1556,252,80,1070,15,45,99,123,35,0,0
2022-03-22,15600,4,0,517,1578,267,80,1078,15,47,101,124,42,0,0
2022-03-23,15800,4,0,530,1597,280,82,1105,16,47,108,124,50,0,0
2022-03-24,16100,5,0,561,1625,291,90,1161,18,49,115,125,53,0,0
2022-03-25,16400,7,0,575,1640,293,91,1204,19,51,117,127,53,0,0
2022-03-26,16600,7,0,582,1664,294,93,1217,21,52,121,127,56,0,0
2022-03-27,17000,7,0,586,1694,302,95,1223,21,54,123,127,66,0,0
2022-03-28,17200,7,0,597,1710,303,96,1251,21,54,127,129,71,0,0
2022-03-29,17300,7,0,605,1723,305,96,1259,21,54,131,131,81,0,0
2022-03-30,17500,7,0,614,1735,311,96,1276,22,54,135,131,83,0,0
2022-03-31,17700,7,0,625,1751,316,96,1296,24,54,143,131,85,0,0
2022-04-01,17800,7,0,631,1776,317,100,1312,24,54,143,134,87,0,0
2022-04-02,18000,7,0,644,1830,325,105,1325,24,54,143,134,89,0,0
2022-04-03,18300,7,0,647,1844,330,107,1349,25,54,147,134,92,0,0
2022-04-04,18500,7,0,676,1858,332,107,1398,25,55,150,134,94,0,0
2022-04-05,18600,7,0,684,1861,332,107,1400,25,55,150,135,96,0,0
2022-04-06,18900,7,0,698,1891,332,108,1434,25,55,150,135,111,0,0
2022-04-07,19000,7,0,700,1891,333,108,1437,25,55,150,135,112,0,0
2022-04-08,19100,7,0,705,1895,335,108,1439,25,55,151,136,112,0,0
2022-04-09,19300,7,0,722,1911,342,108,1460,25,55,152,137,112,0,0
2022-04-10,19500,7,0,725,1923,347,111,1463,25,55,154,137,119,0,0
2022-04-11,19600,7,0,732,1946,349,111,1482,25,63,157,140,124,0,0
2022-04-12,19800,7,0,739,1964,358,115,1505,25,64,158,143,132,0,0
2022-04-13,19900,7,0,753,1968,366,122,1513,25,64,160,144,134,0,0
2022-04-14,20000,8,0,756,1976,366,122,1519,25,66,163,144,135,0,0
2022-04-15,20100,8,0,762,1982,371,125,1534,26,66,163,145,138,0,0
2022-04-16,20300,8,0,773,2002,376,127,1547,27,66,165,146,148,0,0
2022-04-17,20600,8,0,790,2041,381,130,1563,27,67,167,147,155,0,0
2022-04-18,20800,8,0,802,2063,386,132,1571,27,67,169,150,158,0,0
2022-04-19,20900,8,0,815,2087,391,136,1580,27,67,171,150,165,0,0
2022-04-20,21000,8,0,829,2118,393,136,1584,27,67,172,151,166,0,0
2022-04-21,21200,8,0,838,2162,397,138,1599,27,69,176,153,172,0,0
2022-04-22,21600,8,0,854,2205,403,143,1619,27,69,177,154,182,0,0
2022-04-23,21800,8,0,873,2238,408,147,1633,28,69,179,154,191,0,0
2022-04-24,21900,8,0,884,2258,411,149,1642,28,69,181,154,201,0,0
2022-04-25,22100,8,0,918,2308,416,149,1719,31,69,184,154,205,0,0
2022-04-26,22400,8,0,939,2342,421,149,1742,31,71,185,155,207,0,0
2022-04-27,22800,8,0,970,2389,431,151,1764,31,72,187,155,215,0,0
2022-04-28,23000,8,0,986,2418,435,151,1771,31,73,189,155,229,0,0
2022-04-29,23200,8,0,1008,2445,436,151,1777,32,77,190,155,232,0,0
2022-04-30,23500,8,0,1026,2471,451,151,1796,32,80,192,155,245,0,84
2022-05-01,23800,8,0,1048,2519,459,152,1824,38,80,194,155,271,0,84
2022-05-02,24200,10,0,1062,2567,475,162,1843,38,80,194,155,291,0,84
2022-05-03,24500,10,0,1077,2610,491,163,1867,38,81,194,155,303,0,87
2022-05-04,24700,10,0,1092,2651,499,169,1907,38,83,196,155,312,0,89
2022-05-05,24900,11,0,1110,2686,502,171,1926,38,83,199,155,324,0,90
2022-05-06,25100,11,0,1122,2713,509,172,1934,38,84,199,155,341,0,90
2022-05-07,25500,12,0,1130,2741,509,179,1961,39,86,199,156,360,0,92
2022-05-08,25650,12,0,1145,2764,513,185,1970,41,87,199,158,377,0,94
2022-05-09,26000,12,0,1170,2808,519,185,1980,41,87,199,158,380,0,94
2022-05-10,26350,12,0,1187,2856,528,185,1997,41,87,199,160,390,0,94
2022-05-11,26650,13,0,1195,2873,534,191,2019,41,87,199,161,398,0,94
2022-05-12,26900,13,0,1205,2900,542,193,2042,41,88,200,162,405,0,95
2022-05-13,27200,13,0,1218,2934,551,195,2059,42,88,200,163,411,0,95
2022-05-14,27400,13,0,1220,2958,555,195,2087,42,89,200,164,416,0,95
2022-05-15,27700,13,0,1228,2974,577,195,2101,42,89,200,165,427,0,97
2022-05-16,27900,13,0,1235,3009,578,198,2109,43,90,201,167,436,0,97
2022-05-17,28300,13,0,1251,3043,586,199,2137,43,91,202,167,441,0,102
2022-05-18,28500,13,0,1254,3063,595,199,2157,43,93,203,167,455,0,103
2022-05-19,28700,13,0,1263,3090,596,200,2162,43,93,204,168,460,0,103
2022-05-20,28850,13,0,1278,3116,596,201,2178,43,93,204,169,462,0,104
2022-05-21,29050,13,0,1285,3141,599,201,2194,43,93,204,170,470,0,107
2022-05-22,29200,13,0,1293,3166,604,201,2206,43,93,204,170,476,0,110
2022-05-23,29350,13,0,1302,3194,606,201,2213,43,93,205,170,480,0,112
2022-05-24,29450,13,0,1305,3213,606,201,2218,44,93,206,170,491,0,112
2022-05-25,29600,13,0,1315,3235,617,201,2225,47,93,206,170,502,0,114
2022-05-26,29750,13,0,1322,3246,623,201,2226,48,93,206,170,503,0,115
2022-05-27,30000,13,0,1330,3258,628,203,2226,48,93,207,174,503,0,116
2022-05-28,30150,13,0,1338,3270,631,203,2240,48,93,207,174,504,0,116
2022-05-29,30350,13,0,1349,3282,643,205,2258,48,93,207,174,507,0,118
2022-05-30,30500,13,0,1358,3302,649,207,2275,48,93,208,174,515,0,120
2022-05-31,30700,13,0,1361,3343,659,207,2290,49,94,208,175,519,0,120
2022-06-01,30850,13,0,1363,3354,661,207,2325,51,95,210,175,521,0,120
2022-06-02,30950,13,0,1367,3366,675,207,2329,51,95,210,175,535,0,121
2022-06-03,31050,13,0,1376,3379,680,207,2337,52,95,210,175,540,0,122
2022-06-04,31150,13,0,1381,3392,686,207,2360,53,95,210,175,548,0,122
2022-06-05,31250,13,0,1386,3400,690,207,2395,53,96,211,176,551,0,125
2022-06-06,31360,13,0,1390,3416,694,207,2405,53,96,212,177,553,0,125
2022-06-07,31500,13,0,1393,3429,703,213,2406,53,96,212,178,559,0,125
2022-06-08,31700,13,0,1398,3438,711,213,2421,53,96,212,178,562,0,125
2022-06-09,31900,13,0,1409,3450,712,222,2438,54,97,212,178,572,0,125
2022-06-10,32050,13,0,1419,3466,712,222,2448,54,97,212,178,579,0,125
2022-06-11,32150,13,0,1430,3484,715,226,2455,54,97,212,178,582,0,125
2022-06-12,32300,13,0,1432,3492,718,226,2460,54,97,213,178,585,0,125
2022-06-13,32500,13,0,1434,3503,721,229,2473,54,97,213,179,588,0,125
2022-06-14,32750,13,0,1440,3528,722,230,2485,55,97,213,179,591,0,129
2022-06-15,32950,13,0,1449,3545,729,233,2494,55,97,213,179,591,0,129
2022-06-16,33150,13,0,1456,3563,734,233,2496,55,97,215,180,593,0,129
2022-06-17,33350,14,0,1465,3573,739,233,2513,55,98,216,180,594,0,129
2022-06-18,33600,14,0,1468,3577,745,235,2523,55,98,216,181,598,0,130
2022-06-19,33800,14,0,1477,3588,749,238,2527,55,98,216,181,601,0,130
2022-06-20,34100,14,0,1496,3606,752,239,2537,59,98,216,181,611,0,137
2022-06-21,34230,14,0,1496,3614,752,239,2543,60,99,216,182,614,0,137
2022-06-22,34430,14,0,1504,3632,756,240,2548,60,99,216,183,620,0,137
2022-06-23,34530,14,0,1507,3637,759,241,2553,60,99,216,183,622,0,137
2022-06-24,34700,14,0,1511,3645,764,241,2560,60,99,217,184,626,0,137
2022-06-25,34850,14,0,1532,3659,764,243,2564,60,99,217,184,630,0,139
2022-06-26,35000,14,0,1552,3687,771,243,2575,60,101,217,184,636,0,139
2022-06-27,35250,14,0,1567,3704,778,243,2589,61,102,217,185,636,0,139
2022-06-28,35450,14,0,1572,3720,781,246,2598,61,103,217,185,640,0,142
2022-06-29,35600,14,0,1573,3726,790,246,2602,61,104,217,185,641,0,143
2022-06-30,35750,15,0,1577,3736,796,246,2610,61,105,217,186,645,0,143
2022-07-01,35870,15,0,1582,3737,800,246,2614,61,105,217,186,653,0,144
2022-07-02,35970,15,0,1584,3744,801,246,2618,64,105,217,187,654,0,144
2022-07-03,36200,15,0,1589,3754,804,246,2629,65,105,217,187,658,0,144
2022-07-04,36350,15,0,1594,3772,806,247,2634,65,105,217,187,660,0,144
2022-07-05,36500,15,0,1600,3789,812,247,2648,65,107,217,187,664,0,153
2022-07-06,36650,15,0,1602,3797,815,247,2665,66,107,217,187,667,0,155
2022-07-07,36900,15,0,1637,3811,828,247,2685,66,107,217,187,669,0,155
2022-07-08,37200,15,0,1638,3815,832,247,2687,66,108,217,187,674,0,155
2022-07-09,37300,15,0,1641,3823,834,247,2694,66,108,217,188,676,0,155
2022-07-10,37400,15,0,1645,3828,838,247,2696,66,109,217,188,676,0,155
2022-07-11,37470,15,0,1649,3829,838,247,2699,66,109,217,188,676,0,155
2022-07-12,37570,15,0,1649,3832,839,247,2704,67,109,217,188,678,0,155
2022-07-13,37870,15,0,1667,3852,840,247,2704,67,109,219,188,681,0,155
2022-07-14,38000,15,0,1672,3866,842,247,2731,67,109,220,188,681,0,155
2022-07-15,38140,15,0,1677,3874,846,247,2735,68,109,220,188,687,0,162
2022-07-16,38300,15,0,1684,3879,846,248,2746,68,110,220,188,688,0,166
2022-07-17,38450,15,0,1687,3886,849,248,2753,70,113,220,188,690,0,166
2022-07-18,38550,15,0,1691,3892,851,248,2767,70,113,220,188,693,0,167
2022-07-19,38750,15,0,1700,3905,856,250,2775,70,113,221,188,703,0,167
2022-07-20,38850,15,0,1704,3912,859,251,2781,72,113,221,188,710,0,167
2022-07-21,39000,15,0,1704,3920,863,251,2803,72,113,221,188,713,0,167
2022-07-22,39240,15,0,1708,3929,864,253,2820,72,113,221,188,714,0,167
2022-07-23,39520,15,0,1722,3942,869,255,2823,73,113,221,188,714,0,170
2022-07-24,39700,15,0,1730,3950,876,257,2832,73,116,222,188,719,0,174
2022-07-25,39870,15,0,1737,3959,880,258,2835,75,117,222,189,722,0,174
2022-07-26,40070,15,0,1738,3971,883,258,2847,75,117,222,190,726,0,174
2022-07-27,40230,15,0,1742,3979,894,258,2854,75,117,222,190,729,0,174
2022-07-28,40500,15,0,1749,3987,900,258,2870,77,117,222,190,731,0,174
2022-07-29,40670,15,0,1759,3995,906,258,2889,78,117,222,190,733,0,174
2022-07-30,40830,15,0,1763,4004,916,259,2902,80,117,223,190,735,0,174
2022-07-31,41030,15,0,1768,4011,932,259,2912,82,117,223,190,736,0,174
2022-08-01,41170,15,0,1768,4014,936,259,2914,82,117,223,191,739,0,174
2022-08-02,41350,15,0,1774,4022,939,259,2922,83,118,223,191,740,0,180
2022-08-03,41500,15,0,1789,4026,946,260,2960,83,118,223,191,742,0,182
2022-08-04,41650,15,0,1792,4032,950,260,2964,83,123,223,191,742,0,182
2022-08-05,41900,15,0,1802,4051,955,260,2970,85,127,223,191,744,0,182
2022-08-06,42200,15,0,1805,4055,958,260,2978,86,132,223,191,750,0,182
2022-08-07,42340,15,0,1811,4070,960,261,2993,86,132,223,192,754,0,182
2022-08-08,42640,15,0,1817,4076,964,261,2998,87,133,223,193,757,0,185
2022-08-09,42800,15,0,1832,4086,971,261,3005,89,133,232,193,766,0,185
2022-08-10,43000,15,0,1846,4100,974,261,3018,90,134,232,193,772,0,185
2022-08-11,43200,15,0,1849,4108,975,261,3021,90,136,233,193,778,0,185
2022-08-12,43400,15,0,1856,4115,978,261,3036,91,136,233,193,779,0,187
2022-08-13,43550,15,0,1864,4126,980,261,3039,91,136,233,194,784,0,187
2022-08-14,43750,15,0,1876,4141,985,261,3044,92,136,233,195,787,0,187
2022-08-15,43900,15,0,1880,4152,989,263,3049,92,136,233,196,790,0,190
2022-08-16,44100,15,0,1886,4162,993,263,3054,93,136,233,196,792,0,190
2022-08-17,44300,15,0,1889,4179,1010,265,3061,93,136,234,197,793,0,190
2022-08-18,44700,15,0,1899,4195,1016,266,3130,94,141,234,197,795,0,190
2022-08-19,44900,15,0,1907,4212,1018,266,3137,97,141,234,197,803,0,190
2022-08-20,45200,15,0,1912,4224,1028,266,3143,99,141,234,197,806,0,190
2022-08-21,45400,15,0,1919,4230,1032,266,3149,99,145,234,198,815,0,194
2022-08-22,45550,15,0,1921,4238,1033,266,3150,99,146,234,198,817,0,196
2022-08-23,45700,15,0,1924,4243,1036,266,3160,99,147,234,199,819,0,196
2022-08-24,45850,15,0,1929,4245,1037,272,3160,99,148,234,202,828,0,196
2022-08-25,46250,15,0,1936,4251,1040,272,3162,99,148,234,202,834,0,196
2022-08-26,46500,15,0,1939,4254,1045,274,3165,99,148,234,202,836,0,196
2022-08-27,46750,15,0,1942,4257,1050,274,3171,99,148,234,202,838,0,196
2022-08-28,47100,15,0,1947,4269,1060,279,3188,101,149,234,203,844,0,196
2022-08-29,47550,15,0,1954,4294,1079,282,3217,103,151,234,204,847,0,196
2022-08-30,47900,15,0,1974,4312,1091,285,3236,103,152,234,204,849,0,196
2022-08-31,48350,15,0,1997,4345,1115,287,3239,104,153,234,205,851,0,196
2022-09-01,48700,15,0,2009,4366,1126,289,3247,105,153,234,205,853,0,198
2022-09-02,49050,15,0,2034,4403,1134,293,3268,105,153,235,205,864,0,203
2022-09-03,49500,15,0,2049,4430,1147,294,3276,106,156,236,206,864,0,203
2022-09-04,49800,15,0,2068,4459,1157,294,3286,107,156,236,206,867,0,205
2022-09-05,50150,15,0,2077,4484,1179,296,3305,109,156,236,207,876,0,209
2022-09-06,50610,15,0,2097,4520,1194,300,3320,109,156,237,208,880,0,214
2022-09-07,51250,15,0,2112,4557,1226,305,3344,110,159,239,210,884,0,214
2022-09-08,51900,15,0,2122,4575,1237,306,3399,114,159,239,211,888,0,214
2022-09-09,52250,15,0,2136,4584,1259,311,3426,116,162,239,212,898,0,215
2022-09-10,52650,15,0,2154,4617,1263,311,3445,117,162,242,213,902,0,216
2022-09-11,52950,15,0,2168,4640,1269,311,3463,117,162,243,213,903,0,216
2022-09-12,53300,15,0,2175,4662,1279,311,3469,117,165,244,213,904,0,233
2022-09-13,53650,15,0,2180,4665,1290,311,3501,120,167,246,215,908,0,233
2022-09-14,53850,15,0,2193,4682,1295,311,3522,120,167,250,215,908,0,233
2022-09-15,54050,15,0,2199,4690,1302,312,3550,121,168,250,216,908,0,233
2022-09-16,54250,15,0,2202,4701,1306,312,3571,121,168,251,216,911,0,236
2022-09-17,54480,15,0,2210,4718,1309,312,3578,122,168,251,217,918,0,238
2022-09-18,54650,15,0,2212,4720,1313,312,3581,125,168,251,217,920,0,238
2022-09-19,54810,15,0,2216,4724,1323,318,3587,125,168,252,217,925,0,239
2022-09-20,55110,15,0,2227,4748,1340,318,3610,125,168,253,217,932,0,239
2022-09-21,55510,15,0,2236,4776,1341,318,3630,125,169,253,218,941,0,240
2022-09-22,56060,15,0,2254,4796,1355,326,3659,126,170,254,219,950,0,240
2022-09-23,56300,15,0,2262,4807,1361,327,3681,126,170,255,220,956,0,240
2022-09-24,56700,15,0,2275,4832,1368,328,3701,130,171,259,220,966,0,241
2022-09-25,57200,15,0,2290,4857,1369,330,3711,131,172,260,224,970,0,241
2022-09-26,57750,15,0,2306,4881,1378,331,3730,131,175,261,224,977,0,241
2022-09-27,58150,15,0,2312,4889,1381,331,3742,131,175,262,224,989,0,242
2022-09-28,58580,15,0,2325,4909,1385,331,3751,131,175,262,224,995,0,246
2022-09-29,59080,15,0,2338,4932,1391,333,3768,131,176,264,225,1003,0,246
2022-09-30,59610,15,0,2354,4949,1397,336,3786,131,176,264,226,1009,0,246
2022-10-01,60110,15,0,2377,4975,1405,337,3796,131,176,264,227,1015,0,246
2022-10-02,60430,15,0,2380,4991,1405,338,3811,131,176,265,228,1026,0,246
2022-10-03,60800,15,0,2424,5018,1407,340,3823,131,177,266,228,1028,0,246
2022-10-04,61000,15,0,2435,5038,1414,341,3841,132,177,266,232,1032,0,246
2022-10-05,61330,15,0,2449,5064,1424,344,3854,134,177,266,232,1047,0,246
2022-10-06,61680,15,0,2466,5093,1455,344,3862,135,177,266,233,1067,0,246
2022-10-07,62060,15,0,2472,5111,1459,345,3875,136,180,266,234,1079,0,246
2022-10-08,62500,15,0,2486,5133,1477,348,3890,136,180,266,235,1086,0,247
2022-10-09,62870,15,0,2495,5149,1486,353,3908,136,181,267,235,1097,0,249
2022-10-10,63110,15,0,2504,5156,1496,353,3916,136,181,268,235,1114,0,295
2022-10-11,63380,16,0,2505,5156,1539,355,3926,140,183,268,235,1149,0,316
2022-10-12,63800,16,0,2511,5167,1556,357,3935,140,183,268,240,1182,0,316
2022-10-13,64300,16,0,2521,5172,1566,362,3944,142,186,268,240,1199,0,316
2022-10-14,64700,16,0,2524,5179,1582,365,3951,142,186,268,242,1210,0,316
2022-10-15,65000,16,0,2529,5193,1589,365,3959,143,186,268,242,1224,0,316
2022-10-16,65320,16,0,2537,5205,1599,366,3969,144,187,268,242,1241,0,316
2022-10-17,65850,16,0,2548,5219,1622,372,3985,144,188,268,242,1276,0,318
2022-10-18,66280,16,0,2554,5235,1637,372,3999,146,189,269,242,1286,0,323
2022-10-19,66650,16,0,2567,5255,1646,372,4005,147,189,269,243,1311,0,329
2022-10-20,66750,16,0,2573,5258,1648,372,4006,147,189,269,243,1325,0,329
2022-10-21,67070,16,0,2579,5266,1653,373,4021,148,189,270,243,1341,0,329
2022-10-22,67470,16,0,2584,5284,1667,374,4039,148,189,270,245,1361,0,350
2022-10-23,67940,16,0,2590,5295,1673,375,4044,149,189,270,245,1370,0,350
2022-10-24,68420,16,0,2611,5321,1674,377,4054,149,190,271,248,1372,0,350
2022-10-25,68900,16,0,2628,5351,1686,379,4076,149,192,271,248,1379,0,350
2022-10-26,69220,16,0,2631,5364,1690,379,4078,150,192,271,249,1398,0,351
2022-10-27,69700,16,0,2640,5378,1698,379,4088,151,192,272,251,1401,0,351
2022-10-28,70250,16,0,2659,5401,1708,380,4107,152,195,273,252,1406,0,351
2022-10-29,71200,16,0,2672,5453,1724,383,4120,154,197,274,252,1412,0,352
2022-10-30,71820,16,0,2686,5485,1728,383,4128,154,197,275,253,1413,0,352
2022-10-31,72470,16,0,2698,5501,1730,383,4143,154,197,276,257,1415,0,397
2022-11-01,73270,16,0,2714,5525,1733,387,4153,154,198,277,258,1438,0,397
2022-11-02,74000,16,0,2734,5552,1755,390,4162,155,198,277,258,1442,0,397
2022-11-03,74840,16,0,2750,5580,1772,391,4174,155,201,277,258,1450,0,397
2022-11-04,75440,16,0,2758,5601,1776,391,4184,155,202,277,260,1462,0,399
2022-11-05,75930,16,0,2765,5611,1781,391,4191,155,202,277,260,1465,0,399
2022-11-06,76460,16,0,2771,5630,1782,391,4199,157,202,277,260,1472,0,399
2022-11-07,77170,16,0,2786,5654,1791,391,4216,159,203,278,260,1476,0,399
2022-11-08,77950,16,0,2801,5666,1802,393,4227,159,205,278,260,1483,0,399
2022-11-09,78690,16,0,2804,5682,1805,393,4242,159,205,278,260,1499,0,399
2022-11-10,79400,16,0,2814,5696,1817,393,4259,159,205,278,261,1505,0,399
2022-11-11,80210,16,0,2838,5730,1829,393,4279,160,205,278,261,1506,0,399
2022-11-12,80860,16,0,2840,5742,1837,393,4295,160,206,278,261,1507,0,399
2022-11-13,81370,16,0,2848,5748,1839,393,4316,160,206,278,261,1509,0,399
2022-11-14,82080,16,0,2861,5773,1850,393,4351,160,208,278,261,1511,0,399
2022-11-15,82710,16,0,2871,5797,1860,393,4360,160,209,278,261,1525,0,474
2022-11-16,83110,16,0,2878,5804,1860,393,4362,160,209,278,261,1531,0,474
2022-11-17,83460,16,0,2879,5808,1865,393,4366,161,209,278,261,1536,0,480
2022-11-18,83880,16,0,2885,5815,1867,393,4368,161,209,278,261,1536,0,480
2022-11-19,84210,16,0,2886,5817,1868,393,4371,161,209,278,261,1537,0,480
2022-11-20,84600,16,0,2892,5822,1870,393,4378,161,209,278,261,1537,0,480
2022-11-21,85000,16,0,2895,5827,1882,395,4393,161,209,278,261,1537,0,480
2022-11-22,85410,16,0,2897,5832,1887,395,4396,161,209,278,261,1537,0,480
2022-11-23,85720,16,0,2898,5839,1889,395,4400,161,209,278,261,1547,0,531
2022-11-24,86150,16,0,2899,5844,1895,395,4404,163,209,278,261,1553,0,531
2022-11-25,86710,16,0,2901,5848,1896,395,4406,163,209,278,261,1554,0,531
2022-11-26,87310,16,0,2905,5856,1897,395,4412,163,209,278,261,1555,0,531
2022-11-27,87900,16,0,2908,5861,1899,395,4416,163,209,278,261,1555,0,531
2022-11-28,88380,16,0,2911,5866,1901,395,4423,163,209,280,261,1555,0,531
2022-11-29,88880,16,0,2914,5872,1902,395,4429,163,210,280,261,1562,0,531
2022-11-30,89440,16,0,2915,5877,1904,395,4441,163,210,280,261,1562,0,531
2022-12-01,90090,16,0,2916,5883,1905,395,4464,163,210,280,262,1564,0,531
2022-12-02,90600,16,0,2917,5886,1906,395,4472,163,210,280,263,1572,0,531
2022-12-03,91150,16,0,2922,5892,1908,395,4479,163,210,281,263,1573,0,531
2022-12-04,91690,16,0,2924,5900,1914,395,4497,163,211,281,264,1582,0,531
2022-12-05,92200,16,0,2929,5905,1915,395,4505,163,211,281,264,1587,0,592
2022-12-06,92740,16,0,2935,5909,1923,395,4526,163,211,281,264,1601,0,592
2022-12-07,93080,16,0,2937,5911,1925,395,4528,164,211,281,264,1603,0,592
2022-12-08,93390,16,0,2937,5912,1926,395,4531,164,211,281,264,1603,0,592
2022-12-09,93760,16,0,2940,5917,1927,397,4535,167,211,281,264,1603,0,592
2022-12-10,94140,16,0,2942,5920,1928,397,4540,167,211,281,264,1613,0,592
2022-12-11,94760,16,0,2966,5928,1929,397,4544,169,211,281,264,1617,0,592
2022-12-12,95260,16,0,2966,5930,1931,404,4549,170,211,281,264,1617,0,592
2022-12-13,96000,16,0,2970,5937,1931,404,4562,171,211,281,264,1617,0,592
2022-12-14,96590,16,0,2975,5946,1943,406,4563,172,211,281,264,1644,0,592
2022-12-15,97270,16,0,2980,5952,1946,410,4563,172,211,281,264,1648,0,592
2022-12-16,97690,16,0,2985,5958,1947,410,4577,174,211,281,264,1648,0,653
2022-12-17,98280,16,0,2987,5963,1948,410,4579,174,211,281,264,1649,0,653
2022-12-18,98800,16,0,2988,5969,1953,410,4592,175,212,281,264,1657,0,653
2022-12-19,99230,16,0,2995,5974,1960,410,4599,177,212,281,266,1680,0,653
2022-12-20,99740,16,0,3002,5979,1972,412,4608,178,212,282,267,1688,0,653
2022-12-21,100400,16,0,3003,5981,1978,413,4615,178,212,283,267,1693,0,653
2022-12-22,100950,16,0,3005,5986,1984,414,4622,178,212,283,267,1698,0,653
2022-12-23,101430,16,0,3006,5994,1988,418,4627,178,212,283,267,1706,0,653
2022-12-24,102050,16,0,3011,6010,1991,418,4635,178,212,283,267,1706,0,653
2022-12-25,102600,16,0,3016,6017,1996,418,4647,178,212,283,267,1707,0,653
2022-12-26,103220,16,0,3016,6024,1998,418,4652,179,212,283,267,1707,0,653
2022-12-27,103770,16,0,3017,6037,1999,418,4660,179,212,283,267,1707,0,653
2022-12-28,104560,16,0,3018,6047,2004,423,4675,179,212,283,268,1717,0,653
2022-12-29,105250,16,0,3026,6059,2010,423,4683,180,212,283,268,1740,0,711
2022-12-30,105960,16,0,3029,6075,2016,423,4707,180,213,283,269,1746,0,711
2022-12-31,106720,16,0,3031,6084,2021,423,4720,181,213,283,269,1792,0,723
2023-01-01,107440,16,0,3031,6093,2027,423,4725,181,213,283,269,1836,0,723
2023-01-02,108190,16,0,3036,6100,2033,424,4735,181,214,283,270,1839,0,723
2023-01-03,108910,16,0,3038,6106,2039,424,4745,181,215,283,270,1842,0,723
2023-01-04,109720,16,0,3041,6108,2051,426,4759,182,215,284,271,1844,0,723
2023-01-05,110250,16,0,3064,6124,2059,431,4797,182,215,285,272,1844,0,723
2023-01-06,110740,16,0,3066,6125,2062,431,4798,182,217,285,272,1844,0,723
2023-01-07,111170,16,0,3069,6130,2065,431,4801,183,217,285,272,1849,0,723
2023-01-08,111760,16,0,3080,6147,2069,434,4809,183,217,285,275,1856,0,723
2023-01-09,112470,17,0,3084,6154,2073,434,4817,183,217,285,275,1860,0,723
2023-01-10,112960,17,0,3094,6159,2078,437,4826,184,217,285,275,1862,0,723
2023-01-11,113390,17,0,3094,6159,2082,437,4826,184,218,285,276,1865,0,723
2023-01-12,114130,17,0,3098,6167,2086,437,4833,184,218,286,276,1865,0,723
2023-01-13,114660,17,0,3104,6173,2090,437,4846,186,219,286,276,1867,0,723
2023-01-14,115290,17,0,3106,6183,2094,437,4846,187,219,286,276,1872,0,749
2023-01-15,116080,17,0,3118,6204,2099,438,4870,190,220,286,276,1872,0,749
2023-01-16,116950,17,0,3121,6215,2104,441,4877,190,220,286,276,1872,0,749
2023-01-17,117770,17,0,3130,6225,2108,442,4889,190,220,287,276,1876,0,749
2023-01-18,118530,17,0,3136,6235,2122,442,4896,190,220,287,277,1882,0,749
2023-01-19,119300,17,0,3139,6241,2129,442,4903,190,220,287,277,1886,0,749
2023-01-20,120160,17,0,3140,6256,2135,443,4918,193,220,287,277,1891,0,749
2023-01-21,120760,17,0,3145,6268,2144,445,4932,193,220,287,277,1892,0,749
2023-01-22,121480,18,0,3150,6276,2146,447,4936,193,220,287,277,1894,0,749
2023-01-23,122170,18,0,3152,6284,2148,448,4944,194,220,289,281,1897,0,749
2023-01-24,123080,18,0,3161,6307,2154,450,4967,194,220,290,281,1902,0,749
2023-01-25,123860,18,0,3175,6334,2169,452,4986,195,220,292,282,1908,0,749
2023-01-26,124710,18,0,3182,6340,2180,452,5001,199,221,292,283,1941,0,796
2023-01-27,125510,18,0,3189,6344,2188,453,5027,199,221,293,284,1947,0,796
2023-01-28,126160,18,0,3197,6366,2195,453,5037,199,221,293,284,1947,0,796
2023-01-29,126650,18,0,3201,6369,2196,453,5041,199,221,293,284,1947,0,796
2023-01-30,127500,18,0,3201,6378,2197,454,5048,200,221,293,284,1951,0,796
2023-01-31,128420,18,0,3209,6382,2207,458,5061,200,221,293,284,1951,0,796
2023-02-01,129030,18,0,3211,6382,2212,458,5064,200,222,293,284,1951,0,796
2023-02-02,129870,18,0,3215,6388,2215,460,5068,202,222,294,284,1952,0,796
2023-02-03,130590,18,0,3218,6394,2220,460,5081,203,225,294,284,1956,0,796
2023-02-04,131290,18,0,3220,6405,2226,460,5091,203,227,294,284,1958,0,796
2023-02-05,132160,18,0,3231,6415,2231,461,5104,203,227,294,284,1958,0,796
2023-02-06,133190,18,0,3245,6443,2232,461,5107,208,227,294,284,1958,0,796
2023-02-07,134100,18,0,3253,6458,2236,461,5112,211,228,295,285,1961,0,796
2023-02-08,135010,18,0,3255,6468,2244,463,5121,211,232,295,285,1967,0,796
2023-02-09,135740,18,0,3258,6471,2251,463,5126,211,233,295,286,1970,0,796
2023-02-10,136880,18,0,3267,6474,2270,463,5134,214,234,295,286,1997,0,857
2023-02-11,137780,18,0,3280,6488,2287,465,5148,215,234,296,286,2007,0,857
2023-02-12,138340,18,0,3283,6492,2290,465,5150,217,234,296,286,2007,0,857
2023-02-13,139080,18,0,3286,6500,2299,466,5155,218,234,298,286,2011,0,857
2023-02-14,139770,18,0,3290,6507,2303,466,5161,219,236,298,286,2011,0,857
2023-02-15,140460,18,0,3296,6517,2306,466,5167,219,239,298,287,2012,0,857
2023-02-16,141260,18,0,3298,6520,2322,467,5187,221,241,298,287,2013,0,871
2023-02-17,142270,18,0,3303,6533,2326,469,5196,223,243,298,287,2016,0,871
2023-02-18,142860,18,0,3310,6545,2327,469,5196,224,243,298,287,2016,0,873
2023-02-19,143680,18,0,3316,6553,2334,471,5209,225,243,299,287,2018,0,873
2023-02-20,144440,18,0,3326,6562,2338,471,5210,226,243,299,287,2023,0,873
2023-02-21,145060,18,0,3334,6569,2345,471,5212,226,243,299,287,2026,0,873
2023-02-22,145850,18,0,3350,6593,2352,471,5215,228,244,299,287,2029,0,873
2023-02-23,146820,18,0,3363,6600,2363,474,5224,229,247,299,287,2033,0,873
2023-02-24,147470,18,0,3375,6609,2373,475,5235,230,247,299,288,2035,0,873
2023-02-25,148130,18,0,3381,6615,2380,475,5242,230,247,299,288,2037,0,873
2023-02-26,148690,18,0,3385,6621,2380,475,5248,230,247,300,288,2048,0,873
2023-02-27,149240,18,0,3388,6630,2383,478,5252,230,247,300,288,2051,0,873
2023-02-28,149890,18,0,3395,6638,2393,479,5257,230,247,300,288,2055,0,873
2023-03-01,150605,18,0,3397,6658,2398,480,5264,230,247,300,288,2058,0,873
2023-03-02,151370,18,0,3405,6673,2402,484,5281,230,247,301,289,2061,0,873
2023-03-03,152190,18,0,3409,6683,2414,487,5289,230,247,302,289,2066,0,873
2023-03-04,153120,18,0,3414,6692,2426,488,5299,232,248,302,289,2071,0,873
2023-03-05,153770,18,0,3423,6703,2433,488,5307,234,250,302,289,2086,0,873
2023-03-06,154830,18,0,3432,6714,2456,488,5323,236,253,303,289,2095,0,873
2023-03-07,155530,18,0,3436,6723,2463,488,5330,236,253,303,289,2098,0,873
2023-03-08,156120,18,0,3441,6736,2465,488,5331,237,254,303,289,2098,0,873
2023-03-09,156990,18,0,3448,6742,2475,491,5337,240,256,304,289,2107,0,907
2023-03-10,158000,18,0,3458,6762,2483,493,5344,242,257,304,289,2108,0,907
2023-03-11,159090,18,0,3466,6769,2487,493,5348,242,259,304,289,2108,0,907
2023-03-12,159800,18,0,3474,6774,2503,493,5354,251,259,304,289,2109,0,907
2023-03-13,160540,18,0,3484,6789,2519,495,5367,256,260,304,289,2120,0,907
2023-03-14,161520,18,0,3492,6799,2528,502,5377,257,262,304,289,2132,0,907
2023-03-15,162560,18,0,3504,6810,2539,503,5394,257,265,305,289,2145,0,907
2023-03-16,163320,18,0,3506,6823,2552,504,5401,258,265,305,290,2145,0,907
2023-03-17,164200,18,0,3511,6830,2560,506,5404,259,265,305,290,2159,0,907
2023-03-18,164910,18,0,3532,6853,2568,507,5408,262,268,305,290,2159,0,907
2023-03-19,165610,18,0,3537,6869,2577,507,5416,265,270,305,290,2160,0,907
2023-03-20,166570,18,0,3552,6879,2586,507,5428,266,270,305,290,2167,0,907
2023-03-21,167490,18,0,3557,6887,2589,509,5434,270,272,305,290,2183,0,909
2023-03-22,168150,18,0,3570,6898,2608,511,5452,273,273,305,290,2203,0,909
2023-03-23,169170,18,0,3574,6921,2616,511,5464,277,276,305,290,2208,0,911
2023-03-24,169890,18,0,3580,6932,2623,520,5483,279,276,305,291,2214,0,911
2023-03-25,170550,18,0,3595,6947,2631,522,5486,282,277,305,291,2216,0,911
2023-03-26,171160,18,0,3595,6953,2638,523,5493,285,277,305,291,2216,0,911
2023-03-27,171730,18,0,3602,6966,2653,525,5502,287,277,305,291,2235,0,911
2023-03-28,172340,18,0,3609,6966,2659,526,5507,288,277,306,291,2239,0,911
2023-03-29,172900,18,0,3610,6974,2671,526,5518,291,278,306,291,2239,0,911
2023-03-30,173360,18,0,3615,6977,2675,526,5521,294,278,306,291,2248,0,911
2023-03-31,173990,18,0,3616,6981,2683,527,5528,296,279,306,291,2248,0,911
2023-04-01,174550,18,0,3618,6986,2687,527,5537,296,279,306,291,2249,0,911
2023-04-02,175160,18,0,3619,6993,2694,527,5553,298,280,306,291,2262,0,911
2023-04-03,175690,18,0,3627,6999,2697,528,5562,298,280,306,291,2277,0,911
2023-04-04,176240,18,0,3629,7005,2707,532,5573,299,280,306,291,2283,0,911
2023-04-05,176630,18,0,3631,7013,2714,532,5574,302,281,306,292,2287,0,911
2023-04-06,177110,18,0,3633,7016,2722,533,5587,304,281,306,292,2291,0,911
2023-04-07,177680,18,0,3636,7020,2727,533,5599,304,282,307,292,2298,0,911
2023-04-08,178150,18,0,3636,7024,2740,533,5602,309,282,307,292,2312,0,911
2023-04-09,178820,18,0,3637,7028,2750,534,5607,311,282,307,292,2323,0,911
2023-04-10,179320,18,0,3644,7038,2765,535,5620,316,282,307,293,2332,0,911
2023-04-11,180050,18,0,3646,7043,2770,535,5630,319,282,307,293,2334,0,911
2023-04-12,180590,18,0,3646,7053,2777,535,5637,320,283,307,293,2339,0,911
2023-04-13,181090,18,0,3650,7069,2784,535,5640,321,283,307,293,2339,0,911
2023-04-14,181550,18,0,3653,7073,2785,535,5646,324,283,307,293,2339,0,911
2023-04-15,182070,18,0,3657,7083,2795,538,5658,326,284,308,293,2339,0,911
2023-04-16,182660,18,0,3660,7087,2804,538,5672,328,285,308,293,2347,0,911
2023-04-17,183130,18,0,3661,7098,2810,538,5676,330,285,308,293,2353,0,911
2023-04-18,183750,18,0,3665,7110,2819,538,5692,330,285,308,293,2376,0,911
2023-04-19,184420,18,0,3667,7120,2825,539,5707,332,285,308,293,2386,0,911
2023-04-20,185050,18,0,3668,7126,2827,539,5713,334,285,308,293,2394,0,911
2023-04-21,185730,18,0,3672,7130,2832,539,5718,337,289,308,293,2398,0,911
2023-04-22,186420,18,0,3675,7131,2837,539,5730,339,289,308,294,2402,0,911
2023-04-23,187080,18,0,3683,7139,2849,539,5753,339,289,308,294,2413,0,911
2023-04-24,187770,18,0,3688,7151,2863,539,5784,345,291,308,294,2437,0,911
2023-04-25,188410,18,0,3692,7162,2877,539,5792,352,292,308,294,2440,0,911
2023-04-26,188920,18,0,3694,7178,2887,542,5805,352,293,308,294,2461,0,911
2023-04-27,189460,18,0,3694,7181,2905,543,5819,353,294,308,294,2467,0,911
2023-04-28,190040,18,0,3697,7184,2908,543,5836,355,294,308,294,2471,0,932
2023-04-29,190510,18,0,3699,7189,2914,544,5842,357,295,308,294,2475,0,932
2023-04-30,190960,18,0,3700,7192,2921,544,5845,359,295,308,294,2476,0,932
2023-05-01,191420,18,0,3701,7193,2930,544,5851,360,298,308,294,2477,0,947
2023-05-02,191940,18,0,3702,7199,2946,544,5865,363,300,308,294,2505,0,947
2023-05-03,192590,18,0,3707,7216,2962,547,5886,370,304,308,294,2523,0,947
2023-05-04,193210,18,0,3710,7224,2978,550,5916,373,304,308,294,2540,0,947
2023-05-05,193770,18,0,3717,7238,2992,552,5936,375,306,308,294,2554,0,947
2023-05-06,194430,18,0,3723,7248,3010,554,5952,380,306,308,294,2572,0,947
2023-05-07,194970,18,0,3730,7253,3018,554,5958,384,306,308,294,2614,0,947
2023-05-08,195620,18,0,3734,7257,3031,554,5969,388,307,308,294,2618,0,955
2023-05-09,196310,18,0,3736,7275,3039,555,5974,389,308,308,294,2624,0,970
2023-05-10,196920,18,0,3740,7287,3053,557,5984,391,310,308,294,2627,0,970
2023-05-11,197670,18,0,3745,7295,3068,559,5996,393,312,308,294,2636,0,970
2023-05-12,198260,18,0,3751,7307,3095,561,6011,402,314,308,294,2665,0,970
2023-05-13,198880,18,0,3756,7325,3116,562,6018,404,314,308,294,2696,0,970
2023-05-14,199460,18,0,3759,7336,3137,562,6034,407,316,308,294,2720,0,973
2023-05-15,199980,18,0,3762,7348,3150,562,6048,410,316,308,294,2732,0,973
2023-05-16,200590,18,0,3771,7365,3166,562,6067,417,318,308,294,2748,0,982
2023-05-17,201100,18,0,3773,7373,3198,563,6073,418,318,308,294,2759,0,990
2023-05-18,201760,18,0,3777,7377,3210,564,6083,419,319,308,294,2769,0,1011
2023-05-19,202430,18,0,3780,7382,3229,564,6103,423,325,308,294,2801,0,1011
2023-05-20,203160,18,0,3782,7398,3258,564,6115,425,327,308,294,2822,0,1011
2023-05-21,203880,18,0,3784,7407,3278,565,6129,427,327,309,294,2830,0,1011
2023-05-22,204360,18,0,3787,7419,3318,565,6139,433,327,309,295,2864,0,1015
2023-05-23,204760,18,0,3790,7424,3339,570,6146,440,327,309,296,2871,0,1015
2023-05-24,205260,18,0,3793,7432,3359,570,6148,444,327,309,296,2907,0,1015
2023-05-25,205720,18,0,3794,7435,3384,570,6161,446,328,310,296,2910,0,1015
2023-05-26,206200,18,0,3794,7449,3414,574,6183,449,329,313,298,2990,0,1056
2023-05-27,206600,18,0,3797,7456,3425,574,6192,451,329,313,298,2993,0,1056
2023-05-28,207030,18,0,3801,7467,3435,575,6207,453,331,313,298,3054,0,1056
2023-05-29,207440,18,0,3802,7469,3445,575,6219,454,332,313,298,3092,0,1107
2023-05-30,207910,18,0,3802,7472,3460,575,6230,454,333,313,298,3124,0,1107
2023-05-31,208370,18,0,3804,7478,3474,575,6239,458,333,313,298,3131,0,1107
2023-06-01,208910,18,0,3819,7490,3501,575,6267,465,335,313,298,3137,0,1117
2023-06-02,209470,18,0,3829,7502,3533,582,6289,475,342,313,298,3165,0,1132
2023-06-03,209940,18,0,3837,7512,3555,583,6305,479,344,313,298,3175,0,1132
2023-06-04,210350,18,0,3848,7523,3567,584,6312,484,349,313,298,3189,0,1136
2023-06-05,211150,18,0,3860,7543,3603,590,6332,489,351,313,299,3212,0,1171
2023-06-06,212030,18,0,3873,7560,3640,594,6349,492,352,314,299,3219,0,1171
2023-06-07,212760,18,0,3891,7576,3668,595,6384,500,355,314,299,3234,0,1171
2023-06-08,213770,18,0,3901,7600,3702,599,6410,502,359,314,299,3247,0,1171
2023-06-09,214660,18,0,3909,7607,3717,600,6428,507,362,314,299,3263,0,1176
2023-06-10,215640,18,0,3926,7631,3736,601,6461,509,362,314,299,3300,0,1183
2023-06-11,216180,18,0,3931,7636,3746,601,6471,510,362,314,299,3307,0,1183
2023-06-12,216650,18,0,3935,7642,3766,601,6473,511,363,314,300,3309,0,1183
2023-06-13,217330,18,0,3943,7653,3783,603,6482,516,364,314,300,3324,0,1196
2023-06-14,217910,18,0,3955,7667,3793,604,6506,519,364,314,301,3333,0,1199
2023-06-15,218500,18,0,3965,7683,3812,606,6519,519,364,314,301,3357,0,1199
2023-06-16,219170,18,0,3977,7706,3834,609,6557,520,364,314,302,3364,0,1211
2023-06-17,219820,18,0,3984,7729,3847,610,6571,522,364,314,304,3371,0,1211
2023-06-18,220450,18,0,3989,7735,3865,610,6613,526,370,314,305,3383,0,1211
2023-06-19,221460,18,0,3997,7750,3888,614,6645,531,372,314,306,3393,0,1214
2023-06-20,222000,18,0,4006,7771,3920,615,6667,539,375,314,306,3428,0,1214
2023-06-21,222650,18,0,4013,7783,3941,617,6678,539,376,314,307,3438,0,1214
2023-06-22,223330,18,0,4017,7798,3985,617,6708,545,379,314,307,3447,0,1214
2023-06-23,223910,18,0,4024,7804,4015,619,6731,548,383,314,308,3460,0,1228
2023-06-24,224630,18,0,4030,7806,4034,624,6735,552,385,314,308,3472,0,1259
2023-06-25,225580,18,0,4031,7820,4055,624,6751,557,385,314,308,3482,0,1259
2023-06-26,226170,18,0,4036,7834,4083,626,6772,563,386,314,308,3492,0,1261
2023-06-27,227100,18,0,4036,7847,4089,627,6774,563,387,314,308,3499,0,1261
2023-06-28,227780,18,0,4038,7857,4116,627,6780,569,388,315,308,3513,0,1261
2023-06-29,228340,18,0,4041,7863,4127,630,6785,569,389,315,308,3519,0,1261
2023-06-30,228870,18,0,4042,7868,4162,632,6794,580,389,315,308,3545,0,1261
2023-07-01,229660,18,0,4052,7888,4188,637,6816,583,390,315,308,3557,0,1261
2023-07-02,230260,18,0,4057,7899,4220,641,6834,590,391,315,309,3573,0,1264
2023-07-03,231030,18,0,4059,7908,4252,647,6843,590,394,315,309,3602,0,1264
2023-07-04,231700,18,0,4062,7917,4288,656,6865,598,395,315,309,3614,0,1264
2023-07-05,232300,18,0,4068,7932,4310,657,6888,605,404,315,309,3635,0,1264
2023-07-06,232810,18,0,4070,7944,4330,658,6898,612,408,315,309,3652,0,1271
2023-07-07,233440,18,0,4074,7953,4346,661,6914,619,410,315,309,3666,0,1271
2023-07-08,234040,18,0,4078,7964,4366,668,6929,628,413,315,309,3685,0,1271
2023-07-09,234480,18,0,4085,7966,4371,668,6937,632,414,315,309,3686,0,1271
2023-07-10,235020,18,0,4089,7983,4385,672,6966,640,414,315,310,3693,0,1271
2023-07-11,235530,18,0,4090,7990,4402,674,6978,647,415,315,310,3726,0,1271
2023-07-12,236040,18,0,4092,7999,4425,678,6995,652,421,315,310,3752,0,1271
2023-07-13,236590,18,0,4097,8008,4449,680,7019,662,423,315,310,3783,0,1273
2023-07-14,237180,18,0,4102,8019,4463,680,7036,664,425,315,310,3807,0,1273
2023-07-15,237680,18,0,4107,8026,4481,681,7044,666,425,315,310,3820,0,1273
2023-07-16,238300,18,0,4115,8034,4504,685,7059,677,428,315,310,3828,0,1273
2023-07-17,239010,18,0,4119,8051,4542,689,7086,677,428,315,310,3839,0,1273
2023-07-18,239480,18,0,4123,8059,4573,689,7105,683,430,315,310,3885,0,1279
2023-07-19,240010,18,0,4129,8065,4592,692,7134,685,433,315,310,3918,0,1293
2023-07-20,240690,18,0,4133,8080,4610,692,7145,686,440,315,310,3933,0,1298
2023-07-21,241330,18,0,4140,8096,4629,693,7159,691,448,315,310,3944,0,1298
2023-07-22,241960,18,0,4151,8105,4658,697,7172,696,451,315,310,3958,0,1298
2023-07-23,242620,18,0,4162,8118,4675,697,7182,698,452,315,310,3963,0,1307
2023-07-24,243220,18,0,4174,8131,4705,698,7194,703,454,315,310,3977,0,1307
2023-07-25,243680,18,0,4177,8136,4727,698,7211,708,457,315,311,3993,0,1307
2023-07-26,244270,18,0,4186,8147,4745,698,7229,708,457,315,311,3996,0,1347
2023-07-27,244830,18,0,4190,8161,4775,698,7240,709,458,315,311,4007,0,1347
2023-07-28,245220,18,0,4191,8167,4786,698,7247,710,458,315,311,4007,0,1347
2023-07-29,245700,18,0,4205,8178,4795,698,7275,711,459,315,311,4011,0,1347
2023-07-30,246190,18,0,4211,8188,4816,699,7292,715,460,315,311,4017,0,1347
2023-07-31,246690,18,0,4216,8205,4839,699,7324,718,462,315,311,4027,0,1347
2023-08-01,247230,18,0,4217,8213,4866,700,7349,718,463,315,311,4042,0,1347
2023-08-02,247850,18,0,4224,8234,4892,704,7372,721,465,315,311,4077,0,1347
2023-08-03,248490,18,0,4228,8249,4911,704,7392,724,466,315,311,4104,0,1347
2023-08-04,249110,18,0,4232,8251,4943,704,7422,730,466,315,311,4116,0,1347
2023-08-05,249700,18,0,4237,8262,4965,705,7441,734,466,315,311,4126,0,1359
2023-08-06,250240,18,0,4244,8270,4977,709,7451,735,467,315,311,4154,0,1377
2023-08-07,250800,18,0,4254,8278,4996,709,7460,737,468,315,312,4158,0,1377
2023-08-08,251620,18,0,4262,8290,5013,711,7479,742,469,315,312,4175,0,1377
2023-08-09,252200,18,0,4278,8303,5028,711,7495,746,469,315,313,4179,0,1377
2023-08-10,252780,18,0,4290,8318,5043,713,7511,756,471,315,313,4197,0,1377
2023-08-11,253290,18,0,4295,8324,5053,713,7523,759,472,315,313,4201,0,1378
2023-08-12,253850,18,0,4298,8335,5072,713,7543,760,477,315,313,4204,0,1379
2023-08-13,254380,18,0,4306,8354,5099,714,7562,766,479,315,313,4213,0,1379
2023-08-14,254920,18,0,4313,8370,5128,714,7584,769,482,315,314,4242,0,1387
2023-08-15,255570,18,0,4324,8380,5152,714,7614,773,485,315,314,4248,0,1404
2023-08-16,256050,18,0,4329,8398,5169,714,7641,773,486,315,314,4272,0,1406
2023-08-17,256510,18,0,4332,8410,5193,714,7658,783,486,315,316,4276,0,1406
2023-08-18,257010,18,0,4340,8424,5212,714,7665,785,486,315,316,4282,0,1406
2023-08-19,257470,18,0,4346,8435,5245,717,7680,790,489,315,316,4304,0,1406
2023-08-20,257930,18,0,4358,8449,5264,719,7692,794,489,315,316,4309,0,1406
2023-08-21,258340,18,0,4362,8476,5295,721,7722,797,491,315,316,4312,0,1406
2023-08-22,258820,18,0,4373,8488,5318,722,7745,800,491,315,316,4324,0,1406
2023-08-23,259160,18,0,4375,8511,5333,723,7773,801,494,315,316,4344,0,1406
2023-08-24,259630,18,0,4378,8521,5361,724,7790,802,495,315,316,4356,0,1409
2023-08-25,260270,18,0,4390,8539,5379,726,7823,804,497,315,316,4367,0,1411
2023-08-26,260820,18,0,4396,8554,5403,728,7854,808,498,315,316,4378,0,1411
2023-08-27,261310,18,0,4400,8562,5425,730,7866,809,499,315,316,4383,0,1415
2023-08-28,261840,18,0,4414,8579,5450,733,7909,820,500,315,316,4387,0,1419
2023-08-29,262410,18,0,4423,8596,5476,733,7953,825,500,315,316,4395,0,1419
2023-08-30,263020,18,0,4436,8604,5507,734,7976,830,500,315,316,4417,0,1445
2023-08-31,263490,18,0,4459,8613,5530,735,8009,831,500,315,316,4421,0,1445
2023-09-01,264060,18,0,4471,8637,5560,736,8043,835,501,315,316,4433,0,1447
2023-09-02,264660,18,0,4476,8649,5582,739,8102,841,502,315,316,4444,0,1447
2023-09-03,265120,19,0,4480,8663,5611,741,8149,847,503,315,316,4481,0,1447
2023-09-04,265680,19,0,4489,8670,5649,747,8175,851,504,315,316,4512,0,1447
2023-09-05,266290,19,0,4497,8682,5685,748,8190,852,505,315,316,4519,0,1447
2023-09-06,266900,19,0,4506,8703,5722,753,8217,859,506,315,316,4541,0,1455
2023-09-07,267540,19,0,4529,8726,5753,754,8264,860,507,315,316,4570,0,1455
2023-09-08,268140,19,0,4544,8739,5789,757,8298,870,508,315,316,4588,0,1455
2023-09-09,268630,19,0,4554,8755,5811,760,8338,872,509,315,316,4593,0,1455
2023-09-10,269210,19,0,4560,8767,5839,760,8370,877,512,315,316,4628,0,1455
2023-09-11,269760,19,0,4568,8778,5872,764,8413,881,515,315,316,4645,0,1455
2023-09-12,270350,19,0,4584,8792,5902,766,8444,884,517,315,316,4650,0,1455
2023-09-13,270970,20,1,4599,8810,5944,769,8458,889,517,315,316,4697,0,1455
2023-09-14,271440,20,1,4612,8814,5972,774,8492,889,521,315,316,4714,0,1455
2023-09-15,271790,20,1,4616,8824,5988,774,8525,891,521,315,316,4738,0,1455
2023-09-16,272320,20,1,4620,8828,6003,776,8537,896,523,315,316,4742,0,1455
2023-09-17,272940,20,1,4623,8834,6027,776,8571,901,525,315,316,4769,0,1462
2023-09-18,273460,20,1,4628,8851,6062,778,8601,903,526,315,316,4784,0,1479
2023-09-19,273980,20,1,4635,8868,6096,779,8633,906,526,315,316,4821,0,1479
2023-09-20,274470,20,1,4638,8883,6137,781,8670,911,528,315,316,4850,0,1479
2023-09-21,274950,20,1,4644,8891,6177,785,8690,912,528,315,316,4858,0,1517
2023-09-22,275460,20,1,4655,8912,6210,789,8716,912,530,315,316,4867,0,1518
2023-09-23,275850,20,1,4662,8914,6233,789,8734,914,531,315,316,4888,0,1518
2023-09-24,276270,20,1,4667,8927,6260,791,8746,918,533,315,316,4895,0,1518
2023-09-25,276670,20,1,4672,8946,6299,792,8763,925,533,315,316,4924,0,1529
2023-09-26,276990,20,1,4675,8950,6337,792,8792,927,534,315,316,4948,0,1529
2023-09-27,277320,20,1,4679,8962,6375,793,8815,929,535,315,316,4957,0,1529
2023-09-28,277660,20,1,4687,8972,6409,794,8836,930,536,315,316,4991,0,1529
2023-09-29,278130,20,1,4691,8984,6447,796,8854,932,537,315,316,5006,0,1529
2023-09-30,278570,20,1,4702,8991,6477,798,8883,933,537,315,316,5043,0,1529
2023-10-01,279080,20,1,4717,9000,6525,801,8909,938,540,315,316,5061,0,1529
2023-10-02,279440,20,1,4732,9008,6565,801,8932,943,540,315,316,5080,0,1529
2023-10-03,279890,20,1,4745,9026,6612,802,8962,946,540,315,316,5121,0,1530
2023-10-04,280470,20,1,4757,9052,6643,804,8980,948,540,315,316,5121,0,1530
2023-10-05,281090,20,1,4777,9082,6666,806,9015,951,540,315,316,5150,0,1530
2023-10-06,281700,20,1,4800,9102,6688,808,9073,956,541,315,316,5177,0,1530
2023-10-07,282280,20,1,4821,9123,6705,808,9111,959,542,315,316,5182,0,1530
2023-10-08,282630,20,1,4823,9126,6706,808,9113,959,543,315,316,5182,0,1530
2023-10-09,283080,20,1,4829,9129,6713,808,9125,961,544,315,316,5199,0,1530
2023-10-10,283900,20,1,4863,9220,6731,809,9145,965,545,316,316,5218,0,1530
2023-10-11,284890,20,1,4905,9264,6763,811,9170,966,545,316,316,5239,0,1531
2023-10-12,285920,20,1,4931,9313,6807,811,9203,967,546,316,316,5256,0,1531
2023-10-13,286890,20,1,4940,9337,6833,811,9225,971,547,317,316,5257,0,1531
2023-10-14,287770,20,1,4948,9362,6866,813,9249,976,547,317,316,5261,0,1531
2023-10-15,288630,20,1,4965,9385,6910,814,9271,981,547,318,317,5272,0,1531
2023-10-16,289430,20,1,4979,9405,6936,814,9293,982,547,318,317,5283,0,1533
2023-10-17,290050,20,1,4981,9420,6944,814,9303,982,547,319,323,5293,0,1534
2023-10-18,290680,20,1,4992,9437,6983,818,9337,985,548,320,324,5310,0,1534
2023-10-19,292060,20,1,5047,9557,7012,822,9370,985,548,320,324,5318,0,1535
2023-10-20,292850,20,1,5063,9612,7017,822,9391,990,548,320,324,5322,0,1535
2023-10-21,293830,20,1,5081,9631,7032,825,9404,991,549,320,324,5331,0,1535
2023-10-22,294700,20,1,5093,9653,7057,825,9419,998,551,320,324,5337,0,1536
2023-10-23,295510,20,1,5105,9669,7081,828,9447,1006,552,320,324,5355,0,1537
2023-10-24,296310,20,1,5112,9697,7125,833,9474,1007,554,320,324,5364,0,1538
2023-10-25,297120,20,1,5141,9715,7155,834,9507,1010,556,320,324,5381,0,1538
2023-10-26,297680,20,1,5145,9726,7162,834,9513,1011,556,320,324,5382,0,1538
2023-10-27,298420,20,1,5167,9749,7180,834,9524,1011,558,320,324,5391,0,1541
2023-10-28,299080,20,1,5175,9758,7188,834,9532,1012,558,320,324,5391,0,1544
2023-10-29,299940,20,1,5190,9775,7202,834,9555,1014,559,321,324,5411,0,1544
2023-10-30,300810,20,1,5211,9804,7227,844,9590,1016,562,321,324,5432,0,1546
2023-10-31,301490,20,1,5223,9834,7250,846,9624,1019,563,321,324,5468,0,1547
2023-11-01,302420,20,1,5241,9877,7292,850,9658,1032,566,322,324,5488,0,1549
2023-11-02,303270,20,1,5265,9901,7328,854,9691,1034,566,322,324,5495,0,1551
2023-11-03,304100,20,1,5276,9939,7363,861,9716,1038,568,322,324,5534,0,1551
2023-11-04,305090,20,1,5284,9953,7375,867,9730,1047,570,322,324,5534,0,1554
2023-11-05,305970,20,1,5288,9958,7389,867,9744,1047,570,322,324,5554,0,1556
2023-11-06,306860,20,1,5293,9974,7410,869,9767,1049,570,322,324,5557,0,1556
2023-11-07,307640,20,1,5301,9996,7439,872,9814,1054,572,322,324,5567,0,1556
2023-11-08,308720,20,1,5316,10014,7475,875,9853,1059,577,322,324,5593,0,1557
2023-11-09,309520,20,1,5317,10017,7489,877,9876,1060,578,322,324,5595,0,1558
2023-11-10,310650,22,1,5342,10041,7527,879,9925,1069,579,322,324,5620,0,1559
2023-11-11,311750,22,1,5349,10073,7559,881,9944,1078,580,322,324,5632,0,1560
2023-11-12,312550,22,1,5354,10079,7569,881,9949,1079,580,322,324,5634,0,1561
2023-11-13,313470,22,1,5362,10086,7589,882,9973,1081,580,322,324,5649,0,1561
2023-11-14,314290,22,1,5377,10104,7647,884,10020,1083,582,323,324,5675,0,1562
2023-11-15,315620,22,1,5388,10121,7683,892,10060,1084,585,323,324,5689,0,1563
2023-11-16,316760,22,1,5415,10132,7712,895,10077,1086,585,323,324,5709,0,1563
2023-11-17,317380,22,1,5422,10141,7726,896,10091,1090,586,323,324,5726,0,1563
2023-11-18,318570,22,1,5435,10166,7744,898,10120,1096,588,323,324,5755,0,1563
2023-11-19,319210,22,1,5439,10168,7748,899,10127,1097,588,323,324,5764,0,1563
2023-11-20,319820,22,1,5439,10174,7752,899,10134,1098,588,323,324,5771,0,1564
2023-11-21,320670,22,1,5446,10188,7769,899,10159,1105,589,323,324,5784,0,1564
2023-11-22,321800,22,1,5466,10224,7802,902,10198,1107,591,323,324,5799,0,1564
2023-11-23,322900,22,1,5496,10256,7833,904,10230,1108,595,323,324,5800,0,1564
2023-11-24,323760,22,1,5502,10263,7851,905,10259,1112,596,323,324,5808,0,1565
2023-11-25,324830,22,1,5513,10279,7874,907,10288,1113,597,323,324,5901,0,1565
2023-11-26,325580,22,1,5520,10282,7875,907,10299,1113,597,323,324,5905,0,1565
2023-11-27,326440,22,1,5523,10285,7876,907,10302,1113,597,323,324,5905,0,1565
2023-11-28,327580,22,1,5538,10312,7908,910,10348,1121,600,323,324,5944,0,1567
2023-11-29,328760,22,1,5551,10340,7909,910,10361,1124,600,323,324,5954,0,1567
2023-11-30,330040,22,1,5564,10372,7931,912,10399,1137,602,323,324,5976,0,1567
2023-12-01,331110,22,1,5571,10385,7941,913,10410,1138,602,323,324,5994,0,1568
2023-12-02,332040,22,1,5575,10396,7949,913,10432,1140,602,323,324,5995,0,1569
2023-12-03,332810,22,1,5580,10401,7961,913,10451,1141,602,323,324,6017,0,1569
2023-12-04,333840,22,1,5587,10416,7987,913,10483,1148,605,323,324,6032,0,1570
2023-12-05,335110,22,1,5600,10456,8024,919,10532,1153,605,324,324,6083,0,1570
2023-12-06,336230,22,1,5618,10482,8045,919,10561,1156,605,324,324,6116,0,1571
2023-12-07,337220,22,1,5626,10508,8057,919,10591,1159,605,324,324,6136,0,1571
2023-12-08,338120,22,1,5632,10519,8058,919,10598,1159,605,324,324,6136,0,1585
2023-12-09,338820,22,1,5636,10529,8064,919,10623,1162,605,324,324,6136,0,1586
2023-12-10,339850,22,1,5655,10560,8070,919,10636,1168,605,324,324,6154,0,1586
2023-12-11,340650,22,1,5664,10579,8073,919,10650,1170,605,324,324,6163,0,1596
2023-12-12,341500,22,1,5682,10594,8076,919,10662,1176,605,324,324,6173,0,1596
2023-12-13,342800,22,1,5692,10616,8088,920,10675,1185,605,324,324,6206,0,1606
2023-12-14,343890,22,1,5706,10654,8099,920,10699,1189,605,324,324,6226,0,1608
2023-12-15,344820,22,1,5720,10667,8100,920,10710,1190,605,324,324,6238,0,1609
2023-12-16,346070,22,1,5739,10692,8137,923,10766,1194,609,324,324,6278,0,1610
2023-12-17,347160,22,1,5783,10752,8175,926,10822,1198,610,324,324,6290,0,1610
2023-12-18,348300,22,1,5798,10771,8190,926,10842,1200,611,324,324,6299,0,1611
2023-12-19,349190,22,1,5814,10794,8206,928,10871,1203,611,324,324,6316,0,1612
2023-12-20,350270,22,1,5828,10825,8226,932,10919,1208,611,324,324,6342,0,1613
2023-12-21,351350,22,1,5837,10843,8250,932,10944,1217,611,324,324,6365,0,1613
2023-12-22,352390,22,1,5854,10871,8286,932,10995,1223,611,327,324,6384,0,1613
2023-12-23,353190,22,1,5858,10888,8314,932,11022,1229,611,327,324,6404,0,1614
2023-12-24,353950,22,1,5877,10919,8347,934,11075,1234,613,329,324,6436,0,1616
2023-12-25,354960,23,1,5899,10956,8366,934,11109,1239,614,329,324,6458,0,1618
2023-12-26,355750,23,1,5913,10973,8376,934,11140,1240,616,329,324,6471,0,1620
2023-12-27,356670,23,1,5940,11015,8391,935,11180,1247,617,329,324,6503,0,1620
2023-12-28,357520,23,1,5953,11033,8417,938,11215,1254,620,329,324,6539,0,1620
2023-12-29,358270,23,1,5969,11053,8434,939,11244,1260,621,329,324,6554,0,1708
2023-12-30,359230,23,1,5977,11070,8464,943,11292,1268,623,329,324,6591,0,1709
2023-12-31,360010,23,1,5983,11087,8482,943,11330,1277,625,329,324,6657,0,1709
2024-01-01,360820,23,1,5990,11100,8531,945,11365,1284,626,329,324,6710,0,1710
2024-01-02,361500,23,1,5990,11107,8546,945,11391,1298,629,329,324,6748,0,1783
2024-01-03,362280,23,1,6002,11128,8574,947,11423,1304,630,329,324,6753,0,1785
2024-01-04,363070,23,1,6011,11142,8604,949,11463,1313,631,329,324,6771,0,1786
2024-01-05,363870,23,1,6018,11158,8617,950,11478,1317,633,329,324,6787,0,1786
2024-01-06,364730,23,1,6022,11180,8653,951,11523,1327,637,329,324,6811,0,1786
2024-01-07,365170,23,1,6031,11194,8666,953,11542,1328,638,329,324,6822,0,1787
2024-01-08,365990,23,1,6036,11203,8672,954,11552,1333,638,329,324,6823,0,1805
2024-01-09,366790,23,1,6038,11216,8684,956,11575,1336,639,329,324,6834,0,1805
2024-01-10,367620,23,1,6050,11238,8699,957,11596,1337,641,329,324,6834,0,1806
2024-01-11,368460,23,1,6060,11254,8710,957,11612,1339,642,329,324,6836,0,1806
2024-01-12,369160,23,1,6065,11269,8728,957,11632,1345,646,329,324,6848,0,1806
2024-01-13,370000,23,1,6075,11302,8747,957,11667,1353,648,329,324,6861,0,1814
2024-01-14,370980,23,1,6089,11322,8771,958,11698,1356,650,329,324,6865,0,1815
2024-01-15,372090,23,1,6113,11358,8801,961,11731,1365,653,331,324,6877,0,1816
2024-01-16,372820,23,1,6126,11372,8811,964,11755,1367,653,331,324,6884,0,1817
2024-01-17,373600,23,1,6147,11410,8835,966,11794,1380,653,331,324,6925,0,1818
2024-01-18,374520,23,1,6167,11445,8854,966,11831,1384,654,331,324,6929,0,1818
2024-01-19,375270,23,1,6171,11455,8868,967,11848,1389,654,331,324,6934,0,1818
2024-01-20,376030,23,1,6181,11466,8875,968,11862,1392,655,331,324,6936,0,1818
2024-01-21,376860,23,1,6192,11489,8896,968,11891,1397,657,331,324,6961,0,1819
2024-01-22,377820,23,1,6214,11548,8947,970,11956,1409,657,331,324,6961,0,1820
2024-01-23,378660,23,1,6227,11579,9008,971,12005,1416,659,331,324,6998,0,1842
2024-01-24,379610,23,1,6257,11621,9067,972,12044,1420,660,331,324,7033,0,1844
2024-01-25,380600,23,1,6265,11637,9082,972,12064,1425,660,331,324,7033,0,1845
2024-01-26,381370,23,1,6271,11652,9085,972,12072,1433,660,331,324,7037,0,1845
2024-01-27,382110,23,1,6280,11671,9097,972,12103,1436,660,331,324,7041,0,1845
2024-01-28,383180,23,1,6290,11696,9113,972,12149,1443,660,331,324,7049,0,1846
2024-01-29,384140,23,1,6300,11725,9144,972,12191,1448,663,332,324,7084,0,1846
2024-01-30,385230,23,1,6310,11757,9195,974,12231,1452,663,332,324,7100,0,1846
2024-01-31,386230,23,1,6322,11773,9228,976,12267,1462,663,332,324,7136,0,1847
2024-02-01,387060,24,1,6331,11792,9274,978,12316,1470,663,332,324,7146,0,1847
2024-02-02,387940,24,1,6341,11805,9300,979,12352,1473,663,332,324,7161,0,1847
2024-02-03,388750,24,1,6343,11818,9331,979,12393,1479,663,332,324,7173,0,1848
2024-02-04,389560,24,1,6348,11822,9349,979,12412,1486,664,332,324,7173,0,1848
2024-02-05,390580,24,1,6365,11857,9367,979,12453,1496,665,332,324,7173,0,1848
2024-02-06,391470,24,1,6372,11879,9387,980,12486,1497,665,332,324,7177,0,1849
2024-02-07,392380,24,1,6383,11899,9411,980,12513,1505,666,332,325,7191,0,1880
2024-02-08,393290,24,1,6385,11921,9435,981,12551,1509,666,332,325,7209,0,1881
2024-02-09,394270,24,1,6394,11942,9459,981,12579,1512,666,332,325,7235,0,1881
2024-02-10,395200,24,1,6406,11956,9475,981,12592,1513,666,332,325,7257,0,1881
2024-02-11,395990,24,1,6416,11977,9481,981,12599,1514,666,332,325,7302,0,1882
2024-02-12,397080,24,1,6424,12004,9500,981,12623,1518,667,332,325,7332,0,1882
2024-02-13,398140,24,1,6433,12043,9566,984,12662,1523,671,332,325,7371,0,1882
2024-02-14,399090,25,1,6442,12090,9620,984,12691,1524,671,332,325,7404,0,1882
2024-02-15,400300,25,1,6465,12129,9641,984,12716,1528,671,332,325,7408,0,1895
2024-02-16,401350,25,1,6476,12145,9669,984,12734,1533,671,332,325,7413,0,1896
2024-02-17,402430,25,1,6487,12198,9709,984,12736,1540,674,335,325,7449,0,1898
2024-02-18,403720,25,1,6498,12232,9733,986,12767,1545,674,336,325,7460,0,1898
2024-02-19,404950,25,1,6503,12268,9773,988,12805,1551,675,338,325,7521,0,1902
2024-02-20,406080,25,1,6516,12338,9826,992,12861,1558,678,338,325,7560,0,1903
2024-02-21,407240,25,1,6523,12373,9867,997,12924,1566,680,339,325,7596,0,1903
2024-02-22,408240,25,1,6526,12410,9916,999,12960,1575,682,339,325,7628,0,1903
2024-02-23,409010,25,1,6534,12425,9952,999,12988,1576,684,340,325,7659,0,1905
2024-02-24,409820,25,1,6542,12441,9981,999,13011,1578,684,340,325,7681,0,1907
2024-02-25,410700,25,1,6555,12478,9993,1000,13037,1580,686,340,325,7707,0,1910
2024-02-26,411550,25,1,6556,12494,9993,1000,13065,1588,686,340,325,7729,0,1912
2024-02-27,412610,25,1,6570,12508,9993,1000,13112,1594,688,342,325,7753,0,1912
2024-02-28,413760,25,1,6593,12552,10034,1000,13152,1601,690,342,325,7768,0,1912
2024-02-29,414680,25,1,6610,12582,10106,1000,13206,1611,691,345,325,7794,0,1912
2024-03-01,415640,25,1,6624,12611,10153,1003,13267,1617,696,346,325,7829,0,1915
2024-03-02,416800,25,1,6640,12639,10188,1003,13332,1620,696,347,325,7843,0,1915
2024-03-03,417950,25,1,6648,12660,10210,1004,13374,1621,698,347,325,7845,0,1916
2024-03-04,419020,25,1,6657,12688,10258,1007,13423,1630,700,347,325,7863,0,1917
2024-03-05,420270,26,1,6678,12728,10308,1008,13479,1642,701,347,325,7921,0,1918
2024-03-06,421430,26,1,6695,12779,10350,1009,13532,1647,701,347,325,7963,0,1919
2024-03-07,422310,26,1,6706,12798,10375,1011,13598,1656,704,347,325,7998,0,1919
2024-03-08,423160,26,1,6712,12823,10428,1012,13683,1666,707,347,325,8041,0,1919
2024-03-09,424060,26,1,6731,12850,10466,1015,13752,1672,709,347,325,8082,0,1919
2024-03-10,424980,26,1,6739,12874,10499,1016,13826,1686,711,347,325,8141,0,1919
2024-03-11,425890,26,1,6747,12901,10522,1016,13870,1691,713,347,325,8184,0,1920
2024-03-12,426870,26,1,6752,12921,10554,1017,13932,1699,715,347,325,8205,0,1920
2024-03-13,427840,26,1,6757,12938,10565,1017,13959,1708,717,347,325,8220,0,1920
2024-03-14,428420,26,1,6758,12949,10580,1017,13993,1711,717,347,325,8254,0,1920
2024-03-15,429580,26,1,6779,12973,10606,1017,14024,1712,719,347,325,8268,0,1922
2024-03-16,430740,26,1,6790,12997,10634,1017,14073,1723,720,347,325,8272,0,1922
2024-03-17,431550,26,1,6809,13014,10668,1017,14141,1731,720,347,325,8308,0,1922
2024-03-18,432390,26,1,6819,13049,10698,1017,14191,1735,721,347,325,8318,0,1922
2024-03-19,433090,26,1,6828,13058,10714,1017,14198,1738,721,347,325,8355,0,1922
2024-03-20,433840,26,1,6832,13074,10740,1018,14242,1741,721,347,325,8365,0,1922
2024-03-21,434710,26,1,6840,13111,10775,1018,14287,1749,723,347,325,8388,0,1953
2024-03-22,435760,26,1,6852,13130,10811,1018,14344,1768,723,347,325,8463,0,1992
2024-03-23,436750,26,1,6876,13158,10855,1018,14407,1778,723,347,325,8510,0,1992
2024-03-24,437390,26,1,6887,13183,10877,1018,14454,1785,726,347,325,8539,0,2010
2024-03-25,438160,26,1,6893,13207,10904,1019,14498,1789,727,347,325,8553,0,2014
2024-03-26,439190,26,1,6904,13216,10931,1019,14539,1794,728,347,325,8578,0,2015
2024-03-27,439970,26,1,6914,13237,10963,1021,14595,1800,729,347,325,8600,0,2017
2024-03-28,440790,26,1,6922,13264,10991,1023,14645,1807,735,347,325,8656,0,2022
2024-03-29,441520,26,1,6951,13284,11006,1023,14670,1814,736,347,325,8701,0,2046
2024-03-30,442170,26,1,6966,13304,11050,1023,14717,1823,743,347,325,8731,0,2048
2024-03-31,442880,26,1,6986,13321,11082,1023,14752,1826,744,347,325,8757,0,2057
2024-04-01,443660,26,1,6998,13350,11112,1023,14783,1832,744,347,325,8779,0,2058
2024-04-02,444370,26,1,7009,13368,11142,1025,14813,1838,745,347,325,8796,0,2059
2024-04-03,445040,26,1,7018,13386,11171,1026,14861,1845,746,347,325,8817,0,2059
2024-04-04,445900,26,1,7033,13459,11221,1029,14922,1849,747,347,325,8847,0,2059
2024-04-05,446690,26,1,7057,13497,11262,1032,14992,1854,749,347,325,8895,0,2060
2024-04-06,447510,26,1,7074,13551,11316,1036,15071,1864,749,347,325,8956,0,2064
2024-04-07,448400,26,1,7087,13575,11356,1039,15110,1867,751,347,325,8996,0,2065
2024-04-08,449250,26,1,7110,13620,11386,1039,15181,1868,753,347,325,9033,0,2065
2024-04-09,450080,26,1,7132,13667,11404,1040,15248,1876,753,347,325,9070,0,2067
2024-04-10,450890,26,1,7137,13679,11452,1040,15298,1882,754,347,325,9104,0,2069
2024-04-11,451730,26,1,7146,13698,11486,1042,15339,1888,755,347,325,9161,0,2087
2024-04-12,452760,26,1,7169,13745,11518,1045,15396,1893,756,347,325,9201,0,2088
2024-04-13,453650,26,1,7174,13765,11552,1046,15459,1905,758,347,325,9235,0,2089
2024-04-14,454420,26,1,7180,13796,11593,1046,15510,1908,758,347,325,9266,0,2092
2024-04-15,455340,26,1,7189,13809,11609,1046,15563,1908,759,347,325,9277,0,2092
2024-04-16,456050,26,1,7193,13827,11624,1046,15587,1910,760,347,325,9279,0,2093
2024-04-17,456960,26,1,7196,13835,11637,1046,15618,1915,760,347,325,9284,0,2093
2024-04-18,457830,26,1,7205,13852,11658,1046,15671,1915,762,347,325,9311,0,2096
2024-04-19,458580,26,1,7213,13873,11678,1046,15717,1918,763,348,325,9341,0,2109
2024-04-20,459530,26,1,7229,13896,11719,1046,15785,1926,767,348,325,9379,0,2115
2024-04-21,460260,26,1,7236,13904,11736,1046,15812,1934,768,348,325,9384,0,2117
2024-04-22,461060,26,1,7241,13916,11765,1046,15845,1936,769,348,325,9407,0,2117
2024-04-23,461940,26,1,7242,13928,11808,1048,15892,1944,771,348,325,9439,0,2117
2024-04-24,462980,26,1,7255,13942,11836,1049,15949,1946,772,348,325,9449,0,2118
2024-04-25,463930,26,1,7262,13957,11867,1049,15984,1962,772,348,325,9461,0,2119
2024-04-26,465054,26,1,7268,13971,11905,1049,16019,1968,775,348,325,9485,0,2124
2024-04-27,466150,26,1,7279,13991,11948,1050,16065,1971,776,348,325,9507,0,2124
2024-04-28,467470,26,1,7285,14007,11985,1051,16109,1974,778,348,325,9528,0,2124
2024-04-29,468720,26,1,7307,14046,12011,1053,16142,1977,779,348,325,9531,0,2126
2024-04-30,469840,26,1,7312,14067,12024,1053,16175,1980,780,348,325,9538,0,2126
2024-05-01,470870,26,1,7332,14096,12044,1053,16224,1988,784,348,325,9561,0,2126
2024-05-02,472140,26,1,7354,14129,12102,1053,16266,1993,786,348,325,9580,0,2126
2024-05-03,473400,26,1,7366,14156,12148,1055,16337,2001,788,348,325,9611,0,2127
2024-05-04,474260,26,1,7375,14179,12212,1057,16418,2002,790,349,325,9636,0,2147
2024-05-05,475300,26,1,7380,14213,12250,1057,16477,2008,791,349,325,9683,0,2148
2024-05-06,476460,26,1,7405,14227,12287,1057,16509,2017,792,349,325,9717,0,2149
2024-05-07,477430,26,1,7418,14246,12317,1057,16549,2019,792,349,325,9728,0,2151
2024-05-08,478730,26,1,7429,14281,12340,1058,16618,2027,793,349,325,9775,0,2192
2024-05-09,479710,26,1,7434,14313,12387,1062,16691,2031,795,349,325,9826,0,2192
2024-05-10,481030,26,1,7449,14353,12442,1064,16755,2040,796,349,325,9868,0,2193
2024-05-11,482290,26,1,7454,14375,12472,1066,16819,2042,797,350,325,9910,0,2194
2024-05-12,484030,26,1,7485,14417,12487,1070,16878,2048,797,350,325,9936,0,2197
2024-05-13,485430,26,1,7496,14460,12515,1070,16907,2054,798,351,325,9985,0,2197
2024-05-14,486940,26,1,7510,14508,12538,1070,16955,2061,798,351,325,10015,0,2199
2024-05-15,488460,26,1,7529,14538,12565,1070,17048,2062,798,351,325,10028,0,2200
2024-05-16,489870,26,1,7547,14552,12603,1071,17104,2062,800,353,326,10073,0,2200
2024-05-17,491080,26,1,7560,14595,12639,1071,17169,2075,801,354,326,10108,0,2203
2024-05-18,492290,26,1,7576,14630,12687,1074,17251,2077,803,354,326,10155,0,2204
2024-05-19,493690,27,1,7590,14665,12737,1076,17311,2079,807,354,326,10236,0,2205
2024-05-20,495070,27,1,7605,14699,12779,1077,17383,2085,811,354,326,10290,0,2207
2024-05-21,496370,27,1,7611,14721,12820,1077,17442,2090,812,354,326,10346,0,2208
2024-05-22,497700,27,1,7622,14748,12860,1077,17513,2094,813,355,326,10391,0,2209
2024-05-23,498940,27,1,7635,14775,12902,1080,17569,2101,813,356,326,10401,0,2209
2024-05-24,500080,27,1,7650,14786,12929,1082,17608,2104,814,356,326,10414,0,2209
2024-05-25,501190,27,1,7662,14803,12953,1083,17639,2111,814,357,326,10425,0,2209
2024-05-26,502340,27,1,7671,14818,12981,1084,17694,2118,815,357,326,10467,0,2221
2024-05-27,503800,27,1,7692,14858,13029,1085,17740,2122,815,357,326,10482,0,2221
2024-05-28,505100,27,1,7700,14891,13066,1087,17796,2142,815,357,326,10510,0,2222
2024-05-29,506260,27,1,7710,14913,13101,1088,17849,2153,815,357,326,10532,0,2222
2024-05-30,507650,27,1,7728,14935,13140,1088,17905,2164,815,357,326,10587,0,2229
2024-05-31,508780,27,1,7740,14947,13184,1088,18006,2181,815,357,326,10617,0,2230
2024-06-01,509860,27,1,7765,14980,13233,1089,18092,2195,821,357,326,10699,0,2268
2024-06-02,511130,27,1,7779,15002,13280,1090,18159,2199,824,357,326,10739,0,2268
2024-06-03,512420,27,1,7794,15020,13345,1092,18228,2211,827,357,326,10766,0,2268
2024-06-04,513700,27,1,7806,15036,13385,1092,18297,2223,830,357,326,10805,0,2270
2024-06-05,515000,27,1,7828,15076,13433,1095,18360,2230,831,357,326,10846,0,2270
2024-06-06,516080,28,1,7834,15096,13497,1095,18416,2238,833,357,326,10886,0,2270
2024-06-07,517290,28,1,7843,15105,13533,1095,18484,2248,834,357,326,10945,0,2277
2024-06-08,518560,28,1,7869,15131,13593,1097,18562,2253,836,357,326,10982,0,2277
2024-06-09,519750,28,1,7879,15144,13644,1098,18618,2267,837,358,326,11010,0,2278
2024-06-10,520850,28,1,7902,15176,13690,1099,18676,2288,842,359,326,11023,0,2278
2024-06-11,521830,28,1,7911,15187,13736,1099,18736,2290,844,359,326,11042,0,2280
2024-06-12,522810,28,1,7928,15208,13770,1099,18794,2294,846,359,326,11075,0,2285
2024-06-13,524060,28,1,7936,15234,13818,1101,18854,2310,849,359,326,11097,0,2286
2024-06-14,525150,28,1,7956,15263,13855,1103,18911,2322,853,359,326,11148,0,2293
2024-06-15,526310,28,1,7956,15269,13913,1104,18967,2325,853,359,326,11159,0,2296
2024-06-16,527390,28,1,7958,15287,13927,1104,18991,2337,853,359,326,11167,0,2296
2024-06-17,528620,28,1,7974,15307,13959,1104,19031,2344,853,359,326,11187,0,2297
2024-06-18,529750,28,1,7984,15319,14007,1104,19078,2351,857,359,326,11221,0,2297
2024-06-19,530920,28,1,7987,15337,14052,1105,19134,2357,859,359,326,11260,0,2298
2024-06-20,531980,28,1,8001,15372,14106,1106,19181,2367,861,359,326,11260,0,2298
2024-06-21,533090,28,1,8009,15383,14188,1106,19204,2369,861,359,326,11305,0,2302
2024-06-22,534360,28,1,8019,15398,14195,1108,19248,2377,863,359,326,11355,0,2321
2024-06-23,535660,28,1,8031,15413,14246,1108,19304,2397,863,359,326,11382,0,2323
2024-06-24,536840,28,1,8035,15431,14281,1108,19362,2403,863,359,326,11413,0,2324
2024-06-25,538060,28,1,8039,15450,14321,1108,19407,2409,863,359,326,11435,0,2324
2024-06-26,539320,28,1,8042,15459,14363,1108,19468,2420,868,359,326,11459,0,2324
2024-06-27,540490,28,1,8066,15480,14423,1109,19514,2431,871,360,326,11509,0,2329
2024-06-28,541560,28,1,8073,15505,14480,1109,19568,2436,871,360,326,11538,0,2331
2024-06-29,542700,28,1,8080,15524,14533,1110,19643,2448,873,360,326,11584,0,2331
2024-06-30,543810,28,1,8099,15550,14599,1111,19713,2448,874,360,326,11620,0,2333
2024-07-01,545090,28,1,8107,15566,14655,1114,19787,2452,874,360,326,11641,0,2335
2024-07-02,546270,28,1,8123,15583,14712,1115,19850,2464,876,360,326,11668,0,2336
2024-07-03,547470,28,1,8132,15600,14777,1115,19923,2468,878,360,326,11694,0,2342
2024-07-04,548580,28,1,8142,15611,14831,1115,19977,2473,878,360,326,11751,0,2342
2024-07-05,549840,28,1,8153,15629,14897,1115,20053,2479,878,360,326,11809,0,2351
2024-07-06,550990,28,1,8155,15645,14937,1115,20103,2495,879,360,326,11862,0,2352
2024-07-07,552190,28,1,8171,15685,14966,1115,20150,2503,880,361,326,11893,0,2353
2024-07-08,553410,28,1,8178,15704,15015,1115,20212,2516,880,361,326,11922,0,2389
2024-07-09,554510,28,1,8180,15715,15051,1115,20269,2531,883,361,326,11973,0,2389
2024-07-10,555620,28,1,8182,15732,15110,1119,20325,2535,886,361,326,12009,0,2392
2024-07-11,556650,28,1,8191,15755,15158,1119,20409,2543,888,361,326,12035,0,2397
2024-07-12,557770,28,1,8199,15779,15216,1119,20461,2556,889,361,326,12069,0,2397
2024-07-13,559090,28,1,8206,15811,15262,1119,20538,2566,890,361,326,12108,0,2397
2024-07-14,560290,28,1,8214,15826,15324,1119,20623,2569,892,361,326,12148,0,2398
2024-07-15,561400,28,1,8227,15862,15368,1119,20680,2577,892,361,326,12193,0,2398
2024-07-16,562510,28,1,8238,15871,15411,1120,20741,2586,893,361,326,12224,0,2398
2024-07-17,563640,28,1,8245,15883,15465,1120,20833,2593,893,361,326,12274,0,2398
2024-07-18,564620,28,1,8250,15902,15520,1120,20909,2593,894,361,326,12316,0,2401
2024-07-19,565610,28,1,8257,15917,15542,1121,20968,2607,895,362,326,12350,0,2401
2024-07-20,566710,28,1,8266,15963,15586,1121,21036,2616,896,362,326,12402,0,2401
2024-07-21,567760,28,1,8284,15980,15637,1123,21138,2637,900,362,326,12475,0,2401
2024-07-22,568980,28,1,8288,16000,15694,1125,21202,2640,901,362,326,12511,0,2401
2024-07-23,570120,28,1,8302,16013,15759,1125,21279,2650,902,363,326,12544,0,2402
2024-07-24,571350,28,1,8313,16039,15804,1125,21358,2661,904,363,326,12610,0,2402
2024-07-25,572300,28,1,8320,16050,15840,1125,21414,2668,904,363,326,12683,0,2402
2024-07-26,573510,28,1,8331,16074,15885,1125,21500,2671,905,363,326,12736,0,2403
2024-07-27,574690,28,1,8344,16095,15936,1127,21572,2671,906,363,326,12766,0,2405
2024-07-28,576000,28,1,8356,16103,16010,1129,21634,2690,906,363,326,12805,0,2406
2024-07-29,577060,28,1,8381,16141,16056,1130,21687,2696,906,363,326,12832,0,2406
2024-07-30,578120,28,1,8390,16161,16086,1131,21739,2697,907,363,326,12853,0,2407
2024-07-31,579490,28,1,8399,16203,16119,1132,21816,2713,907,363,326,12968,0,2407
2024-08-01,580590,28,1,8402,16211,16161,1134,21872,2719,907,363,326,13005,0,2407
2024-08-02,581760,28,1,8406,16238,16217,1135,21926,2723,908,363,326,13057,0,2410
2024-08-03,582910,28,1,8411,16255,16276,1138,22006,2734,911,363,326,13103,0,2412
2024-08-04,584090,28,1,8417,16286,16345,1138,22094,2737,911,364,326,13122,0,2414
2024-08-05,585140,28,1,8421,16294,16384,1138,22148,2738,911,364,326,13158,0,2420
2024-08-06,586370,28,1,8429,16323,16451,1138,22226,2759,911,364,326,13212,0,2421
2024-08-07,587510,28,1,8431,16332,16487,1142,22285,2767,915,365,327,13293,0,2424
2024-08-08,588540,28,1,8434,16341,16536,1142,22371,2769,917,365,327,13325,0,2424
2024-08-09,589700,28,1,8441,16350,16605,1143,22453,2789,919,365,327,13372,0,2425
2024-08-10,590920,28,1,8447,16363,16663,1143,22524,2800,919,365,328,13399,0,2425
2024-08-11,592000,28,1,8450,16368,16728,1146,22590,2801,920,365,328,13472,0,2426
2024-08-12,593160,28,1,8455,16385,16764,1146,22649,2806,921,365,328,13491,0,2426
2024-08-13,594400,28,1,8476,16402,16821,1151,22710,2813,922,365,328,13548,0,2426
2024-08-14,595620,28,1,8484,16402,16868,1154,22775,2813,923,366,328,13598,0,2428
2024-08-15,596950,28,1,8496,16437,16927,1159,22848,2829,923,366,328,13659,0,2429
2024-08-16,598180,28,1,8501,16449,16985,1160,22913,2844,924,366,328,13714,0,2432
2024-08-17,599350,28,1,8508,16456,17056,1161,22992,2846,924,366,328,13752,0,2432
2024-08-18,600470,28,1,8513,16471,17104,1165,23047,2863,926,366,328,13809,0,2437
2024-08-19,601800,28,1,8518,16497,17156,1166,23142,2885,927,366,328,13864,0,2438
2024-08-20,603010,28,1,8522,16518,17216,1166,23221,2887,929,366,328,13902,0,2442
2024-08-21,604140,28,1,8529,16543,17262,1166,23280,2904,932,366,328,13998,0,2443
2024-08-22,605330,28,1,8533,16575,17307,1167,23329,2910,933,366,328,14025,0,2443
2024-08-23,606490,28,1,8542,16596,17349,1169,23383,2911,936,366,328,14064,0,2445
2024-08-24,607680,28,1,8547,16607,17396,1171,23475,2928,937,366,328,14095,0,2445
2024-08-25,608820,28,1,8551,16624,17443,1172,23555,2941,938,366,328,14134,0,2445
2024-08-26,610100,28,1,8563,16643,17495,1173,23613,2944,938,366,328,14254,0,2548
2024-08-27,611190,28,1,8568,16657,17522,1174,23654,2950,939,367,328,14348,0,2554
2024-08-28,612390,28,1,8571,16675,17549,1174,23706,2965,940,367,328,14369,0,2557
2024-08-29,613590,28,1,8574,16698,17572,1175,23763,2967,941,367,328,14453,0,2557
2024-08-30,614950,28,1,8582,16712,17614,1176,23825,2977,941,367,328,14471,0,2558
2024-08-31,616300,28,1,8592,16760,17636,1176,23881,2991,941,367,328,14507,0,2558
2024-09-01,617600,28,1,8601,16786,17646,1177,23925,2993,941,367,328,14537,0,2558
2024-09-02,618960,28,1,8611,16821,17664,1177,23972,3003,941,367,328,14573,0,2579
2024-09-03,620350,28,1,8618,16848,17694,1177,24007,3014,941,367,328,14616,0,2581
2024-09-04,621550,28,1,8624,16869,17725,1177,24044,3024,941,367,328,14658,0,2588
2024-09-05,622720,28,1,8631,16878,17745,1178,24116,3037,942,367,328,14732,0,2588
2024-09-06,623990,28,1,8632,16878,17774,1178,24171,3037,943,367,328,14784,0,2589
2024-09-07,625260,28,1,8636,16897,17804,1180,24218,3047,943,367,328,14864,0,2589
2024-09-08,626410,28,1,8639,16906,17830,1180,24262,3049,943,367,328,14897,0,2589
2024-09-09,627790,28,1,8640,16925,17880,1180,24330,3053,943,367,328,14933,0,2592
2024-09-10,628930,28,1,8642,16938,17936,1182,24388,3059,944,367,328,14990,0,2592
2024-09-11,630200,28,1,8653,16955,18009,1184,24481,3061,946,368,328,15033,0,2592
2024-09-12,631420,28,1,8671,17003,18061,1185,24560,3071,946,368,328,15113,0,2592
2024-09-13,632630,28,1,8674,17043,18086,1186,24631,3084,947,368,328,15149,0,2592
2024-09-14,633800,28,1,8680,17063,18109,1186,24684,3084,948,368,328,15234,0,2593
2024-09-15,634860,28,1,8683,17071,18123,1187,24712,3090,948,368,328,15263,0,2593
2024-09-16,635880,28,1,8685,17077,18129,1188,24739,3091,948,368,328,15329,0,2593
2024-09-17,637010,28,1,8691,17080,18154,1188,24784,3109,948,368,328,15354,0,2593
2024-09-18,638140,28,1,8705,17093,18177,1189,24839,3109,948,368,328,15417,0,2593
2024-09-19,639480,28,1,8725,17132,18212,1189,24898,3115,950,368,328,15469,0,2594
2024-09-20,640920,28,1,8746,17170,18270,1193,24966,3125,950,368,328,15561,0,2594
2024-09-21,642420,28,1,8768,17222,18333,1195,25023,3144,950,368,328,15628,0,2596
2024-09-22,643750,28,1,8784,17252,18414,1197,25102,3145,950,368,328,15699,0,2596
2024-09-23,645150,28,1,8800,17292,18475,1198,25175,3155,953,368,328,15764,0,2596
2024-09-24,646400,28,1,8815,17304,18549,1199,25248,3168,953,368,328,15879,0,2596
2024-09-25,647800,28,1,8825,17348,18620,1199,25353,3190,960,368,328,15946,0,2600
2024-09-26,649170,28,1,8846,17396,18678,1199,25411,3192,962,368,328,16031,0,2609
2024-09-27,650640,28,1,8860,17438,18733,1203,25411,3229,962,368,328,16093,0,2611
2024-09-28,651810,28,1,8869,17476,18795,1204,25495,3235,963,368,328,16186,0,2611
2024-09-29,653060,28,1,8874,17503,18822,1204,25548,3251,964,368,328,16224,0,2611
2024-09-30,654430,28,1,8883,17547,18855,1204,25621,3252,964,368,328,16322,0,2613
2024-10-01,655560,28,1,8887,17579,18869,1204,25692,3256,964,368,328,16348,0,2613
2024-10-02,656710,28,1,8893,17596,18906,1204,25750,3268,965,368,328,16393,0,2613
2024-10-03,657940,28,1,8908,17627,18965,1212,25820,3271,966,368,328,16494,0,2613
2024-10-04,659220,28,1,8916,17658,19037,1216,25905,3282,971,368,328,16529,0,2613
2024-10-05,660470,28,1,8919,17679,19092,1216,26006,3301,971,368,328,16578,0,2613
2024-10-06,661630,28,1,8933,17710,19156,1221,26102,3302,973,368,328,16643,0,2615
2024-10-07,662970,28,1,8940,17740,19203,1221,26185,3311,974,368,328,16686,0,2618
2024-10-08,664120,28,1,8944,17751,19222,1221,26240,3323,974,368,328,16718,0,2618
2024-10-09,665200,28,1,8945,17765,19263,1223,26314,3324,977,369,328,16767,0,2619
2024-10-10,666340,28,1,8953,17800,19322,1227,26398,3334,977,369,329,16837,0,2619
2024-10-11,667630,28,1,8962,17827,19381,1228,26513,3372,977,369,329,16947,0,2619
2024-10-12,668930,28,1,8971,17876,19410,1229,26584,3373,979,369,329,16992,0,2619
2024-10-13,670190,28,1,8975,17895,19421,1229,26622,3375,979,369,329,17009,0,2619
2024-10-14,671400,28,1,8988,17939,19430,1229,26654,3379,979,369,329,17019,0,2620
2024-10-15,672850,28,1,8997,17969,19459,1229,26732,3379,979,369,329,17050,0,2620
2024-10-16,674270,28,1,9014,18002,19510,1230,26815,3384,979,369,329,17104,0,2620
2024-10-17,675800,28,1,9027,18053,19533,1230,26908,3386,979,369,329,17152,0,2620
2024-10-18,677180,28,1,9035,18072,19548,1230,26946,3411,979,369,329,17230,0,2623
2024-10-19,678520,28,1,9047,18111,19565,1230,26987,3414,979,369,329,17287,0,2624
2024-10-20,680230,28,1,9071,18175,19589,1230,27034,3417,980,369,329,17333,0,2624
2024-10-21,681580,28,1,9079,18199,19623,1232,27111,3437,982,369,329,17404,0,2625
2024-10-22,683040,28,1,9088,18229,19674,1232,27217,3447,982,369,329,17489,0,2625
2024-10-23,684280,28,1,9090,18254,19719,1234,27286,3451,982,369,329,17597,0,2625
2024-10-24,685910,28,1,9097,18287,19753,1236,27365,3473,983,369,329,17670,0,2625
2024-10-25,687600,28,1,9109,18332,19782,1238,27460,3479,985,369,329,17726,0,2625
2024-10-26,689040,28,1,9113,18355,19821,1238,27560,3480,985,369,329,17799,0,2625
2024-10-27,690720,28,1,9120,18395,19872,1238,27660,3494,985,369,329,17867,0,2625
2024-10-28,692080,28,1,9129,18404,19917,1239,27749,3504,985,369,329,17939,0,2625
2024-10-29,693640,28,1,9137,18433,19955,1240,27840,3505,987,369,329,17979,0,2625
2024-10-30,694950,28,1,9156,18450,20013,1241,27961,3508,994,369,329,18063,0,2627
2024-10-31,696410,28,1,9162,18470,20039,1242,28038,3517,994,369,329,18088,0,2628
2024-11-01,697680,28,1,9170,18487,20076,1242,28114,3521,994,369,329,18117,0,2628
2024-11-02,699090,28,1,9182,18523,20086,1242,28160,3522,994,369,329,18187,0,2629
2024-11-03,700390,28,1,9193,18538,20121,1243,28237,3525,994,369,329,18280,0,2629
2024-11-04,701650,28,1,9208,18581,20150,1243,28278,3525,996,369,329,18309,0,2631
2024-11-05,702900,28,1,9214,18592,20170,1243,28333,3526,996,369,329,18366,0,2631
2024-11-06,704300,28,1,9224,18612,20194,1243,28411,3534,996,369,329,18408,0,2631
2024-11-07,705880,28,1,9233,18661,20226,1243,28495,3540,996,369,329,18526,0,2631
2024-11-08,707540,28,1,9238,18697,20249,1243,28561,3542,996,369,329,18575,0,2634
2024-11-09,708890,28,1,9249,18726,20280,1243,28683,3542,996,369,329,18619,0,2634
2024-11-10,710660,28,1,9253,18766,20314,1243,28802,3558,996,369,329,18676,0,2636
2024-11-11,712610,28,1,9276,18847,20352,1246,28870,3564,996,369,329,18737,0,2636
2024-11-12,714380,28,1,9300,18896,20408,1246,28966,3567,996,369,329,18798,0,2636
2024-11-13,716070,28,1,9319,18947,20472,1249,29090,3567,997,369,329,18852,0,2640
2024-11-14,717590,28,1,9330,18968,20492,1249,29167,3583,999,369,329,18886,0,2641
2024-11-15,719240,28,1,9338,18994,20520,1249,29236,3589,999,369,329,18914,0,2641
2024-11-16,720880,28,1,9350,19021,20556,1249,29321,3591,999,369,329,18974,0,2641
2024-11-17,722440,28,1,9365,19059,20586,1249,29428,3593,999,369,329,19073,0,2753
2024-11-18,724050,28,1,9382,19092,20632,1249,29548,3610,999,369,329,19111,0,2754
2024-11-19,725740,28,1,9390,19119,20681,1249,29648,3612,1001,369,329,19202,0,2756
2024-11-20,727250,28,1,9398,19143,20731,1250,29745,3612,1003,369,329,19259,0,2756
2024-11-21,728300,28,1,9399,19156,20736,1251,29777,3613,1004,369,329,19260,0,2764
2024-11-22,729720,28,1,9419,19192,20760,1251,29850,3616,1004,369,329,19365,0,2764
2024-11-23,730740,28,1,9423,19209,20765,1251,29864,3617,1004,369,329,19366,0,2764
2024-11-24,732350,28,1,9429,19236,20787,1251,29948,3617,1004,369,329,19480,0,2764
2024-11-25,733830,28,1,9435,19256,20806,1251,30042,3617,1004,369,329,19552,0,2765
2024-11-26,735410,28,1,9449,19304,20830,1251,30126,3617,1005,369,329,19616,0,2765
2024-11-27,736630,28,1,9450,19306,20852,1251,30186,3617,1005,369,329,19661,0,2765
2024-11-28,738660,28,1,9458,19343,20886,1251,30359,3617,1019,369,329,19750,0,2851
2024-11-29,740400,28,1,9463,19355,20909,1253,30431,3619,1019,369,329,19792,0,2851
2024-11-30,742130,28,1,9469,19369,20923,1253,30507,3619,1019,369,329,19803,0,2852
2024-12-01,743920,28,1,9478,19397,20953,1253,30606,3619,1019,369,329,19886,0,2852
2024-12-02,745700,28,1,9486,19419,20976,1253,30666,3627,1019,369,329,19917,0,2855
2024-12-03,747370,28,1,9493,19450,21002,1253,30746,3628,1020,369,329,19946,0,2855
2024-12-04,748950,28,1,9506,19472,21023,1253,30843,3630,1020,369,329,19977,0,2855
2024-12-05,750610,28,1,9514,19518,21043,1253,30899,3633,1020,369,329,20023,0,2857
2024-12-06,751910,28,1,9514,19535,21055,1253,30948,3633,1022,369,329,20042,0,2857
2024-12-07,753370,28,1,9519,19571,21058,1253,30965,3635,1023,369,329,20071,0,2857
2024-12-08,754590,28,1,9519,19589,21061,1253,30989,3636,1023,369,329,20093,0,2859
2024-12-09,755940,28,1,9524,19596,21064,1253,31037,3637,1023,369,329,20107,0,2859
2024-12-10,757340,28,1,9526,19616,21067,1253,31073,3641,1023,369,329,20111,0,2859
2024-12-11,758730,28,1,9532,19644,21072,1253,31127,3642,1023,369,329,20111,0,2861
2024-12-12,760120,28,1,9537,19675,21078,1253,31177,3642,1023,369,329,20176,0,2861
2024-12-13,761160,28,1,9539,19675,21102,1253,31217,3644,1023,369,329,20229,0,2861
2024-12-14,762440,28,1,9551,19707,21128,1256,31398,3648,1025,369,329,20356,0,2943
2024-12-15,763510,28,1,9563,19736,21151,1256,31480,3650,1025,369,329,20372,0,2943
2024-12-16,765110,28,1,9567,19751,21159,1256,31550,3650,1025,369,329,20406,0,2943
2024-12-17,766690,28,1,9571,19772,21164,1256,31610,3652,1025,369,329,20470,0,2943
2024-12-18,768220,28,1,9576,19799,21178,1256,31678,3656,1026,369,329,20521,0,2943
2024-12-19,770420,28,1,9584,19823,21220,1256,31793,3662,1027,369,329,20600,0,2943
2024-12-20,772280,28,1,9594,19841,21252,1256,31891,3662,1027,369,329,20685,0,2947
2024-12-21,774100,28,1,9609,19870,21284,1256,31972,3662,1030,369,329,20735,0,2947
2024-12-22,776090,28,1,9615,19885,21313,1256,32039,3664,1030,369,329,20790,0,2948
2024-12-23,777720,28,1,9624,19915,21323,1256,32086,3667,1030,369,329,20834,0,2948
2024-12-24,779320,28,1,9628,19923,21333,1256,32117,3667,1030,369,329,20908,0,2948
2024-12-25,780860,28,1,9630,19933,21357,1256,32180,3667,1031,369,329,20971,0,3003
2024-12-26,782510,28,1,9644,19951,21379,1256,32262,3668,1032,369,329,20999,0,3003
2024-12-27,784200,28,1,9651,19970,21408,1256,32328,3668,1032,369,329,21013,0,3003
2024-12-28,785930,28,1,9656,19981,21450,1256,32410,3670,1032,369,329,21038,0,3003
2024-12-29,787940,28,1,9663,20003,21494,1256,32551,3670,1032,369,329,21069,0,3003
2024-12-30,789550,28,1,9668,20030,21528,1256,32626,3671,1032,369,329,21081,0,3003
2024-12-31,790800,28,1,9672,20043,21532,1256,32675,3672,1032,369,330,21131,0,3003
2025-01-01,792170,28,1,9676,20056,21552,1256,32729,3675,1032,369,330,21200,0,3003
2025-01-02,793250,28,1,9677,20070,21555,1257,32770,3675,1032,369,330,21249,0,3003
2025-01-03,794760,28,1,9679,20093,21578,1257,32843,3675,1032,369,331,21356,0,3006
2025-01-04,796490,28,1,9686,20119,21603,1257,32940,3677,1032,369,331,21447,0,3006
2025-01-05,798040,28,1,9700,20164,21665,1258,33056,3681,1034,369,331,21625,0,3006
2025-01-06,800010,28,1,9710,20189,21710,1260,33226,3681,1038,369,331,21708,0,3014
2025-01-07,801670,28,1,9714,20205,21729,1260,33307,3681,1038,369,331,21727,0,3014
2025-01-08,803100,28,1,9731,20221,21765,1260,33387,3686,1038,369,331,21813,0,3014
2025-01-09,804930,28,1,9741,20253,21789,1260,33473,3689,1041,369,331,21884,0,3017
2025-01-10,806500,28,1,9751,20271,21817,1260,33534,3692,1042,369,331,21958,0,3017
2025-01-11,808250,28,1,9756,20289,21839,1260,33598,3694,1042,369,331,22021,0,3018
2025-01-12,809760,28,1,9764,20315,21876,1261,33708,3695,1044,369,331,22204,0,3018
2025-01-13,811090,28,1,9767,20326,21923,1262,33791,3696,1044,369,331,22276,0,3018
2025-01-14,812670,28,1,9780,20348,21975,1262,33995,3696,1046,369,331,22383,0,3018
2025-01-15,814150,28,1,9791,20368,22015,1262,34132,3697,1046,369,331,22503,0,3049
2025-01-16,815820,28,1,9803,20381,22019,1262,34256,3699,1046,369,331,22566,0,3049
2025-01-17,817160,28,1,9803,20394,22040,1262,34325,3699,1046,369,331,22579,0,3049
2025-01-18,818740,28,1,9811,20412,22055,1262,34401,3700,1046,369,331,22615,0,3051
2025-01-19,820430,28,1,9821,20454,22074,1262,34488,3706,1049,369,331,22768,0,3051
2025-01-20,822030,28,1,9833,20477,22134,1262,34682,3710,1050,369,331,22898,0,3051
2025-01-21,823980,28,1,9844,20485,22194,1262,34837,3711,1050,369,331,23039,0,3051
2025-01-22,825320,28,1,9850,20497,22256,1262,34905,3714,1050,369,331,23111,0,3051
2025-01-23,826820,28,1,9852,20508,22295,1263,34992,3715,1050,369,331,23162,0,3051
2025-01-24,828470,28,1,9859,20545,22309,1263,35071,3715,1050,369,331,23213,0,3053
2025-01-25,830190,28,1,9868,20549,22323,1263,35124,3715,1050,369,331,23253,0,3053
2025-01-26,831620,28,1,9871,20561,22339,1263,35183,3716,1050,369,331,23327,0,3053
2025-01-27,833000,28,1,9876,20573,22366,1263,35269,3718,1050,369,331,23399,0,3053
2025-01-28,834670,28,1,9886,20597,22395,1264,35366,3721,1050,369,331,23456,0,3054
2025-01-29,835940,28,1,9890,20614,22412,1264,35451,3725,1050,369,331,23510,0,3054
2025-01-30,837610,28,1,9893,20631,22445,1265,35552,3726,1050,369,331,23573,0,3054
2025-01-31,839040,28,1,9902,20653,22493,1266,35629,3727,1050,369,331,23694,0,3054
2025-02-01,840360,28,1,9908,20667,22538,1267,35709,3729,1050,369,331,23793,0,3054
2025-02-02,841660,28,1,9920,20685,22589,1268,35798,3731,1053,369,331,23911,0,3054
2025-02-03,842930,28,1,9938,20709,22655,1269,35921,3733,1053,369,331,24003,0,3054
2025-02-04,844070,28,1,9947,20721,22707,1269,36078,3735,1053,369,331,24102,0,3054
2025-02-05,845310,28,1,9965,20737,22753,1271,36211,3737,1055,369,331,24185,0,3054
2025-02-06,846650,28,1,9975,20755,22785,1271,36307,3738,1056,369,331,24301,0,3054
2025-02-07,847860,28,1,9981,20777,22820,1273,36402,3738,1056,369,331,24403,0,3054
2025-02-08,849320,28,1,9992,20797,22844,1273,36529,3739,1056,370,331,24486,0,3054
2025-02-09,850490,28,1,10001,20813,22879,1273,36638,3740,1059,370,331,24623,0,3054
2025-02-10,851880,28,1,10014,20844,22923,1275,36807,3741,1060,370,331,24755,0,3056
2025-02-11,853030,28,1,10023,20871,22976,1276,36928,3742,1061,370,331,24919,0,3057
2025-02-12,854280,28,1,10040,20894,23034,1278,37096,3744,1063,370,331,25072,0,3063
2025-02-13,855480,28,1,10057,20910,23115,1282,37252,3745,1066,370,331,25224,0,3063
2025-02-14,856660,28,1,10068,20927,23174,1283,37379,3747,1067,370,331,25341,0,3063
2025-02-15,858390,28,1,10073,21011,23185,1283,37456,3749,1067,370,331,25377,0,3063
2025-02-16,859920,28,1,10089,21063,23222,1283,37605,3750,1067,370,331,25505,0,3063
2025-02-17,861090,28,1,10101,21075,23275,1285,37679,3751,1068,370,331,25586,0,3064
2025-02-18,862390,28,1,10120,21098,23347,1288,37825,3752,1072,370,331,25761,0,3064
2025-02-19,863580,28,1,10134,21112,23410,1291,37961,3752,1078,370,331,25921,0,3064
2025-02-20,864860,28,1,10146,21130,23462,1295,38104,3753,1080,370,331,26056,0,3064
2025-02-21,866000,28,1,10161,21139,23528,1295,38234,3754,1080,370,331,26211,0,3064
2025-02-22,867180,28,1,10168,21151,23582,1296,38325,3757,1081,370,331,26328,0,3064
2025-02-23,868230,28,1,10177,21157,23626,1299,38435,3757,1081,370,331,26545,0,3064
2025-02-24,869530,28,1,10182,21168,23652,1299,38573,3759,1083,370,331,26667,0,3064
2025-02-25,870700,28,1,10201,21183,23686,1299,38693,3759,1085,370,331,26861,0,3064
2025-02-26,871850,28,1,10209,21196,23755,1299,38833,3760,1086,370,331,27002,0,3064
2025-02-27,874560,28,1,10222,21234,23847,1303,38985,3763,1087,370,331,27174,0,3085
2025-02-28,875610,28,1,10233,21249,23908,1304,39101,3763,1088,370,331,27402,0,3085
2025-03-01,876720,28,1,10241,21274,23959,1306,39218,3768,1091,370,331,27594,0,3085
2025-03-02,878070,28,1,10252,21290,24019,1306,39327,3768,1093,370,331,27655,0,3085
2025-03-03,879410,28,1,10255,21298,24064,1306,39428,3768,1094,370,331,27741,0,3085
2025-03-04,880660,28,1,10256,21304,24087,1306,39512,3769,1094,370,331,27849,0,3085
2025-03-05,881800,28,1,10261,21311,24108,1306,39606,3769,1096,370,331,27929,0,3085
2025-03-06,882950,28,1,10264,21334,24124,1306,39678,3769,1096,370,331,28024,0,3085
2025-03-07,883950,28,1,10268,21346,24148,1307,39791,3772,1099,370,331,28172,0,3120
2025-03-08,885130,28,1,10274,21360,24206,1310,39933,3773,1101,370,331,28362,0,3120
2025-03-09,886320,28,1,10292,21400,24271,1311,40071,3773,1102,370,331,28603,0,3120
2025-03-10,887620,28,1,10303,21423,24346,1313,40205,3775,1103,370,331,28801,0,3121
2025-03-11,889050,28,1,10306,21430,24390,1314,40274,3777,1103,370,331,28912,0,3121
2025-03-12,890250,28,1,10307,21432,24409,1314,40355,3777,1103,370,331,28983,0,3121
2025-03-13,891660,28,1,10313,21443,24455,1314,40469,3777,1103,370,331,29136,0,3121
2025-03-14,892840,28,1,10315,21458,24483,1315,40571,3777,1103,370,331,29233,0,3121
2025-03-15,894240,28,1,10325,21478,24561,1317,40684,3777,1104,370,331,29413,0,3121
2025-03-16,895450,28,1,10344,21489,24598,1318,40785,3778,1104,370,331,29467,0,3121
2025-03-17,897010,28,1,10352,21509,24640,1319,40892,3780,1107,370,331,29616,0,3121
2025-03-18,898070,28,1,10364,21523,24704,1320,41003,3780,1107,370,331,29716,0,3121
2025-03-19,899470,28,1,10377,21561,24747,1322,41094,3780,1110,370,331,29895,0,3121
2025-03-20,900800,28,1,10394,21589,24848,1324,41259,3782,1111,370,331,30080,0,3121
2025-03-21,902010,28,1,10403,21609,24944,1327,41425,3782,1111,370,331,30338,0,3121
2025-03-22,903480,28,1,10412,21636,25048,1333,41610,3784,1116,370,331,30495,0,3121
2025-03-23,904760,28,1,10420,21652,25129,1338,41726,3785,1117,370,335,30641,0,3121
2025-03-24,905940,28,1,10425,21670,25190,1341,41824,3785,1117,370,335,30759,0,3121
2025-03-25,907220,28,1,10430,21685,25207,1341,41901,3786,1117,370,335,30818,0,3121
2025-03-26,908890,28,1,10438,21701,25265,1343,42070,3787,1118,370,335,30926,0,3121
2025-03-27,910750,28,1,10455,21762,25387,1344,42280,3787,1119,370,335,31070,0,3121
2025-03-28,912490,28,1,10478,21796,25451,1345,42398,3787,1122,370,335,31234,0,3121
2025-03-29,914000,28,1,10492,21816,25507,1347,42528,3787,1122,370,335,31345,0,3121
2025-03-30,915230,28,1,10496,21819,25537,1347,42593,3787,1123,370,335,31416,0,3121
2025-03-31,916770,28,1,10505,21856,25552,1347,42646,3787,1123,370,335,31462,0,3123
2025-04-01,918180,28,1,10515,21880,25576,1347,42687,3787,1123,370,335,31505,0,3123
2025-04-02,919570,28,1,10521,21902,25625,1348,42775,3787,1123,370,335,31597,0,3123
2025-04-03,920950,28,1,10528,21932,25663,1349,42841,3787,1123,370,335,31669,0,3123
2025-04-04,922340,28,1,10541,21952,25730,1350,42954,3788,1124,370,335,31778,0,3130
2025-04-05,923670,28,1,10554,21972,25786,1354,43050,3789,1124,370,335,31846,0,3130
2025-04-06,925020,28,1,10567,21997,25817,1356,43120,3790,1124,370,335,31874,0,3145
2025-04-07,926310,28,1,10572,22011,25860,1359,43227,3792,1126,370,335,31917,0,3145
2025-04-08,927580,28,1,10576,22021,25912,1359,43345,3792,1127,370,335,31973,0,3145
2025-04-09,929000,28,1,10579,22033,25982,1359,43514,3796,1127,370,335,32078,0,3145
2025-04-10,930210,28,1,10580,22048,25982,1360,43679,3798,1127,370,335,32200,0,3145
2025-04-11,931450,28,1,10591,22055,26031,1362,43807,3798,1127,370,335,32278,0,3145
2025-04-12,932670,28,1,10603,22088,26102,1362,43950,3799,1128,370,335,32425,0,3145
2025-04-13,933980,28,1,10622,22130,26161,1362,44129,3801,1130,370,335,32544,0,3145
2025-04-14,935160,28,1,10629,22150,26229,1364,44339,3801,1132,370,335,32691,0,3145
2025-04-15,936210,28,1,10638,22163,26316,1364,44472,3804,1132,370,335,32837,0,3145
2025-04-16,937440,28,1,10654,22217,26381,1366,44642,3807,1135,370,335,32925,0,3145
2025-04-17,938970,28,1,10662,22257,26469,1367,44954,3858,1136,370,335,33065,0,3145
2025-04-18,940150,28,1,10676,22266,26539,1368,45162,3858,1139,370,335,33176,0,3148
2025-04-19,941100,28,1,10677,22271,26588,1368,45274,3859,1139,370,335,33240,0,3148
2025-04-20,941770,28,1,10679,22273,26598,1368,45324,3859,1139,370,335,33270,0,3148
2025-04-21,943060,28,1,10683,22296,26628,1368,45458,3859,1140,370,335,33388,0,3148
2025-04-22,944270,28,1,10691,22307,26713,1369,45621,3860,1141,370,335,33526,0,3148
2025-04-23,945330,28,1,10694,22312,26762,1370,45755,3860,1141,370,335,33660,0,3148
2025-04-24,946500,28,1,10703,22315,26834,1373,45906,3860,1144,370,335,33779,0,3196
2025-04-25,947610,28,1,10711,22320,26904,1373,46051,3860,1145,370,335,33897,0,3196
2025-04-26,948640,28,1,10719,22325,26946,1374,46187,3860,1145,370,335,34011,0,3196
2025-04-27,949800,28,1,10723,22338,26977,1374,46292,3860,1145,370,335,34083,0,3196
2025-04-28,950860,28,1,10728,22352,27019,1374,46432,3860,1146,370,335,34177,0,3196
2025-04-29,951960,28,1,10729,22353,27030,1375,46611,3869,1146,370,335,34289,0,3196
2025-04-30,953190,28,1,10732,22364,27136,1375,46750,3869,1148,370,335,34401,0,3196
2025-05-01,954300,28,1,10741,22369,27186,1375,46882,3869,1152,370,335,34539,0,3196
2025-05-02,955470,28,1,10745,22369,27234,1375,47003,3870,1153,370,335,34665,0,3197
2025-05-03,956810,28,1,10758,22403,27327,1376,47141,3870,1155,372,335,34860,0,3197
2025-05-04,958070,28,1,10763,22411,27370,1377,47250,3870,1155,372,335,34997,0,3197
2025-05-05,959500,28,1,10766,22416,27431,1378,47353,3873,1155,372,335,35142,0,3197
2025-05-06,960770,28,1,10780,22419,27502,1378,47484,3873,1155,372,335,35266,0,3198
2025-05-07,961970,28,1,10782,22429,27552,1379,47604,3875,1156,372,335,35407,0,3198
2025-05-08,963270,28,1,10786,22433,27588,1380,47724,3875,1157,372,335,35446,0,3198
2025-05-09,964580,28,1,10790,22440,27637,1380,47830,3875,1158,372,335,35482,0,3198
2025-05-10,965890,28,1,10792,22446,27670,1381,47947,3878,1159,372,335,35537,0,3198
2025-05-11,967060,28,1,10800,22473,27718,1381,48118,3884,1162,372,335,35678,0,3198
2025-05-12,968130,28,1,10802,22487,27780,1381,48256,3884,1162,372,335,35778,0,3198
2025-05-13,969370,28,1,10804,22501,27827,1382,48382,3884,1165,372,335,35860,0,3198
2025-05-14,970590,28,1,10812,22514,27872,1384,48547,3892,1166,372,336,36000,0,3198
2025-05-15,971690,28,1,10825,22546,27908,1385,48713,3892,1167,372,336,36123,0,3198
2025-05-16,972600,28,1,10831,22553,27942,1386,48809,3892,1167,372,336,36278,0,3198
2025-05-17,973730,28,1,10832,22557,27980,1387,48900,3892,1167,372,336,36385,0,3198
2025-05-18,974770,28,1,10833,22562,28009,1387,48988,3892,1167,372,336,36503,0,3198
2025-05-19,975800,28,1,10834,22567,28067,1388,49093,3894,1167,372,336,36621,0,3198
2025-05-20,976780,28,1,10835,22569,28090,1388,49169,3895,1167,372,336,36692,0,3198
2025-05-21,977650,28,1,10839,22574,28122,1388,49268,3895,1167,372,336,36797,0,3198
2025-05-22,978700,28,1,10841,22575,28165,1390,49407,3895,1167,372,336,36945,0,3198
2025-05-23,979830,28,1,10852,22622,28201,1395,49639,3895,1169,372,336,37177,0,3198
2025-05-24,980850,28,1,10854,22633,28269,1396,49751,3902,1169,372,336,37367,0,3204
2025-05-25,981850,28,1,10858,22641,28320,1397,49843,3902,1171,372,336,37631,0,3257
2025-05-26,982840,28,1,10860,22642,28337,1397,49907,3902,1171,372,336,37853,0,3266
2025-05-27,983890,28,1,10864,22644,28355,1397,49959,3902,1171,372,336,37918,0,3266
2025-05-28,984940,28,1,10864,22645,28386,1397,50015,3902,1171,372,336,37999,0,3266
2025-05-29,986080,28,1,10865,22647,28421,1398,50089,3902,1172,372,336,38070,0,3266
2025-05-30,987330,28,1,10867,22652,28475,1400,50198,3902,1173,372,336,38215,0,3266
2025-05-31,988560,28,1,10872,22656,28527,1401,50325,3903,1173,372,336,38366,0,3268
2025-06-01,989700,28,1,10874,22663,28575,1401,50462,3905,1175,372,336,38622,0,3271
2025-06-02,990800,28,1,10881,22671,28623,1402,50607,3905,1176,413,336,38748,0,3271
2025-06-03,991820,28,1,10884,22678,28711,1402,50730,3907,1176,413,336,38924,0,3271
2025-06-04,992750,28,1,10887,22680,28750,1406,50812,3907,1177,413,336,39019,0,3271
2025-06-05,993910,28,1,10889,22685,28794,1406,50913,3907,1180,413,336,39193,0,3271
2025-06-06,995030,28,1,10904,22737,28850,1410,51079,3908,1181,413,337,39493,0,3308
2025-06-07,996150,28,1,10911,22748,28892,1410,51225,3911,1183,414,337,39651,0,3315
2025-06-08,997120,28,1,10915,22759,28934,1411,51348,3911,1183,414,337,39818,0,3315
2025-06-09,998080,28,1,10919,22768,28982,1412,51455,3912,1183,416,337,40057,0,3330
2025-06-10,999200,28,1,10927,22783,29016,1413,51579,3914,1183,416,337,40297,0,3337
2025-06-11,1000340,28,1,10933,22786,29063,1413,51715,3914,1184,416,337,40435,0,3337
2025-06-12,1001560,28,1,10934,22791,29105,1416,51821,3914,1184,416,337,40507,0,3337
2025-06-13,1002690,28,1,10937,22798,29157,1417,51928,3914,1185,416,337,40586,0,3337
2025-06-14,1003860,28,1,10937,22804,29190,1418,52017,3915,1186,416,337,40709,0,3337
2025-06-15,1005060,28,1,10939,22811,29208,1418,52096,3916,1187,416,337,40804,0,3346
2025-06-16,1006120,28,1,10940,22814,29228,1419,52175,3916,1187,416,337,40981,0,3346
2025-06-17,1007160,28,1,10947,22845,29265,1420,52312,3916,1187,416,337,41165,0,3369
2025-06-18,1008240,28,1,10951,22853,29328,1420,52420,3918,1187,416,337,41229,0,3369
2025-06-19,1009330,28,1,10954,22860,29374,1421,52501,3920,1188,416,337,41299,0,3369
2025-06-20,1010390,28,1,10955,22865,29393,1421,52617,3920,1188,416,337,41422,0,3369
2025-06-21,1011490,28,1,10964,22867,29432,1421,52734,3920,1188,416,337,41579,0,3376
2025-06-22,1012500,28,1,10965,22872,29490,1423,52861,3920,1188,416,337,41717,0,3376
2025-06-23,1013700,28,1,10966,22879,29511,1424,52961,3920,1188,416,337,41915,0,3388
2025-06-24,1014650,28,1,10967,22885,29569,1425,53084,3920,1188,416,337,42046,0,3388
2025-06-25,1015750,28,1,10968,22892,29617,1425,53195,3921,1188,416,337,42153,0,3388
2025-06-26,1016720,28,1,10969,22896,29630,1425,53284,3921,1188,416,337,42240,0,3388
2025-06-27,1017720,28,1,10970,22908,29665,1425,53415,3921,1189,420,337,42477,0,3394
2025-06-28,1018940,28,1,10976,22915,29689,1425,53508,3921,1189,420,337,42624,0,3394
2025-06-29,1020010,28,1,10980,22922,29718,1427,53593,3921,1190,420,340,42796,0,3436
2025-06-30,1020980,28,1,10983,22928,29754,1427,53696,3921,1190,420,340,42940,0,3436
2025-07-01,1022090,28,1,10985,22931,29794,1427,53786,3921,1191,420,340,43013,0,3436
2025-07-02,1023090,28,1,10986,22936,29815,1427,53887,3922,1191,420,340,43098,0,3436
2025-07-03,1024210,28,1,10988,22946,29865,1428,53999,3925,1191,420,340,43303,0,3436
2025-07-04,1025260,28,1,10990,22953,29921,1428,54148,3925,1191,420,340,43609,0,3439
2025-07-05,1026440,28,1,10992,22956,29960,1430,54252,3925,1192,421,340,43825,0,3439
2025-07-06,1027540,28,1,10995,22963,29993,1432,54370,3927,1192,421,340,44058,0,3439
2025-07-07,1028610,28,1,10995,22967,30034,1434,54456,3927,1192,421,340,44230,0,3439
2025-07-08,1029660,28,1,11000,22969,30102,1434,54575,3929,1193,421,340,44457,0,3439
2025-07-09,1030580,28,1,11011,22972,30140,1437,54656,3929,1193,421,340,44781,0,3445
2025-07-10,1031620,28,1,11013,22979,30163,1437,54732,3929,1193,421,340,45003,0,3459
2025-07-11,1032690,28,1,11013,22980,30194,1437,54822,3929,1193,421,340,45248,0,3459
2025-07-12,1033930,28,1,11016,22983,30243,1438,54923,3929,1194,421,340,45511,0,3491
2025-07-13,1035060,28,1,11019,22987,30294,1438,55025,3932,1194,421,340,45635,0,3491
2025-07-14,1036290,28,1,11022,22993,30346,1440,55147,3932,1194,421,340,45880,0,3491
2025-07-15,1037460,28,1,11025,22995,30395,1440,55229,3932,1196,421,340,46164,0,3491
2025-07-16,1038650,28,1,11029,22996,30438,1440,55383,3932,1197,421,340,46414,0,3491
2025-07-17,1039830,28,1,11032,23005,30485,1441,55494,3932,1197,421,340,46549,0,3491
2025-07-18,1040950,28,1,11032,23012,30531,1442,55606,3932,1198,421,340,46712,0,3492
2025-07-19,1041990,28,1,11035,23021,30583,1443,55727,3932,1198,421,340,46982,0,3515
2025-07-20,1043160,28,1,11037,23028,30637,1444,55859,3934,1199,421,340,47181,0,3515
2025-07-21,1044250,28,1,11038,23035,30680,1445,55953,3935,1199,421,340,47437,0,3533
2025-07-22,1045220,28,1,11041,23037,30722,1446,56041,3935,1199,421,340,47552,0,3533
2025-07-23,1046270,28,1,11046,23047,30746,1446,56137,3935,1199,421,340,47638,0,3533
2025-07-24,1047250,28,1,11049,23052,30777,1446,56213,3935,1201,421,340,47834,0,3535
2025-07-25,1048330,28,1,11056,23059,30812,1448,56371,3935,1201,421,340,47959,0,3535
2025-07-26,1049250,28,1,11057,23063,30822,1449,56493,3935,1201,421,340,48158,0,3546
2025-07-27,1050250,28,1,11061,23064,30826,1450,56596,3935,1201,421,340,48393,0,3546
2025-07-28,1051300,28,1,11065,23064,30865,1451,56687,3935,1202,421,340,48585,0,3548
2025-07-29,1052190,28,1,11066,23065,30895,1451,56754,3935,1202,421,340,48685,0,3548
2025-07-30,1053260,28,1,11067,23066,30911,1451,56822,3935,1203,421,340,48894,0,3548
2025-07-31,1054200,28,1,11068,23068,30944,1451,56894,3935,1203,421,340,49057,0,3551
2025-08-01,1055210,28,1,11068,23069,30982,1452,57024,3935,1203,421,340,49196,0,3551
2025-08-02,1056130,28,1,11068,23071,31025,1452,57159,3935,1203,421,340,49374,0,3552
2025-08-03,1057140,28,1,11069,23079,31053,1452,57244,3935,1203,421,340,49451,0,3553
2025-08-04,1058260,28,1,11071,23091,31081,1452,57337,3935,1203,421,340,49620,0,3555
2025-08-05,1059270,28,1,11072,23091,31133,1455,57475,3936,1203,421,340,49767,0,3555
2025-08-06,1060310,28,1,11076,23095,31180,1456,57605,3936,1203,421,340,49930,0,3555
2025-08-07,1061350,28,1,11083,23102,31232,1456,57731,3936,1203,421,340,50168,0,3555
2025-08-08,1062290,28,1,11088,23103,31273,1456,57856,3936,1204,421,340,50315,0,3555
2025-08-09,1063240,28,1,11089,23107,31343,1460,57982,3936,1204,421,340,50455,0,3556
2025-08-10,1064240,28,1,11093,23114,31380,1462,58113,3936,1204,421,340,50646,0,3556
2025-08-11,1065220,28,1,11098,23119,31406,1464,58219,3937,1205,421,340,50753,0,3556
2025-08-12,1066110,28,1,11099,23127,31429,1465,58265,3937,1207,421,340,50852,0,3558
2025-08-13,1067100,28,1,11104,23130,31458,1466,58456,3937,1207,421,340,51043,0,3558
2025-08-14,1068040,28,1,11106,23133,31498,1467,58596,3940,1207,422,340,51190,0,3558
2025-08-15,1069050,28,1,11112,23135,31540,1467,58733,3942,1207,422,340,51342,0,3558
2025-08-16,1069950,28,1,11116,23143,31589,1468,58821,3942,1208,422,340,51528,0,3558
2025-08-17,1070890,28,1,11118,23148,31632,1469,58937,3942,1208,422,340,51685,0,3558
2025-08-18,1071780,28,1,11118,23148,31698,1470,59060,3943,1208,422,340,51894,0,3558
2025-08-19,1072700,28,1,11119,23152,31748,1470,59202,3943,1208,422,340,52154,0,3565
2025-08-20,1073530,28,1,11120,23157,31789,1471,59316,3944,1209,422,340,52469,0,3565
2025-08-21,1074320,28,1,11124,23160,31835,1472,59426,3944,1210,422,340,52787,0,3598
2025-08-22,1075160,28,1,11129,23164,31858,1472,59512,3944,1210,422,340,52935,0,3598
2025-08-23,1076070,28,1,11129,23167,31898,1472,59593,3944,1211,422,340,53056,0,3598
2025-08-24,1076940,28,1,11130,23175,31946,1472,59672,3948,1211,422,340,53347,0,3598
2025-08-25,1077830,28,1,11134,23178,31979,1472,59769,3950,1211,422,340,53442,0,3598
2025-08-26,1078750,28,1,11135,23178,32024,1472,59887,3950,1212,422,340,53636,0,3598
2025-08-27,1079630,28,1,11139,23185,32064,1474,60007,3952,1212,422,340,53961,0,3598
2025-08-28,1080480,28,1,11143,23191,32125,1476,60116,3952,1213,422,340,54375,0,3626
2025-08-29,1081330,28,1,11149,23210,32172,1476,60222,3952,1213,422,340,54691,0,3626
2025-08-30,1082140,28,1,11151,23212,32199,1476,60305,3952,1213,422,340,55062,0,3664
2025-08-31,1082990,28,1,11155,23229,32248,1476,60399,3952,1213,422,341,55276,0,3664
2025-09-01,1083790,28,1,11156,23233,32301,1477,60488,3952,1213,422,341,55446,0,3664
2025-09-02,1084570,28,1,11157,23237,32342,1477,60600,3956,1213,422,341,55784,0,3664
2025-09-03,1085410,28,1,11157,23241,32385,1479,60692,3956,1215,422,341,56045,0,3686
2025-09-04,1086220,28,1,11159,23243,32435,1480,60831,3956,1216,422,341,56267,0,3686
2025-09-05,1087180,28,1,11161,23243,32474,1480,60950,3957,1217,422,341,56523,0,3686
2025-09-06,1088150,28,1,11163,23254,32516,1481,61054,3961,1217,422,341,56817,0,3686
2025-09-07,1089060,28,1,11168,23258,32545,1481,61135,3961,1217,422,341,57278,0,3691
2025-09-08,1090010,28,1,11169,23261,32577,1482,61207,3963,1217,422,341,57504,0,3691
2025-09-09,1091000,28,1,11172,23262,32606,1483,61290,3964,1217,422,341,57851,0,3691
2025-09-10,1091890,28,1,11176,23264,32628,1483,61339,3964,1217,422,341,58194,0,3718
2025-09-11,1092780,28,1,11177,23266,32668,1485,61403,3964,1217,422,341,58467,0,3718
2025-09-12,1093730,28,1,11181,23267,32707,1486,61512,3964,1217,422,341,58825,0,3718
2025-09-13,1094610,28,1,11184,23267,32749,1487,61614,3964,1217,422,341,59086,0,3718
2025-09-14,1095520,28,1,11184,23269,32784,1488,61698,3965,1217,422,341,59409,0,3718
2025-09-15,1096430,28,1,11184,23274,32810,1490,61770,3965,1217,422,341,59719,0,3718
2025-09-16,1097450,28,1,11189,23277,32846,1490,61878,3965,1217,422,341,60079,0,3718
2025-09-17,1098380,28,1,11191,23277,32879,1491,62000,3965,1217,422,341,60469,0,3718
2025-09-18,1099530,28,1,11191,23278,32896,1492,62044,3968,1218,422,341,60680,0,3718
2025-09-19,1100600,28,1,11192,23280,32927,1492,62168,3968,1218,422,341,61045,0,3718
2025-09-20,1101610,28,1,11193,23281,32952,1492,62245,3969,1218,422,341,61598,0,3747
2025-09-21,1102570,28,1,11194,23282,32999,1493,62363,3969,1218,422,344,62001,0,3747
2025-09-22,1103580,28,1,11199,23282,33052,1495,62486,3969,1218,424,345,62486,0,3747
2025-09-23,1104550,28,1,11201,23285,33095,1496,62616,3973,1218,426,345,62820,0,3747
2025-09-24,1105490,28,1,11201,23287,33133,1501,62736,3975,1222,426,345,63235,0,3747
2025-09-25,1106430,28,1,11203,23287,33147,1501,62818,3975,1222,427,345,63569,0,3747
2025-09-26,1107400,28,1,11204,23288,33186,1502,62909,3977,1223,427,345,63931,0,3747
2025-09-27,1108510,28,1,11211,23290,33231,1503,63040,3977,1223,427,345,64385,0,3747
2025-09-28,1109590,28,1,11218,23290,33284,1504,63151,3979,1224,427,345,65002,0,3790
2025-09-29,1110560,28,1,11222,23291,33311,1505,63241,3979,1224,427,346,65303,0,3790
2025-09-30,1111480,28,1,11223,23294,33324,1505,63274,3979,1224,427,346,65552,0,3790
2025-10-01,1112460,28,1,11224,23296,33336,1507,63303,3979,1224,427,346,65823,0,3790
2025-10-02,1113430,28,1,11225,23297,33413,1514,63325,3979,1224,427,346,66093,0,3793
2025-10-03,1114380,28,1,11226,23298,33428,1515,63398,3980,1224,427,346,66543,0,3803
2025-10-04,1115250,28,1,11230,23299,33446,1516,63433,3980,1224,427,346,66863,0,3803
2025-10-05,1116340,28,1,11235,23313,33464,1516,63496,3980,1225,427,346,67226,0,3841
2025-10-06,1117360,28,1,11238,23319,33493,1516,63575,3982,1226,427,346,67564,0,3841
2025-10-07,1118370,28,1,11240,23324,33519,1517,63650,3982,1227,427,346,67965,0,3841
2025-10-08,1119390,28,1,11241,23325,33534,1517,63705,3982,1227,427,346,68293,0,3841
2025-10-09,1120510,28,1,11246,23339,33547,1517,63775,3982,1227,427,346,68547,0,3841
2025-10-10,1121570,28,1,11247,23345,33568,1518,63847,3982,1227,427,346,68766,0,3859
2025-10-11,1122810,28,1,11248,23345,33578,1518,63934,3985,1227,427,346,69010,0,3859
2025-10-12,1123950,28,1,11251,23345,33599,1520,64043,3986,1227,427,346,69242,0,3859
2025-10-13,1125150,28,1,11256,23345,33628,1520,64188,3986,1227,427,346,69632,0,3859
2025-10-14,1126220,28,1,11259,23347,33671,1520,64329,3986,1229,427,346,70021,0,3859
2025-10-15,1127300,28,1,11261,23356,33713,1520,64468,3986,1229,427,346,70437,0,3859
2025-10-16,1128030,28,1,11266,23366,33748,1520,64541,3987,1230,427,346,71025,0,3864
2025-10-17,1129180,28,1,11267,23368,33789,1522,64672,3989,1230,428,346,71523,0,3864
2025-10-18,1130180,28,1,11268,23371,33834,1524,64798,3989,1230,428,346,71967,0,3864
2025-10-19,1131070,28,1,11270,23371,33879,1524,64892,3989,1231,428,346,72365,0,3864
2025-10-20,1132200,28,1,11278,23408,33902,1524,65026,3989,1231,428,346,72600,0,3864
2025-10-21,1133250,28,1,11280,23419,33914,1524,65122,3990,1231,428,346,72760,0,3864
2025-10-22,1134170,28,1,11282,23425,33938,1525,65228,3990,1232,428,346,73386,0,3880
2025-10-23,1135080,28,1,11283,23430,33972,1526,65356,3990,1232,428,346,73826,0,3880
2025-10-24,1135990,28,1,11287,23431,33987,1526,65436,3990,1232,428,346,74185,0,3880
2025-10-25,1136890,28,1,11291,23449,34002,1526,65517,3990,1232,428,346,74399,0,3880
2025-10-26,1136890,28,1,11293,23452,34036,1527,65655,3990,1232,428,346,74946,0,3880
2025-10-27,1137050,28,1,11299,23480,34044,1529,65786,3993,1232,428,346,75054,0,3880
2025-10-28,1138200,28,1,11303,23483,34064,1530,65865,3995,1232,428,346,75367,0,3880
2025-10-29,1139160,28,1,11305,23486,34089,1531,65993,3995,1234,428,346,75707,0,3880
2025-10-30,1140130,28,1,11310,23491,34128,1533,66111,3995,1235,428,346,76355,0,3917
2025-10-31,1142730,28,1,11316,23521,34137,1534,66169,3995,1235,428,346,76704,0,3917
2025-11-01,1143670,28,1,11316,23525,34162,1534,66290,3995,1235,428,346,77052,0,3917
2025-11-02,1144830,28,1,11321,23531,34207,1534,66411,3997,1235,428,346,77435,0,3918
2025-11-03,1145670,28,1,11326,23532,34249,1535,66504,3998,1235,428,346,77860,0,3918
2025-11-04,1145670,28,1,11329,23535,34273,1535,66574,3998,1237,428,346,78258,0,3918
2025-11-05,1146840,28,1,11329,23541,34288,1535,66658,3999,1237,428,346,78430,0,3918
2025-11-06,1148010,28,1,11330,23543,34301,1535,66723,4001,1238,428,346,78678,0,3918
2025-11-07,1149200,28,1,11330,23544,34321,1538,66795,4001,1239,428,347,78928,0,3918
2025-11-08,1150170,28,1,11335,23545,34340,1538,66880,4001,1239,428,347,79368,0,3926
2025-11-09,1151260,28,1,11342,23552,34349,1538,66957,4001,1239,428,347,79425,0,3926
2025-11-10,1152280,28,1,11342,23553,34366,1539,67036,4001,1239,428,347,79642,0,3926
2025-11-11,1153280,28,1,11342,23556,34379,1540,67123,4002,1240,428,347,79804,0,3926
2025-11-12,1154460,28,1,11344,23567,34388,1540,67211,4004,1242,428,347,79945,0,3926
2025-11-13,1155500,28,1,11344,23569,34423,1540,67306,4004,1242,428,347,80387,0,3926
2025-11-14,1156500,28,1,11350,23588,34443,1541,67396,4006,1244,428,347,80877,0,3940
2025-11-15,1157360,28,1,11353,23591,34469,1543,67464,4008,1244,428,347,81286,0,3940
2025-11-16,1158520,28,1,11355,23594,34486,1544,67536,4008,1246,428,347,81499,0,3940
2025-11-17,1159480,28,1,11355,23594,34499,1545,67579,4008,1247,428,347,81793,0,3940
2025-11-18,1160330,28,1,11356,23595,34511,1546,67635,4009,1247,428,347,82086,0,3940
2025-11-19,1161220,28,1,11357,23597,34530,1546,67703,4010,1247,428,347,82470,0,3981
2025-11-20,1162270,28,1,11357,23600,34550,1546,67768,4010,1247,428,347,82620,0,3981
2025-11-21,1162540,28,1,11361,23607,34559,1547,67842,4010,1248,428,347,82842,0,3981
2025-11-22,1163460,28,1,11363,23615,34585,1549,67922,4011,1248,428,347,83338,0,3981
2025-11-23,1164650,28,1,11366,23620,34626,1549,68006,4011,1248,428,347,83769,0,3981
2025-11-24,1165770,28,1,11368,23624,34644,1549,68118,4014,1250,428,347,84217,0,3981
2025-11-25,1166750,28,1,11372,23625,34688,1549,68242,4015,1252,428,347,84960,0,3995
2025-11-26,1167890,28,1,11373,23628,34709,1550,68351,4016,1253,430,347,85174,0,3995
2025-11-27,1168990,28,1,11380,23643,34730,1550,68399,4016,1253,430,347,85237,0,3995
2025-11-28,1169900,28,1,11381,23658,34733,1550,68463,4018,1253,430,347,85343,0,3995
2025-11-29,1171060,28,1,11386,23672,34740,1552,68512,4018,1253,430,347,85851,0,4024
2025-11-30,1173920,28,1,11387,23678,34754,1552,68583,4018,1253,430,347,86090,0,4024
2025-12-01,1175030,28,1,11387,23679,34768,1552,68641,4019,1253,430,347,86141,0,4024
2025-12-02,1176230,28,1,11393,23682,34780,1555,68688,4020,1253,430,347,86231,0,4024
2025-12-03,1177370,28,1,11396,23685,34809,1556,68813,4020,1253,430,347,86476,0,4024
2025-12-04,1178610,28,1,11396,23686,34843,1558,68907,4022,1253,431,347,86900,0,4024
2025-12-05,1179790,28,1,11398,23688,34874,1560,69037,4023,1253,431,347,87387,0,4024
2025-12-06,1180870,28,1,11401,23688,34907,1562,69135,4023,1253,431,347,87927,0,4054
2025-12-07,1181680,28,1,11403,23689,34917,1562,69182,4026,1253,431,347,88457,0,4058
2025-12-08,1182610,28,1,11403,23691,34944,1563,69243,4027,1253,431,347,88889,0,4058
2025-12-09,1183620,28,1,11404,23692,34969,1563,69350,4027,1253,431,347,89066,0,4058
2025-12-10,1185080,28,1,11404,23699,34992,1564,69507,4030,1253,431,347,89148,0,4058
2025-12-11,1186480,28,1,11406,23705,35008,1566,69614,4032,1256,432,347,89401,0,4060
2025-12-12,1187780,28,1,11409,23714,35032,1567,69717,4034,1258,432,347,89684,0,4060
2025-12-13,1188490,28,1,11410,23721,35041,1567,69798,4034,1259,432,347,90124,0,4073
2025-12-14,1189470,28,1,11412,23731,35105,1570,70005,4034,1261,432,347,90777,0,4073
2025-12-15,1190620,28,2,11421,23737,35172,1570,70182,4034,1261,432,347,91219,0,4073
2025-12-16,1192350,28,2,11427,23758,35205,1571,70361,4035,1262,432,347,91386,0,4073
2025-12-17,1193300,28,2,11432,23758,35232,1573,70480,4035,1263,432,347,91716,0,4073
2025-12-18,1194520,28,2,11433,23768,35250,1574,70591,4035,1263,432,347,92142,0,4073
2025-12-19,1195610,28,2,11433,23769,35287,1575,70721,4036,1263,432,347,92488,0,4073
2025-12-20,1196740,28,2,11435,23770,35298,1575,70789,4037,1263,432,347,92604,0,4073
2025-12-21,1197860,28,2,11438,23772,35308,1575,70853,4037,1263,432,347,92713,0,4073
2025-12-22,1199280,28,2,11446,23792,35331,1576,70853,4037,1263,434,347,93166,0,4073
2025-12-23,1200370,28,2,11449,23796,35376,1579,71012,4037,1263,434,347,94197,0,4107
2025-12-24,1201230,28,2,11456,23801,35435,1579,71161,4037,1263,434,347,94797,0,4107
2025-12-25,1202070,28,2,11459,23804,35509,1579,71341,4037,1264,434,347,95334,0,4107
2025-12-26,1203310,28,2,11464,23823,35542,1579,71499,4037,1264,434,347,95539,0,4107
2025-12-27,1204510,28,2,11469,23831,35557,1581,71665,4037,1264,434,347,96227,0,4136
2025-12-28,1205690,28,2,11472,23837,35570,1581,71778,4038,1264,434,347,96532,0,4136
2025-12-29,1206910,28,2,11477,23841,35589,1582,71897,4039,1264,434,347,96932,0,4136
2025-12-30,1207910,28,2,11481,23845,35642,1586,72134,4043,1266,434,347,97684,0,4136
2025-12-31,1208970,28,2,11488,23849,35678,1587,72418,4043,1266,434,347,98453,0,4136
2026-01-01,1209880,28,2,11494,23851,35720,1589,72587,4043,1267,434,347,99043,0,4137
2026-01-02,1210630,28,2,11497,23855,35744,1590,72688,4043,1267,434,347,99582,0,4137
2026-01-03,1211530,28,2,11499,23855,35756,1590,72776,4043,1268,434,347,99860,0,4137
2026-01-04,1212520,28,2,11507,23857,35785,1592,72945,4044,1268,434,347,100564,0,4137
2026-01-05,1213460,28,2,11512,23863,35831,1593,73102,4044,1269,434,347,101443,0,4137
2026-01-06,1214500,28,2,11515,23865,35857,1595,73224,4045,1269,434,347,101849,0,4137
2026-01-07,1215900,28,2,11521,23874,35874,1596,73336,4045,1269,434,347,102074,0,4137
2026-01-08,1216930,28,2,11526,23882,35892,1596,73426,4045,1269,434,347,102761,0,4137
2026-01-09,1217810,28,2,11530,23882,35908,1597,73510,4047,1269,434,347,103414,0,4155
2026-01-10,1218940,28,2,11541,23885,35952,1598,73644,4047,1269,434,347,104068,0,4155
2026-01-11,1220000,28,2,11541,23892,35973,1598,73742,4050,1270,434,347,104421,0,4155
2026-01-12,1220950,28,2,11544,23899,36024,1600,73887,4050,1270,434,347,105354,0,4155
2026-01-13,1221940,28,2,11550,23902,36098,1603,74119,4050,1275,434,347,106428,0,4163
2026-01-14,1223090,28,2,11557,23904,36182,1611,74306,4050,1277,434,347,107357,0,4163
2026-01-15,1224460,28,2,11563,23908,36230,1614,74486,4052,1277,434,347,107884,0,4163
2026-01-16,1225590,28,2,11569,23914,36261,1615,74601,4052,1278,434,347,108605,0,4163
2026-01-17,1226420,28,2,11574,23919,36294,1616,74706,4052,1278,434,347,109450,0,4163
2026-01-18,1227440,28,2,11576,23922,36333,1617,74876,4053,1278,434,347,110215,0,4163
2026-01-19,1228570,28,2,11582,23928,36393,1618,75067,4056,1279,434,347,111140,0,4163
2026-01-20,1229740,28,2,11590,23938,36463,1621,75238,4057,1279,434,347,112159,0,4190
2026-01-21,1230810,28,2,11599,23943,36516,1623,75416,4057,1282,434,347,112828,0,4190
2026-01-22,1232090,28,2,11602,23946,36549,1623,75556,4058,1282,434,347,113277,0,4190
2026-01-23,1233020,28,2,11606,23949,36580,1623,75644,4058,1283,434,347,114049,0,4190
2026-01-24,1234040,28,2,11608,23950,36612,1624,75759,4058,1286,434,347,114896,0,4205
2026-01-25,1235060,28,2,11611,23951,36644,1626,75906,4059,1286,434,347,115813,0,4205
2026-01-26,1235880,28,2,11612,23954,36691,1628,76025,4059,1286,434,347,116712,0,4205
2026-01-27,1236570,28,2,11612,23958,36713,1629,76102,4061,1286,434,347,117724,0,4205
2026-01-28,1237400,28,2,11616,23965,36733,1629,76190,4061,1288,435,347,118679,0,4205
2026-01-29,1238710,28,2,11617,23969,36748,1631,76319,4062,1289,435,347,119234,0,4205
2026-01-30,1239590,28,2,11622,23977,36768,1632,76377,4062,1290,435,347,119928,0,4205
2026-01-31,1240680,28,2,11625,23980,36777,1632,76439,4062,1290,435,347,120134,0,4205
2026-02-01,1241530,28,2,11627,23981,36802,1633,76585,4064,1291,435,347,121217,0,4205
2026-02-02,1242290,28,2,11633,23985,36855,1633,76738,4065,1292,435,347,122388,0,4205
2026-02-03,1243070,28,2,11637,23992,36915,1634,76949,4069,1293,435,347,123743,0,4245
2026-02-04,1243840,28,2,11642,23996,36975,1636,77149,4069,1293,435,347,125094,0,4245
2026-02-05,1244560,28,2,11648,24007,37014,1637,77311,4070,1295,435,347,125920,0,4245
2026-02-06,1245290,28,2,11650,24009,37036,1637,77379,4071,1295,435,347,127081,0,4245
2026-02-07,1246330,28,2,11651,24010,37044,1637,77439,4076,1295,435,347,127549,0,4269
2026-02-08,1247580,28,2,11654,24013,37056,1637,77552,4076,1295,435,347,127962,0,4270
2026-02-09,1248560,28,2,11656,24018,37089,1637,77734,4077,1297,435,347,129160,0,4270
2026-02-10,1249380,28,2,11661,24020,37148,1638,77969,4077,1298,435,347,130711,0,4270
2026-02-11,1250150,28,2,11662,24025,37213,1641,78141,4077,1299,435,347,132153,0,4270
2026-02-12,1250950,28,2,11667,24028,37254,1642,78268,4077,1300,435,347,133392,0,4286
2026-02-13,1252020,29,2,11668,24031,37282,1645,78388,4078,1300,435,347,134306,0,4286
2026-02-14,1253270,29,2,11672,24037,37293,1648,78485,4078,1300,435,347,134858,0,4286
2026-02-15,1254450,29,2,11676,24042,37319,1648,78654,4078,1301,435,347,135459,0,4286
2026-02-16,1255340,29,2,11678,24045,37323,1648,78725,4078,1301,435,347,136073,0,4288
2026-02-17,1256080,29,2,11681,24051,37363,1648,78919,4079,1302,435,347,137924,0,4314
2026-02-18,1256910,29,2,11682,24054,37384,1649,79036,4079,1302,435,347,138330,0,4314
2026-02-19,1257880,29,2,11684,24060,37387,1649,79112,4080,1303,435,347,138881,0,4314
2026-02-20,1258890,29,2,11685,24063,37429,1651,79295,4080,1303,435,348,140408,0,4314
2026-02-21,1259780,29,2,11694,24069,37470,1652,79500,4080,1303,435,348,142113,0,4314
2026-02-22,1260500,29,2,11696,24082,37510,1654,79636,4080,1304,435,348,143878,0,4347
2026-02-23,1261420,29,2,11698,24086,37560,1654,79826,4081,1305,435,348,145571,0,4347
2026-02-24,1262490,29,2,11701,24091,37589,1655,79971,4082,1305,435,348,146457,0,4347
2026-02-25,1263850,29,2,11704,24091,37614,1659,80064,4082,1305,435,348,147138,0,4347
2026-02-26,1265130,29,2,11706,24097,37631,1659,80180,4082,1305,435,348,148021,0,4384
2026-02-27,1265900,29,2,11707,24102,37663,1661,80329,4082,1305,435,348,149637,0,4384
2026-02-28,1266770,29,2,11709,24108,37721,1662,80510,4082,1308,435,348,151359,0,4384
2026-03-01,1267730,29,2,11713,24111,37795,1665,80757,4083,1313,435,348,153169,0,4384
2026-03-02,1268520,30,2,11718,24131,37842,1665,80992,4083,1319,435,348,154698,0,4384
2026-03-03,1269500,30,2,11723,24135,37874,1667,81224,4085,1319,435,348,156431,0,4384
2026-03-04,1270400,30,2,11727,24142,37915,1667,81434,4086,1319,435,348,158381,0,4384
2026-03-05,1271350,30,2,11734,24148,37960,1669,81642,4087,1320,435,349,159990,0,4384
2026-03-06,1272360,30,2,11737,24151,38004,1670,81812,4087,1322,435,349,161858,0,4384
2026-03-07,1273290,30,2,11742,24157,38059,1673,82101,4090,1322,435,349,164416,0,4403
2026-03-08,1274040,31,2,11745,24167,38129,1675,82289,4090,1326,435,349,166640,0,4403
2026-03-09,1274990,31,2,11758,24174,38202,1679,82510,4094,1328,435,349,168809,0,4403
2026-03-10,1275980,31,2,11763,24177,38263,1680,82791,4095,1328,435,349,170966,0,4403
2026-03-11,1276760,31,2,11766,24197,38319,1681,83034,4095,1329,435,349,173068,0,4403
2026-03-12,1277620,31,2,11773,24202,38369,1685,83223,4095,1331,435,349,175139,0,4403
2026-03-13,1278430,31,2,11777,24212,38421,1686,83403,4095,1332,435,349,177286,0,4403
2026-03-14,1279170,32,2,11781,24213,38438,1686,83513,4096,1332,435,349,179270,0,4468
2026-03-15,1279930,33,2,11781,24215,38457,1687,83624,4098,1333,435,349,181153,0,4468
2026-03-16,1280860,33,2,11783,24218,38477,1688,83744,4098,1333,435,349,183144,0,4468
2026-03-17,1282570,33,2,11786,24229,38506,1688,83974,4098,1333,435,349,184333,0,4468
2026-03-18,1284090,33,2,11786,24233,38538,1691,84129,4099,1333,435,349,185724,0,4468
2026-03-19,1285700,33,2,11789,24254,38569,1691,84374,4103,1333,435,349,187204,0,4468
2026-03-20,1286940,33,2,11790,24262,38608,1691,84518,4103,1333,435,350,188985,0,4468
2026-03-21,1287880,33,2,11793,24263,38638,1694,84639,4105,1336,435,350,190870,0,4468
2026-03-22,1288850,33,2,11794,24268,38662,1695,84775,4105,1336,435,350,192869,0,4468
2026-03-23,1289740,33,2,11800,24271,38695,1696,84955,4105,1336,435,350,193892,0,4468
2026-03-24,1290960,33,2,11806,24274,38746,1696,85151,4105,1336,435,350,196351,0,4491
2026-03-25,1292170,33,2,11807,24278,38795,1698,85352,4107,1337,435,350,198389,0,4491
2026-03-26,1293170,33,2,11808,24287,38863,1700,85569,4107,1337,435,350,200611,0,4491
2026-03-27,1294470,33,2,11812,24297,38936,1707,85796,4112,1337,435,350,202112,0,4491
2026-03-28,1295830,33,2,11820,24313,39001,1707,85977,4112,1337,435,350,204060,0,4491
2026-03-29,1296700,33,2,11824,24317,39049,1708,86160,4112,1337,435,350,206531,0,4491
2026-03-30,1297670,33,2,11826,24324,39110,1709,86359,4112,1338,435,350,208827,0,4491
2026-03-31,1298730,33,2,11828,24327,39169,1712,86578,4112,1338,435,350,210896,0,4491
2026-04-01,1300030,33,2,11830,24334,39228,1713,86773,4112,1338,435,350,213393,0,4491
2026-04-02,1301260,33,2,11833,24340,39293,1713,86950,4114,1338,435,350,214629,0,4491
2026-04-03,1302370,33,2,11835,24344,39378,1716,87149,4114,1338,435,350,217016,0,4517
2026-04-04,1303550,33,2,11839,24350,39439,1719,87355,4117,1338,435,350,219443,0,4517
2026-04-05,1304490,33,2,11841,24360,39497,1719,87614,4117,1338,435,350,221396,0,4517
2026-04-06,1305470,33,2,11841,24364,39562,1722,87862,4120,1340,435,350,223341,0,4517
2026-04-07,1306500,33,2,11846,24368,39625,1723,88103,4122,1341,435,350,225301,0,4517
2026-04-08,1307540,33,2,11847,24370,39689,1724,88332,4124,1341,435,350,227539,0,4517
2026-04-09,1308670,33,2,11848,24375,39734,1724,88515,4124,1341,435,350,229771,0,4517
2026-04-10,1310110,33,2,11851,24381,39798,1726,88698,4126,1344,435,350,231785,0,4517
2026-04-11,1311180,33,2,11859,24384,39871,1727,88914,4126,1345,435,350,233866,0,4517
2026-04-12,1312140,33,2,11861,24386,39915,1728,89099,4128,1346,435,350,235394,0,4517
2026-04-13,1312960,33,2,11863,24389,39953,1732,89300,4128,1346,435,350,237853,0,4517
2026-04-14,1313970,33,2,11864,24390,40003,1736,89553,4130,1346,435,350,239241,0,4517
2026-04-15,1315070,33,2,11866,24391,40046,1738,89761,4131,1347,435,350,240598,0,4537
2026-04-16,1316070,33,2,11870,24400,40160,1739,90014,4134,1349,435,350,243008,0,4549
2026-04-17,1317150,33,2,11876,24410,40242,1743,90194,4134,1349,435,350,245112,0,4549
2026-04-18,1318220,33,2,11882,24420,40324,1748,90397,4136,1349,435,350,247131,0,4549
2026-04-19,1319270,33,2,11884,24422,40396,1748,90571,4137,1350,435,350,248558,0,4549
2026-04-20,1320310,33,2,11884,24429,40478,1749,90763,4137,1350,435,350,250463,0,4549
2026-04-21,1321450,33,2,11885,24436,40516,1749,90925,4137,1350,435,350,251489,0,4549
2026-04-22,1322550,33,2,11888,24441,40574,1752,91127,4139,1351,435,350,253430,0,4549
2026-04-23,1323460,33,2,11892,24445,40606,1753,91256,4139,1353,435,350,254605,0,4549
2026-04-24,1324690,33,2,11892,24458,40635,1753,91422,4141,1353,435,350,255862,0,4549
2026-04-25,1325650,33,2,11892,24463,40711,1753,91582,4141,1354,435,350,258091,0,4579
2026-04-26,1326460,33,2,11892,24467,40737,1753,91710,4141,1354,435,350,259219,0,4579
2026-04-27,1327640,33,2,11892,24483,40771,1755,91986,4146,1354,435,350,260258,0,4579
2026-04-28,1328820,33,2,11894,24486,40825,1755,92231,4151,1356,435,350,262033,0,4579
2026-04-29,1330290,33,2,11901,24493,40944,1756,92606,4153,1356,435,352,263360,0,4579
2026-04-30,1331710,33,2,11903,24496,41044,1757,93009,4153,1357,435,352,265284,0,4579
2026-05-01,1332950,33,2,11906,24500,41117,1763,93274,4154,1357,435,352,267589,0,4579
2026-05-02,1334030,33,2,11908,24503,41193,1765,93556,4154,1357,435,352,269813,12,4579
2026-05-03,1335150,33,2,11914,24507,41306,1767,93824,4171,1357,435,352,272062,23,4584
2026-05-04,1336120,33,2,11917,24510,41386,1770,94030,4173,1361,435,352,274030,26,4584
2026-05-05,1337170,33,2,11918,24515,41478,1775,94312,4173,1363,435,352,276061,38,4585
2026-05-06,1338060,33,2,11918,24521,41539,1776,94545,4175,1365,435,352,277912,42,4585
2026-05-07,1339190,33,2,11919,24538,41630,1778,94879,4176,1370,435,352,279729,50,4585
2026-05-08,1340270,33,2,11920,24541,41712,1780,95252,4176,1371,435,352,281208,57,4585
2026-05-09,1341110,33,2,11920,24544,41787,1782,95479,4179,1373,435,352,282697,68,4585
2026-05-10,1342030,33,2,11924,24551,41863,1783,95710,4181,1373,435,352,284254,77,4585
2026-05-11,1343050,33,2,11926,24553,41935,1785,95855,4182,1373,435,352,285506,79,4585
2026-05-12,1344180,33,2,11928,24554,41985,1786,96142,4184,1376,435,352,287359,81,4585
2026-05-13,1345240,33,2,11931,24557,42053,1787,96355,4186,1379,435,352,289678,87,4585
2026-05-14,1346390,33,2,11935,24569,42085,1788,96540,4187,1379,435,352,291458,94,4626
2026-05-15,1347620,33,2,11937,24574,42133,1788,96793,4194,1381,436,352,293323,103,4626
2026-05-16,1348790,33,2,11938,24578,42215,1790,97118,4199,1384,436,352,295454,116,4628
2026-05-17,1350010,33,2,11939,24583,42262,1792,97338,4203,1386,436,353,297057,121,4628
2026-05-18,1351150,33,2,11940,24584,42340,1792,97600,4205,1386,436,353,299199,132,4632
2026-05-19,1352070,33,2,11943,24586,42400,1795,97868,4209,1388,436,353,301072,138,4632
2026-05-20,1352980,33,2,11943,24591,42454,1797,98070,4210,1389,436,353,302787,142,4632
2026-05-21,1353860,33,2,11944,24594,42511,1798,98205,4210,1390,436,353,304659,146,4632
2026-05-22,1354810,33,2,11949,24599,42579,1799,98406,4215,1394,436,353,306478,150,4632
2026-05-23,1355920,33,2,11950,24603,42640,1800,98698,4219,1396,436,353,308321,157,4632
2026-05-24,1356940,33,2,11953,24608,42687,1802,99000,4221,1396,436,353,310245,171,4687
2026-05-25,1357950,33,2,11954,24615,42751,1804,99374,4224,1397,436,353,312035,181,4687
2026-05-26,1358950,33,2,11955,24618,42790,1805,99645,4227,1397,436,353,313342,191,4687
2026-05-27,1360110,33,2,11956,24625,42832,1806,99906,4230,1397,436,353,314902,198,4687
2026-05-28,1361070,33,2,11958,24636,42860,1808,100230,4230,1397,436,353,316652,202,4687
2026-05-29,1362500,33,2,11960,24643,42930,1813,100713,4234,1398,436,353,318433,206,4693
2026-05-30,1364060,33,2,11962,24657,42987,1819,101237,4237,1399,436,353,320327,225,4693
2026-05-31,1365470,33,2,11966,24659,43037,1820,101621,4239,1399,436,353,322179,234,4693
2026-06-01,1366910,33,2,11969,24666,43112,1821,102138,4241,1400,436,353,323762,248,4693
2026-06-02,1368040,33,2,11974,24673,43172,1826,102575,4245,1403,436,353,325615,254,4733
2026-06-03,1369340,33,2,11978,24676,43247,1830,102971,4248,1403,436,353,327726,268,4733
2026-06-04,1370890,33,2,11980,24684,43315,1832,103300,4250,1404,436,353,329772,282,4733
2026-06-05,1372270,33,2,11983,24696,43397,1837,103658,4253,1405,436,353,331818,291,4733
2026-06-06,1373620,33,2,11989,24700,43479,1844,104051,4257,1407,436,353,334063,301,4733
2026-06-07,1374950,33,2,11997,24705,43564,1847,104414,4259,1409,436,353,336224,313,4733
2026-06-08,1376320,33,2,12001,24710,43639,1851,104796,4263,1411,436,353,338327,320,4733
2026-06-09,1377510,33,2,12004,24717,43713,1857,105172,4267,1414,436,353,340531,325,4733
2026-06-10,1378820,33,2,12010,24727,43787,1859,105498,4277,1416,436,353,342651,334,4733
2026-06-11,1380120,33,2,12014,24728,43865,1861,105850,4280,1417,436,353,344869,342,4733
2026-06-12,1381430,33,2,12015,24739,43953,1865,106274,4287,1418,436,353,347033,354,4733
2026-06-13,1382870,33,2,12020,24753,44010,1868,106675,4288,1419,436,353,349165,367,4733
2026-06-14,1384190,33,2,12025,24763,44082,1870,107091,4296,1420,436,353,351479,370,4733
2026-06-15,1385420,33,2,12026,24768,44118,1872,107508,4300,1427,436,353,353541,373,4783
2026-06-16,1386680,33,2,12033,24775,44169,1874,107994,4303,1427,436,353,355593,383,4783
2026-06-17,1388050,33,2,12038,24779,44240,1877,108425,4306,1431,436,353,357589,390,4783
2026-06-18,1389420,33,2,12040,24783,44298,1881,108866,4309,1432,436,353,359557,394,4787
2026-06-19,1390660,33,2,12041,24787,44386,1883,109342,4314,1433,436,353,361803,401,4787
2026-06-20,1391950,33,2,12049,24797,44479,1885,109817,4316,1435,436,353,364149,409,4787
2026-06-21,1393140,33,2,12050,24805,44530,1886,110201,4321,1437,436,353,366164,418,4787
2026-06-22,1394530,33,2,12050,24812,44604,1887,110827,4329,1437,436,353,368015,425,4787
2026-06-23,1395790,33,2,12056,24816,44664,1889,111257,4333,1440,436,353,369888,432,4787
2026-06-24,1397060,33,2,12057,24818,44731,1893,111707,4339,1443,436,353,371882,434,4787
2026-06-25,1398370,33,2,12059,24823,44799,1896,112146,4348,1447,436,353,373660,435,4787
2026-06-26,1399720,33,2,12060,24835,44857,1899,112634,4353,1447,436,353,375611,446,4790
2026-06-27,1400970,33,2,12063,24844,44920,1901,113135,4360,1454,436,353,377500,460,4790
2026-06-28,1402200,33,2,12066,24845,44969,1901,113612,4366,1454,436,353,379224,470,4797
2026-06-29,1403550,33,2,12067,24851,45040,1901,114104,4368,1455,436,353,381176,483,4797
2026-06-30,1404760,33,2,12069,24856,45111,1903,114499,4369,1459,436,353,383067,488,4797
2026-07-01,1405900,33,2,12069,24861,45168,1910,114852,4376,1459,436,353,385190,497,4798
2026-07-02,1407150,33,2,12073,24863,45225,1912,115237,4380,1463,436,353,387342,515,4846
2026-07-03,1408340,33,2,12074,24869,45325,1913,115644,4385,1469,436,353,389110,521,4847
2026-07-04,1409630,33,2,12081,24878,45388,1916,116106,4385,1470,436,353,390738,527,4847
2026-07-05,1411050,33,2,12088,24894,45451,1917,116686,4389,1473,436,353,392717,539,4850
2026-07-06,1412250,33,2,12097,24899,45508,1917,117085,4394,1478,436,353,394846,554,4887
2026-07-07,1413510,33,2,12100,24903,45569,1918,117547,4398,1478,436,353,396920,559,4887
2026-07-08,1414820,33,2,12107,24906,45628,1922,117910,4402,1479,437,353,398763,563,4887
2026-07-09,1416280,33,2,12108,24912,45680,1923,118249,4402,1481,437,353,400631,571,4887
2026-07-10,1417770,33,2,12116,24922,45754,1924,118610,4402,1485,437,353,401925,574,4887
2026-07-11,1419090,33,2,12120,24928,45807,1928,119038,4407,1485,437,353,403959,589,4889
2026-07-12,1420690,33,2,12125,24931,45865,1929,119532,4412,1489,437,353,405693,600,4896
2026-07-13,1421810,33,2,12131,24932,45911,1931,119862,4416,1491,437,353,407201,611,4899
2026-07-14,1423280,34,2,12141,24938,45953,1936,120307,4420,1492,437,353,409204,613,4906
2026-07-15,1424620,34,2,12144,24940,46019,1936,120727,4420,1492,437,353,411005,625,4906
2026-07-16,1425990,34,2,12148,24946,46084,1943,121216,4424,1496,437,354,412884,638,4909
2026-07-17,1427410,34,2,12151,24956,46169,1946,121742,4428,1502,438,354,414798,649,4914
2026-07-18,1428930,34,2,12156,24963,46261,1950,122289,4430,1505,438,354,416656,662,4915
2026-07-19,1430530,34,2,12158,24971,46343,1953,122894,4433,1511,438,354,418425,671,4933
2026-07-20,1431900,34,2,12161,24978,46435,1955,123347,4441,1513,438,354,420290,676,4933
2026-07-21,1433230,34,2,12163,24982,46492,1958,123702,4450,1513,438,354,421900,687,4933
2026-07-22,1434690,34,2,12191,24994,46570,1961,124243,4453,1515,438,354,423588,700,4936
2026-07-23,1436100,34,2,12201,25000,46646,1968,124787,4454,1516,439,354,425240,712,4938
2026-07-24,1437550,34,2,12208,25011,46724,1968,125358,4462,1518,439,354,426836,729,4943
2026-07-25,1438990,34,2,12217,25019,46794,1969,125811,4465,1518,439,354,426836,737,4944
2026-07-26,1440580,34,2,12225,25032,46831,1969,126302,4472,1519,439,354,429555,744,4950
2026-07-27,1442140,34,2,12226,25038,46902,1970,126850,4476,1519,439,354,431310,760,4950
2026-07-28,1443450,34,2,12227,25044,46962,1973,127181,4478,1521,439,354,432778,769,4950
2026-07-29,1444810,34,2,12230,25049,47003,1976,127621,4480,1522,439,354,434140,777,4950
2026-07-30,1446150,34,2,12231,25056,47045,1976,128034,4483,1525,439,354,435665,787,5005
2026-07-31,1447620,34,2,12231,25060,47127,1980,128497,4484,1527,439,354,437503,803,5005
2026-08-01,1449120,34,2,12231,25070,47196,1988,128953,4486,1529,439,354,439291,814,5007
2026-08-02,1450510,34,2,12232,25075,47276,1996,129438,4492,1533,439,354,440948,818,5007
2026-08-03,1451750,34,2,12237,25079,47331,2000,129817,4492,1538,439,354,442740,830,5007
2026-08-04,1452880,34,2,12242,25084,47396,2002,130266,4495,1540,439,354,444455,840,5007
2026-08-05,1454210,34,2,12246,25087,47455,2006,130682,4496,1547,439,354,446266,844,5007
2026-08-06,1455420,34,2,12247,25098,47522,2008,131068,4502,1550,439,354,447855,858,5007
2026-08-07,1456610,35,2,12251,25099,47580,2009,131417,4504,1556,439,354,449606,868,5007
2026-08-08,1457740,35,2,12253,25103,47621,2013,131775,4505,1556,439,354,451248,877,5007
2026-08-09,1459210,35,2,12255,25116,47669,2019,132236,4511,1558,439,354,452994,887,5007
2026-08-10,1460400,35,2,12259,25120,47713,2020,132543,4514,1560,439,354,454572,896,5007
2026-08-11,1461660,35,2,12259,25127,47773,2022,132931,4516,1561,439,354,456339,909,5007
2026-08-12,1462970,35,2,12262,25130,47824,2023,133405,4522,1562,439,354,457973,921,5007
2026-08-13,1464440,35,2,12264,25141,47870,2024,133853,4524,1565,439,354,459649,935,5007
2026-08-14,1465810,35,2,12269,25144,47932,2026,134375,4528,1568,439,354,461484,947,5007
2026-08-15,1467320,35,2,12270,25151,48007,2034,134851,4535,1570,439,354,463404,963,5007
2026-08-16,1468760,35,2,12272,25155,48100,2037,135448,4540,1572,439,354,465497,979,5010
2026-08-17,1469970,35,2,12274,25162,48155,2040,135891,4547,1577,439,354,467459,998,5010
2026-08-18,1471160,35,2,12276,25162,48205,2043,136318,4548,1577,439,354,469197,1017,5010
2026-08-19,1472640,35,2,12283,25165,48261,2050,136818,4551,1577,439,354,470869,1027,5010
2026-08-20,1474030,35,2,12286,25170,48318,2052,137369,4559,1581,439,354,472849,1039,5049
2026-08-21,1475270,35,2,12292,25176,48382,2054,137804,4565,1584,439,354,474641,1050,5049
2026-08-22,1476580,35,2,12292,25202,48451,2054,138219,4569,1585,440,354,476566,1058,5052
2026-08-23,1478070,35,2,12293,25211,48519,2056,138773,4575,1586,440,354,478327,1074,5052
2026-08-24,1479300,35,2,12293,25220,48567,2058,139221,4582,1587,440,354,479882,1084,5052
2026-08-25,1480750,35,2,12300,25230,48641,2062,139754,4592,1588,440,354,481605,1093,5052
2026-08-26,1482150,35,2,12304,25237,48694,2065,140248,4602,1590,440,354,483367,1110,5052
2026-08-27,1483780,35,2,12307,25237,48749,2067,140741,4604,1593,440,354,485024,1126,5060
2026-08-28,1485200,35,2,12310,25241,48774,2070,141059,4608,1593,440,354,486384,1135,5060
2026-08-29,1486600,35,2,12311,25248,48833,2072,141453,4614,1594,440,354,488347,1141,5060
2026-08-30,1488200,35,2,12316,25255,48883,2079,141920,4621,1597,440,354,490402,1148,5060
2026-08-31,1489640,35,2,12320,25257,48954,2079,142332,4623,1597,440,354,492177,1158,5060
2026-09-01,1491030,35,2,12324,25263,49016,2081,142715,4625,1598,440,354,494146,1170,5070
2026-09-02,1492350,35,2,12324,25264,49085,2085,143150,4628,1600,441,355,496021,1182,5070
2026-09-03,1493790,35,2,12325,25272,49162,2088,143642,4636,1604,441,355,497911,1195,5070
2026-09-04,1495050,35,2,12328,25273,49227,2093,144043,4644,1604,441,355,499809,1208,5070
2026-09-05,1496440,35,2,12331,25278,49260,2096,144435,4644,1605,441,355,501244,1213,5070
2026-09-06,1497980,35,2,12332,25284,49311,2103,145026,4647,1609,441,355,502717,1222,5070
2026-09-07,1499390,35,2,12332,25285,49341,2104,145478,4647,1612,441,355,504309,1227,5070
2026-09-08,1500870,35,2,12338,25290,49383,2105,146008,4650,1613,441,355,506188,1240,5103
2026-09-09,1502390,35,2,12339,25305,49452,2107,146621,4650,1618,441,356,508205,1256,5103
2026-09-10,1503880,35,2,12341,25312,49516,2109,147211,4666,1622,441,356,510130,1279,5103
2026-09-11,1505380,35,2,12342,25322,49601,2115,147849,4676,1633,442,356,512175,1292,5103
2026-09-12,1506900,35,2,12344,25330,49678,2120,148259,4681,1635,442,356,514317,1309,5111
2026-09-13,1508600,35,2,12345,25331,49752,2127,148807,4683,1637,442,356,516441,1321,5111
2026-09-14,1510000,35,2,12345,25334,49793,2131,149183,4690,1638,442,356,518280,1332,5111
2026-09-15,1511530,35,2,12345,25339,49820,2132,149557,4692,1642,442,356,519069,1336,5111
2026-09-16,1513490,35,2,12346,25345,49863,2139,150018,4697,1645,442,356,520508,1350,5111
2026-09-17,1514910,35,2,12351,25352,49938,2142,150442,4701,1646,442,356,522316,1362,5111
2026-09-18,1516430,35,2,12352,25357,50011,2143,150922,4703,1657,442,356,524132,1378,5111
