{"type":"FeatureCollection","features":[{"type":"Feature","geometry":{"type":"Polygon","coordinates":[[[30.0753981,69.4526895,0],[30.0088057,69.4159167,0],[29.9704388,69.4078872,0],[29.942387,69.4052053,0],[29.9332626,69.40783,0],[29.9323035,69.412975,0],[29.9149352,69.4186794,0],[29.9014274,69.4178844,0],[29.8792182,69.4228173,0],[29.8618525,69.424103,0],[29.8420655,69.4205931,0],[29.8381493,69.4179169,0],[29.8255507,69.4138488,0],[29.8146937,69.411896,0],[29.8078152,69.4089871,0],[29.7969716,69.4064992,0],[29.7969655,69.4041195,0],[29.7879531,69.3975351,0],[29.7863865,69.3974318,0],[29.7787845,69.3980075,0],[29.7761021,69.395768,0],[29.7678803,69.3940185,0],[29.7580769,69.3939613,0],[29.7448211,69.3909512,0],[29.7225948,69.3890777,0],[29.7120377,69.3838165,0],[29.7139184,69.3791349,0],[29.7137233,69.3781389,0],[29.7089573,69.3771141,0],[29.7032478,69.3753863,0],[29.6980748,69.3718923,0],[29.6966729,69.3693489,0],[29.6977051,69.3646315,0],[29.6437778,69.3475283,0],[29.5729703,69.318543,0],[29.5485969,69.3162153,0],[29.5346871,69.3179513,0],[29.5259954,69.3285747,0],[29.4999595,69.3253631,0],[29.4854183,69.3219837,0],[29.4162215,69.3185919,0],[29.4006043,69.3215196,0],[29.3960143,69.3238563,0],[29.3858404,69.3211675,0],[29.3825766,69.3188116,0],[29.3725316,69.3166151,0],[29.3667781,69.3135555,0],[29.3466503,69.3090786,0],[29.3359252,69.3076784,0],[29.3213901,69.3023436,0],[29.286111,69.2941056,0],[29.2822702,69.2810143,0],[29.2769712,69.2769822,0],[29.2765823,69.2587142,0],[29.2883446,69.2461482,0],[29.3133608,69.237564,0],[29.3134824,69.2285086,0],[29.3030181,69.2213381,0],[29.3002128,69.2157051,0],[29.3032667,69.2116134,0],[29.305598,69.21055,0],[29.3046498,69.2092494,0],[29.3035079,69.2088968,0],[29.3001292,69.2082529,0],[29.2968883,69.20746,0],[29.2938033,69.2065451,0],[29.292562,69.2041373,0],[29.2958722,69.1980393,0],[29.2958839,69.196774,0],[29.2954522,69.1960266,0],[29.2902703,69.1927505,0],[29.2902571,69.191907,0],[29.2941352,69.1880607,0],[29.2949147,69.1869348,0],[29.2946184,69.1851926,0],[29.2861241,69.1758164,0],[29.2705208,69.1653106,0],[29.2674461,69.1642038,0],[29.262405,69.1633149,0],[29.2569054,69.1629832,0],[29.2521044,69.1625564,0],[29.2500984,69.1621445,0],[29.2485998,69.1614924,0],[29.2491272,69.1605735,0],[29.2516974,69.1593409,0],[29.2546196,69.1572123,0],[29.2565805,69.1562296,0],[29.257691,69.1550826,0],[29.2581231,69.1544417,0],[29.257912,69.1534772,0],[29.2528111,69.1512649,0],[29.2479313,69.1477601,0],[29.2428546,69.1420944,0],[29.2395107,69.1374109,0],[29.2394989,69.1360277,0],[29.2421683,69.1335278,0],[29.2441504,69.129516,0],[29.2425764,69.1271359,0],[29.2394178,69.1250885,0],[29.2359772,69.1250443,0],[29.2323281,69.1240105,0],[29.2322806,69.1208435,0],[29.2360561,69.1198068,0],[29.2384467,69.1168846,0],[29.2422418,69.1130616,0],[29.1613799,69.0667655,0],[29.1423685,69.0630853,0],[29.0944834,69.0395236,0],[29.0566586,69.0152867,0],[29.0567209,69.0152217,0],[29.0414962,69.0108279,0],[29.0199089,69.0251835,0],[28.9288585,69.0516934,0],[28.4952605,68.9299283,0],[28.4163134,68.9150713,0],[28.4686224,68.8852791,0],[28.6613129,68.8863677,0],[28.8008692,68.8693929,0],[28.7073846,68.7325126,0],[28.433955,68.5393844,0],[28.6468858,68.1966147,0],[32.1565027,69.8148075,0],[31.9075214,70.0468876,0],[30.8058116,69.7997362,0],[30.8220024,69.787799,0],[30.8315196,69.7818655,0],[30.8427888,69.7776949,0],[30.8398079,69.7759878,0],[30.8398742,69.772634,0],[30.8530462,69.7696185,0],[30.8907139,69.7372943,0],[30.8907497,69.7197502,0],[30.8745613,69.71595,0],[30.9441257,69.6838115,0],[30.9470064,69.6741002,0],[30.928412,69.6737901,0],[30.9238973,69.6690658,0],[30.9350932,69.6470308,0],[30.9527341,69.6379776,0],[30.9389339,69.5607974,0],[30.8183752,69.5287561,0],[30.8038362,69.5287649,0],[30.787501,69.532412,0],[30.744553,69.5328536,0],[30.7089714,69.536579,0],[30.6641697,69.5406852,0],[30.5661145,69.5420838,0],[30.5159268,69.5404238,0],[30.5075031,69.5479564,0],[30.4176848,69.5899164,0],[30.2239841,69.653121,0],[30.1516222,69.6693727,0],[30.1119285,69.6637447,0],[30.0852825,69.6581048,0],[30.0912536,69.6428378,0],[30.1378344,69.6432727,0],[30.1492844,69.6265959,0],[30.1525601,69.6094271,0],[30.154283,69.6078979,0],[30.1581407,69.6070257,0],[30.188384,69.5684577,0],[30.1713839,69.5335609,0],[30.14966,69.5307332,0],[30.1477815,69.5295961,0],[30.1432053,69.526399,0],[30.1400953,69.5253953,0],[30.1289723,69.5222837,0],[30.116757,69.4986917,0],[30.1178444,69.4888156,0],[30.1121664,69.4797986,0],[30.1172427,69.4698919,0],[30.0753981,69.4526895,0]]]},"properties":{"name":"Окупована область Петсамо\n///\nOccupied Petsamo\n","styleUrl":"#poly-FF5252-1200-77","styleHash":"-58df80","styleMapHash":{"normal":"#poly-FF5252-1200-77-normal","highlight":"#poly-FF5252-1200-77-highlight"},"description":"Окупована в 1945.<br>///<br>Occupied in 1945.","stroke-opacity":1,"stroke":"#ff5252","stroke-width":1.2,"fill-opacity":0.30196078431372547,"fill":"#ff5252"}},{"type":"Feature","geometry":{"type":"Polygon","coordinates":[[[29.8626099,67.4917475,0],[29.8402806,67.4792108,0],[29.7679844,67.4283222,0],[29.7531271,67.4193572,0],[29.7145179,67.3980518,0],[29.7197824,67.3928478,0],[29.6911771,67.3823307,0],[29.6758866,67.3723171,0],[29.6596844,67.370087,0],[29.6502237,67.3639494,0],[29.6520298,67.3603535,0],[29.6419496,67.3539314,0],[29.6334887,67.353762,0],[29.622396,67.3512965,0],[29.6185738,67.3455676,0],[29.6468815,67.340853,0],[29.6452366,67.3357232,0],[29.6183278,67.3290573,0],[29.6141565,67.3257216,0],[29.5856384,67.3298767,0],[29.5785925,67.3232162,0],[29.5692374,67.321607,0],[29.5655918,67.3185516,0],[29.5809365,67.3153028,0],[29.5704124,67.310766,0],[29.5558829,67.3120727,0],[29.539982,67.3078158,0],[29.5247959,67.3104801,0],[29.5055062,67.2851912,0],[29.5170489,67.2803271,0],[29.3610025,67.1778238,0],[29.0702845,66.9929089,0],[29.0415481,66.9616059,0],[29.0341952,66.9430671,0],[29.0338048,66.9240573,0],[29.0603782,66.8543007,0],[29.1208937,66.8018944,0],[29.5218717,66.4946758,0],[29.6978593,66.2770923,0],[29.9241563,66.1267275,0],[30.0246626,65.9666321,0],[30.0913032,65.8388263,0],[30.1386414,65.669023,0],[30.7164823,65.7583411,0],[30.7232627,65.8286439,0],[30.6509321,65.8899947,0],[30.6256104,65.9268306,0],[30.5782035,65.9692594,0],[30.4980611,66.0560771,0],[30.4973466,66.2287379,0],[30.3396635,66.3612194,0],[30.3080394,66.5480285,0],[30.5950562,66.6619906,0],[30.5071214,66.6954411,0],[30.726482,67.0334813,0],[30.0171802,67.6735867,0],[29.9301889,67.5223099,0],[29.8626099,67.4917475,0]]]},"properties":{"name":"Окупована область Салла\n///\nOccupied Salla\n","styleUrl":"#poly-FF5252-1200-77","styleHash":"-58df80","styleMapHash":{"normal":"#poly-FF5252-1200-77-normal","highlight":"#poly-FF5252-1200-77-highlight"},"description":"Окупована в 1945.<br>///<br>Occupied in 1945.","stroke-opacity":1,"stroke":"#ff5252","stroke-width":1.2,"fill-opacity":0.30196078431372547,"fill":"#ff5252"}},{"type":"Feature","geometry":{"type":"Polygon","coordinates":[[[28.258926,59.5210637,0],[28.2594813,59.5246361,0],[28.2516236,59.5345626,0],[28.2496391,59.5421627,0],[28.2461607,59.5497049,0],[28.2365158,59.5554147,0],[28.2240419,59.5593093,0],[28.1980341,59.5766658,0],[28.1968201,59.5856453,0],[28.0790107,59.584045,0],[28.0657043,59.5398521,0],[28.0329238,59.4797703,0],[28.041734,59.4717535,0],[28.0457047,59.4665662,0],[28.054897,59.4630124,0],[28.082544,59.4592306,0],[28.1199509,59.440644,0],[28.1313561,59.4311549,0],[28.138335,59.4195118,0],[28.1645595,59.4113759,0],[28.1922532,59.3997906,0],[28.2088962,59.3819682,0],[28.2030101,59.3749257,0],[28.209745,59.3711315,0],[28.2094637,59.3690596,0],[28.2069197,59.3679582,0],[28.2059053,59.3667078,0],[28.2060847,59.3644644,0],[28.1991361,59.361287,0],[28.1993524,59.3603327,0],[28.200705,59.3582151,0],[28.1997502,59.35685,0],[28.1974702,59.3551612,0],[28.1909226,59.3525667,0],[28.1922728,59.3462959,0],[28.1686073,59.3343962,0],[28.1362811,59.2940611,0],[28.0260068,59.2871277,0],[27.9983629,59.2765356,0],[27.9795696,59.2728165,0],[27.9626218,59.2735001,0],[27.954235,59.270465,0],[27.9460936,59.2640788,0],[27.9378645,59.2615082,0],[27.9329032,59.2582303,0],[27.9219263,59.2540905,0],[27.9088928,59.2433684,0],[27.9024213,59.2398797,0],[27.9048532,59.2362049,0],[27.9000601,59.226465,0],[27.8945752,59.2170291,0],[27.9016186,59.2090176,0],[27.8901183,59.1934098,0],[27.8906341,59.1854502,0],[27.8700108,59.169862,0],[27.8663989,59.1625075,0],[27.844423,59.1536377,0],[27.8339482,59.1466148,0],[27.8253246,59.1414389,0],[27.8196106,59.1339128,0],[27.8080004,59.1294462,0],[27.8039141,59.1199017,0],[27.8044457,59.1117812,0],[27.8096031,59.1086022,0],[27.8094348,59.1067041,0],[27.8075481,59.1053143,0],[27.8005974,59.1037041,0],[27.7882973,59.0917746,0],[27.7891017,59.0858549,0],[27.7894176,59.080955,0],[27.7923218,59.0785935,0],[27.7912845,59.0729136,0],[27.7923964,59.0699412,0],[27.7791744,59.0643212,0],[27.7732769,59.0582386,0],[27.7717027,59.0522852,0],[27.775894,59.0458658,0],[27.7675176,59.0327652,0],[27.7514164,59.0309697,0],[27.7456828,59.0280799,0],[27.7442773,59.0249129,0],[27.7446911,59.01741,0],[27.7394055,59.0091523,0],[27.7444034,58.9932209,0],[27.7296635,58.9866622,0],[27.9202349,59.0215707,0],[28.0425431,59.0185367,0],[28.2112576,59.0811533,0],[28.5438212,59.2041969,0],[28.5442212,59.2063926,0],[28.5439058,59.2072245,0],[28.5438761,59.2077459,0],[28.5467331,59.2096255,0],[28.5486705,59.2118465,0],[28.5535751,59.213213,0],[28.5575479,59.2154622,0],[28.5576831,59.2157874,0],[28.5573527,59.2160423,0],[28.5548037,59.2170794,0],[28.5543924,59.2179773,0],[28.5547827,59.2193941,0],[28.557077,59.2216505,0],[28.557224,59.2221993,0],[28.5587203,59.2239115,0],[28.5587091,59.2244371,0],[28.5606616,59.2260152,0],[28.5608976,59.2266021,0],[28.5591173,59.2281935,0],[28.558134,59.2336158,0],[28.5463818,59.2358555,0],[28.5475072,59.2388414,0],[28.5467972,59.2400058,0],[28.5485983,59.251091,0],[28.5537425,59.2593014,0],[28.5640354,59.2726463,0],[28.5653057,59.2763071,0],[28.5672022,59.2776428,0],[28.5672186,59.2780557,0],[28.5699123,59.2803284,0],[28.5710725,59.280851,0],[28.5732642,59.2825098,0],[28.5752013,59.2831529,0],[28.5767582,59.2834089,0],[28.581846,59.283044,0],[28.5821941,59.2833007,0],[28.5840918,59.2832002,0],[28.5850119,59.2833282,0],[28.5861226,59.2843293,0],[28.5891593,59.2844462,0],[28.5912844,59.2841539,0],[28.5924877,59.2841831,0],[28.5969116,59.2859729,0],[28.598335,59.2860672,0],[28.59852,59.2869144,0],[28.600542,59.2880937,0],[28.6012387,59.289115,0],[28.6020529,59.2903355,0],[28.601913,59.2910388,0],[28.6003139,59.2921804,0],[28.6008922,59.2934554,0],[28.6034209,59.2965392,0],[28.6031404,59.2973469,0],[28.6023448,59.2976945,0],[28.5990799,59.2981925,0],[28.5990981,59.2986904,0],[28.5995455,59.2992103,0],[28.6030581,59.2994612,0],[28.6081402,59.3015601,0],[28.6133709,59.3061739,0],[28.62075,59.3064653,0],[28.6191611,59.3072464,0],[28.6065657,59.3081482,0],[28.5960776,59.3172776,0],[28.5950314,59.3229014,0],[28.6059878,59.3295055,0],[28.6109096,59.3372836,0],[28.6197274,59.3407566,0],[28.6224327,59.3469158,0],[28.6268183,59.3522327,0],[28.6251197,59.3562172,0],[28.6088403,59.3596399,0],[28.5975608,59.358436,0],[28.5798019,59.3641531,0],[28.5814502,59.368282,0],[28.5845759,59.3695858,0],[28.5861887,59.3733721,0],[28.5916477,59.3764833,0],[28.5932118,59.3791639,0],[28.6003753,59.3802828,0],[28.6008851,59.3823896,0],[28.5990728,59.3832813,0],[28.5873751,59.3834484,0],[28.583894,59.386668,0],[28.5774518,59.389732,0],[28.5807922,59.3977327,0],[28.5733993,59.4057356,0],[28.5680553,59.4095082,0],[28.5605426,59.4114623,0],[28.5464597,59.4111337,0],[28.5376054,59.4091653,0],[28.5324288,59.4060575,0],[28.52817,59.4049959,0],[28.5260806,59.4063376,0],[28.5255095,59.4105065,0],[28.5104642,59.4186717,0],[28.4991079,59.4192389,0],[28.4942744,59.4201549,0],[28.4866123,59.4259173,0],[28.4821012,59.4273129,0],[28.4674306,59.4274517,0],[28.4538117,59.4286999,0],[28.4365856,59.4232707,0],[28.4271937,59.4227154,0],[28.4108079,59.4280671,0],[28.3984591,59.4300379,0],[28.3912692,59.4288269,0],[28.3779208,59.4215978,0],[28.3677029,59.4199725,0],[28.3587802,59.422494,0],[28.3532932,59.4231706,0],[28.3464318,59.4194584,0],[28.3404295,59.4189772,0],[28.3340976,59.420589,0],[28.3238833,59.4252052,0],[28.3085111,59.432215,0],[28.305829,59.438403,0],[28.3078493,59.4444056,0],[28.3077722,59.4486431,0],[28.3038421,59.4513596,0],[28.2949509,59.4530417,0],[28.2821445,59.4574543,0],[28.2680286,59.4650595,0],[28.265892,59.4687505,0],[28.2611039,59.4727313,0],[28.255647,59.4826089,0],[28.2503978,59.4849712,0],[28.2411001,59.4833324,0],[28.2356376,59.4841515,0],[28.2344116,59.4866177,0],[28.2411916,59.4931196,0],[28.2487461,59.4984881,0],[28.2501244,59.5029714,0],[28.2453874,59.5053505,0],[28.2451831,59.5077567,0],[28.2490661,59.5087797,0],[28.2529253,59.5111311,0],[28.258926,59.5210637,0]]]},"properties":{"name":"Окуповані у Естонії території.\n///\noccupied Estonia territories.\n","styleUrl":"#poly-FF5252-1200-77","styleHash":"-58df80","styleMapHash":{"normal":"#poly-FF5252-1200-77-normal","highlight":"#poly-FF5252-1200-77-highlight"},"description":"Окуповано в 1939 за результатами пакту Молотова-Рібентроппа..<br>///<br>Occupied in 1939 in a result of Molotov-Ribbentrop Pact.","stroke-opacity":1,"stroke":"#ff5252","stroke-width":1.2,"fill-opacity":0.30196078431372547,"fill":"#ff5252"}},{"type":"Feature","geometry":{"type":"Polygon","coordinates":[[[28.0275586,57.8657713,0],[27.9191043,57.9611882,0],[27.6359761,58.0999602,0],[27.6066591,58.0534034,0],[27.6213215,58.0048419,0],[27.6444657,58.0002739,0],[27.6541289,57.9946147,0],[27.6575274,57.9976603,0],[27.652171,57.9985111,0],[27.6515176,58.0012768,0],[27.6560476,58.004169,0],[27.653608,58.009407,0],[27.6456403,58.0138802,0],[27.6537396,58.0205521,0],[27.6609074,58.0168945,0],[27.6682447,58.0092356,0],[27.6777646,58.0085586,0],[27.6930215,58.0041114,0],[27.6991542,57.9995825,0],[27.6960488,57.9959774,0],[27.6956923,57.9886434,0],[27.6791957,57.9747028,0],[27.6812218,57.9708499,0],[27.686631,57.9705075,0],[27.6844878,57.9588738,0],[27.6623504,57.9578221,0],[27.6568729,57.9551717,0],[27.6709819,57.9467761,0],[27.6683873,57.9424826,0],[27.6817566,57.935365,0],[27.681792,57.9238532,0],[27.7090878,57.9230724,0],[27.717156,57.9210127,0],[27.716816,57.9128849,0],[27.6962299,57.9068399,0],[27.7058678,57.9016826,0],[27.7272445,57.9060945,0],[27.7555272,57.9019415,0],[27.7599895,57.8951854,0],[27.7690831,57.8938962,0],[27.7888994,57.8998905,0],[27.8166111,57.8963977,0],[27.8191618,57.8905071,0],[27.8149217,57.8821049,0],[27.8086272,57.8730634,0],[27.8159511,57.862101,0],[27.7939903,57.851486,0],[27.7776958,57.8342414,0],[27.7596988,57.8346972,0],[27.7333247,57.8290229,0],[27.7061951,57.8426211,0],[27.6842085,57.8350561,0],[27.661018,57.8394575,0],[27.6238111,57.8401824,0],[27.5813722,57.8325952,0],[27.5554122,57.831862,0],[27.5448912,57.8171492,0],[27.5367706,57.8068215,0],[27.5370115,57.7945737,0],[27.5220458,57.7891018,0],[27.515247,57.7931017,0],[27.5017534,57.7857553,0],[27.5128754,57.7756362,0],[27.5083418,57.7634507,0],[27.5277635,57.7570243,0],[27.5281514,57.7401454,0],[27.5461296,57.7330385,0],[27.5266878,57.7305112,0],[27.5242008,57.7210571,0],[27.5209467,57.7160813,0],[27.5247841,57.7096182,0],[27.498579,57.7070041,0],[27.4885606,57.7209414,0],[27.471612,57.7178203,0],[27.4703363,57.7104754,0],[27.4621215,57.7078864,0],[27.4498151,57.7177233,0],[27.4304693,57.7094041,0],[27.4267994,57.7002821,0],[27.4125938,57.700196,0],[27.4013588,57.6862624,0],[27.3898782,57.6859163,0],[27.3926489,57.6781723,0],[27.3844327,57.6775868,0],[27.3707483,57.666684,0],[27.3783983,57.6659923,0],[27.3785932,57.6591002,0],[27.3844756,57.6556005,0],[27.3777036,57.6484178,0],[27.3813247,57.6478302,0],[27.3810145,57.6433491,0],[27.3855954,57.642268,0],[27.3891458,57.6384305,0],[27.39768,57.6368628,0],[27.4016989,57.6289522,0],[27.3970359,57.6221398,0],[27.3921763,57.6210164,0],[27.391727,57.6169336,0],[27.4045517,57.6161228,0],[27.4047944,57.6122974,0],[27.3841752,57.6036738,0],[27.3826128,57.6007955,0],[27.3801758,57.5988099,0],[27.3659464,57.6010447,0],[27.3568876,57.5990741,0],[27.3389818,57.5901374,0],[27.3372996,57.5858918,0],[27.331487,57.5827571,0],[27.3287237,57.5819053,0],[27.3248923,57.5793587,0],[27.3233672,57.5753751,0],[27.3261536,57.5734824,0],[27.3269201,57.5719983,0],[27.3282813,57.5711472,0],[27.3299738,57.5707338,0],[27.3312989,57.5693549,0],[27.3300787,57.5685144,0],[27.330575,57.5669374,0],[27.3327694,57.5653023,0],[27.3302918,57.5634129,0],[27.3299717,57.5608772,0],[27.3303614,57.5596269,0],[27.3325999,57.5595665,0],[27.335403,57.5592383,0],[27.3359451,57.5584898,0],[27.3347979,57.5567166,0],[27.3365375,57.5562092,0],[27.3376133,57.5533292,0],[27.3366752,57.5530948,0],[27.336258,57.5510605,0],[27.3379985,57.5500311,0],[27.3355142,57.5484558,0],[27.3364681,57.5472393,0],[27.3364018,57.54605,0],[27.3386725,57.5453754,0],[27.340038,57.5456844,0],[27.3407948,57.5455194,0],[27.3399912,57.5446827,0],[27.340787,57.5441148,0],[27.3424646,57.5443609,0],[27.3424293,57.5433789,0],[27.3434745,57.543027,0],[27.3430759,57.5420469,0],[27.344253,57.5412844,0],[27.3435172,57.5396672,0],[27.344964,57.5390125,0],[27.3442528,57.537611,0],[27.3462634,57.5363283,0],[27.3475379,57.536435,0],[27.3475122,57.535727,0],[27.3490912,57.5350942,0],[27.348301,57.5324921,0],[27.3494673,57.5309736,0],[27.3459636,57.5298718,0],[27.3475392,57.5287742,0],[27.3503471,57.5284221,0],[27.3497834,57.5255982,0],[27.3531189,57.5254803,0],[27.3513788,57.5230327,0],[27.3525332,57.5217323,0],[27.3515808,57.5182099,0],[27.3678281,57.5268574,0],[27.3652614,57.5300719,0],[27.369656,57.5338278,0],[27.3748396,57.5354884,0],[27.3804857,57.535354,0],[27.3827836,57.5329483,0],[27.385768,57.5323855,0],[27.3892472,57.529463,0],[27.3943168,57.5284559,0],[27.3936194,57.5267702,0],[27.3982105,57.5253169,0],[27.4097109,57.5251934,0],[27.4150512,57.5227069,0],[27.4266998,57.5248976,0],[27.4295217,57.5268395,0],[27.4330824,57.5257225,0],[27.4439626,57.5318716,0],[27.4523214,57.5320018,0],[27.4607138,57.5287825,0],[27.4690203,57.5293187,0],[27.4721578,57.5306905,0],[27.4712661,57.5318443,0],[27.469311,57.5324585,0],[27.4688341,57.5347812,0],[27.4751233,57.5354791,0],[27.4785177,57.5355617,0],[27.4808003,57.535197,0],[27.4880691,57.5354575,0],[27.4928661,57.5381896,0],[27.4984262,57.5384472,0],[27.5006209,57.5403442,0],[27.5567187,57.5378121,0],[27.5926461,57.5468675,0],[27.5934333,57.5492959,0],[27.5917314,57.549744,0],[27.5931341,57.5509625,0],[27.5918195,57.551143,0],[27.5918512,57.5517804,0],[27.5946613,57.5514432,0],[27.5961618,57.5519661,0],[27.5958392,57.5531141,0],[27.5946582,57.5536174,0],[27.5948712,57.5542096,0],[27.6013889,57.5563018,0],[27.603782,57.5579076,0],[27.6035902,57.5597382,0],[27.6016614,57.5602687,0],[27.6067314,57.5620663,0],[27.6100055,57.5614256,0],[27.6112326,57.5624462,0],[27.6095674,57.5653168,0],[27.6133531,57.5659327,0],[27.6174912,57.5653232,0],[27.6210361,57.5663251,0],[27.6212045,57.5657787,0],[27.6238299,57.5666478,0],[27.6250606,57.5663259,0],[27.6256689,57.5664527,0],[27.6271888,57.5677435,0],[27.6340046,57.5658135,0],[27.63562,57.5664644,0],[27.6415968,57.5650034,0],[27.6444532,57.5665924,0],[27.6487927,57.5669157,0],[27.6502644,57.5709682,0],[27.6550957,57.5699586,0],[27.6561757,57.5706088,0],[27.6592241,57.5704091,0],[27.661414,57.569542,0],[27.668798,57.5706153,0],[27.6716353,57.5703224,0],[27.6726753,57.5713014,0],[27.6711504,57.5722469,0],[27.6746242,57.5734932,0],[27.6769367,57.5724878,0],[27.6781287,57.5736066,0],[27.6765648,57.5748318,0],[27.6784652,57.575893,0],[27.6802492,57.5745246,0],[27.6812608,57.5757793,0],[27.6799365,57.5765861,0],[27.6816777,57.5774659,0],[27.6804024,57.5785924,0],[27.6830217,57.5784967,0],[27.6846576,57.5809731,0],[27.6841565,57.5835323,0],[27.6902966,57.5838323,0],[27.6918017,57.582982,0],[27.6932672,57.5837198,0],[27.6946532,57.5837692,0],[27.6965901,57.582586,0],[27.6994344,57.583347,0],[27.6999749,57.5846845,0],[27.706418,57.5836756,0],[27.7077305,57.5842297,0],[27.705996,57.585474,0],[27.7038574,57.585593,0],[27.7032894,57.5871729,0],[27.7065758,57.5898015,0],[27.7087163,57.5896927,0],[27.7125733,57.5880197,0],[27.718399,57.58955,0],[27.7279899,57.5876415,0],[27.7289091,57.5899877,0],[27.736952,57.5870894,0],[27.7394154,57.5815453,0],[27.7459978,57.579682,0],[27.7464597,57.5763924,0],[27.7505262,57.5748516,0],[27.7485655,57.5732439,0],[27.7502097,57.571452,0],[27.7517814,57.5724709,0],[27.7554397,57.5713788,0],[27.7552888,57.569655,0],[27.7576894,57.5696863,0],[27.7780768,57.5882037,0],[27.7864112,57.6189092,0],[27.8889892,57.6611916,0],[27.9226844,57.6854831,0],[28.0113916,57.7313762,0],[28.0175769,57.7509147,0],[28.0392316,57.7761787,0],[28.0275586,57.8657713,0]]]},"properties":{"name":"Окупований Печорський район (Саатсеський чобіт).\n///\nOccupied Pechorsky district (Saaste Boot).\n","styleUrl":"#poly-FF5252-1200-77","styleHash":"-58df80","styleMapHash":{"normal":"#poly-FF5252-1200-77-normal","highlight":"#poly-FF5252-1200-77-highlight"},"description":"Окуповано в 1939 за результатами пакту Молотова-Рібентроппа..<br>///<br>Occupied in 1939 in a result of Molotov-Ribbentrop Pact.","stroke-opacity":1,"stroke":"#ff5252","stroke-width":1.2,"fill-opacity":0.30196078431372547,"fill":"#ff5252"}},{"type":"Feature","geometry":{"type":"Polygon","coordinates":[[[27.5926461,57.5468675,0],[27.5567187,57.5378121,0],[27.5471483,57.5193668,0],[27.5552593,57.5195405,0],[27.5661566,57.5149107,0],[27.5676939,57.5104459,0],[27.5566964,57.4985688,0],[27.5470715,57.4593253,0],[27.5366663,57.461108,0],[27.5159081,57.4244565,0],[27.5184713,57.4244506,0],[27.5270858,57.4260041,0],[27.5570778,57.415736,0],[27.5605006,57.4110068,0],[27.5810723,57.4160407,0],[27.5938888,57.4171405,0],[27.6035551,57.4155502,0],[27.6240787,57.4016456,0],[27.6696061,57.3952455,0],[27.6831202,57.3735289,0],[27.7219423,57.3611355,0],[27.7526378,57.3570877,0],[27.7563947,57.3508671,0],[27.7796761,57.3436063,0],[27.7731106,57.3300213,0],[27.7825087,57.3200507,0],[27.8169163,57.3243867,0],[27.8263325,57.3221213,0],[27.8427469,57.3109164,0],[27.8467277,57.3033391,0],[27.8582527,57.3024367,0],[27.8670293,57.2967112,0],[27.8689953,57.2805826,0],[27.8620364,57.2759587,0],[27.8597934,57.2626295,0],[27.8674989,57.2545396,0],[27.8674619,57.244492,0],[27.8592055,57.2449318,0],[27.838601,57.2209379,0],[27.8416838,57.2114135,0],[27.825548,57.2005442,0],[27.8301817,57.1993081,0],[27.8258946,57.1928865,0],[27.8265435,57.1637789,0],[27.8225709,57.1580901,0],[27.8203158,57.1518893,0],[27.8174958,57.1426299,0],[27.7994215,57.1397103,0],[27.7885608,57.13297,0],[27.7844354,57.1329484,0],[27.783142,57.1353951,0],[27.7815051,57.1354197,0],[27.7786614,57.1341643,0],[27.7753028,57.1335609,0],[27.7737126,57.1343144,0],[27.7679945,57.1319583,0],[27.757899,57.1310926,0],[27.7524714,57.126659,0],[27.7477962,57.1270153,0],[27.7475448,57.1226964,0],[27.73454,57.1186418,0],[27.7339627,57.1112805,0],[27.7520365,57.1070172,0],[27.7452396,57.1016228,0],[27.7375832,57.1031278,0],[27.73463,57.1013825,0],[27.7220278,57.1005946,0],[27.7211983,57.1035877,0],[27.7195389,57.1037931,0],[27.7151922,57.0978625,0],[27.7186887,57.0935536,0],[27.7395863,57.0916513,0],[27.7460192,57.0832769,0],[27.7655778,57.0867677,0],[27.7693199,57.0837605,0],[27.7439214,57.0687802,0],[27.7474457,57.0519711,0],[27.7358616,57.0467377,0],[27.7284858,57.0377609,0],[27.7291859,57.0276481,0],[27.7148006,57.0076019,0],[27.7172736,57.0028333,0],[27.7318284,57.0015239,0],[27.7695203,57.0055625,0],[27.7433303,56.9558363,0],[27.7382928,56.9203326,0],[27.7197515,56.913288,0],[27.7073997,56.9120682,0],[27.6867814,56.916297,0],[27.6723831,56.8957463,0],[27.6710161,56.8703927,0],[27.6555866,56.8524994,0],[27.6580316,56.8476801,0],[27.6589792,56.8342877,0],[27.6801973,56.8369882,0],[27.6916319,56.8368694,0],[27.6940655,56.8395196,0],[27.7023635,56.8412511,0],[27.7043688,56.8473408,0],[27.7188476,56.8476895,0],[27.7206238,56.8511351,0],[27.726177,56.853454,0],[27.7305354,56.853155,0],[27.7320442,56.8568737,0],[27.7381508,56.8564262,0],[27.7424659,56.8544042,0],[27.7486945,56.8576794,0],[27.7532542,56.856908,0],[27.7551667,56.8604323,0],[27.7741,56.8629706,0],[27.778663,56.8620399,0],[27.7859741,56.8647669,0],[27.789509,56.8646787,0],[27.7950615,56.8622594,0],[27.8233395,56.8664159,0],[27.8359634,56.8730325,0],[27.8450793,56.8746267,0],[27.8482144,56.8789393,0],[27.8769531,56.8772784,0],[27.8717064,56.8670808,0],[27.8845574,56.8568183,0],[27.8851968,56.8516838,0],[27.8991715,56.8380392,0],[27.9017108,56.8205186,0],[27.9437783,56.8293314,0],[27.9666342,56.8373843,0],[27.9670734,56.8406806,0],[27.9872065,56.8419536,0],[28.0005378,56.8475653,0],[27.9970489,56.8642536,0],[28.0215498,56.8657764,0],[28.0367284,56.8757314,0],[28.0326502,56.881274,0],[28.0618522,56.8892045,0],[28.0671901,56.9131379,0],[28.0832443,56.9191066,0],[28.074791,56.930336,0],[28.0889287,56.9407247,0],[28.0868948,56.9512549,0],[28.0688798,56.954177,0],[28.0658831,56.9628426,0],[28.0840485,56.9737731,0],[28.0662651,56.9751689,0],[28.0664713,56.9822269,0],[28.0809965,56.9823862,0],[28.0831116,56.9906969,0],[28.0985873,56.9961618,0],[28.1022052,57.0031962,0],[28.1194615,57.0053114,0],[28.1167594,57.013755,0],[28.1267344,57.0192838,0],[28.1221055,57.025973,0],[28.1364535,57.0279135,0],[28.125775,57.0384134,0],[28.1194008,57.0386181,0],[28.1251401,57.048245,0],[28.1173629,57.0612726,0],[28.1193068,57.0685289,0],[28.1140961,57.072902,0],[28.1200957,57.0771721,0],[28.1309938,57.0724019,0],[28.1439944,57.0767336,0],[28.1577058,57.0740467,0],[28.1638745,57.0700896,0],[28.1916732,57.0853519,0],[28.1913219,57.0889782,0],[28.1822168,57.0878066,0],[28.1718285,57.0974774,0],[28.1935503,57.0988313,0],[28.1955607,57.1055179,0],[28.2243456,57.1095972,0],[28.2150474,57.1150009,0],[28.2045557,57.1156496,0],[28.192099,57.156026,0],[28.1806856,57.1687457,0],[28.174285,57.1676527,0],[28.1714308,57.1705486,0],[28.1720985,57.1728294,0],[28.1782686,57.1744352,0],[28.1821714,57.1737899,0],[28.1795512,57.1758431,0],[28.1793339,57.1778964,0],[28.1725302,57.1796673,0],[28.1771103,57.1821105,0],[28.1808329,57.1861816,0],[28.1730637,57.1863831,0],[28.1747581,57.1881812,0],[28.170541,57.1892895,0],[28.1678315,57.1874715,0],[28.1647604,57.188702,0],[28.1651131,57.1913634,0],[28.1680403,57.1922283,0],[28.1710491,57.1958231,0],[28.1666307,57.1965051,0],[28.1669958,57.1991708,0],[28.1624572,57.1996204,0],[28.1587282,57.2017048,0],[28.1622705,57.2031653,0],[28.1620675,57.2052905,0],[28.1555283,57.2067716,0],[28.1582663,57.2094642,0],[28.1518244,57.2096951,0],[28.1441401,57.2133893,0],[28.1425293,57.2124939,0],[28.1444276,57.2108841,0],[28.1436602,57.2094749,0],[28.1412166,57.2094675,0],[28.1377427,57.2140152,0],[28.1406371,57.2146584,0],[28.1426734,57.2160452,0],[28.1411907,57.2190586,0],[28.1444401,57.2195663,0],[28.1489769,57.2182149,0],[28.1515503,57.2189117,0],[28.150948,57.2228614,0],[28.1544643,57.2236046,0],[28.1622739,57.2207232,0],[28.1696542,57.2204896,0],[28.1730011,57.2182347,0],[28.1840298,57.2176645,0],[28.1898879,57.2142186,0],[28.2009709,57.2144007,0],[28.2024792,57.2168154,0],[28.2000577,57.2191381,0],[28.2009926,57.2208108,0],[28.2042067,57.2213683,0],[28.2071132,57.2203227,0],[28.2100195,57.2200206,0],[28.2111237,57.2213915,0],[28.2085001,57.2223093,0],[28.2078748,57.2248126,0],[28.2108236,57.2269935,0],[28.2089505,57.2314288,0],[28.2105904,57.2342962,0],[28.2054021,57.2373094,0],[28.2028072,57.2434602,0],[28.1970461,57.2444922,0],[28.1938596,57.2468706,0],[28.1978589,57.2524895,0],[28.1911896,57.2540922,0],[28.1875967,57.2589324,0],[28.1907779,57.2652514,0],[28.1970883,57.2677606,0],[28.2011023,57.2701754,0],[28.2034528,57.2696658,0],[28.2074605,57.2669978,0],[28.2134987,57.2687267,0],[28.210939,57.2708443,0],[28.2118905,57.2721351,0],[28.2161427,57.2731054,0],[28.2172388,57.2749363,0],[28.2147825,57.2781253,0],[28.2156999,57.2801371,0],[28.2193781,57.281885,0],[28.217784,57.2829911,0],[28.2122661,57.2826627,0],[28.210022,57.2836581,0],[28.2096722,57.2854083,0],[28.2157629,57.2877213,0],[28.2165766,57.2892026,0],[28.2146658,57.2915665,0],[28.2156736,57.2933271,0],[28.2239248,57.2963114,0],[28.2293385,57.2967836,0],[28.2320456,57.2985038,0],[28.2305667,57.3028879,0],[28.2316292,57.3080007,0],[28.2273533,57.3096761,0],[28.2229837,57.3097719,0],[28.21728,57.3140379,0],[28.2100516,57.317886,0],[28.2113291,57.3201804,0],[28.2180001,57.3214026,0],[28.2201343,57.3228017,0],[28.2188839,57.3243354,0],[28.216254,57.3257614,0],[28.2122503,57.3293187,0],[28.2113365,57.3341265,0],[28.2088195,57.3356498,0],[28.2034412,57.3356239,0],[28.1940575,57.3336189,0],[28.1921984,57.33169,0],[28.1952169,57.3288724,0],[28.1974125,57.3246369,0],[28.1958315,57.3222545,0],[28.1928036,57.322179,0],[28.1866549,57.3239022,0],[28.1815359,57.3230304,0],[28.17497,57.3267444,0],[28.1623307,57.3275353,0],[28.1609889,57.3284863,0],[28.1578289,57.3303981,0],[28.1578796,57.3316782,0],[28.1600943,57.332619,0],[28.1593134,57.3359618,0],[28.0563126,57.34595,0],[28.0521345,57.3480595,0],[28.0447235,57.3514294,0],[28.0398867,57.3524837,0],[28.0367638,57.3515822,0],[28.0273059,57.3534464,0],[28.0300435,57.3573413,0],[28.0214555,57.3578073,0],[28.0174187,57.3553548,0],[28.0123963,57.3561193,0],[28.0100566,57.3540939,0],[28.0057109,57.3550257,0],[28.0105492,57.3598467,0],[27.9988476,57.3618304,0],[27.9946357,57.3669125,0],[27.9892661,57.3663061,0],[27.985637,57.3731298,0],[27.9774689,57.3762174,0],[27.9686632,57.375956,0],[27.9646894,57.3749688,0],[27.956909,57.3768119,0],[27.9560655,57.3764145,0],[27.9563948,57.3756489,0],[27.9538343,57.3759024,0],[27.952554,57.3747103,0],[27.9502402,57.3747157,0],[27.9501127,57.3742607,0],[27.9508005,57.373204,0],[27.950094,57.3710887,0],[27.9527024,57.3698515,0],[27.9530199,57.3690015,0],[27.9519772,57.3684608,0],[27.9502543,57.3683524,0],[27.9493928,57.3676732,0],[27.9439839,57.3661532,0],[27.9355287,57.3681236,0],[27.9322014,57.3660538,0],[27.9264179,57.3659443,0],[27.9253281,57.3692913,0],[27.924225,57.368674,0],[27.9223002,57.3695918,0],[27.9222817,57.3740538,0],[27.9179713,57.3780992,0],[27.9108322,57.3755491,0],[27.9032282,57.3770956,0],[27.9001111,57.3799044,0],[27.9028429,57.3850101,0],[27.8999165,57.3846029,0],[27.8973373,57.3896263,0],[27.8813693,57.3901955,0],[27.8757872,57.3927458,0],[27.8778021,57.3942985,0],[27.8762347,57.3953062,0],[27.8722751,57.3951163,0],[27.8677202,57.3995997,0],[27.8683148,57.4017709,0],[27.7601082,57.4569458,0],[27.5926461,57.5468675,0]]]},"properties":{"name":"Окуповані території Латвії.\n///\nOccupied Latvia territories.\n","styleUrl":"#poly-FF5252-1200-77","styleHash":"-58df80","styleMapHash":{"normal":"#poly-FF5252-1200-77-normal","highlight":"#poly-FF5252-1200-77-highlight"},"description":"Окуповано в 1939 за результатами пакту Молотова-Рібентроппа..<br>///<br>Occupied in 1939 in a result of Molotov-Ribbentrop Pact.","stroke-opacity":1,"stroke":"#ff5252","stroke-width":1.2,"fill-opacity":0.30196078431372547,"fill":"#ff5252"}},{"type":"Feature","geometry":{"type":"Polygon","coordinates":[[[146.1082011,44.8491711,0],[145.2298997,43.806817,0],[145.4167609,43.6377722,0],[145.4881589,43.4371868,0],[145.8272935,43.4290685,0],[145.8801006,43.2667207,0],[147.2643937,43.818503,0],[149.0539403,45.2700954,0],[149.1773607,45.5669081,0],[148.2098788,45.799597,0],[146.1082011,44.8491711,0]]]},"properties":{"name":"Окуповані Південні Курильські острови.\n///\nOccupied Southern Kuril islands.\n","styleUrl":"#poly-FF5252-1200-77","styleHash":"-58df80","styleMapHash":{"normal":"#poly-FF5252-1200-77-normal","highlight":"#poly-FF5252-1200-77-highlight"},"description":"Окуповані в 1946. З 1956 не повернуті Японії.<br>///<br>Occupied in 1946. Not returned to Japan since 1956.","stroke-opacity":1,"stroke":"#ff5252","stroke-width":1.2,"fill-opacity":0.30196078431372547,"fill":"#ff5252"}},{"type":"Feature","geometry":{"type":"Polygon","coordinates":[[[29.9455168,46.5561097,0],[29.9454611,46.5564578,0],[29.9455218,46.5568384,0],[29.9454073,46.5572371,0],[29.9454385,46.5575268,0],[29.9456146,46.5579531,0],[29.9462166,46.5585454,0],[29.9470385,46.5594403,0],[29.9471803,46.5595479,0],[29.9474157,46.5596268,0],[29.9482619,46.5601681,0],[29.9485074,46.5607979,0],[29.9485249,46.5612525,0],[29.9483721,46.5614572,0],[29.9481951,46.5614574,0],[29.9463235,46.5607745,0],[29.9458038,46.5605269,0],[29.9447376,46.5597736,0],[29.9438926,46.5596206,0],[29.943143,46.5593822,0],[29.942388,46.55907,0],[29.9419079,46.558999,0],[29.9408913,46.5589962,0],[29.9402449,46.5591317,0],[29.9400339,46.5592697,0],[29.940032,46.5594335,0],[29.9402429,46.5597224,0],[29.9405788,46.560053,0],[29.9409449,46.5602641,0],[29.9419226,46.5605472,0],[29.9422324,46.5607436,0],[29.9423691,46.5610368,0],[29.942466,46.561842,0],[29.9426702,46.5628243,0],[29.9425535,46.5638505,0],[29.9425756,46.56469,0],[29.942907,46.5653438,0],[29.9435897,46.5660068,0],[29.9439206,46.5661753,0],[29.944391,46.5663807,0],[29.9447766,46.5664614,0],[29.9452258,46.56649,0],[29.9454713,46.5664089,0],[29.9459581,46.566195,0],[29.9462263,46.5662042,0],[29.946642,46.5663388,0],[29.9475204,46.5670294,0],[29.9482084,46.5679246,0],[29.9483614,46.568476,0],[29.94818,46.5688494,0],[29.947776,46.5691638,0],[29.9473193,46.5692579,0],[29.9464335,46.5690219,0],[29.9457945,46.5687011,0],[29.9446552,46.5678289,0],[29.9442616,46.5676427,0],[29.9430667,46.5678161,0],[29.9411892,46.5683029,0],[29.9389415,46.5683766,0],[29.9385701,46.5694054,0],[29.9383864,46.5709137,0],[29.9378633,46.5717305,0],[29.9377641,46.5725215,0],[29.9372974,46.5741736,0],[29.9369111,46.5743783,0],[29.9365838,46.5752835,0],[29.9363681,46.5762533,0],[29.9364573,46.5769318,0],[29.9363104,46.5773596,0],[29.9356372,46.5781859,0],[29.9355782,46.5788576,0],[29.9350311,46.579884,0],[29.9352671,46.580462,0],[29.9351382,46.5807774,0],[29.9352668,46.5817474,0],[29.9369833,46.5820718,0],[29.9378846,46.5839669,0],[29.9360177,46.589003,0],[29.9375446,46.5898774,0],[29.9406562,46.5889042,0],[29.9395539,46.5869689,0],[29.9450926,46.5853284,0],[29.9462526,46.5872436,0],[29.9534421,46.5851179,0],[29.9549438,46.5848965,0],[29.963312,46.5847633,0],[29.9645991,46.5914873,0],[29.9669164,46.5947145,0],[29.9679035,46.5974994,0],[29.9673887,46.5989702,0],[29.9661873,46.600585,0],[29.9624432,46.6045138,0],[29.9618746,46.6054499,0],[29.9612521,46.6069095,0],[29.9551366,46.6173748,0],[29.9540503,46.6200497,0],[29.9541441,46.621516,0],[29.955437,46.6284277,0],[29.9552653,46.6329879,0],[29.9549434,46.634454,0],[29.954171,46.6356181,0],[29.9473478,46.642896,0],[29.946575,46.644104,0],[29.9457167,46.6462839,0],[29.9456951,46.6483756,0],[29.9458452,46.6497012,0],[29.9465316,46.6509681,0],[29.9479263,46.6526473,0],[29.9528295,46.656035,0],[29.9539616,46.6572132,0],[29.9553457,46.6594066,0],[29.9577435,46.6669012,0],[29.9577973,46.6703267,0],[29.9574001,46.6747693,0],[29.9590148,46.6775133,0],[29.9605732,46.6791061,0],[29.9627219,46.6806695,0],[29.964272,46.6816116,0],[29.9670212,46.6829144,0],[29.9698336,46.6847434,0],[29.9702903,46.6852457,0],[29.9705539,46.6857333,0],[29.9706425,46.686642,0],[29.9705595,46.6895967,0],[29.9689124,46.7011576,0],[29.9663727,46.7080934,0],[29.9661541,46.7097736,0],[29.9662359,46.7113655,0],[29.9676306,46.7164484,0],[29.967695,46.7183979,0],[29.9680383,46.7206336,0],[29.9681671,46.7300477,0],[29.9691755,46.7331435,0],[29.9707205,46.7377541,0],[29.9735101,46.7461799,0],[29.973931,46.7491477,0],[29.9745665,46.7520861,0],[29.9735796,46.7521817,0],[29.9742663,46.7539349,0],[29.9707365,46.7544881,0],[29.9663589,46.7555998,0],[29.9657421,46.7580548,0],[29.9663268,46.7707102,0],[29.9594003,46.7800135,0],[29.9462797,46.7928043,0],[29.9419759,46.7960156,0],[29.9436286,46.7967499,0],[29.9348948,46.8059304,0],[29.9628113,46.8184131,0],[29.9784217,46.8163499,0],[29.9794034,46.8194079,0],[29.9714211,46.8241577,0],[29.9704396,46.8286905,0],[29.9680362,46.83208,0],[29.9606577,46.8347279,0],[29.9584474,46.8373279,0],[29.9565968,46.8379096,0],[29.9537859,46.8391664,0],[29.9518465,46.838671,0],[29.9495022,46.84188,0],[29.9393036,46.8384459,0],[29.9256037,46.834827,0],[29.9302814,46.8284411,0],[29.9050901,46.8201604,0],[29.8843222,46.849253,0],[29.8835037,46.8514708,0],[29.8920331,46.8535619,0],[29.8840723,46.8860516,0],[29.846972,46.8820369,0],[29.8490856,46.8753705,0],[29.7499083,46.8611405,0],[29.7311193,46.9193799,0],[29.7213696,46.9183311,0],[29.7183506,46.9321667,0],[29.7089599,46.9281331,0],[29.7100653,46.924153,0],[29.7011959,46.9234039,0],[29.7004966,46.9249408,0],[29.648038,46.9197968,0],[29.6400879,46.9553406,0],[29.5714931,46.9401355,0],[29.5561132,46.957889,0],[29.595885,46.9636297,0],[29.6024082,47.0417134,0],[29.628887,47.0446086,0],[29.6120411,47.1003117,0],[29.5475233,47.0938296,0],[29.549889,47.075935,0],[29.5303016,47.0754487,0],[29.5296066,47.0815008,0],[29.5293134,47.0816843,0],[29.5154709,47.1125726,0],[29.499442,47.1092867,0],[29.4972323,47.1206317,0],[29.4955367,47.1319183,0],[29.5054159,47.1285538,0],[29.5801872,47.1355513,0],[29.5519918,47.2514575,0],[29.5988554,47.257487,0],[29.5926088,47.284703,0],[29.5872146,47.3118022,0],[29.5810654,47.3442806,0],[29.5740505,47.3705356,0],[29.5172251,47.3647083,0],[29.4874471,47.3559461,0],[29.4864381,47.3496924,0],[29.4912444,47.3329132,0],[29.4833166,47.3324864,0],[29.4858593,47.3056119,0],[29.4448279,47.2998529,0],[29.4460308,47.2944379,0],[29.4269795,47.2921658,0],[29.4235248,47.3049281,0],[29.3983765,47.3003561,0],[29.3834634,47.3449235,0],[29.3979366,47.3536129,0],[29.3908341,47.3798819,0],[29.3612416,47.3756483,0],[29.3617079,47.3733328,0],[29.3372703,47.3702769,0],[29.3174595,47.4492448,0],[29.2535914,47.4234566,0],[29.2522202,47.4184032,0],[29.2439669,47.415279,0],[29.2424331,47.438624,0],[29.2422718,47.46194,0],[29.1919321,47.4255146,0],[29.1833283,47.4360156,0],[29.187949,47.4391009,0],[29.1819213,47.4490125,0],[29.1934166,47.4599727,0],[29.1900002,47.462724,0],[29.1890978,47.4672071,0],[29.1621167,47.4527417,0],[29.1574147,47.4592561,0],[29.1877585,47.4752776,0],[29.1837346,47.4797797,0],[29.1942067,47.487117,0],[29.182877,47.4971514,0],[29.1860521,47.5051232,0],[29.1850651,47.511776,0],[29.1895716,47.5137907,0],[29.1851086,47.5189148,0],[29.1516561,47.5066301,0],[29.117179,47.5544066,0],[29.1665691,47.5713799,0],[29.1709948,47.5676303,0],[29.1844524,47.5719578,0],[29.1864819,47.5864951,0],[29.2034715,47.5969504,0],[29.2007249,47.6023907,0],[29.2173761,47.6122283,0],[29.2092972,47.6281886,0],[29.2135889,47.6257555,0],[29.2191893,47.6270534,0],[29.2231606,47.6347586,0],[29.2340809,47.6425303,0],[29.2091981,47.6422935,0],[29.2095709,47.6580243,0],[29.219664,47.6581562,0],[29.219436,47.6825271,0],[29.2310339,47.6838633,0],[29.220269,47.6965933,0],[29.2225385,47.6975954,0],[29.2044718,47.7191527,0],[29.2152462,47.7386304,0],[29.2483983,47.7512593,0],[29.2764971,47.8019566,0],[29.2744808,47.8027136,0],[29.2751654,47.8040183,0],[29.2471002,47.8110629,0],[29.2327021,47.7973586,0],[29.2192562,47.7983802,0],[29.1977153,47.8193934,0],[29.2097626,47.8385713,0],[29.2150352,47.8402611,0],[29.2254601,47.8546238,0],[29.2358878,47.8590007,0],[29.2397509,47.8657094,0],[29.2663551,47.8755096,0],[29.2741028,47.8798469,0],[29.2784185,47.886026,0],[29.2820018,47.8882525,0],[29.2742553,47.890479,0],[29.2157398,47.8858805,0],[29.2235835,47.8909511,0],[29.2205794,47.8940301,0],[29.2162021,47.8960443,0],[29.2130263,47.8885913,0],[29.2131766,47.8857278,0],[29.200538,47.8843033,0],[29.1977485,47.8963896,0],[29.1851341,47.964493,0],[29.1804993,47.964335,0],[29.1748987,47.9937808,0],[29.1248058,47.9936228,0],[29.1240016,47.9885676,0],[29.1306106,47.98683,0],[29.1308462,47.9823348,0],[29.1083907,47.9842818,0],[29.1029726,47.9817173,0],[29.0931875,47.9829815,0],[29.084347,47.9776381,0],[29.0853131,47.9752821,0],[29.0878665,47.9766612,0],[29.0914717,47.9731847,0],[29.0960853,47.9734934,0],[29.0962356,47.9688453,0],[29.097995,47.9600344,0],[29.0957044,47.9596864,0],[29.0913006,47.9680416,0],[29.0863222,47.9686739,0],[29.081,47.972524,0],[29.0777392,47.970425,0],[29.0842417,47.9598644,0],[29.0865468,47.9466235,0],[29.0658938,47.9430948,0],[29.0513029,47.9422903,0],[29.0410673,47.9466738,0],[29.0361962,47.9456248,0],[29.0336215,47.9421752,0],[29.0260684,47.9458832,0],[29.0109627,47.9568632,0],[29.0013497,47.9589036,0],[28.9968859,47.963674,0],[28.9927661,47.9614901,0],[28.9716522,47.9764314,0],[28.9622103,47.9784998,0],[28.9259576,47.9600154,0],[28.8776591,48.000734,0],[28.8873204,48.0060874,0],[28.8843511,48.0080955,0],[28.8902225,48.0117614,0],[28.8938676,48.0093229,0],[28.9010238,48.0103923,0],[28.9018285,48.0125312,0],[28.8895117,48.0141962,0],[28.8826346,48.0104461,0],[28.867861,48.0180788,0],[28.8687836,48.0189831,0],[28.8640683,48.0209853,0],[28.8557159,48.0200524,0],[28.85574,48.0269178,0],[28.8395506,48.0346767,0],[28.8498165,48.0532242,0],[28.8519907,48.0607482,0],[28.843472,48.0656597,0],[28.8495176,48.0705207,0],[28.8420613,48.0752238,0],[28.8367611,48.0711877,0],[28.8331777,48.0727825,0],[28.8403625,48.0789853,0],[28.8479502,48.0790818,0],[28.8575912,48.1025103,0],[28.8552379,48.1082226,0],[28.846977,48.1152572,0],[28.8410097,48.1256005,0],[28.8372763,48.1237389,0],[28.8336715,48.1285548,0],[28.8140374,48.1241289,0],[28.8063796,48.1344944,0],[28.7998535,48.1298688,0],[28.7948539,48.1295966,0],[28.7950259,48.1255434,0],[28.7718946,48.1247699,0],[28.7660269,48.1281787,0],[28.7550074,48.1363131,0],[28.7348986,48.1332079,0],[28.722057,48.1260832,0],[28.7087009,48.1300567,0],[28.7029082,48.12868,0],[28.7020069,48.1276631,0],[28.6880917,48.124469,0],[28.6803785,48.134594,0],[28.678661,48.141153,0],[28.6823838,48.14683,0],[28.6475796,48.1431862,0],[28.6489636,48.1519482,0],[28.6352309,48.1548833,0],[28.6305532,48.1541245,0],[28.620854,48.1579747,0],[28.6146339,48.1595888,0],[28.6114984,48.1569369,0],[28.5919344,48.1733528,0],[28.5794621,48.1665624,0],[28.5692955,48.1747517,0],[28.5706576,48.1741506,0],[28.5732088,48.1756292,0],[28.5760067,48.1742458,0],[28.5773331,48.1822107,0],[28.5702435,48.1765923,0],[28.5618579,48.1731097,0],[28.5448304,48.1696346,0],[28.5433918,48.1663477,0],[28.5354945,48.1611378,0],[28.5293156,48.1538664,0],[28.5133511,48.1514614,0],[28.5066363,48.1529741,0],[28.5028299,48.1511788,0],[28.5207111,48.1381031,0],[28.5173518,48.1373909,0],[28.5045144,48.1309055,0],[28.4989744,48.1273408,0],[28.5001331,48.1213322,0],[28.4956338,48.1191235,0],[28.4946789,48.1195604,0],[28.4945287,48.119367,0],[28.4918894,48.1188442,0],[28.4987773,48.1152413,0],[28.5091442,48.1216554,0],[28.5218471,48.1209679,0],[28.5410732,48.1182175,0],[28.5640758,48.1101949,0],[28.5784954,48.1044636,0],[28.5939449,48.0980439,0],[28.6209832,48.0933447,0],[28.6321395,48.0868075,0],[28.6357448,48.0771742,0],[28.6324829,48.0702922,0],[28.6255306,48.0659905,0],[28.6184928,48.0641263,0],[28.6116264,48.0664493,0],[28.6076777,48.0756258,0],[28.6046308,48.0776043,0],[28.6008972,48.0767154,0],[28.5904258,48.0593939,0],[28.5875076,48.0487227,0],[28.5798686,48.0438455,0],[28.5678524,48.0398284,0],[28.5499137,48.039484,0],[28.5450853,48.0375611,0],[28.5424029,48.0272013,0],[28.5297434,48.0145717,0],[28.5288853,48.0112989,0],[28.5296576,48.0042932,0],[28.5344642,48.0018239,0],[28.5391853,47.9982628,0],[28.5481112,47.9974016,0],[28.5566946,47.9937833,0],[28.5624449,47.9935532,0],[28.5706848,47.9973442,0],[28.5737729,48.0012203,0],[28.5748884,48.0054555,0],[28.5838168,48.0140549,0],[28.5883643,48.020915,0],[28.5913255,48.0330125,0],[28.5937732,48.0351224,0],[28.6049362,48.035181,0],[28.6191792,48.030703,0],[28.6364751,48.0267146,0],[28.646645,48.024963,0],[28.6790032,48.0271441,0],[28.6903758,48.0261413,0],[28.7036365,48.0219204,0],[28.705525,48.0166384,0],[28.7008051,48.0069055,0],[28.7031655,48.0030154,0],[28.7311882,47.9801108,0],[28.7471956,47.9757163,0],[28.7574523,47.976606,0],[28.7750473,47.9849369,0],[28.7800258,47.986258,0],[28.7859481,47.9863729,0],[28.7895103,47.9848218,0],[28.7965912,47.9658027,0],[28.805775,47.9544799,0],[28.8122982,47.9506284,0],[28.8318675,47.9440745,0],[28.8357301,47.9396471,0],[28.8346142,47.9345296,0],[28.8219112,47.9187708,0],[28.8188213,47.9099117,0],[28.8250011,47.9016264,0],[28.8356441,47.8974832,0],[28.8632815,47.8962747,0],[28.8728088,47.8939152,0],[28.8890308,47.890347,0],[28.9065402,47.8861454,0],[28.9317745,47.884246,0],[28.9571804,47.8811376,0],[28.9815563,47.876302,0],[28.9901393,47.8737689,0],[28.9987224,47.8701992,0],[29.0117686,47.8627714,0],[29.0191501,47.8559184,0],[29.0243,47.8483732,0],[29.02327,47.841864,0],[29.0177768,47.8323002,0],[29.0107387,47.8253855,0],[29.0069622,47.8166833,0],[28.99589,47.8034254,0],[28.9891093,47.7905677,0],[28.9878219,47.7822056,0],[28.9834445,47.7688813,0],[28.9800972,47.7455121,0],[28.974604,47.7349492,0],[28.9661067,47.7223634,0],[28.9656781,47.7184361,0],[28.9682103,47.7119683,0],[28.9803546,47.6922142,0],[28.9863628,47.6683481,0],[28.9976923,47.6452226,0],[28.9945155,47.6388898,0],[28.9844745,47.626137,0],[28.9823287,47.6206119,0],[28.9831012,47.6133512,0],[28.9937442,47.6013147,0],[29.0193217,47.5825022,0],[29.0270465,47.5723695,0],[29.0278191,47.563625,0],[29.0178626,47.531066,0],[29.0190218,47.524082,0],[29.0257591,47.5169238,0],[29.0675587,47.4956453,0],[29.0967411,47.4831177,0],[29.1158813,47.4687305,0],[29.1180271,47.4585179,0],[29.1152797,47.4513792,0],[29.0909046,47.4369255,0],[29.0788883,47.4241516,0],[29.076485,47.4136979,0],[29.0839523,47.406263,0],[29.1321033,47.3816271,0],[29.1492694,47.3695374,0],[29.1588825,47.3590729,0],[29.1640323,47.3474433,0],[29.1605991,47.337905,0],[29.1468662,47.3306921,0],[29.1241211,47.327027,0],[29.0914262,47.3585511,0],[29.0707344,47.3533166,0],[29.082064,47.3232454,0],[29.1143363,47.2819205,0],[29.1272109,47.2733022,0],[29.1342541,47.2674838,0],[29.1418072,47.2609602,0],[29.1467854,47.2540863,0],[29.1478153,47.2481437,0],[29.1497036,47.2446478,0],[29.1567417,47.2394034,0],[29.1612049,47.2329929,0],[29.1632648,47.227048,0],[29.1670414,47.2198199,0],[29.1706463,47.2152726,0],[29.1793581,47.2137276,0],[29.1801864,47.2111767,0],[29.179764,47.2066448,0],[29.1737921,47.1949364,0],[29.1695005,47.1895121,0],[29.1648657,47.184554,0],[29.1566089,47.1793196,0],[29.1468164,47.1655582,0],[29.1404606,47.1591442,0],[29.1339146,47.1548895,0],[29.1277461,47.1523662,0],[29.1226933,47.1522363,0],[29.1088106,47.1499911,0],[29.102846,47.1481853,0],[29.0996707,47.1456843,0],[29.0974405,47.1383457,0],[29.0933241,47.1325411,0],[29.0862087,47.1251343,0],[29.0682311,47.1138045,0],[29.065205,47.1094432,0],[29.0660199,47.1059779,0],[29.0688515,47.1038379,0],[29.071422,47.100375,0],[29.0889239,47.0895929,0],[29.0965472,47.0877203,0],[29.110763,47.0882405,0],[29.1149042,47.0876443,0],[29.1159784,47.085576,0],[29.1126342,47.08179,0],[29.1116109,47.07866,0],[29.1186617,47.0749721,0],[29.1240076,47.0749613,0],[29.1269744,47.0766929,0],[29.1289602,47.084597,0],[29.1346493,47.0946752,0],[29.13899,47.0980008,0],[29.1518869,47.1009027,0],[29.1538199,47.1030838,0],[29.1530516,47.1060437,0],[29.1542629,47.1144165,0],[29.1597925,47.1241889,0],[29.164758,47.127029,0],[29.1701397,47.1265187,0],[29.1726795,47.124404,0],[29.1748761,47.1166823,0],[29.1753135,47.1124937,0],[29.1746351,47.1091813,0],[29.1751831,47.1052779,0],[29.1774803,47.1049487,0],[29.1854261,47.1131369,0],[29.1888677,47.1184451,0],[29.1892279,47.1224023,0],[29.1868588,47.1286813,0],[29.185624,47.1358084,0],[29.1797261,47.152279,0],[29.1807163,47.1577822,0],[29.1842418,47.1606169,0],[29.1973009,47.1633104,0],[29.207025,47.1630361,0],[29.218369,47.1587887,0],[29.2235706,47.1538793,0],[29.2254057,47.1454075,0],[29.2269834,47.144349,0],[29.2300099,47.1445234,0],[29.2325868,47.1473969,0],[29.2378264,47.1514795,0],[29.2413617,47.1570106,0],[29.2407939,47.1612433,0],[29.237427,47.163464,0],[29.2286331,47.1655715,0],[29.2276533,47.1682106,0],[29.2292129,47.169579,0],[29.23382,47.1692464,0],[29.2391092,47.1677803,0],[29.2482931,47.1638851,0],[29.2700511,47.151804,0],[29.291423,47.1415882,0],[29.2958004,47.1373846,0],[29.2962295,47.131283,0],[29.2926675,47.1236622,0],[29.2912942,47.1140836,0],[29.2930109,47.111163,0],[29.3011219,47.1056718,0],[29.3083594,47.103346,0],[29.3143676,47.1028786,0],[29.3253539,47.1047189,0],[29.3348595,47.1073772,0],[29.3414043,47.1069973,0],[29.3453095,47.1053031,0],[29.3500732,47.1005416,0],[29.3545363,47.0953999,0],[29.3568111,47.0900528,0],[29.3583987,47.0800301,0],[29.3650077,47.0714375,0],[29.3741057,47.062785,0],[29.3792556,47.0606216,0],[29.3895553,47.060797,0],[29.3911002,47.0598907,0],[29.3913577,47.0580781,0],[29.3893836,47.0567625,0],[29.3847487,47.0562947,0],[29.3802856,47.0524937,0],[29.3790839,47.048283,0],[29.3789123,47.0428438,0],[29.3804572,47.0391588,0],[29.3837188,47.0360001,0],[29.3880103,47.0329582,0],[29.388654,47.0308521,0],[29.3873237,47.02898,0],[29.3837188,47.0260546,0],[29.378054,47.0250893,0],[29.3724321,47.0261424,0],[29.3632053,47.0291847,0],[29.3612311,47.0345961,0],[29.3615745,47.0381059,0],[29.3589995,47.0406796,0],[29.3557809,47.0401239,0],[29.3549226,47.037053,0],[29.3574117,47.0310276,0],[29.3617461,47.0233632,0],[29.3666814,47.0175411,0],[29.3771527,47.0003635,0],[29.3768523,46.9958561,0],[29.3739341,46.9937486,0],[29.3614028,46.9926948,0],[29.3493436,46.9936315,0],[29.3338082,46.9925777,0],[29.3152259,46.9957098,0],[29.3099473,46.9955341,0],[29.308059,46.9932217,0],[29.3083594,46.9904701,0],[29.3081878,46.9849664,0],[29.3062137,46.9832098,0],[29.303038,46.9830634,0],[29.2990897,46.9853177,0],[29.2991326,46.9873377,0],[29.3033813,46.9933973,0],[29.3061278,46.9980806,0],[29.3050121,46.9993392,0],[29.3028233,47.0000709,0],[29.2953132,46.9984318,0],[29.2920516,46.9950365,0],[29.291365,46.988011,0],[29.2922234,46.9830193,0],[29.2947982,46.9799599,0],[29.3014501,46.9750408,0],[29.3054412,46.9714975,0],[29.3100761,46.9662262,0],[29.3165133,46.9601049,0],[29.3224357,46.9524011,0],[29.3305467,46.9485047,0],[29.3364049,46.9460292,0],[29.3402885,46.9430261,0],[29.3489595,46.9385073,0],[29.3608449,46.9340011,0],[29.3722175,46.933415,0],[29.3813585,46.9343235,0],[29.3883107,46.9362575,0],[29.3944257,46.9392023,0],[29.4003699,46.9444324,0],[29.4071505,46.9494129,0],[29.4136307,46.9559748,0],[29.4199393,46.9615401,0],[29.4279216,46.9646154,0],[29.4382213,46.9648497,0],[29.448006,46.9613351,0],[29.4518684,46.9584939,0],[29.4561599,46.953192,0],[29.4636701,46.9507019,0],[29.4673822,46.9510243,0],[29.4705365,46.950204,0],[29.4748281,46.9441102,0],[29.4764159,46.9363454,0],[29.4755576,46.9298984,0],[29.4729827,46.9193469,0],[29.4680045,46.9106698,0],[29.464743,46.9062134,0],[29.4645713,46.9014634,0],[29.4678328,46.8964198,0],[29.4715236,46.8944256,0],[29.4812221,46.8920494,0],[29.4849977,46.8811532,0],[29.4832813,46.8707176,0],[29.4790008,46.8697211,0],[29.4752138,46.8697661,0],[29.4757075,46.8725468,0],[29.4748279,46.8748582,0],[29.4671462,46.8754191,0],[29.4620608,46.8673803,0],[29.4559239,46.8668815,0],[29.4415043,46.8644168,0],[29.4369552,46.8625975,0],[29.4333504,46.8614825,0],[29.4321488,46.8596044,0],[29.4357536,46.8529133,0],[29.4357536,46.8493914,0],[29.4048546,46.8462214,0],[29.4041679,46.8328351,0],[29.4050263,46.8158038,0],[29.3978165,46.8185057,0],[29.3964432,46.8068749,0],[29.3969582,46.8046425,0],[29.4069145,46.8033499,0],[29.4084595,46.7766701,0],[29.4024513,46.774554,0],[29.4014214,46.7584451,0],[29.4120644,46.7590331,0],[29.414296,46.7551521,0],[29.4582413,46.7592683,0],[29.4621895,46.773731,0],[29.4697426,46.7716148,0],[29.4754074,46.7803144,0],[29.4839905,46.7824303,0],[29.4875954,46.781725,0],[29.4891403,46.7781984,0],[29.5059631,46.7799618,0],[29.5081947,46.7846637,0],[29.5104263,46.7883075,0],[29.5123146,46.7888951,0],[29.5148895,46.784076,0],[29.5381497,46.7761999,0],[29.5336864,46.7712032,0],[29.5410679,46.767676,0],[29.5499943,46.7669705,0],[29.5586632,46.7557402,0],[29.5598648,46.7420961,0],[29.5567749,46.7353903,0],[29.5586632,46.7242123,0],[29.5562599,46.7173867,0],[29.5511101,46.708618,0],[29.5701645,46.7084415,0],[29.5742844,46.72433,0],[29.5718811,46.7325666,0],[29.5727394,46.7403315,0],[29.5811508,46.7432724,0],[29.5935104,46.7431548,0],[29.6070717,46.7409197,0],[29.6273277,46.7412726,0],[29.6426056,46.7431548,0],[29.6573685,46.7443311,0],[29.6573685,46.7358609,0],[29.6693848,46.7330373,0],[29.6697281,46.7212703,0],[29.6635483,46.7123258,0],[29.6669815,46.7036151,0],[29.6583126,46.7014373,0],[29.6486137,46.7010841,0],[29.6483563,46.6953741,0],[29.6549652,46.6953152,0],[29.6511887,46.6910764,0],[29.6599434,46.6897812,0],[29.6547936,46.6856597,0],[29.6527336,46.6822446,0],[29.6551369,46.6767093,0],[29.6635483,46.6752959,0],[29.6676682,46.6754137,0],[29.67432,46.6766798,0],[29.6776674,46.6762676,0],[29.6814011,46.673058,0],[29.6858643,46.6717623,0],[29.6910141,46.6722335,0],[29.6943615,46.6741769,0],[29.6942327,46.6772097,0],[29.6952198,46.6790059,0],[29.6993397,46.678417,0],[29.7013996,46.6760615,0],[29.70067,46.6714679,0],[29.6984814,46.666756,0],[29.6996401,46.665519,0],[29.7052191,46.6651362,0],[29.7176645,46.65739,0],[29.722514,46.6589806,0],[29.7268055,46.6613369,0],[29.7268484,46.6635459,0],[29.7229431,46.6666382,0],[29.722353,46.6690531,0],[29.7238228,46.6711144,0],[29.72702,46.6723513,0],[29.7288655,46.6723218,0],[29.7353885,46.6692003,0],[29.7410963,46.6650478,0],[29.7434138,46.6654602,0],[29.7461604,46.6686408,0],[29.7598503,46.6694654,0],[29.7630261,46.6686702,0],[29.7644851,46.6653719,0],[29.7611589,46.6599525,0],[29.7575758,46.6560351,0],[29.7555588,46.6530599,0],[29.7551297,46.6482286,0],[29.7563527,46.6475215,0],[29.7603436,46.649849,0],[29.767618,46.6525002,0],[29.7731754,46.6558878,0],[29.7743986,46.6556816,0],[29.7757076,46.6521908,0],[29.7748277,46.6499372,0],[29.7733042,46.6490462,0],[29.7712657,46.6483907,0],[29.7586486,46.6473743,0],[29.7579191,46.6465199,0],[29.7595928,46.645312,0],[29.7673176,46.6376513,0],[29.7684682,46.6372296,0],[29.7694901,46.6374561,0],[29.7711477,46.639736,0],[29.7739051,46.6409072,0],[29.7757076,46.6405242,0],[29.7787974,46.6365316,0],[29.779173,46.6353382,0],[29.7784542,46.6330249,0],[29.7768341,46.6328115,0],[29.7589706,46.6344836,0],[29.7548935,46.631883,0],[29.7517393,46.6304759,0],[29.7514819,46.6293413,0],[29.7542715,46.6286929,0],[29.7597645,46.6259815,0],[29.7629188,46.6231521,0],[29.763643,46.621391,0],[29.7633586,46.6203962,0],[29.76176,46.6200572,0],[29.7585629,46.6212657,0],[29.7544644,46.6234468,0],[29.7477482,46.6257752,0],[29.7422121,46.6255099,0],[29.7412787,46.6248836,0],[29.7414611,46.6238152,0],[29.7455166,46.6204404,0],[29.7495507,46.6185761,0],[29.7533701,46.6177727,0],[29.7555374,46.6168737,0],[29.7550867,46.6154883,0],[29.7531233,46.6143902,0],[29.7507308,46.6140585,0],[29.7479199,46.614427,0],[29.7476195,46.6135721,0],[29.7500657,46.6125845,0],[29.750924,46.6108305,0],[29.7472332,46.6079413,0],[29.7439824,46.6068358,0],[29.7414611,46.60688,0],[29.7393691,46.6084131,0],[29.7367833,46.6091796,0],[29.7350452,46.6083688,0],[29.7333285,46.6020445,0],[29.7311828,46.6008651,0],[29.728844,46.6004966,0],[29.7263442,46.6013591,0],[29.7238497,46.6027633,0],[29.7226212,46.6023542,0],[29.7220097,46.600843,0],[29.7227071,46.5995382,0],[29.7287581,46.5962356,0],[29.7453235,46.5913993,0],[29.7520612,46.5903523,0],[29.765086,46.589674,0],[29.7668455,46.5889219,0],[29.7668885,46.5853974,0],[29.7679186,46.584756,0],[29.7710512,46.5837752,0],[29.7812225,46.5798744,0],[29.7843766,46.5801362,0],[29.7884105,46.5792622,0],[29.7899876,46.5799333,0],[29.7913555,46.5829825,0],[29.7924686,46.5835927,0],[29.7933672,46.5831706,0],[29.7947834,46.5814745,0],[29.7958777,46.5812976,0],[29.7968326,46.5818801,0],[29.7975729,46.5842471,0],[29.7971009,46.5853605,0],[29.7952126,46.5874509,0],[29.7943113,46.590367,0],[29.7947404,46.5931096,0],[29.7961996,46.5947759,0],[29.7978949,46.595292,0],[29.8046325,46.5914435,0],[29.8062955,46.5890915,0],[29.8074005,46.5870639,0],[29.8090527,46.5872851,0],[29.8097823,46.5888482,0],[29.8092137,46.5906988,0],[29.8063276,46.595174,0],[29.8052762,46.6021772,0],[29.8036347,46.6022289,0],[29.7995739,46.6012817,0],[29.7984527,46.6018382,0],[29.7992358,46.6037694,0],[29.8018644,46.6052289,0],[29.8048471,46.6053321,0],[29.8090313,46.6040495,0],[29.8164128,46.6010567,0],[29.8168418,46.5997667,0],[29.8125074,46.5934341,0],[29.8121642,46.5906766,0],[29.8148678,46.5853826,0],[29.8215197,46.5904555,0],[29.8237942,46.5969728,0],[29.8220346,46.6010126,0],[29.8258541,46.603224,0],[29.8292015,46.6015433,0],[29.8323773,46.5953215,0],[29.8393725,46.5963241,0],[29.8368404,46.5891874,0],[29.828944,46.586356,0],[29.8268411,46.5837899,0],[29.8272274,46.5812238,0],[29.8304031,46.5800735,0],[29.8387717,46.5825511,0],[29.8495434,46.5893349,0],[29.8522685,46.5873736,0],[29.853513,46.5814303,0],[29.8577402,46.5788345,0],[29.8619031,46.5782003,0],[29.8698853,46.5791,0],[29.8711728,46.5819022,0],[29.869896,46.5863265,0],[29.870765,46.5876243,0],[29.8751638,46.5866215,0],[29.8780392,46.5825806,0],[29.8767517,46.579041,0],[29.8612808,46.5738934,0],[29.8607336,46.5728092,0],[29.8627184,46.5709285,0],[29.8675892,46.5702204,0],[29.8734043,46.5704269,0],[29.8724387,46.5687305,0],[29.8596714,46.5694385,0],[29.8598431,46.5666504,0],[29.8631046,46.564408,0],[29.8695634,46.5622983,0],[29.8792838,46.5621213,0],[29.8839401,46.5636703,0],[29.8947332,46.5565736,0],[29.896085,46.5525084,0],[29.8941539,46.5487086,0],[29.9247282,46.5528681,0],[29.9452634,46.5551922,0],[29.9455168,46.5561097,0]]]},"properties":{"name":"Придністров'я.\n///\nTransnistria.\n","styleUrl":"#poly-FF5252-1200-77","styleHash":"-58df80","styleMapHash":{"normal":"#poly-FF5252-1200-77-normal","highlight":"#poly-FF5252-1200-77-highlight"},"description":"Окупована в 1992 шляхом невиведення 14-ї армії російської педерації.<br>///<br>Occupied in 1992 by 14-th Army of russia.","stroke-opacity":1,"stroke":"#ff5252","stroke-width":1.2,"fill-opacity":0.30196078431372547,"fill":"#ff5252"}},{"type":"Feature","geometry":{"type":"Polygon","coordinates":[[[44.4840996,42.411842,0],[44.4490428,42.4584354,0],[44.4206659,42.4643684,0],[44.39995,42.4640352,0],[44.3911362,42.4599384,0],[44.3750572,42.4727042,0],[44.3570573,42.4692082,0],[44.342393,42.4797398,0],[44.3388359,42.4885483,0],[44.3344816,42.4928249,0],[44.3563524,42.5039451,0],[44.3765587,42.5038108,0],[44.3801397,42.5100723,0],[44.3716296,42.5142156,0],[44.3635973,42.5248899,0],[44.3547735,42.5232678,0],[44.3472722,42.5273903,0],[44.3450665,42.5470325,0],[44.3264543,42.5511633,0],[44.3101096,42.5617621,0],[44.3072589,42.5787531,0],[44.2889281,42.5952757,0],[44.2797593,42.597721,0],[44.2678791,42.6054502,0],[44.2630117,42.6013851,0],[44.2555508,42.5990421,0],[44.2521243,42.5965092,0],[44.2511516,42.5925178,0],[44.2491509,42.59166,0],[44.2464635,42.5933296,0],[44.241732,42.601534,0],[44.2343377,42.6083472,0],[44.2306392,42.6061942,0],[44.2267302,42.6104237,0],[44.2288275,42.616546,0],[44.2325004,42.6227925,0],[44.2312471,42.6247158,0],[44.2317104,42.6267654,0],[44.2317054,42.6275876,0],[44.2300482,42.6294835,0],[44.223891,42.6310683,0],[44.2199015,42.6305283,0],[44.2168145,42.6320062,0],[44.2125282,42.6319313,0],[44.2108218,42.6306447,0],[44.203803,42.6309766,0],[44.2029834,42.6322721,0],[44.1980818,42.6329687,0],[44.1948012,42.635499,0],[44.1928744,42.6352552,0],[44.1927975,42.6332518,0],[44.1898966,42.6330335,0],[44.1847812,42.6290599,0],[44.1839925,42.622248,0],[44.1805268,42.6210019,0],[44.1722232,42.6139608,0],[44.1667742,42.6127629,0],[44.1626585,42.6069868,0],[44.1558862,42.6080991,0],[44.1495669,42.6058791,0],[44.1396487,42.6113695,0],[44.1163725,42.619068,0],[44.1062092,42.6172836,0],[44.0911147,42.6099216,0],[44.0885635,42.6063762,0],[44.063459,42.6016166,0],[44.0522131,42.6051094,0],[44.0221826,42.5983349,0],[44.0084668,42.5913533,0],[43.9885891,42.5690386,0],[43.9725247,42.5613126,0],[43.9716418,42.5529396,0],[43.962834,42.5480853,0],[43.9592938,42.5527938,0],[43.9522119,42.5533581,0],[43.9450926,42.5504409,0],[43.9445872,42.5529532,0],[43.9487274,42.5559547,0],[43.9480817,42.5591764,0],[43.9443867,42.5638509,0],[43.9369943,42.5620733,0],[43.9132752,42.5704046,0],[43.9104672,42.5759427,0],[43.9034805,42.5763101,0],[43.8978667,42.5792052,0],[43.8927201,42.5774746,0],[43.8896334,42.5790303,0],[43.8841466,42.5786022,0],[43.8820993,42.5810322,0],[43.8752579,42.5810885,0],[43.8749641,42.5847403,0],[43.8671227,42.590454,0],[43.840777,42.5993488,0],[43.8344307,42.5991913,0],[43.8277471,42.5940061,0],[43.8169478,42.5946874,0],[43.8094153,42.6009776,0],[43.7888484,42.5978756,0],[43.7752695,42.5897225,0],[43.7551661,42.60002,0],[43.7554701,42.6175814,0],[43.7279146,42.6304658,0],[43.7167435,42.6340026,0],[43.7335441,42.6436081,0],[43.7369333,42.648678,0],[43.7423411,42.6477065,0],[43.7600316,42.6543537,0],[43.7729204,42.6736289,0],[43.7796329,42.6772523,0],[43.7893206,42.6983182,0],[43.8087211,42.7207775,0],[43.8090758,42.7369501,0],[43.8042762,42.7437957,0],[43.799476,42.7445898,0],[43.7878092,42.7124237,0],[43.771325,42.7020491,0],[43.7466001,42.683917,0],[43.7352647,42.683701,0],[43.709846,42.6852863,0],[43.7184063,42.6716737,0],[43.6990864,42.6472337,0],[43.6501769,42.6432995,0],[43.5770895,42.5767816,0],[43.5929751,42.5498615,0],[43.6151287,42.5415432,0],[43.603142,42.5269317,0],[43.6066508,42.4825403,0],[43.5859761,42.4699003,0],[43.5955265,42.4060744,0],[43.6242325,42.3863583,0],[43.6081858,42.3646782,0],[43.5939574,42.3553063,0],[43.6183566,42.3391121,0],[43.6678609,42.3346913,0],[43.6720493,42.3084397,0],[43.617281,42.2777519,0],[43.5997079,42.2105577,0],[43.6302006,42.2018174,0],[43.6362784,42.1908236,0],[43.6344572,42.1813516,0],[43.6548505,42.1680039,0],[43.6815599,42.1654804,0],[43.6836375,42.1655839,0],[43.6841595,42.1653535,0],[43.6846026,42.164678,0],[43.6854673,42.1643607,0],[43.6865315,42.1636944,0],[43.6874262,42.1621469,0],[43.6889365,42.1613265,0],[43.6896184,42.1611329,0],[43.6901931,42.160398,0],[43.6907679,42.1600606,0],[43.6917242,42.15972,0],[43.6922637,42.1591977,0],[43.6922696,42.1588372,0],[43.6917141,42.1583652,0],[43.6917619,42.157994,0],[43.6924798,42.1571085,0],[43.6934865,42.1564509,0],[43.6940621,42.1553584,0],[43.6954494,42.1547636,0],[43.6960407,42.1538087,0],[43.6982374,42.1526268,0],[43.6979638,42.1517186,0],[43.6980175,42.1498068,0],[43.6996616,42.147865,0],[43.7047818,42.1439504,0],[43.7072974,42.1431213,0],[43.709153,42.1453451,0],[43.7113191,42.1459742,0],[43.7107592,42.1479962,0],[43.7136733,42.1483173,0],[43.7156605,42.151314,0],[43.7163306,42.1513734,0],[43.7165764,42.1541331,0],[43.7161666,42.1548801,0],[43.7155832,42.1555071,0],[43.7152747,42.1556555,0],[43.7146363,42.1556819,0],[43.7141318,42.1557985,0],[43.7137447,42.1561213,0],[43.7136142,42.1565125,0],[43.7133103,42.1568654,0],[43.7123807,42.1574281,0],[43.7117661,42.1583149,0],[43.7114809,42.1586409,0],[43.7113827,42.1594679,0],[43.7117656,42.159929,0],[43.7130677,42.1606921,0],[43.7166055,42.1604924,0],[43.7175656,42.1602204,0],[43.7213311,42.1592468,0],[43.7227681,42.1597173,0],[43.7245878,42.1606034,0],[43.7254633,42.1605828,0],[43.7298107,42.1592214,0],[43.7326262,42.1595844,0],[43.7326352,42.1606124,0],[43.7272006,42.1639933,0],[43.7258593,42.1679555,0],[43.7266084,42.1682512,0],[43.731885,42.1659862,0],[43.7319357,42.1655003,0],[43.7326799,42.1642553,0],[43.733188,42.1638533,0],[43.7336542,42.1631519,0],[43.734093,42.1627669,0],[43.73452,42.1622991,0],[43.7350669,42.1619083,0],[43.7359356,42.1618514,0],[43.7375873,42.1611333,0],[43.7387233,42.1604923,0],[43.737133,42.1622166,0],[43.736463,42.1639154,0],[43.7370542,42.1665814,0],[43.7384833,42.16645,0],[43.739303,42.1667519,0],[43.7394618,42.1669898,0],[43.7397903,42.1671077,0],[43.7430355,42.1689631,0],[43.749812,42.1662114,0],[43.7695936,42.1654705,0],[43.770216,42.1613437,0],[43.785461,42.1595343,0],[43.8018395,42.1624455,0],[43.8089149,42.1611646,0],[43.809826,42.1598581,0],[43.8093802,42.153542,0],[43.812762,42.1508928,0],[43.8026426,42.1471598,0],[43.7987849,42.1488571,0],[43.7906764,42.1497059,0],[43.7849007,42.1488022,0],[43.7828793,42.1462387,0],[43.7877451,42.1414927,0],[43.7912931,42.1406787,0],[43.7923804,42.1417035,0],[43.7959281,42.1408793,0],[43.7965071,42.1340712,0],[43.7911552,42.1324165,0],[43.7915691,42.129616,0],[43.79684,42.1295206,0],[43.7975871,42.1237755,0],[43.8059428,42.1240857,0],[43.8082906,42.1194303,0],[43.8132809,42.1204163,0],[43.816034,42.1156887,0],[43.8197282,42.1163805,0],[43.8228201,42.1137739,0],[43.8247313,42.1151802,0],[43.834549,42.1113511,0],[43.8385979,42.1074632,0],[43.8489481,42.1102945,0],[43.8581579,42.1286449,0],[43.8575269,42.1331087,0],[43.8629191,42.1334944,0],[43.8672891,42.1306001,0],[43.8733367,42.1329085,0],[43.8679921,42.136736,0],[43.8722718,42.1404318,0],[43.8733386,42.1433934,0],[43.871812,42.1466878,0],[43.8731513,42.1546027,0],[43.8697444,42.1578441,0],[43.866233,42.1599577,0],[43.8659874,42.1631974,0],[43.8678578,42.1636681,0],[43.8686214,42.1651282,0],[43.8689602,42.1667648,0],[43.8690651,42.1685533,0],[43.8748253,42.1689068,0],[43.8789068,42.1671434,0],[43.8804755,42.1622535,0],[43.8900572,42.1597447,0],[43.8948269,42.1631344,0],[43.898997,42.1641888,0],[43.9035106,42.1685989,0],[43.9047939,42.1691522,0],[43.9065088,42.1719302,0],[43.9123447,42.1785033,0],[43.9146192,42.1804541,0],[43.9164648,42.1834225,0],[43.9162493,42.1847373,0],[43.9136524,42.1881294,0],[43.9138988,42.1903023,0],[43.9154811,42.1927559,0],[43.9164654,42.1931718,0],[43.9179875,42.1952874,0],[43.9178045,42.1969811,0],[43.9162538,42.1996402,0],[43.9175813,42.2003338,0],[43.9181163,42.2013483,0],[43.9211303,42.200854,0],[43.9245256,42.2017514,0],[43.9263092,42.2017868,0],[43.9295613,42.2025675,0],[43.9294709,42.2038162,0],[43.9277948,42.2047903,0],[43.9257014,42.20728,0],[43.9381777,42.2109138,0],[43.9412894,42.2120135,0],[43.9453703,42.2098454,0],[43.9590621,42.2061147,0],[43.9611441,42.2050833,0],[43.964803,42.2052669,0],[43.9756018,42.2009875,0],[43.9767096,42.2031077,0],[43.9779932,42.2032141,0],[43.9791499,42.2037441,0],[43.9838482,42.2039456,0],[43.9824209,42.2082107,0],[43.9858698,42.2089762,0],[43.9894827,42.2091364,0],[43.9876414,42.2152241,0],[43.9962785,42.2159203,0],[44.0054306,42.2155352,0],[44.0084894,42.2165481,0],[44.0214344,42.2173723,0],[44.0284649,42.2162909,0],[44.0329243,42.2167988,0],[44.0327509,42.2141604,0],[44.0346168,42.215066,0],[44.0365583,42.2152646,0],[44.0394603,42.2165081,0],[44.0423275,42.2197678,0],[44.0434781,42.2267138,0],[44.0466783,42.2309742,0],[44.0613682,42.2353923,0],[44.0606461,42.2387766,0],[44.0755454,42.2385394,0],[44.0790219,42.2378656,0],[44.0828198,42.2338109,0],[44.0869496,42.2335628,0],[44.0890144,42.2311824,0],[44.0915914,42.2280537,0],[44.0917638,42.2259013,0],[44.096313,42.2244279,0],[44.0953259,42.2220701,0],[44.0947464,42.217268,0],[44.0866027,42.2020246,0],[44.088797,42.1987573,0],[44.0946146,42.1968692,0],[44.1065357,42.1972602,0],[44.1120254,42.1853413,0],[44.1064867,42.1793812,0],[44.1090384,42.1762102,0],[44.1152494,42.176819,0],[44.1182693,42.1742926,0],[44.1246716,42.1709937,0],[44.1304487,42.1702353,0],[44.1299681,42.1602335,0],[44.1294268,42.1592565,0],[44.1302504,42.1585453,0],[44.131483,42.1589771,0],[44.1319266,42.1589677,0],[44.1319713,42.158792,0],[44.1315968,42.1581832,0],[44.1316942,42.15798,0],[44.1318825,42.1579753,0],[44.1329934,42.1582848,0],[44.1333587,42.1578565,0],[44.1324295,42.1570943,0],[44.1324155,42.1568365,0],[44.1329127,42.1564809,0],[44.1331989,42.1561082,0],[44.1340608,42.155727,0],[44.1352428,42.1559341,0],[44.135587,42.1557275,0],[44.1355125,42.1550595,0],[44.1368055,42.1542881,0],[44.1385464,42.1535285,0],[44.1412192,42.1527272,0],[44.1423947,42.1524458,0],[44.1431595,42.1519193,0],[44.1441695,42.1514651,0],[44.1446638,42.1505898,0],[44.1432694,42.1467476,0],[44.142937,42.1436014,0],[44.1385221,42.1351226,0],[44.136796,42.1345146,0],[44.1353275,42.1324425,0],[44.1351891,42.1294793,0],[44.1332314,42.1275201,0],[44.1369302,42.1212885,0],[44.1341016,42.1147658,0],[44.1377506,42.1122042,0],[44.1431158,42.1117666,0],[44.1559942,42.1353633,0],[44.159706,42.1403312,0],[44.1674846,42.1403334,0],[44.1680271,42.1461259,0],[44.1802286,42.1435495,0],[44.1814379,42.1462072,0],[44.1827719,42.1467089,0],[44.1845119,42.1468645,0],[44.1861115,42.1485651,0],[44.1875549,42.1497973,0],[44.1950986,42.1456403,0],[44.2081401,42.1465843,0],[44.2131164,42.1508107,0],[44.2217831,42.1462556,0],[44.2281011,42.1400556,0],[44.2281513,42.1361668,0],[44.2235407,42.1343499,0],[44.2217503,42.1287317,0],[44.2326126,42.1191112,0],[44.2485986,42.1206022,0],[44.2571497,42.1093447,0],[44.2624325,42.1094296,0],[44.2814464,42.1112386,0],[44.2786609,42.0873185,0],[44.2593483,42.0589181,0],[44.2783533,42.0364311,0],[44.2838593,42.0519863,0],[44.293182,42.0695435,0],[44.3081461,42.0722666,0],[44.3140827,42.0654714,0],[44.3086386,42.0562745,0],[44.3139839,42.0426253,0],[44.3341648,42.0383489,0],[44.3360165,42.0429668,0],[44.3455255,42.0423438,0],[44.3474482,42.0441358,0],[44.3646315,42.0528077,0],[44.4149444,42.0521744,0],[44.4772229,42.0464552,0],[44.4893272,42.0425729,0],[44.4828605,42.0615393,0],[44.4836063,42.0680276,0],[44.4877633,42.0686549,0],[44.4925376,42.059106,0],[44.5086571,42.0538197,0],[44.5313102,42.0411041,0],[44.5424694,42.0480015,0],[44.5588655,42.062158,0],[44.5478384,42.0739531,0],[44.5263576,42.0672356,0],[44.52015,42.0917348,0],[44.5368748,42.1014943,0],[44.54799,42.115927,0],[44.5669404,42.1170342,0],[44.5609707,42.1341396,0],[44.5809861,42.1556754,0],[44.5662753,42.1743325,0],[44.6030568,42.192475,0],[44.6274553,42.1925954,0],[44.6156354,42.2264802,0],[44.6193241,42.2744305,0],[44.5790187,42.3269495,0],[44.6091893,42.3640825,0],[44.5974845,42.3780943,0],[44.5490504,42.3871266,0],[44.53272,42.4070973,0],[44.4840996,42.411842,0]]]},"properties":{"name":"Окупований Цхінвальський район\n///\nOccupied Tskhinvali district\n","styleUrl":"#poly-FF5252-1200-77","styleHash":"-58df80","styleMapHash":{"normal":"#poly-FF5252-1200-77-normal","highlight":"#poly-FF5252-1200-77-highlight"},"description":"Окуповано з 1994 шляхом підтримки невизнаного сепаратистського руху. Повторно окуповано вводом \"миротворчого контингенту\" в 2008.<br>///<br>Occupied in 1994 in a result of unrecognized separatist movement support. Re-occupied In 2008 by \"peacemaker troops\".","stroke-opacity":1,"stroke":"#ff5252","stroke-width":1.2,"fill-opacity":0.30196078431372547,"fill":"#ff5252"}},{"type":"Feature","geometry":{"type":"Polygon","coordinates":[[[36.5192425,45.2939885,0],[36.5071402,45.2955583,0],[36.5182982,45.288856,0],[36.5333187,45.2797976,0],[36.5377819,45.2739994,0],[36.54585,45.2680798,0],[36.5491116,45.2613139,0],[36.5715991,45.2500758,0],[36.5782939,45.2490485,0],[36.557012,45.2670518,0],[36.5470516,45.2796768,0],[36.5317737,45.2861989,0],[36.5192425,45.2939885,0]]]},"properties":{"name":"Острів Тузла /// Occupied Tuzla Island","styleUrl":"#poly-880E4F-1200-77-nodesc","styleHash":"-6b23f4d9","styleMapHash":{"normal":"#poly-880E4F-1200-77-nodesc-normal","highlight":"#poly-880E4F-1200-77-nodesc-highlight"},"stroke-opacity":1,"stroke":"#880e4f","stroke-width":1.2,"fill-opacity":0.30196078431372547,"fill":"#880e4f"}},{"type":"Feature","geometry":{"type":"Polygon","coordinates":[[[39.0828906,47.8516037,0],[39.1093893,47.8517524,0],[39.1095354,47.8427473,0],[39.1496824,47.8425817,0],[39.2362131,47.8539532,0],[39.2417337,47.8670136,0],[39.3904498,47.8661846,0],[39.4125292,47.830898,0],[39.4373545,47.8398339,0],[39.4462501,47.850644,0],[39.4784743,47.8594741,0],[39.5203078,47.825141,0],[39.5344907,47.83253,0],[39.542168,47.8249813,0],[39.5655871,47.836556,0],[39.7379104,47.8277291,0],[39.7631843,47.8465373,0],[39.7625051,47.8701448,0],[39.7949406,47.8668329,0],[39.7939036,47.9158973,0],[39.8065943,47.9336659,0],[39.8058884,47.9505616,0],[39.8273909,47.9508344,0],[39.8198438,47.9677616,0],[39.8154078,47.9708664,0],[39.8151166,47.9736166,0],[39.8175382,47.9766456,0],[39.8198493,47.9774461,0],[39.8227982,47.979535,0],[39.8230314,47.9835403,0],[39.8167173,47.9845419,0],[39.8161798,47.9927984,0],[39.8179161,47.9947777,0],[39.8137713,47.9966971,0],[39.8137357,47.9985021,0],[39.8165185,48.0001159,0],[39.8167197,48.0014626,0],[39.8109753,48.0048562,0],[39.8045408,48.0064594,0],[39.8029984,48.0079476,0],[39.7976869,48.0093062,0],[39.7952175,48.0107026,0],[39.7850806,48.023125,0],[39.7867767,48.0250342,0],[39.7796623,48.0393364,0],[39.8772075,48.0413783,0],[39.8858862,48.0478658,0],[39.8322015,48.0664997,0],[39.8685845,48.0794444,0],[39.8799506,48.1151645,0],[39.9102753,48.1384164,0],[39.9091838,48.1693296,0],[39.9138857,48.178015,0],[39.9409345,48.1808104,0],[39.9421938,48.2307436,0],[39.9533041,48.2294084,0],[39.9722759,48.2270247,0],[40.0008684,48.2252447,0],[40.0033787,48.2236859,0],[40.0075402,48.2233125,0],[40.0083965,48.2251387,0],[40.0082215,48.2281045,0],[40.007443,48.2300907,0],[40.0043418,48.2323477,0],[40.0039768,48.2360612,0],[40.0027322,48.2375353,0],[40.0030757,48.2394758,0],[40.0073233,48.2420581,0],[40.0195095,48.2525075,0],[40.0188624,48.2531159,0],[40.0189201,48.2541039,0],[40.018671,48.2550513,0],[40.0189886,48.2570604,0],[40.0155045,48.2626787,0],[40.0167773,48.2694579,0],[40.0138295,48.2715898,0],[40.0089633,48.2726545,0],[39.9997448,48.28929,0],[40.0005341,48.2917165,0],[39.9966002,48.2979383,0],[39.9950166,48.3008469,0],[39.994253,48.303181,0],[39.9926583,48.3056192,0],[39.9919216,48.3060016,0],[39.9920796,48.3097349,0],[39.9939839,48.3120065,0],[39.9941876,48.3126963,0],[39.9935222,48.3128773,0],[39.9932215,48.3135961,0],[39.9909894,48.3160613,0],[39.9910744,48.3165824,0],[39.9908152,48.3170825,0],[39.9869491,48.3175119,0],[39.9853108,48.317001,0],[39.9841797,48.3162073,0],[39.9825182,48.3157045,0],[39.9803108,48.3157835,0],[39.9788999,48.315713,0],[39.9776231,48.3151726,0],[39.9754983,48.31432,0],[39.9744246,48.3134708,0],[39.9724916,48.3129711,0],[39.9710288,48.3116291,0],[39.9718799,48.3097157,0],[39.9707928,48.3089713,0],[39.9712364,48.3077965,0],[39.9712653,48.3073022,0],[39.9708083,48.3070844,0],[39.9687353,48.3071341,0],[39.9676365,48.3068053,0],[39.9663829,48.3067758,0],[39.9656782,48.3064027,0],[39.9658139,48.3056564,0],[39.9654414,48.3046777,0],[39.9648377,48.3044577,0],[39.9638819,48.3034631,0],[39.9632084,48.3032599,0],[39.9630632,48.3025965,0],[39.9635452,48.3021261,0],[39.9644662,48.3020989,0],[39.9657931,48.3027154,0],[39.9669698,48.3028323,0],[39.9680178,48.3028349,0],[39.9694631,48.3031312,0],[39.9710106,48.3027963,0],[39.9710313,48.3014874,0],[39.9706155,48.3011791,0],[39.9702131,48.3003911,0],[39.9706103,48.2989864,0],[39.9702238,48.2987467,0],[39.9695797,48.2986384,0],[39.9674541,48.2991473,0],[39.9667219,48.2996514,0],[39.9661587,48.2998029,0],[39.9649464,48.2996493,0],[39.9633373,48.2990852,0],[39.9606769,48.2994413,0],[39.9596904,48.2992401,0],[39.9593054,48.2988376,0],[39.9582829,48.2980501,0],[39.9559754,48.2992555,0],[39.9557481,48.299894,0],[39.9559284,48.3003326,0],[39.9563748,48.3005247,0],[39.9568814,48.3011087,0],[39.9567444,48.3021637,0],[39.9568219,48.3026192,0],[39.9566599,48.3031852,0],[39.9556063,48.3037463,0],[39.954057,48.304012,0],[39.9529753,48.3039154,0],[39.9519708,48.303551,0],[39.9517212,48.3030504,0],[39.9519946,48.3023918,0],[39.9517688,48.3021309,0],[39.9522186,48.3010381,0],[39.9519575,48.3000927,0],[39.9498477,48.2994008,0],[39.949619,48.2988449,0],[39.9508356,48.2977331,0],[39.9507366,48.2972225,0],[39.9490366,48.2967152,0],[39.9484261,48.2961002,0],[39.9484112,48.2942947,0],[39.947227,48.2941626,0],[39.9465323,48.293784,0],[39.9459582,48.2927414,0],[39.9448101,48.2920266,0],[39.9437155,48.2919104,0],[39.9416121,48.2928487,0],[39.9385209,48.2921268,0],[39.9377029,48.292225,0],[39.9368823,48.2915646,0],[39.9366146,48.2899582,0],[39.9370235,48.288116,0],[39.9366398,48.2868873,0],[39.9362154,48.2850583,0],[39.9350232,48.2837704,0],[39.9340979,48.2834791,0],[39.9332772,48.2837532,0],[39.9321079,48.2837303,0],[39.9305846,48.2832846,0],[39.9301559,48.2827643,0],[39.9302856,48.2823805,0],[39.932176,48.2812133,0],[39.9341115,48.2807351,0],[39.9349784,48.2797503,0],[39.9346951,48.2790658,0],[39.9328753,48.2792411,0],[39.9315961,48.2779922,0],[39.9296385,48.2777793,0],[39.927869,48.2765821,0],[39.9272912,48.2753873,0],[39.9258355,48.2739687,0],[39.9256277,48.2735879,0],[39.9258988,48.2729692,0],[39.9259687,48.2721603,0],[39.9249068,48.2714851,0],[39.9229547,48.2713059,0],[39.9210688,48.2716602,0],[39.9196571,48.2712977,0],[39.9189796,48.2706011,0],[39.9174956,48.2700935,0],[39.9148291,48.2696779,0],[39.9142596,48.2698466,0],[39.9145799,48.2707552,0],[39.915049,48.2713442,0],[39.9147533,48.2718867,0],[39.9140654,48.2719578,0],[39.9130755,48.2711929,0],[39.9111386,48.2710199,0],[39.9102688,48.2716453,0],[39.9105891,48.2721534,0],[39.9118308,48.2727698,0],[39.9122543,48.2737457,0],[39.9113847,48.275269,0],[39.9104178,48.2760308,0],[39.9096855,48.2760119,0],[39.9095085,48.276717,0],[39.9082201,48.277008,0],[39.9084339,48.2781327,0],[39.9100639,48.2790105,0],[39.9093774,48.2807664,0],[39.910753,48.282907,0],[39.911103,48.2850178,0],[39.9097451,48.2875265,0],[39.9126952,48.2882023,0],[39.9101881,48.2929821,0],[39.9031174,48.2988902,0],[39.8869156,48.3040891,0],[39.8879682,48.3073167,0],[39.8871988,48.3087771,0],[39.8410685,48.3100513,0],[39.8421021,48.3183104,0],[39.8403939,48.3291167,0],[39.8452167,48.3294989,0],[39.8455931,48.3327736,0],[39.8597034,48.3345658,0],[39.8779341,48.3340733,0],[39.9185813,48.3416921,0],[39.9186034,48.3472072,0],[39.9307271,48.348957,0],[39.9436441,48.3481202,0],[39.9475073,48.3552302,0],[39.9425304,48.3549629,0],[39.944422,48.3571657,0],[39.939451,48.3607734,0],[39.9406678,48.365023,0],[39.9367499,48.3671357,0],[39.9347511,48.3722742,0],[39.9432775,48.3837913,0],[39.9415351,48.3870715,0],[39.9383089,48.3875623,0],[39.9352706,48.384697,0],[39.9318897,48.3769292,0],[39.9268452,48.3750751,0],[39.9212199,48.3759275,0],[39.9175221,48.3792278,0],[39.9163055,48.3842314,0],[39.9145583,48.3868273,0],[39.9078019,48.3887123,0],[39.9059615,48.3903159,0],[39.9067434,48.3922694,0],[39.9174051,48.3948097,0],[39.9186437,48.3976109,0],[39.9160499,48.4006103,0],[39.9084587,48.4020517,0],[39.906312,48.403562,0],[39.9064839,48.4074937,0],[39.9127632,48.4155801,0],[39.9102969,48.4219558,0],[39.8959257,48.4292418,0],[39.8888169,48.4419929,0],[39.8898644,48.4435709,0],[39.8967662,48.4442197,0],[39.8985547,48.4459723,0],[39.8973265,48.4481115,0],[39.8577522,48.4633633,0],[39.8463375,48.4737119,0],[39.847753,48.4856779,0],[39.8478837,48.4951083,0],[39.8464694,48.4993057,0],[39.84871,48.5028401,0],[39.8531911,48.5034246,0],[39.8566588,48.5016359,0],[39.861877,48.5019244,0],[39.8661347,48.5047748,0],[39.8667561,48.5088826,0],[39.8574855,48.5374008,0],[39.8580446,48.5453656,0],[39.8545326,48.5529988,0],[39.8576295,48.5614133,0],[39.846829,48.5729337,0],[39.8216849,48.5783323,0],[39.8206043,48.5792853,0],[39.8254818,48.5816452,0],[39.8263109,48.5842074,0],[39.8250511,48.5861523,0],[39.8223596,48.5866356,0],[39.8128554,48.5838551,0],[39.8086096,48.5839718,0],[39.8044954,48.5854536,0],[39.8002156,48.5895529,0],[39.796119,48.5918468,0],[39.7899853,48.5933692,0],[39.7734252,48.5923258,0],[39.7720625,48.5916013,0],[39.7703675,48.5879945,0],[39.754759,48.5829996,0],[39.7512953,48.5820902,0],[39.7505496,48.5833377,0],[39.7510542,48.5888356,0],[39.7490377,48.5902429,0],[39.7467209,48.5906731,0],[39.7443186,48.5900574,0],[39.7387429,48.5868384,0],[39.7346291,48.5858506,0],[39.7301775,48.585919,0],[39.726252,48.5866238,0],[39.7233788,48.5862164,0],[39.7212371,48.5848336,0],[39.714893,48.5852475,0],[39.7025463,48.5877777,0],[39.697765,48.5871601,0],[39.6916351,48.586378,0],[39.6872709,48.5870843,0],[39.6772879,48.5875629,0],[39.6765155,48.5881875,0],[39.6722238,48.5884145,0],[39.6675887,48.5867682,0],[39.6587483,48.5856325,0],[39.6575468,48.5846673,0],[39.6353165,48.5800397,0],[39.6319692,48.5806927,0],[39.6236436,48.5860867,0],[39.6228281,48.5863707,0],[39.6219268,48.5858029,0],[39.6212402,48.5819417,0],[39.6175495,48.5771153,0],[39.6137299,48.5749004,0],[39.6124855,48.5729129,0],[39.6080223,48.5727141,0],[39.6036449,48.5741055,0],[39.5963128,48.5750293,0],[39.5949886,48.5766912,0],[39.5948044,48.5793299,0],[39.6006408,48.5857461,0],[39.604074,48.5862571,0],[39.6050182,48.5867681,0],[39.6045891,48.5888119,0],[39.6017566,48.591537,0],[39.5963493,48.5923886,0],[39.5925357,48.5912967,0],[39.5817707,48.5850383,0],[39.5777793,48.5828806,0],[39.576535,48.581234,0],[39.5733466,48.5805224,0],[39.5680714,48.5818502,0],[39.5629675,48.5836321,0],[39.5631454,48.5862306,0],[39.5660509,48.588301,0],[39.5672772,48.5902388,0],[39.5673018,48.5921198,0],[39.5656345,48.5939516,0],[39.5633045,48.5974408,0],[39.5617595,48.5980085,0],[39.5586696,48.5980085,0],[39.5512023,48.5955676,0],[39.5494857,48.5932401,0],[39.5505587,48.5885848,0],[39.549314,48.5859732,0],[39.5450225,48.5839292,0],[39.5373836,48.58339,0],[39.5312037,48.5842699,0],[39.5287147,48.5859448,0],[39.5269121,48.58955,0],[39.5281312,48.5918406,0],[39.5332079,48.5936307,0],[39.5335878,48.5954605,0],[39.5324228,48.5964387,0],[39.5280455,48.5971767,0],[39.5253848,48.5981984,0],[39.5226333,48.6029769,0],[39.5234788,48.6051034,0],[39.5272799,48.6082749,0],[39.5278196,48.6094601,0],[39.5271823,48.6112629,0],[39.5257232,48.613022,0],[39.5167841,48.6180986,0],[39.5116469,48.6218737,0],[39.5119776,48.6235455,0],[39.5154235,48.6261855,0],[39.5162691,48.6279705,0],[39.5167109,48.6299864,0],[39.5160243,48.6321987,0],[39.5140876,48.6338368,0],[39.5104342,48.6344539,0],[39.5004348,48.6325537,0],[39.4955426,48.6321283,0],[39.4930106,48.6304265,0],[39.4862727,48.6288949,0],[39.4841484,48.6282,0],[39.4761018,48.628753,0],[39.4685916,48.6274483,0],[39.4656304,48.6281857,0],[39.4640108,48.6310641,0],[39.4642683,48.6340137,0],[39.4673899,48.6372332,0],[39.4658132,48.6386649,0],[39.4575623,48.6386512,0],[39.4542149,48.6397855,0],[39.45164,48.6410333,0],[39.4495753,48.6445574,0],[39.4497978,48.6504011,0],[39.4513078,48.6517082,0],[39.4533852,48.6528124,0],[39.4523728,48.6547104,0],[39.4501761,48.6556715,0],[39.4465013,48.6563009,0],[39.4389481,48.6549401,0],[39.4323232,48.6567488,0],[39.4207457,48.6582229,0],[39.4142323,48.6566918,0],[39.4106939,48.6576559,0],[39.4080332,48.6598104,0],[39.4082049,48.6614545,0],[39.4135262,48.6668399,0],[39.4138697,48.6684271,0],[39.4117239,48.6705243,0],[39.4058209,48.6738115,0],[39.4026452,48.6744349,0],[39.3979909,48.6746052,0],[39.3905237,48.6787991,0],[39.3891696,48.6803857,0],[39.3909291,48.6837575,0],[39.3895988,48.6847492,0],[39.3817025,48.6855142,0],[39.3795566,48.6862791,0],[39.3779859,48.6862368,0],[39.3673165,48.6919737,0],[39.3658902,48.6922287,0],[39.3603112,48.695798,0],[39.3559531,48.697214,0],[39.3505029,48.7076367,0],[39.3486574,48.708713,0],[39.346855,48.7122245,0],[39.3486382,48.7134707,0],[39.3541314,48.7132442,0],[39.3601589,48.7156791,0],[39.3652658,48.7168401,0],[39.3704585,48.7159622,0],[39.3720796,48.7159341,0],[39.3737867,48.7174915,0],[39.3741826,48.7186523,0],[39.3726043,48.7198696,0],[39.3691283,48.7200679,0],[39.3615322,48.7223045,0],[39.3552238,48.7252488,0],[39.3537216,48.7268908,0],[39.3540724,48.729646,0],[39.3588751,48.7339014,0],[39.3588714,48.7361753,0],[39.3581923,48.7370054,0],[39.3492658,48.742496,0],[39.3472058,48.7457787,0],[39.3470266,48.7502121,0],[39.3461759,48.751042,0],[39.3431385,48.7573608,0],[39.3433628,48.7592092,0],[39.3455281,48.7616611,0],[39.3491724,48.7621516,0],[39.3513257,48.7630943,0],[39.3538932,48.7654897,0],[39.3545015,48.7668284,0],[39.3527812,48.7679412,0],[39.3510629,48.7685469,0],[39.3472429,48.7683845,0],[39.3403355,48.7663007,0],[39.3361337,48.7659798,0],[39.3316705,48.766602,0],[39.3266028,48.7683087,0],[39.326084,48.7700153,0],[39.3274828,48.7721084,0],[39.3279722,48.7736923,0],[39.3262557,48.7755589,0],[39.3245465,48.776049,0],[39.3145901,48.7748045,0],[39.3118435,48.7740692,0],[39.3088319,48.7719953,0],[39.3030887,48.765414,0],[39.2999129,48.7630378,0],[39.2926174,48.760605,0],[39.2914941,48.7594358,0],[39.2906433,48.756248,0],[39.2892807,48.7536832,0],[39.28952,48.7515136,0],[39.2864338,48.7489009,0],[39.2820603,48.7486084,0],[39.2788874,48.749339,0],[39.2766585,48.7523332,0],[39.2747755,48.753681,0],[39.2723828,48.7538866,0],[39.2708089,48.7527587,0],[39.2703015,48.7512117,0],[39.2716747,48.7477596,0],[39.270809,48.7439866,0],[39.2686631,48.741949,0],[39.264468,48.7412523,0],[39.258535,48.7427414,0],[39.256311,48.7422696,0],[39.2550234,48.7406847,0],[39.255282,48.7387742,0],[39.2592291,48.7338353,0],[39.2561392,48.7268717,0],[39.2539624,48.7244016,0],[39.2533069,48.7220589,0],[39.2539001,48.7201527,0],[39.2497802,48.7125643,0],[39.2435147,48.7096192,0],[39.2395879,48.7091247,0],[39.2359905,48.711088,0],[39.2323641,48.7114125,0],[39.2267852,48.7089771,0],[39.2248968,48.7067682,0],[39.2194036,48.7051822,0],[39.2071728,48.6982998,0],[39.2031818,48.6986114,0],[39.2003706,48.6999993,0],[39.1991476,48.702265,0],[39.1983536,48.705777,0],[39.1975167,48.706485,0],[39.1965081,48.7065134,0],[39.1951061,48.7038985,0],[39.1909003,48.6998199,0],[39.1854146,48.6933991,0],[39.1816381,48.6857501,0],[39.1742491,48.680329,0],[39.1633486,48.6757386,0],[39.1574337,48.6753794,0],[39.1519406,48.6762862,0],[39.1486715,48.6752851,0],[39.1445122,48.6709112,0],[39.1418984,48.6666505,0],[39.141641,48.6650633,0],[39.1426709,48.6635326,0],[39.1419842,48.6608682,0],[39.1394876,48.65964,0],[39.1273071,48.6604713,0],[39.1231872,48.6600178,0],[39.1168282,48.6567485,0],[39.1119359,48.6533466,0],[39.1036178,48.6498687,0],[39.0985539,48.6508893,0],[39.0849068,48.6506625,0],[39.0758944,48.6516264,0],[39.0743495,48.6504357,0],[39.0548659,48.6470333,0],[39.042678,48.6464662,0],[39.0380823,48.6471847,0],[39.0355464,48.6482432,0],[39.0334474,48.6519761,0],[39.0322065,48.6528738,0],[39.0285083,48.6530064,0],[39.0191528,48.6569753,0],[39.0123721,48.658336,0],[39.010316,48.660084,0],[39.009633,48.6626256,0],[39.0129804,48.6640429,0],[39.0185594,48.6640995,0],[39.0216493,48.6623989,0],[39.0254258,48.6619737,0],[39.0274858,48.6632492,0],[39.0262842,48.667274,0],[39.0238809,48.6698815,0],[39.0205336,48.6722621,0],[39.0202761,48.6756061,0],[39.0195819,48.6791389,0],[39.0163671,48.6809428,0],[39.0143537,48.6834267,0],[39.015727,48.6886399,0],[39.0155478,48.6948913,0],[39.0048265,48.6963452,0],[39.0018149,48.6980072,0],[38.9998483,48.7001975,0],[38.999505,48.7039927,0],[38.9982176,48.7076745,0],[38.9989862,48.7111956,0],[38.9969225,48.7116016,0],[38.9919227,48.7100017,0],[38.9869231,48.7101575,0],[38.9843054,48.7118281,0],[38.9847421,48.7136213,0],[38.9888619,48.715207,0],[38.9939184,48.7161888,0],[38.9980459,48.7174722,0],[38.9993333,48.7196241,0],[38.9983893,48.7242672,0],[38.9914368,48.7306084,0],[38.9895411,48.7349866,0],[38.9844561,48.7375798,0],[38.9822031,48.7402861,0],[38.9823319,48.7421893,0],[38.981216,48.7438449,0],[38.9788122,48.7448922,0],[38.9749968,48.7447632,0],[38.9725628,48.7435836,0],[38.9698324,48.7437464,0],[38.9669464,48.7452039,0],[38.9640925,48.7461943,0],[38.9611311,48.7461373,0],[38.9599296,48.7429109,0],[38.961217,48.739911,0],[38.9610453,48.736515,0],[38.9569464,48.7340668,0],[38.9460674,48.7344489,0],[38.9437074,48.7338543,0],[38.9340086,48.7357792,0],[38.9324635,48.736798,0],[38.9343519,48.7429112,0],[38.9379568,48.7440714,0],[38.9388581,48.7458118,0],[38.9382788,48.746682,0],[38.9369591,48.7471171,0],[38.9350546,48.7468536,0],[38.9336652,48.7460241,0],[38.9306501,48.7452743,0],[38.9227216,48.7450054,0],[38.9213055,48.7446091,0],[38.9199671,48.7434206,0],[38.9180279,48.7429113,0],[38.9143212,48.7443829,0],[38.9125725,48.7468732,0],[38.9111349,48.7480051,0],[38.9087746,48.7492502,0],[38.9047401,48.7506082,0],[38.9010923,48.7509054,0],[38.8988178,48.750184,0],[38.8920372,48.7504385,0],[38.8813299,48.7501841,0],[38.8802356,48.7506085,0],[38.8790769,48.752476,0],[38.8776176,48.7525889,0],[38.8716924,48.7513053,0],[38.863879,48.7513796,0],[38.8609553,48.7507359,0],[38.8606013,48.749788,0],[38.8593783,48.7495899,0],[38.8553874,48.7496462,0],[38.8471476,48.7429112,0],[38.8360755,48.7232671,0],[38.8300673,48.7170382,0],[38.8084379,48.7134138,0],[38.7670674,48.71432,0],[38.7535137,48.7184915,0],[38.6917155,48.7293629,0],[38.6745492,48.7293629,0],[38.6784116,48.723701,0],[38.6301672,48.721172,0],[38.5832177,48.7198696,0],[38.5784187,48.7094303,0],[38.577732,48.6967418,0],[38.5722313,48.6890556,0],[38.5594455,48.6866947,0],[38.5489783,48.6752945,0],[38.5394514,48.6735091,0],[38.5272842,48.6746424,0],[38.5161483,48.6705617,0],[38.5152472,48.6663671,0],[38.4967076,48.6631925,0],[38.4802281,48.6591107,0],[38.4644278,48.6564083,0],[38.4452016,48.6550476,0],[38.4314762,48.6504924,0],[38.4198032,48.6450485,0],[38.4143025,48.6382619,0],[38.4088093,48.62964,0],[38.4046894,48.6169314,0],[38.4048036,48.6090985,0],[38.4060702,48.6019302,0],[38.402637,48.5919397,0],[38.402637,48.5478669,0],[38.4143026,48.5206053,0],[38.4115634,48.5105796,0],[38.4053767,48.4733655,0],[38.3930237,48.436606,0],[38.3892474,48.4322779,0],[38.390964,48.4158739,0],[38.3672748,48.3996925,0],[38.3542284,48.390346,0],[38.3435779,48.3844372,0],[38.3217544,48.3710529,0],[38.2907061,48.361631,0],[38.2736891,48.3591918,0],[38.2591203,48.359806,0],[38.2276837,48.3671755,0],[38.2149807,48.3690002,0],[38.2074276,48.371509,0],[38.1847683,48.3749299,0],[38.1500926,48.3854193,0],[38.1544451,48.395536,0],[38.1630936,48.4021166,0],[38.1485476,48.4144818,0],[38.1352438,48.4190391,0],[38.1174769,48.420805,0],[38.1137059,48.4080126,0],[38.0685038,48.4086727,0],[38.0421228,48.4090856,0],[38.0048018,48.3939537,0],[37.9786234,48.391275,0],[37.9749586,48.3811152,0],[37.9701521,48.3803171,0],[37.9470402,48.3751555,0],[37.9346295,48.3739913,0],[37.9329442,48.3617706,0],[37.9103454,48.3331062,0],[37.8887509,48.3168062,0],[37.8847528,48.3122931,0],[37.884532,48.2988743,0],[37.8881602,48.2836394,0],[37.8953466,48.268546,0],[37.89157,48.2550609,0],[37.8929432,48.2335689,0],[37.8965706,48.2154292,0],[37.8833302,48.1997121,0],[37.8562077,48.1928465,0],[37.8285927,48.1751503,0],[37.824622,48.1578177,0],[37.8198549,48.1438969,0],[37.8038729,48.1178391,0],[37.8002004,48.1149655,0],[37.7920214,48.1045282,0],[37.7892831,48.1001774,0],[37.7730529,48.0920319,0],[37.7564355,48.0866703,0],[37.7463065,48.0734746,0],[37.7427884,48.0727514,0],[37.6997015,48.0722042,0],[37.6930492,48.0693073,0],[37.6877494,48.0618935,0],[37.6942941,48.0565448,0],[37.6911989,48.0534065,0],[37.6878504,48.0547535,0],[37.6699861,48.0433634,0],[37.6478104,48.0289444,0],[37.6226618,48.0194438,0],[37.6164821,48.0180947,0],[37.6013759,48.0169465,0],[37.5885656,48.0160207,0],[37.575455,48.0139608,0],[37.5733939,48.0068986,0],[37.556143,48.0098553,0],[37.5496206,47.9973638,0],[37.5585462,47.986451,0],[37.5484825,47.9792624,0],[37.5394871,47.9726323,0],[37.5320031,47.9645878,0],[37.5251581,47.9572022,0],[37.5218536,47.94582,0],[37.5285901,47.9414985,0],[37.5428393,47.9324766,0],[37.5394068,47.9242357,0],[37.5350286,47.917986,0],[37.5685999,47.9077685,0],[37.5759066,47.9077328,0],[37.6440338,47.8866264,0],[37.6342622,47.838423,0],[37.6345486,47.8025384,0],[37.623169,47.7731102,0],[37.6375888,47.7519939,0],[37.6726795,47.7247168,0],[37.7644947,47.6847015,0],[37.8039769,47.6601962,0],[37.801917,47.6423879,0],[37.7686147,47.6354478,0],[37.7823477,47.5859162,0],[37.8194267,47.5463034,0],[37.8925547,47.4697729,0],[37.8784784,47.4416839,0],[37.8637154,47.4265885,0],[37.855819,47.403124,0],[37.856849,47.3928985,0],[37.8503258,47.3842983,0],[37.8383096,47.3780216,0],[37.841643,47.3690218,0],[37.8515994,47.3655338,0],[37.8417428,47.3584893,0],[37.8376229,47.3524422,0],[37.8486092,47.3501161,0],[37.8591525,47.3543707,0],[37.8612124,47.3478578,0],[37.856849,47.3436027,0],[37.8444894,47.3419742,0],[37.8292834,47.3425074,0],[37.8273232,47.3284792,0],[37.8245766,47.3214977,0],[37.8317864,47.3149807,0],[37.8348763,47.3082302,0],[37.8276665,47.3026429,0],[37.8338464,47.2854117,0],[37.833503,47.249301,0],[37.8513558,47.198938,0],[37.8499825,47.1742053,0],[37.8180535,47.1190987,0],[37.8292834,47.1127418,0],[37.8383095,47.0997045,0],[37.8621706,47.1062479,0],[37.8795803,47.1066666,0],[37.8954729,47.1109213,0],[37.9839645,47.0835761,0],[37.9902301,47.0914656,0],[37.9790722,47.0928096,0],[37.9758825,47.0956826,0],[37.9930627,47.0990033,0],[38.0325448,47.0890697,0],[38.040012,47.0918746,0],[38.0407846,47.0962571,0],[38.054332,47.1083022,0],[38.0626714,47.1108045,0],[38.08885,47.1059558,0],[38.1046619,47.0956273,0],[38.1228691,47.0806216,0],[38.1328256,47.0640197,0],[38.1317956,47.0537286,0],[38.1060463,47.0471788,0],[38.0804081,47.0265446,0],[38.0849876,47.0204182,0],[38.1632652,47.0654551,0],[38.1865557,47.0937123,0],[38.2115022,47.1071826,0],[38.2301175,47.119406,0],[38.2284514,47.1226729,0],[38.2292468,47.1270853,0],[38.2319091,47.129692,0],[38.2340685,47.1355459,0],[38.2363121,47.1395266,0],[38.2355903,47.1961289,0],[38.234781,47.2025886,0],[38.2373783,47.2083908,0],[38.2396567,47.208713,0],[38.2410554,47.2101138,0],[38.2411519,47.2105429,0],[38.2408246,47.2108546,0],[38.2412215,47.2117534,0],[38.2418471,47.2121661,0],[38.2415415,47.2125292,0],[38.2418929,47.2148436,0],[38.2422759,47.2153019,0],[38.2422804,47.2162117,0],[38.2427899,47.217117,0],[38.2425054,47.2178107,0],[38.2412876,47.2184817,0],[38.240507,47.2183364,0],[38.2398263,47.218731,0],[38.2398971,47.2199239,0],[38.2400827,47.2201486,0],[38.2400467,47.2213613,0],[38.2397605,47.2216179,0],[38.2387591,47.2217389,0],[38.2382548,47.2224089,0],[38.2387143,47.2232165,0],[38.2385172,47.22364,0],[38.2364423,47.2242619,0],[38.2362738,47.2244999,0],[38.2364096,47.2254132,0],[38.2361448,47.2256075,0],[38.2346481,47.2254071,0],[38.2338694,47.2258012,0],[38.2340111,47.227113,0],[38.2336742,47.2280166,0],[38.2328621,47.2284101,0],[38.2329066,47.2291897,0],[38.2343344,47.2309856,0],[38.2351234,47.2310967,0],[38.2362475,47.2308171,0],[38.237346,47.2312165,0],[38.2378094,47.2320427,0],[38.2398865,47.2324121,0],[38.2407512,47.2321463,0],[38.2416486,47.232812,0],[38.2427674,47.2326826,0],[38.2460906,47.2341102,0],[38.2477027,47.2334227,0],[38.2535413,47.2336156,0],[38.2605024,47.2383163,0],[38.288189,47.2385598,0],[38.288043,47.2564998,0],[38.3244906,47.2568209,0],[38.3307851,47.2634492,0],[38.3309967,47.2645747,0],[38.3291431,47.266503,0],[38.3332861,47.2682715,0],[38.3337354,47.2689381,0],[38.3308099,47.2759325,0],[38.3276326,47.27668,0],[38.3261871,47.2774834,0],[38.3271856,47.2795435,0],[38.3233941,47.2811323,0],[38.3257662,47.2846011,0],[38.3284365,47.2848084,0],[38.3296901,47.2896121,0],[38.3333538,47.2921318,0],[38.3337391,47.2962532,0],[38.3332879,47.2969749,0],[38.3275474,47.2975272,0],[38.3270914,47.2990089,0],[38.3282045,47.3003972,0],[38.3345111,47.3014077,0],[38.3363045,47.3064075,0],[38.2209779,47.3053796,0],[38.2214722,47.3273446,0],[38.2272145,47.3297102,0],[38.2257943,47.3321154,0],[38.2220794,47.3328526,0],[38.230493,47.3389025,0],[38.2306932,47.3431686,0],[38.2402401,47.346223,0],[38.246788,47.3514449,0],[38.2504613,47.357713,0],[38.2473631,47.3617371,0],[38.2455592,47.3631933,0],[38.2587325,47.3733532,0],[38.2864922,47.3735598,0],[38.2864155,47.3914768,0],[38.3004094,47.391514,0],[38.3020854,47.3928698,0],[38.3020221,47.4751206,0],[38.2894022,47.4767537,0],[38.2940999,47.4907448,0],[38.2950717,47.5080641,0],[38.2849085,47.5083765,0],[38.2848038,47.5444646,0],[38.3051136,47.5448513,0],[38.3111495,47.5536189,0],[38.3109696,47.5760278,0],[38.3507371,47.5762058,0],[38.3501205,47.6166892,0],[38.4566884,47.6170037,0],[38.4562749,47.6442531,0],[38.620087,47.6448705,0],[38.6295892,47.6533363,0],[38.6292745,47.6692783,0],[38.6658873,47.6694185,0],[38.6656155,47.6971765,0],[38.6591995,47.7000572,0],[38.6707962,47.6989544,0],[38.7291235,47.6988072,0],[38.7303052,47.680361,0],[38.7540691,47.6848875,0],[38.7731639,47.6857642,0],[38.7708688,47.7206292,0],[38.7889429,47.7370148,0],[38.7981571,47.7784404,0],[38.7886773,47.8159738,0],[38.8351025,47.816059,0],[38.8421825,47.8631185,0],[39.0827779,47.8699273,0],[39.0828906,47.8516037,0]]]},"properties":{"name":"ОРДЛО /// CADR and CALR\n","styleUrl":"#poly-880E4F-1200-77-nodesc","styleHash":"-6b23f4d9","styleMapHash":{"normal":"#poly-880E4F-1200-77-nodesc-normal","highlight":"#poly-880E4F-1200-77-nodesc-highlight"},"stroke-opacity":1,"stroke":"#880e4f","stroke-width":1.2,"fill-opacity":0.30196078431372547,"fill":"#880e4f"}},{"type":"Feature","geometry":{"type":"Polygon","coordinates":[[[37.8562077,48.1928465,0],[37.8833302,48.1997121,0],[37.8965706,48.2154292,0],[37.8929432,48.2335689,0],[37.89157,48.2550609,0],[37.8953466,48.268546,0],[37.8881602,48.2836394,0],[37.8696933,48.2818506,0],[37.8423308,48.2832692,0],[37.8217294,48.2899051,0],[37.8082985,48.2875112,0],[37.8131574,48.2744108,0],[37.8066806,48.2687582,0],[37.7948013,48.2683387,0],[37.7809279,48.2665927,0],[37.7724606,48.262731,0],[37.7715166,48.2614448,0],[37.7756366,48.255716,0],[37.7761512,48.2501586,0],[37.7685987,48.2465619,0],[37.7712588,48.2370691,0],[37.7722466,48.2214534,0],[37.7629148,48.2203643,0],[37.7595365,48.2189903,0],[37.7508997,48.2195105,0],[37.7498467,48.2188888,0],[37.7504875,48.2179314,0],[37.750653,48.2162452,0],[37.7532216,48.2149593,0],[37.7555325,48.2128727,0],[37.7527672,48.2115767,0],[37.7350244,48.2102235,0],[37.740641,48.1965884,0],[37.768574,48.1909895,0],[37.7801621,48.1905654,0],[37.782104,48.1854327,0],[37.7910371,48.1805521,0],[37.7948393,48.1768397,0],[37.8015461,48.1746128,0],[37.80971,48.1649436,0],[37.7984831,48.1509121,0],[37.8072325,48.1233214,0],[37.8198549,48.1438969,0],[37.824622,48.1578177,0],[37.8285927,48.1751503,0],[37.8562077,48.1928465,0]]]},"properties":{"name":"Окуповано /// Occupied","styleUrl":"#poly-A52714-1200-77-nodesc","styleHash":"5f0393c8","styleMapHash":{"normal":"#poly-A52714-1200-77-nodesc-normal","highlight":"#poly-A52714-1200-77-nodesc-highlight"},"stroke-opacity":1,"stroke":"#a52714","stroke-width":1.2,"fill-opacity":0.30196078431372547,"fill":"#a52714"}},{"type":"Feature","geometry":{"type":"Polygon","coordinates":[[[38.5596903,48.8300678,0],[38.7055563,48.7754613,0],[38.6917155,48.7293629,0],[38.7535158,48.7184937,0],[38.7670695,48.7143222,0],[38.8084401,48.713416,0],[38.8300695,48.7170404,0],[38.8360776,48.7232693,0],[38.8471497,48.7429134,0],[38.8553895,48.7496484,0],[38.8593804,48.7495921,0],[38.8606035,48.7497902,0],[38.8609575,48.7507381,0],[38.8638811,48.7513818,0],[38.8716946,48.7513075,0],[38.8776197,48.7525911,0],[38.879079,48.7524782,0],[38.8802377,48.7506107,0],[38.881332,48.7501863,0],[38.8920393,48.7504407,0],[38.8988199,48.7501862,0],[38.9010944,48.7509076,0],[38.9047423,48.7506104,0],[38.9087767,48.7492524,0],[38.911137,48.7480073,0],[38.9125746,48.7468754,0],[38.9143233,48.7443851,0],[38.9180301,48.7429135,0],[38.9199692,48.7434228,0],[38.9213076,48.7446113,0],[38.9227237,48.7450076,0],[38.9246333,48.745036,0],[38.9306522,48.7452765,0],[38.9336673,48.7460263,0],[38.9350567,48.7468558,0],[38.9369612,48.7471193,0],[38.938281,48.7466842,0],[38.9388603,48.745814,0],[38.937959,48.7440736,0],[38.934354,48.7429134,0],[38.9324656,48.7368002,0],[38.9340107,48.7357814,0],[38.9437095,48.7338565,0],[38.9460695,48.7344511,0],[38.9569485,48.734069,0],[38.9610475,48.7365172,0],[38.9612192,48.7399132,0],[38.9599318,48.7429131,0],[38.9611333,48.7461395,0],[38.9640946,48.7461965,0],[38.9669485,48.7452061,0],[38.9698345,48.7437486,0],[38.972565,48.7435858,0],[38.974999,48.7447654,0],[38.9788143,48.7448944,0],[38.9812181,48.7438471,0],[38.9823341,48.7421915,0],[38.9822053,48.7402883,0],[38.9844583,48.737582,0],[38.9895432,48.7349888,0],[38.9914389,48.7306106,0],[38.9983914,48.7242694,0],[38.9993354,48.7196263,0],[38.9980481,48.7174744,0],[38.9939206,48.716191,0],[38.988864,48.7152092,0],[38.9847443,48.7136235,0],[38.9843076,48.7118303,0],[38.9869253,48.7101597,0],[38.9919248,48.7100039,0],[38.9969247,48.7116038,0],[38.9989883,48.7111978,0],[38.9982198,48.7076767,0],[38.9995071,48.7039949,0],[38.9998504,48.7001997,0],[39.001817,48.6980094,0],[39.0048287,48.6963474,0],[39.01555,48.6948935,0],[39.0157292,48.6886421,0],[39.0143558,48.6834289,0],[39.0163693,48.680945,0],[39.0195841,48.6791411,0],[39.0202783,48.6756083,0],[39.0205358,48.6722643,0],[39.023883,48.6698837,0],[39.0262863,48.6672762,0],[39.027488,48.6632514,0],[39.0254279,48.6619759,0],[39.0216515,48.6624011,0],[39.0185616,48.6641017,0],[39.0129825,48.6640451,0],[39.0096352,48.6626278,0],[39.0103182,48.6600862,0],[39.0123742,48.6583382,0],[39.019155,48.6569775,0],[39.0285105,48.6530086,0],[39.0322087,48.652876,0],[39.0334496,48.6519783,0],[39.0355485,48.6482454,0],[39.0380844,48.6471869,0],[39.0426802,48.6464684,0],[39.0548681,48.6470355,0],[39.0743517,48.6504379,0],[39.0758966,48.6516286,0],[39.084909,48.6506647,0],[39.0985561,48.6508915,0],[39.1036199,48.6498709,0],[39.1119381,48.6533489,0],[39.1168304,48.6567508,0],[39.1231894,48.6600201,0],[39.1273093,48.6604736,0],[39.1394898,48.6596423,0],[39.1419864,48.6608705,0],[39.1426731,48.6635349,0],[39.1416432,48.6650656,0],[39.1419006,48.6666528,0],[39.1445144,48.6709135,0],[39.1486736,48.6752874,0],[39.1519428,48.6762885,0],[39.1574358,48.6753817,0],[39.1633508,48.6757409,0],[39.1742513,48.6803313,0],[39.1816402,48.6857524,0],[39.1854168,48.6934014,0],[39.1909024,48.6998222,0],[39.1951083,48.7039008,0],[39.1965103,48.7065157,0],[39.1975189,48.7064873,0],[39.1983558,48.7057793,0],[39.1991498,48.7022673,0],[39.2003727,48.7000016,0],[39.2031839,48.6986137,0],[39.207175,48.6983021,0],[39.2125393,48.7012195,0],[39.2194058,48.7051845,0],[39.2248989,48.7067705,0],[39.2267874,48.7089794,0],[39.2323663,48.7114148,0],[39.2359926,48.7110903,0],[39.2395901,48.709127,0],[39.2435169,48.7096215,0],[39.2497824,48.7125666,0],[39.2539023,48.720155,0],[39.2533091,48.7220612,0],[39.2539646,48.7244039,0],[39.2561413,48.726874,0],[39.2592313,48.7338376,0],[39.2552841,48.7387765,0],[39.2550255,48.740687,0],[39.2563131,48.7422719,0],[39.2585371,48.7427437,0],[39.2644702,48.7412546,0],[39.2686652,48.7419513,0],[39.2708112,48.7439889,0],[39.2716769,48.7477619,0],[39.2703037,48.751214,0],[39.2708111,48.752761,0],[39.272385,48.7538889,0],[39.2747777,48.7536833,0],[39.2766606,48.7523355,0],[39.2788895,48.7493413,0],[39.2820625,48.7486107,0],[39.286436,48.7489032,0],[39.2895221,48.7515159,0],[39.2892828,48.7536855,0],[39.2906454,48.7562503,0],[39.2914962,48.7594381,0],[39.2926196,48.7606073,0],[39.299915,48.7630401,0],[39.3030909,48.7654163,0],[39.308834,48.7719976,0],[39.3118456,48.7740715,0],[39.3145923,48.7748068,0],[39.3245486,48.7760513,0],[39.3262579,48.7755612,0],[39.3279744,48.7736946,0],[39.327485,48.7721107,0],[39.3260862,48.7700176,0],[39.326605,48.768311,0],[39.3316726,48.7666043,0],[39.3361358,48.7659821,0],[39.3403377,48.766303,0],[39.3472451,48.7683868,0],[39.3510629,48.7685469,0],[39.3527834,48.7679435,0],[39.3545036,48.7668307,0],[39.3538953,48.765492,0],[39.3513279,48.7630966,0],[39.3491746,48.7621539,0],[39.3455302,48.7616634,0],[39.3433649,48.7592115,0],[39.3431406,48.7573631,0],[39.346178,48.7510443,0],[39.3470287,48.7502144,0],[39.3472079,48.745781,0],[39.349268,48.7424983,0],[39.3581944,48.7370077,0],[39.3588735,48.7361776,0],[39.3588772,48.7339037,0],[39.3570785,48.7323091,0],[39.3540746,48.7296483,0],[39.3537238,48.7268931,0],[39.355226,48.7252511,0],[39.3615344,48.7223068,0],[39.3691304,48.7200702,0],[39.3726065,48.7198719,0],[39.3741848,48.7186546,0],[39.3737889,48.7174938,0],[39.3720818,48.7159364,0],[39.3704606,48.7159645,0],[39.365268,48.7168424,0],[39.3601611,48.7156814,0],[39.3541336,48.7132465,0],[39.3486404,48.713473,0],[39.3468571,48.7122268,0],[39.3486596,48.7087153,0],[39.3505051,48.707639,0],[39.3559553,48.6972163,0],[39.3603134,48.6958003,0],[39.3658924,48.692231,0],[39.3673187,48.691976,0],[39.3779881,48.6862391,0],[39.3795588,48.6862814,0],[39.3817046,48.6855165,0],[39.389601,48.6847515,0],[39.3909313,48.6837598,0],[39.3891718,48.680388,0],[39.3905259,48.6788014,0],[39.3979931,48.6746075,0],[39.4026474,48.6744372,0],[39.4058231,48.6738138,0],[39.4117261,48.6705266,0],[39.4138719,48.6684294,0],[39.4135284,48.6668422,0],[39.4082071,48.6614568,0],[39.4080354,48.6598127,0],[39.4106961,48.6576582,0],[39.4142345,48.6566941,0],[39.4207479,48.6582252,0],[39.4323254,48.6567511,0],[39.4389503,48.6549424,0],[39.4465035,48.6563032,0],[39.4501783,48.6556738,0],[39.452375,48.6547127,0],[39.4533874,48.6528147,0],[39.45131,48.6517105,0],[39.4497999,48.6504034,0],[39.4495774,48.6445597,0],[39.4516422,48.6410356,0],[39.4542171,48.6397878,0],[39.4575645,48.6386535,0],[39.4658154,48.6386672,0],[39.4673921,48.6372355,0],[39.4642705,48.634016,0],[39.464013,48.6310664,0],[39.4656326,48.628188,0],[39.4685938,48.6274506,0],[39.476104,48.6287553,0],[39.4841506,48.6282023,0],[39.4862749,48.6288972,0],[39.4930128,48.6304288,0],[39.4955448,48.6321306,0],[39.500437,48.632556,0],[39.5104364,48.6344562,0],[39.5140898,48.6338391,0],[39.5160265,48.632201,0],[39.5167131,48.6299887,0],[39.5162713,48.6279728,0],[39.5154257,48.6261878,0],[39.5119798,48.6235478,0],[39.5116491,48.621876,0],[39.5167863,48.6181009,0],[39.5257254,48.6130243,0],[39.5271845,48.6112652,0],[39.5278218,48.6094624,0],[39.5272821,48.6082772,0],[39.523481,48.6051057,0],[39.5226355,48.6029792,0],[39.525387,48.5982007,0],[39.5280477,48.597179,0],[39.532425,48.596441,0],[39.53359,48.5954628,0],[39.5332101,48.593633,0],[39.5281334,48.5918429,0],[39.5269143,48.5895523,0],[39.5287169,48.5859471,0],[39.5312059,48.5842722,0],[39.5373858,48.5833923,0],[39.5450247,48.5839315,0],[39.5493162,48.5859755,0],[39.5505609,48.5885871,0],[39.5494879,48.5932424,0],[39.5512045,48.5955699,0],[39.5586718,48.5980108,0],[39.5617617,48.5980108,0],[39.5633068,48.5974431,0],[39.5656367,48.5939539,0],[39.567304,48.5921221,0],[39.5672794,48.5902411,0],[39.5660531,48.5883033,0],[39.5631476,48.5862329,0],[39.5629697,48.5836344,0],[39.5680736,48.5818525,0],[39.5733488,48.5805247,0],[39.5765372,48.5812363,0],[39.5777815,48.5828829,0],[39.5817729,48.5850406,0],[39.5925379,48.591299,0],[39.5963515,48.5923909,0],[39.6017588,48.5915393,0],[39.6045913,48.5888143,0],[39.6050204,48.5867705,0],[39.6040762,48.5862595,0],[39.600643,48.5857484,0],[39.5948066,48.5793322,0],[39.5949908,48.5766935,0],[39.596315,48.5750316,0],[39.6036471,48.5741079,0],[39.6080245,48.5727165,0],[39.6124877,48.5729153,0],[39.6137321,48.5749028,0],[39.6175517,48.5771177,0],[39.6212424,48.5819441,0],[39.621929,48.5858053,0],[39.6228303,48.5863731,0],[39.6236458,48.5860891,0],[39.6319715,48.5806951,0],[39.6353187,48.5800421,0],[39.657549,48.5846696,0],[39.6587505,48.5856348,0],[39.6675909,48.5867705,0],[39.672226,48.5884168,0],[39.6765177,48.5881898,0],[39.6772901,48.5875652,0],[39.6872709,48.5870843,0],[39.6871009,48.5892083,0],[39.6826722,48.5926894,0],[39.6809519,48.5926356,0],[39.6793619,48.5918075,0],[39.6794674,48.5906025,0],[39.6787987,48.5900941,0],[39.6764776,48.5908626,0],[39.6758393,48.5917852,0],[39.6754183,48.5935416,0],[39.6760176,48.5947213,0],[39.6781781,48.5958601,0],[39.6796545,48.5954755,0],[39.6806079,48.5964024,0],[39.6800407,48.5973815,0],[39.6786713,48.5981205,0],[39.6770487,48.5983108,0],[39.6760012,48.5979503,0],[39.6752736,48.5969399,0],[39.6735293,48.5959049,0],[39.6714269,48.5954506,0],[39.6700615,48.5957732,0],[39.6688065,48.5965669,0],[39.6681762,48.5981814,0],[39.668158,48.6013107,0],[39.6709438,48.6032183,0],[39.6711894,48.6039545,0],[39.6705761,48.6045881,0],[39.6689122,48.6050365,0],[39.6671134,48.6052312,0],[39.6633738,48.6049218,0],[39.661023,48.6065514,0],[39.6606231,48.6090898,0],[39.6614469,48.6109039,0],[39.6637976,48.6130042,0],[39.6661695,48.6177206,0],[39.6668727,48.6200648,0],[39.6715351,48.624331,0],[39.6800633,48.6294977,0],[39.6877685,48.6328233,0],[39.6906421,48.6354833,0],[39.6931611,48.6362378,0],[39.6937843,48.6367714,0],[39.6942396,48.6376143,0],[39.6943624,48.6396733,0],[39.6937698,48.6432083,0],[39.6915299,48.644962,0],[39.6912413,48.6463219,0],[39.6937148,48.6494079,0],[39.6973541,48.65103,0],[39.6999035,48.652604,0],[39.7022695,48.6533094,0],[39.7032914,48.6543409,0],[39.7043634,48.6551469,0],[39.7050109,48.6563498,0],[39.7064356,48.6569728,0],[39.7089808,48.6546183,0],[39.709877,48.6545451,0],[39.7106868,48.6550367,0],[39.7109802,48.6555171,0],[39.7113809,48.6568763,0],[39.7104079,48.6580629,0],[39.7096549,48.6600033,0],[39.7097211,48.6608817,0],[39.7095261,48.6622539,0],[39.7107302,48.6639445,0],[39.7113082,48.6672185,0],[39.7109443,48.6676942,0],[39.7102909,48.6680627,0],[39.7088219,48.6677581,0],[39.707323,48.6669638,0],[39.7050127,48.6669183,0],[39.7042601,48.6666234,0],[39.7032933,48.6668371,0],[39.7029015,48.6672252,0],[39.7024774,48.6684353,0],[39.7017208,48.6694045,0],[39.702434,48.6705154,0],[39.704033,48.6714854,0],[39.707944,48.6727922,0],[39.7121127,48.6746516,0],[39.7134978,48.6761279,0],[39.7141965,48.6802254,0],[39.7170839,48.6814396,0],[39.7203409,48.681944,0],[39.7216153,48.6824264,0],[39.7226817,48.6833759,0],[39.7230648,48.6834469,0],[39.7232026,48.6840774,0],[39.7226753,48.685055,0],[39.7207782,48.6863296,0],[39.7206021,48.6867579,0],[39.718497,48.6874289,0],[39.7166814,48.6899344,0],[39.7188272,48.6933173,0],[39.7159652,48.695208,0],[39.7202113,48.6972033,0],[39.7178755,48.7033612,0],[39.7131581,48.7008348,0],[39.7044919,48.7068047,0],[39.7125611,48.7116703,0],[39.7122616,48.7159156,0],[39.7048377,48.7214631,0],[39.7254634,48.7270896,0],[39.7266149,48.7293715,0],[39.7227063,48.7318855,0],[39.7240625,48.734598,0],[39.7255989,48.7376807,0],[39.7250112,48.7404521,0],[39.7288815,48.7410904,0],[39.7316469,48.7420964,0],[39.7321916,48.7443334,0],[39.733671,48.7451619,0],[39.7344966,48.7449323,0],[39.7350167,48.7444426,0],[39.7354377,48.7437944,0],[39.7361846,48.7433996,0],[39.7373091,48.743188,0],[39.7384079,48.7432237,0],[39.7393649,48.7436306,0],[39.7395753,48.7444779,0],[39.7387363,48.7474767,0],[39.736921,48.7488979,0],[39.7363764,48.7521826,0],[39.7400815,48.7664179,0],[39.7553033,48.7679767,0],[39.7609401,48.7638619,0],[39.7662045,48.7642371,0],[39.7685507,48.7663095,0],[39.7686596,48.7693288,0],[39.766036,48.7710309,0],[39.7636297,48.7710335,0],[39.7627706,48.7716989,0],[39.7624264,48.7725623,0],[39.7639706,48.7745995,0],[39.7656442,48.7754979,0],[39.7658051,48.7765126,0],[39.7654511,48.7780788,0],[39.7662131,48.7791678,0],[39.7697056,48.780787,0],[39.7715164,48.7834911,0],[39.7734948,48.7844189,0],[39.7776384,48.7848687,0],[39.7801942,48.7860818,0],[39.7858537,48.7991578,0],[39.7971263,48.8405757,0],[39.8046722,48.8435763,0],[39.808044,48.8394801,0],[39.8075031,48.838581,0],[39.8278316,48.831465,0],[39.8304389,48.8335543,0],[39.8862549,48.8209457,0],[39.9367367,48.8007946,0],[39.9764028,48.7939027,0],[40.0788309,48.8698666,0],[40.0712862,48.876975,0],[40.0554947,48.9100982,0],[40.0484954,48.9101863,0],[40.0311949,48.9158013,0],[40.0180629,48.9077912,0],[40.0039798,48.9007927,0],[39.9934295,48.8682857,0],[39.9506521,48.8754591,0],[39.9403091,48.8866911,0],[39.924336,48.895717,0],[39.853161,48.8907371,0],[39.8458018,48.9029108,0],[39.8367889,48.9030519,0],[39.8337412,48.9008231,0],[39.8189362,48.907791,0],[39.805377,48.9148422,0],[39.7823723,48.9157447,0],[39.7900973,48.9384708,0],[39.7768793,48.9460251,0],[39.7520804,48.9865922,0],[39.7472679,48.9874123,0],[39.7360446,48.9824833,0],[39.7333677,48.9807476,0],[39.7328018,48.9794291,0],[39.7298327,48.9780683,0],[39.730221,48.9767382,0],[39.7270045,48.9755913,0],[39.7248201,48.9765649,0],[39.7244781,48.9780682,0],[39.7264818,48.9786786,0],[39.7263809,48.9794609,0],[39.7252267,48.9802357,0],[39.7233642,48.9805198,0],[39.721521,48.9812885,0],[39.7189764,48.9816292,0],[39.7176226,48.9823543,0],[39.7179234,48.9833772,0],[39.7176175,48.9843629,0],[39.7174133,48.9845882,0],[39.7167236,48.9849123,0],[39.7164999,48.9856102,0],[39.7169186,48.9862422,0],[39.7167695,48.9870667,0],[39.7157117,48.9879918,0],[39.7154075,48.9885802,0],[39.7153496,48.9897089,0],[39.7146073,48.9901109,0],[39.7126395,48.9901287,0],[39.7118037,48.9908274,0],[39.7115482,48.9918026,0],[39.7097153,48.9926127,0],[39.7083276,48.992446,0],[39.7077047,48.9927417,0],[39.7076186,48.9935901,0],[39.7084981,48.9944314,0],[39.7076098,48.9955432,0],[39.7063954,48.9961067,0],[39.7056744,48.9976415,0],[39.7038248,48.9993304,0],[39.6992884,49.0009703,0],[39.6981028,49.0008268,0],[39.6970379,49.000206,0],[39.6963807,48.9993881,0],[39.6952703,48.999046,0],[39.6932693,48.9993021,0],[39.6911344,48.9969722,0],[39.6911238,48.9962895,0],[39.6769304,48.9895384,0],[39.6634114,49.0008718,0],[39.6702767,49.0031482,0],[39.6792044,49.0128865,0],[39.6736576,49.0149338,0],[39.6756634,49.0268881,0],[39.6817358,49.0287326,0],[39.6835816,49.0369246,0],[39.673217,49.0393297,0],[39.6820889,49.0457791,0],[39.6933662,49.0505397,0],[39.7403201,49.0422198,0],[39.7666226,49.0401318,0],[39.7871328,49.0493582,0],[39.8031433,49.0592018,0],[39.8203094,49.0583019,0],[39.8803048,49.0643197,0],[39.9102626,49.0574623,0],[39.9379507,49.0562772,0],[39.942532,49.0713467,0],[39.9381691,49.0827982,0],[39.9455145,49.0897976,0],[39.958701,49.1055643,0],[39.9727245,49.1252934,0],[40.031575,49.1802406,0],[40.0761297,49.1868276,0],[40.0927592,49.2031637,0],[40.1082896,49.2108827,0],[40.1229698,49.2309907,0],[40.1372265,49.239885,0],[40.1770838,49.2374891,0],[40.1882278,49.2386257,0],[40.2088148,49.242226,0],[40.2143705,49.2448867,0],[40.2208062,49.2577735,0],[40.2192639,49.2651715,0],[40.1857451,49.2842881,0],[40.1840397,49.3039851,0],[40.1885261,49.3074433,0],[40.196814,49.3452278,0],[40.1764287,49.3566185,0],[40.1701818,49.3564001,0],[40.1598053,49.3660175,0],[40.1626028,49.3678371,0],[40.156906,49.3726686,0],[40.1445985,49.3776671,0],[40.1295486,49.3823809,0],[40.1134017,49.3856956,0],[40.1056311,49.3912919,0],[40.0769088,49.4099572,0],[40.0595506,49.4352626,0],[40.0472045,49.4448782,0],[40.0291895,49.4535986,0],[40.04176,49.4991027,0],[40.037599,49.5198952,0],[40.1684346,49.5689206,0],[40.139525,49.5962742,0],[40.1352584,49.6162537,0],[40.0635377,49.5992332,0],[40.0567287,49.6065734,0],[39.9522226,49.596549,0],[39.9346008,49.572783,0],[39.8902242,49.5583589,0],[39.8389138,49.5635177,0],[39.8053125,49.5580501,0],[39.7502318,49.5967191,0],[39.7127471,49.6059228,0],[39.6967474,49.6042914,0],[39.6869259,49.611558,0],[39.6599951,49.6148107,0],[39.6383788,49.6350998,0],[39.613305,49.6913621,0],[39.5913601,49.7191335,0],[39.6101091,49.7337983,0],[39.5338346,49.7408478,0],[39.4787607,49.7564746,0],[39.4382009,49.7600062,0],[39.4120621,49.7531109,0],[39.3769627,49.7384241,0],[39.3079236,49.7530435,0],[39.28556,49.7556663,0],[39.2754705,49.7680264,0],[39.2646388,49.7684801,0],[39.2503713,49.7778017,0],[39.2403717,49.7911227,0],[39.2391461,49.7982264,0],[39.228992,49.8084322,0],[39.228114,49.8165027,0],[39.2256563,49.8401842,0],[39.188395,49.8862222,0],[39.1784018,49.888001,0],[39.1307382,49.861568,0],[39.1103662,49.8377731,0],[39.069763,49.8187306,0],[39.0662328,49.8153488,0],[39.033522,49.8223722,0],[39.02166,49.8209101,0],[38.9849055,49.8077831,0],[38.9711376,49.8072206,0],[38.9490948,49.7961019,0],[38.9466628,49.7978063,0],[38.9403505,49.8008884,0],[38.9334741,49.7997781,0],[38.9329103,49.7975803,0],[38.9307528,49.7971736,0],[38.927811,49.7985761,0],[38.9274206,49.8013809,0],[38.9286996,49.8038881,0],[38.9203573,49.8049462,0],[38.9191886,49.8089419,0],[38.9161629,49.8127235,0],[38.9191242,49.8146652,0],[38.9093724,49.8191695,0],[38.9073925,49.8284121,0],[38.9135074,49.8286295,0],[38.9150941,49.8310586,0],[38.9113984,49.8345887,0],[38.9138777,49.8361141,0],[38.9122246,49.8443151,0],[38.9067062,49.8450441,0],[38.9050495,49.8491492,0],[38.90967,49.8508492,0],[38.9186475,49.8578998,0],[38.9164883,49.8599253,0],[38.9093376,49.8601028,0],[38.8984669,49.8704163,0],[38.8764156,49.8694227,0],[38.874563,49.866638,0],[38.8693985,49.8644883,0],[38.8567132,49.8691394,0],[38.8491041,49.865103,0],[38.8456689,49.8658095,0],[38.8432897,49.865145,0],[38.839345,49.8657616,0],[38.8363462,49.8673664,0],[38.8353709,49.8709644,0],[38.8373917,49.8722224,0],[38.8364145,49.8738963,0],[38.8355794,49.8744587,0],[38.8348623,49.8746547,0],[38.8336541,49.8748065,0],[38.8285842,49.8771719,0],[38.8267328,49.8784448,0],[38.8251048,49.8789649,0],[38.8224322,49.8789842,0],[38.7949575,49.8833098,0],[38.7901498,49.8785098,0],[38.7834876,49.881113,0],[38.7776828,49.8853198,0],[38.7682317,49.896044,0],[38.7438467,49.897307,0],[38.7338456,49.9050248,0],[38.7232471,49.9270052,0],[38.6929003,49.9347656,0],[38.6852998,49.9603436,0],[38.7153149,49.9823836,0],[38.7151365,49.9877098,0],[38.6875456,50.0081524,0],[38.6790523,50.0054483,0],[38.676054,49.9928137,0],[38.6797311,49.9744937,0],[38.6669406,49.9721563,0],[38.6461959,49.9559371,0],[38.6160779,49.9743898,0],[38.5815696,49.977416,0],[38.5267154,49.9582706,0],[38.5078984,49.9640299,0],[38.4877059,49.963602,0],[38.4833004,49.9765278,0],[38.4775197,49.9832711,0],[38.4659138,49.9839611,0],[38.4680396,49.9952467,0],[38.4340951,50.0010186,0],[38.4160076,49.981338,0],[38.3975626,49.990585,0],[38.3495747,50.006444,0],[38.3541639,50.0190482,0],[38.3512004,50.0347406,0],[38.3339758,50.0590927,0],[38.3294421,50.08551,0],[38.3131955,50.088337,0],[38.301154,50.087142,0],[38.2914934,50.0794364,0],[38.2757814,50.0734395,0],[38.2540601,50.0725084,0],[38.1785682,50.0799688,0],[38.1850665,50.0556923,0],[38.183827,50.0458318,0],[38.1879231,50.04072,0],[38.1882453,50.0236029,0],[38.1861491,50.0229471,0],[38.1854156,50.0222224,0],[38.1868309,50.0216899,0],[38.1920541,50.0145947,0],[38.1972857,50.008256,0],[38.2011173,50.0047277,0],[38.2007857,50.0037784,0],[38.2027285,50.0018361,0],[38.2051352,50.0010043,0],[38.2045784,49.9976439,0],[38.207712,49.9915109,0],[38.2108518,49.9892474,0],[38.2171261,49.9871815,0],[38.1963316,49.9697594,0],[38.1624019,49.9514961,0],[38.1715654,49.9419009,0],[38.1266822,49.9221503,0],[38.1249937,49.942552,0],[38.0564641,49.9232466,0],[38.0339211,49.9047607,0],[38.0123668,49.9184972,0],[38.0436866,49.932897,0],[38.0053728,49.9672453,0],[37.9990746,49.9636008,0],[37.9805616,49.9767935,0],[37.9658088,49.9793041,0],[37.9620412,49.9829178,0],[37.940048,50.0151423,0],[37.9247364,50.012396,0],[37.9130761,50.0030781,0],[37.9017572,50.0036588,0],[37.8928326,49.9890988,0],[37.8875152,49.9877814,0],[37.8866634,49.9801715,0],[37.8749089,49.9800635,0],[37.8546974,49.9702386,0],[37.831706,49.9716469,0],[37.8198726,49.9562244,0],[37.8072596,49.9540787,0],[37.8022039,49.9430982,0],[37.7930045,49.9406455,0],[37.7854396,49.9323385,0],[37.7737493,49.9070916,0],[37.7667561,49.8996539,0],[37.7548533,49.8975943,0],[37.7404599,49.8845231,0],[37.7322533,49.8753806,0],[37.7327465,49.8661068,0],[37.7282615,49.8607055,0],[37.7260153,49.8590385,0],[37.7161234,49.856783,0],[37.707734,49.8529785,0],[37.7033897,49.8506886,0],[37.7011484,49.8486754,0],[37.7024472,49.8399508,0],[37.7049483,49.8353771,0],[37.7124617,49.8334674,0],[37.7042769,49.8210402,0],[37.685239,49.7901887,0],[37.6886724,49.788554,0],[37.6948478,49.7857877,0],[37.713212,49.7821869,0],[37.7648713,49.7759153,0],[37.8090809,49.7573073,0],[37.8425723,49.7553393,0],[37.8520313,49.7546375,0],[37.8670869,49.7492446,0],[37.8841993,49.7455131,0],[37.8781372,49.7365964,0],[37.8873795,49.7360766,0],[37.8949052,49.7372203,0],[37.9114896,49.7236031,0],[37.9133,49.7072064,0],[37.9160062,49.6914252,0],[37.91796,49.6784257,0],[37.9128739,49.6587549,0],[37.9163118,49.6482048,0],[37.9202906,49.6404341,0],[37.9283002,49.6341076,0],[37.9310927,49.6288151,0],[37.9284486,49.6243686,0],[37.9289291,49.6203664,0],[37.938162,49.6005709,0],[37.9379111,49.5906059,0],[37.9436672,49.5814197,0],[37.957508,49.5734676,0],[37.9542091,49.5659172,0],[37.9453503,49.5532343,0],[37.9472726,49.5470042,0],[37.9567469,49.5427787,0],[37.9615166,49.5381242,0],[37.9618227,49.5334697,0],[37.9641971,49.5199564,0],[37.9584215,49.5165822,0],[37.9685995,49.4802816,0],[37.9384302,49.4630825,0],[37.9406415,49.4442441,0],[37.9287805,49.4242894,0],[37.948687,49.4035625,0],[37.9427657,49.3989933,0],[37.9448694,49.3957591,0],[37.9431965,49.3925249,0],[37.9526395,49.38037,0],[37.9677527,49.3663888,0],[37.9826804,49.3551936,0],[37.9930635,49.3490968,0],[38.0003543,49.3421047,0],[38.0071405,49.333329,0],[38.0094618,49.3234345,0],[38.0153055,49.3140494,0],[38.0134385,49.3093203,0],[38.0159465,49.3003393,0],[38.0144392,49.2933468,0],[38.017964,49.2877812,0],[38.015094,49.2811796,0],[38.0104763,49.2723684,0],[38.0286858,49.2581481,0],[38.0334954,49.2425221,0],[38.0565242,49.2143026,0],[38.0484954,49.2030846,0],[38.0628477,49.1931837,0],[38.0564274,49.1845727,0],[38.0613062,49.1746948,0],[38.070821,49.1705425,0],[38.0832498,49.1487625,0],[38.0863363,49.1347964,0],[38.073275,49.1017336,0],[38.0711665,49.0921404,0],[38.0633982,49.0645636,0],[38.0263506,49.0564438,0],[38.003829,49.0545563,0],[37.9996769,49.0530023,0],[38.0059118,49.04369,0],[38.036173,49.0407851,0],[38.0441319,49.0218473,0],[38.065617,49.0225075,0],[38.078865,49.0294687,0],[38.1150201,49.0237615,0],[38.1169626,49.008202,0],[38.1112589,49.0067709,0],[38.1114966,49.0030157,0],[38.0976244,49.0002934,0],[38.0980264,48.9947098,0],[38.1148566,48.9966479,0],[38.1207618,48.986634,0],[38.1539615,48.9823623,0],[38.1681832,48.9861491,0],[38.186582,48.9840453,0],[38.2060101,48.9844169,0],[38.2095049,48.9663382,0],[38.2130159,48.9551686,0],[38.2140462,48.9492503,0],[38.2229722,48.948743,0],[38.2346504,48.9446661,0],[38.2342272,48.9465655,0],[38.2338727,48.9530268,0],[38.2370485,48.9565212,0],[38.2448617,48.9562453,0],[38.2588575,48.9692683,0],[38.2410615,49.005535,0],[38.2626974,49.0244189,0],[38.2845275,49.0264547,0],[38.2997899,49.0248792,0],[38.3699793,48.9817692,0],[38.4023573,48.9556589,0],[38.4134788,48.9399705,0],[38.4749063,48.9035945,0],[38.4952926,48.8707374,0],[38.5304375,48.8497781,0],[38.5596903,48.8300678,0]]]},"properties":{"name":"Окуповано /// Occupied","styleUrl":"#poly-A52714-1200-77-nodesc","styleHash":"5f0393c8","styleMapHash":{"normal":"#poly-A52714-1200-77-nodesc-normal","highlight":"#poly-A52714-1200-77-nodesc-highlight"},"stroke-opacity":1,"stroke":"#a52714","stroke-width":1.2,"fill-opacity":0.30196078431372547,"fill":"#a52714"}},{"type":"Feature","geometry":{"type":"Polygon","coordinates":[[[37.6878504,48.0547535,0],[37.6911989,48.0534065,0],[37.6942941,48.0565448,0],[37.6877494,48.0618935,0],[37.6930492,48.0693073,0],[37.6997015,48.0722042,0],[37.7427884,48.0727514,0],[37.7463065,48.0734746,0],[37.7564355,48.0866703,0],[37.7730529,48.0920319,0],[37.7892831,48.1001774,0],[37.7920214,48.1045282,0],[37.8002004,48.1149655,0],[37.7961616,48.1139699,0],[37.7916224,48.1124447,0],[37.7901733,48.1108621,0],[37.7796618,48.1058464,0],[37.7696197,48.104127,0],[37.7665297,48.1010318,0],[37.7631824,48.0947263,0],[37.7464791,48.0909703,0],[37.7401052,48.0910064,0],[37.7328207,48.0915983,0],[37.7303429,48.0984669,0],[37.7257448,48.1125535,0],[37.7170036,48.1110874,0],[37.7134702,48.1046865,0],[37.7133226,48.1006445,0],[37.7099276,48.1005652,0],[37.7023216,48.0997463,0],[37.6963786,48.0993579,0],[37.6933527,48.1026091,0],[37.6920626,48.1037228,0],[37.687382,48.1037761,0],[37.6843724,48.1024498,0],[37.6716694,48.1007876,0],[37.6620263,48.1006885,0],[37.655988,48.1003596,0],[37.6408217,48.1016224,0],[37.6269455,48.1043418,0],[37.626667,48.1017671,0],[37.6306795,48.0900487,0],[37.6309908,48.0844896,0],[37.6291154,48.0836504,0],[37.6354058,48.0787613,0],[37.6404408,48.0758679,0],[37.636797,48.0717114,0],[37.6288078,48.0655809,0],[37.614774,48.0695737,0],[37.6108756,48.0673488,0],[37.6059947,48.0651904,0],[37.60433,48.0629755,0],[37.6037142,48.0619083,0],[37.5928995,48.0615929,0],[37.5931305,48.0606977,0],[37.5931906,48.0555043,0],[37.5908778,48.0550132,0],[37.5911044,48.0541877,0],[37.5931763,48.0543948,0],[37.5904535,48.048498,0],[37.5910648,48.0393112,0],[37.5857851,48.038418,0],[37.5852474,48.044275,0],[37.5843434,48.0442536,0],[37.584727,48.0382063,0],[37.5805189,48.037697,0],[37.5811089,48.0343791,0],[37.5734594,48.0323812,0],[37.5707975,48.0142412,0],[37.5585248,48.0140971,0],[37.5482884,48.0071995,0],[37.543246,47.9983477,0],[37.5431618,47.9954325,0],[37.5482264,47.9864436,0],[37.5484825,47.9792624,0],[37.5585462,47.986451,0],[37.5496206,47.9973638,0],[37.556143,48.0098553,0],[37.5733939,48.0068986,0],[37.5754335,48.0139536,0],[37.5885656,48.0160207,0],[37.6013759,48.0169465,0],[37.6164821,48.0180947,0],[37.6226618,48.0194438,0],[37.6478104,48.0289444,0],[37.6699861,48.0433634,0],[37.6794605,48.049407,0],[37.6878504,48.0547535,0]]]},"properties":{"name":"Окуповано /// Occupied\n","styleUrl":"#poly-A52714-1200-77-nodesc","styleHash":"5f0393c8","styleMapHash":{"normal":"#poly-A52714-1200-77-nodesc-normal","highlight":"#poly-A52714-1200-77-nodesc-highlight"},"stroke-opacity":1,"stroke":"#a52714","stroke-width":1.2,"fill-opacity":0.30196078431372547,"fill":"#a52714"}},{"type":"Feature","geometry":{"type":"Polygon","coordinates":[[[35.2014582,45.5233432,0],[35.1098671,45.5990246,0],[35.0500557,45.6672021,0],[34.9770528,45.765285,0],[34.9582188,45.7600372,0],[34.9493437,45.7629357,0],[34.8008812,45.8047349,0],[34.796134,45.8920532,0],[34.7828789,45.9049747,0],[34.7527159,45.9102311,0],[34.7008834,45.9591791,0],[34.6514148,45.9739079,0],[34.5560425,45.988691,0],[34.4785519,45.9469467,0],[34.4367261,45.9681642,0],[34.3824645,46.0346918,0],[34.2277542,46.0608165,0],[34.1607715,46.0804296,0],[34.1225822,46.1081224,0],[34.0383336,46.1169353,0],[33.82395,46.1870691,0],[33.7405319,46.1851281,0],[33.7145537,46.1968941,0],[33.6897001,46.204334,0],[33.6066801,46.1468776,0],[33.6125276,46.1382376,0],[33.612957,46.1291484,0],[33.616561,46.11536,0],[33.6330381,46.0973809,0],[33.6372819,46.0813513,0],[33.623699,46.0717219,0],[33.6113376,46.054819,0],[33.6187235,46.0125197,0],[33.6228726,45.9976173,0],[33.6285431,45.9876045,0],[33.6293845,45.9774581,0],[33.6296884,45.9674259,0],[33.6277585,45.9588485,0],[33.6164792,45.9490678,0],[33.6176055,45.9442427,0],[33.6244967,45.942516,0],[33.6349923,45.9413261,0],[33.6420789,45.942885,0],[33.6475011,45.9451658,0],[33.640135,45.9493564,0],[33.6597606,45.9545864,0],[33.682856,45.9528033,0],[33.6923145,45.9552601,0],[33.7229645,45.950158,0],[33.744939,45.9503295,0],[33.7472783,45.9466852,0],[33.7510765,45.9487997,0],[33.7557842,45.9392824,0],[33.7579871,45.9344939,0],[33.7560271,45.9311086,0],[33.7495064,45.9282755,0],[33.7309277,45.9301884,0],[33.7202438,45.9246362,0],[33.7019952,45.9110037,0],[33.6975452,45.911367,0],[33.6919706,45.9134707,0],[33.6877728,45.9127518,0],[33.6800935,45.9085396,0],[33.6762137,45.9039535,0],[33.6751147,45.8988677,0],[33.6783673,45.8851388,0],[33.6799532,45.8750482,0],[33.6790774,45.8673135,0],[33.6847163,45.8588878,0],[33.6841906,45.8500979,0],[33.6741263,45.8574315,0],[33.6615976,45.86426,0],[33.6622334,45.8715236,0],[33.6546628,45.8752329,0],[33.642234,45.8763254,0],[33.6340965,45.8826144,0],[33.6162717,45.892143,0],[33.5937246,45.8852915,0],[33.5816528,45.8712065,0],[33.5687155,45.8740076,0],[33.5586395,45.8617199,0],[33.5517154,45.8516275,0],[33.5482128,45.8435307,0],[33.5421287,45.8402584,0],[33.5371159,45.8457964,0],[33.527171,45.849723,0],[33.5176551,45.846594,0],[33.5076216,45.8410719,0],[33.5008905,45.8483554,0],[33.5200621,45.8577082,0],[33.5441019,45.8803349,0],[33.5405932,45.8849133,0],[33.5179512,45.8677769,0],[33.4829745,45.8543957,0],[33.4322068,45.8385764,0],[33.4170901,45.8302054,0],[33.3734938,45.7971871,0],[33.3224096,45.7750369,0],[33.2806132,45.7626695,0],[33.2386596,45.7528042,0],[33.2119202,45.7577279,0],[33.1821144,45.7739016,0],[33.1724861,45.7866032,0],[33.1806246,45.7972106,0],[33.1858308,45.8079522,0],[33.1823381,45.8099302,0],[33.1758381,45.8057417,0],[33.1657369,45.7882695,0],[33.1591843,45.749182,0],[33.1529186,45.7333554,0],[33.1378005,45.7198138,0],[33.1279075,45.7198415,0],[33.1146383,45.7127746,0],[33.0957044,45.7155026,0],[33.0776807,45.7073927,0],[33.0691004,45.7068331,0],[33.0501444,45.6969593,0],[33.0171537,45.6870091,0],[33.0063371,45.6793833,0],[32.9993935,45.6811474,0],[32.908691,45.6403382,0],[32.8250404,45.5906112,0],[32.8201811,45.5868413,0],[32.8201285,45.5843929,0],[32.8212988,45.5830103,0],[32.8292518,45.583603,0],[32.8372907,45.5833543,0],[32.8410082,45.582406,0],[32.8435558,45.5768336,0],[32.8431411,45.5705971,0],[32.8406482,45.56511,0],[32.8339615,45.5602345,0],[32.8259738,45.5573298,0],[32.8203169,45.5598252,0],[32.7931783,45.56389,0],[32.7721049,45.5578694,0],[32.7368771,45.5430069,0],[32.7232198,45.5330262,0],[32.6917844,45.523882,0],[32.5905805,45.4855798,0],[32.562144,45.4702233,0],[32.5382082,45.4548835,0],[32.5242712,45.4388715,0],[32.500388,45.4246631,0],[32.4880695,45.4079563,0],[32.4797029,45.4042634,0],[32.4789393,45.3891629,0],[32.4886441,45.3849884,0],[32.5074454,45.3819566,0],[32.5134582,45.3720378,0],[32.5103771,45.3608842,0],[32.4894526,45.3461358,0],[32.5518462,45.3323851,0],[32.5698164,45.3328876,0],[32.578538,45.3276418,0],[32.599462,45.325318,0],[32.622109,45.317634,0],[32.6529901,45.313322,0],[32.6756878,45.3206142,0],[32.6855021,45.3321019,0],[32.7121592,45.3413068,0],[32.7353927,45.3549724,0],[32.7652199,45.3638364,0],[32.8467096,45.3652645,0],[32.9070191,45.3594365,0],[32.9667646,45.3366935,0],[32.9918481,45.3224993,0],[33.0352435,45.2901602,0],[33.0627764,45.2756598,0],[33.0812306,45.2584206,0],[33.0931987,45.2488335,0],[33.107907,45.2315099,0],[33.124087,45.225712,0],[33.1389117,45.216317,0],[33.1434036,45.2070898,0],[33.1488252,45.2021432,0],[33.1573263,45.1987744,0],[33.1658262,45.1934696,0],[33.1798209,45.1876511,0],[33.1852357,45.1837167,0],[33.2019842,45.1832253,0],[33.2252923,45.1746946,0],[33.2343482,45.1682187,0],[33.2459386,45.1569381,0],[33.2572946,45.1478037,0],[33.2680362,45.1456289,0],[33.2751597,45.1459006,0],[33.2842888,45.1482765,0],[33.2882929,45.1541048,0],[33.2960348,45.1577192,0],[33.3001384,45.1620272,0],[33.29792,45.1656334,0],[33.2989631,45.1677871,0],[33.3012214,45.170642,0],[33.3052393,45.1727705,0],[33.3100572,45.1740999,0],[33.3183942,45.1745814,0],[33.3251431,45.1741248,0],[33.3315483,45.1718832,0],[33.3500155,45.1736994,0],[33.3584289,45.1782517,0],[33.3749698,45.1836789,0],[33.3802818,45.1859091,0],[33.3762863,45.1876599,0],[33.3764355,45.1918448,0],[33.3827498,45.1964713,0],[33.3911961,45.1973752,0],[33.4007706,45.1960654,0],[33.408547,45.1934437,0],[33.4159888,45.1914041,0],[33.4326521,45.1840929,0],[33.4508543,45.1742382,0],[33.4807573,45.1558915,0],[33.5092654,45.1344501,0],[33.5363775,45.1095514,0],[33.5614904,45.0810729,0],[33.5808605,45.0508807,0],[33.6025946,44.9979727,0],[33.6043773,44.9804712,0],[33.5976519,44.9765496,0],[33.6109623,44.9257206,0],[33.6105925,44.8993192,0],[33.6064479,44.8717023,0],[33.6052004,44.8663859,0],[33.6008626,44.857663,0],[33.5946361,44.847578,0],[33.5906429,44.8457225,0],[33.5868637,44.8470001,0],[33.5789642,44.8404874,0],[33.5696937,44.838843,0],[33.5610313,44.8423184,0],[33.556915,44.840587,0],[33.5529705,44.8416549,0],[33.5485127,44.8345975,0],[33.5502309,44.8222419,0],[33.549545,44.8108275,0],[33.5471428,44.8101296,0],[33.54552,44.8041697,0],[33.5406327,44.802652,0],[33.533513,44.7926079,0],[33.5407223,44.7617581,0],[33.5397766,44.7443212,0],[33.5475831,44.7244447,0],[33.5457743,44.7077982,0],[33.5474419,44.698563,0],[33.5463628,44.6779794,0],[33.5418641,44.6589325,0],[33.5356674,44.6459898,0],[33.5311908,44.6411069,0],[33.5256907,44.6383616,0],[33.5210499,44.6402578,0],[33.5124742,44.6331489,0],[33.5082713,44.6319164,0],[33.4946154,44.6177665,0],[33.4501548,44.6159461,0],[33.373305,44.5840556,0],[33.4036944,44.5532389,0],[33.4601297,44.522891,0],[33.4727333,44.5111351,0],[33.4862427,44.4949678,0],[33.5060714,44.5008455,0],[33.5540478,44.4868769,0],[33.6019479,44.4917389,0],[33.6270126,44.4795789,0],[33.6383395,44.4586871,0],[33.6455297,44.4219238,0],[33.673869,44.4128073,0],[33.7028925,44.4169259,0],[33.7330924,44.3833316,0],[33.7590046,44.3869324,0],[33.7787368,44.3814524,0],[33.8460272,44.4011421,0],[33.8824227,44.4002681,0],[33.939412,44.3896463,0],[33.9634064,44.3888504,0],[34.0349861,44.4036735,0],[34.0572323,44.4165212,0],[34.1289364,44.4278782,0],[34.1719835,44.4910109,0],[34.2603617,44.5075556,0],[34.3089458,44.5520875,0],[34.3201349,44.5510937,0],[34.334843,44.5455071,0],[34.3490348,44.5467673,0],[34.349805,44.5718498,0],[34.3543535,44.5856814,0],[34.3758165,44.5917031,0],[34.3778919,44.612309,0],[34.3834201,44.6158768,0],[34.3896775,44.6288837,0],[34.4039237,44.6397506,0],[34.4121761,44.6588071,0],[34.4321494,44.682765,0],[34.4749636,44.7150709,0],[34.5446135,44.7410058,0],[34.6256282,44.773956,0],[34.6778578,44.7878556,0],[34.7288112,44.8078253,0],[34.7479866,44.8070582,0],[34.763731,44.815057,0],[34.8309312,44.8169077,0],[34.8451661,44.8132958,0],[34.9120951,44.8157703,0],[34.9203178,44.8215301,0],[34.9209884,44.8287508,0],[34.9350343,44.8300421,0],[34.9425288,44.8338415,0],[34.9678234,44.8380274,0],[34.9809909,44.8344654,0],[34.9887006,44.8280748,0],[35.0007004,44.8320303,0],[35.0295032,44.8282486,0],[35.0472737,44.8148367,0],[35.0436659,44.7994591,0],[35.0644251,44.7971082,0],[35.0810615,44.7906125,0],[35.0939798,44.8013751,0],[35.1110222,44.8070199,0],[35.1184551,44.81723,0],[35.1331009,44.8228116,0],[35.1305686,44.8293107,0],[35.1393909,44.861252,0],[35.1441549,44.8670023,0],[35.1562446,44.8869106,0],[35.1693108,44.9002472,0],[35.177573,44.9009364,0],[35.1905563,44.9078868,0],[35.2056017,44.9102155,0],[35.2166123,44.9090052,0],[35.2436533,44.9167916,0],[35.2565197,44.9384226,0],[35.2498252,44.9528227,0],[35.2584087,44.9609038,0],[35.2712818,44.9675955,0],[35.2836408,44.9661604,0],[35.2949869,44.9597113,0],[35.3015176,44.9657761,0],[35.3228067,44.9664406,0],[35.3224657,44.9592101,0],[35.3443152,44.9641879,0],[35.3518029,44.954952,0],[35.3829729,44.943891,0],[35.3940383,44.954933,0],[35.3561029,44.9773304,0],[35.3584162,44.9855521,0],[35.3667392,44.9925592,0],[35.395224,44.999343,0],[35.4286932,45.0129122,0],[35.4126517,45.0257778,0],[35.3859656,45.0352458,0],[35.3893992,45.0494442,0],[35.4146384,45.0754096,0],[35.4510629,45.0973661,0],[35.5413462,45.1258609,0],[35.5849604,45.1293588,0],[35.6297695,45.1223028,0],[35.6921353,45.1046258,0],[35.7487927,45.0814648,0],[35.7778784,45.0663038,0],[35.7853272,45.0576281,0],[35.8048863,45.0455584,0],[35.8144831,45.0333055,0],[35.8101654,45.0214182,0],[35.8219474,45.0192032,0],[35.8297795,45.0140758,0],[35.8341133,45.0091003,0],[35.8282777,45.0045517,0],[35.834801,44.9992133,0],[35.8420962,44.9983656,0],[35.870587,45.0041863,0],[35.8793425,45.009765,0],[35.9002865,45.0141894,0],[35.907658,45.0180791,0],[35.9258506,45.019111,0],[35.9540827,45.0112187,0],[35.9842147,45.0228593,0],[35.994952,45.0351096,0],[36.0125613,45.0449319,0],[36.035405,45.0492158,0],[36.07129,45.0482523,0],[36.1600369,45.035925,0],[36.2010446,45.0330226,0],[36.2134931,45.0280697,0],[36.2256841,45.0268156,0],[36.2479305,45.0406804,0],[36.2491529,45.0476867,0],[36.2821366,45.0549895,0],[36.3093286,45.0579225,0],[36.3377238,45.0583023,0],[36.372884,45.0574746,0],[36.3909776,45.0653589,0],[36.4400958,45.0833272,0],[36.456018,45.095623,0],[36.4546058,45.105555,0],[36.4396986,45.1167266,0],[36.4331798,45.1176913,0],[36.4256283,45.1288927,0],[36.4258005,45.1344018,0],[36.4225424,45.1369381,0],[36.4214277,45.1529159,0],[36.4177792,45.1642945,0],[36.4077775,45.1728889,0],[36.4077336,45.1934044,0],[36.4039117,45.2141617,0],[36.4120194,45.2258774,0],[36.4230493,45.2372296,0],[36.4237068,45.2452621,0],[36.4357829,45.2580657,0],[36.4396195,45.2716223,0],[36.4363329,45.2762391,0],[36.4260118,45.2786405,0],[36.4216626,45.286584,0],[36.4351793,45.2950728,0],[36.4844376,45.3054783,0],[36.499502,45.3186747,0],[36.4888368,45.3246085,0],[36.4732904,45.3307439,0],[36.4720407,45.3412333,0],[36.4778117,45.3491316,0],[36.4836435,45.3508635,0],[36.5182864,45.351539,0],[36.535225,45.3499175,0],[36.5349814,45.3456374,0],[36.5443505,45.3447352,0],[36.564437,45.3471145,0],[36.5923381,45.3465005,0],[36.5965542,45.3450314,0],[36.6059899,45.3477328,0],[36.6120254,45.3559382,0],[36.6256434,45.3607631,0],[36.6305692,45.360521,0],[36.6332174,45.362811,0],[36.6301062,45.3737863,0],[36.6334998,45.3756526,0],[36.6432106,45.3778134,0],[36.6487328,45.3829201,0],[36.6411992,45.3906659,0],[36.6346424,45.391737,0],[36.6112727,45.407542,0],[36.607593,45.4125733,0],[36.611498,45.4149214,0],[36.6155303,45.4222714,0],[36.6063464,45.4287203,0],[36.5982765,45.438662,0],[36.5870361,45.4412702,0],[36.57528,45.442252,0],[36.5656719,45.4366253,0],[36.5659405,45.4284433,0],[36.5544666,45.4243677,0],[36.5478306,45.4256107,0],[36.5326724,45.4271898,0],[36.5188279,45.433521,0],[36.506954,45.4422601,0],[36.4997463,45.4454839,0],[36.495456,45.450514,0],[36.4820621,45.455771,0],[36.4705485,45.4585138,0],[36.4610927,45.4564353,0],[36.4471741,45.4601348,0],[36.4415354,45.4554057,0],[36.4420638,45.4532818,0],[36.4340095,45.4506761,0],[36.4324737,45.4478753,0],[36.4214228,45.4460021,0],[36.4154584,45.4468248,0],[36.40184,45.450177,0],[36.3766024,45.4636891,0],[36.372894,45.4713796,0],[36.357563,45.4716171,0],[36.3455144,45.4808912,0],[36.3448483,45.4843068,0],[36.3393304,45.4825134,0],[36.3400479,45.4775846,0],[36.3363024,45.4742206,0],[36.3228675,45.4712969,0],[36.307976,45.4754137,0],[36.2936833,45.483861,0],[36.2653446,45.4785656,0],[36.1703899,45.4723606,0],[36.1238705,45.4636175,0],[36.0687847,45.4454632,0],[36.0689422,45.404374,0],[36.0428495,45.3840091,0],[35.99701,45.3714908,0],[35.9412212,45.3800441,0],[35.8868417,45.4077745,0],[35.8465069,45.446506,0],[35.8636895,45.4542195,0],[35.8760595,45.4638555,0],[35.8678308,45.4732506,0],[35.8417749,45.4744726,0],[35.8236493,45.4663203,0],[35.8177466,45.4588693,0],[35.8183678,45.4514182,0],[35.8264752,45.4401288,0],[35.8023584,45.4242928,0],[35.7489289,45.3963309,0],[35.7457265,45.3906603,0],[35.7488888,45.3846329,0],[35.7609848,45.3812582,0],[35.7537278,45.3665483,0],[35.7248509,45.3515944,0],[35.7155703,45.3384578,0],[35.6329034,45.3245839,0],[35.5258253,45.2911927,0],[35.4987587,45.3061765,0],[35.467835,45.3075439,0],[35.3820643,45.3525144,0],[35.3112561,45.411424,0],[35.2014582,45.5233432,0]]]},"properties":{"name":"Окупований Крим /// Occupied Crimea","styleUrl":"#poly-880E4F-1200-77-nodesc","styleHash":"-6b23f4d9","styleMapHash":{"normal":"#poly-880E4F-1200-77-nodesc-normal","highlight":"#poly-880E4F-1200-77-nodesc-highlight"},"stroke-opacity":1,"stroke":"#880e4f","stroke-width":1.2,"fill-opacity":0.30196078431372547,"fill":"#880e4f"}},{"type":"Feature","geometry":{"type":"Polygon","coordinates":[[[19.8126733,54.4423878,0],[20.0684555,54.4212849,0],[20.3321204,54.4003845,0],[20.5812523,54.3781081,0],[20.6242883,54.3716509,0],[20.6603186,54.3716416,0],[20.6911997,54.3723231,0],[21.4336502,54.3269029,0],[21.4461348,54.3182376,0],[21.5099873,54.3258819,0],[22.097301,54.3374002,0],[22.1816857,54.338656,0],[22.2257691,54.3436594,0],[22.2980087,54.3412296,0],[22.6235594,54.3557755,0],[22.6505319,54.3542441,0],[22.6799109,54.3603087,0],[22.7108625,54.3614253,0],[22.7913148,54.363416,0],[22.7752029,54.3755424,0],[22.7748575,54.3778353,0],[22.7707327,54.3823217,0],[22.7664301,54.3852964,0],[22.7658927,54.3870476,0],[22.7367239,54.4425129,0],[22.7047016,54.4525923,0],[22.7040289,54.4528465,0],[22.7036599,54.4530617,0],[22.7032438,54.453386,0],[22.7029642,54.4537789,0],[22.7028662,54.4543869,0],[22.7029118,54.4716942,0],[22.6989411,54.4820356,0],[22.69512,54.4897517,0],[22.6974252,54.4928182,0],[22.6958581,54.4991489,0],[22.6968448,54.5022386,0],[22.6953859,54.5052277,0],[22.699335,54.5076168,0],[22.6914421,54.5119965,0],[22.6911066,54.5149754,0],[22.6890627,54.5169472,0],[22.684975,54.5181011,0],[22.6812635,54.5251918,0],[22.6836217,54.5278151,0],[22.6835321,54.530272,0],[22.6802637,54.5327948,0],[22.6826542,54.5376406,0],[22.6901828,54.5411562,0],[22.6940804,54.5505769,0],[22.7039362,54.554282,0],[22.7064832,54.5602977,0],[22.7126092,54.564365,0],[22.7015147,54.5691167,0],[22.7006132,54.5766305,0],[22.6898809,54.5791211,0],[22.6850701,54.5828065,0],[22.6845507,54.5862929,0],[22.6869379,54.5906896,0],[22.6985845,54.5947095,0],[22.706091,54.6027521,0],[22.7190531,54.6057107,0],[22.7285135,54.6235668,0],[22.7445921,54.6268388,0],[22.7488259,54.6311041,0],[22.7485391,54.6350632,0],[22.7506266,54.6365725,0],[22.7502528,54.6388461,0],[22.7481318,54.6394195,0],[22.7471515,54.6401193,0],[22.7451907,54.6408733,0],[22.7439297,54.6415867,0],[22.7420944,54.6420698,0],[22.7418568,54.6430856,0],[22.7447297,54.6463097,0],[22.7463559,54.6472451,0],[22.7550171,54.6472281,0],[22.7574496,54.6516148,0],[22.7555767,54.6543301,0],[22.7421286,54.6577757,0],[22.7372036,54.6640725,0],[22.7304404,54.6689226,0],[22.7406077,54.6738593,0],[22.7379384,54.6795658,0],[22.7312225,54.6798625,0],[22.7260264,54.6868111,0],[22.7341783,54.6987299,0],[22.7473191,54.705382,0],[22.7489591,54.7110414,0],[22.7419392,54.7134344,0],[22.7388854,54.7200055,0],[22.739301,54.7258105,0],[22.7442535,54.7310762,0],[22.7654969,54.7374444,0],[22.7757204,54.7489926,0],[22.772729,54.7512965,0],[22.777977,54.75261,0],[22.7841819,54.7507786,0],[22.7900693,54.7548436,0],[22.7960084,54.753661,0],[22.8020507,54.753871,0],[22.8069269,54.7561729,0],[22.8068955,54.7595885,0],[22.8098263,54.7618153,0],[22.8121564,54.7628536,0],[22.81238,54.76671,0],[22.8222716,54.7672909,0],[22.8237517,54.7655933,0],[22.8267766,54.7643908,0],[22.8292232,54.7672351,0],[22.82961,54.7687919,0],[22.8315014,54.7698692,0],[22.8419817,54.7687534,0],[22.8431619,54.7668563,0],[22.8437842,54.7669397,0],[22.8476465,54.7708199,0],[22.8492772,54.7714007,0],[22.849191,54.7717206,0],[22.8479885,54.7721623,0],[22.8474715,54.774036,0],[22.8493558,54.775308,0],[22.8588164,54.7766605,0],[22.8592647,54.7774928,0],[22.8582733,54.7784644,0],[22.856033,54.7797641,0],[22.8554148,54.78073,0],[22.852891,54.7822164,0],[22.8506327,54.7839516,0],[22.8477468,54.7846501,0],[22.8479833,54.7861956,0],[22.8510094,54.7868749,0],[22.8521474,54.7877521,0],[22.8536085,54.7900484,0],[22.8567025,54.7902859,0],[22.8608302,54.7885831,0],[22.8663819,54.7893845,0],[22.8700022,54.7889238,0],[22.8732792,54.7891063,0],[22.8752294,54.7900344,0],[22.8777566,54.7910986,0],[22.8776616,54.7928309,0],[22.8762703,54.7939203,0],[22.8726295,54.7952087,0],[22.8710131,54.796697,0],[22.8712139,54.798684,0],[22.8734737,54.7996569,0],[22.8743603,54.8006297,0],[22.8725856,54.8051141,0],[22.8776201,54.8117569,0],[22.8798786,54.812231,0],[22.882336,54.8120413,0],[22.8842466,54.8113401,0],[22.8858365,54.8121389,0],[22.8864419,54.8142805,0],[22.8854579,54.8152418,0],[22.8836155,54.815659,0],[22.8801023,54.8155042,0],[22.877882,54.8185576,0],[22.8760162,54.8191255,0],[22.8710826,54.819074,0],[22.8699839,54.8204449,0],[22.8713745,54.8232992,0],[22.8729543,54.824063,0],[22.8750838,54.8239092,0],[22.8771114,54.823107,0],[22.8784202,54.8243705,0],[22.8796647,54.825513,0],[22.8783776,54.8280948,0],[22.8766615,54.8293032,0],[22.8761467,54.8334992,0],[22.8713403,54.835069,0],[22.8637869,54.8357368,0],[22.8581207,54.8384562,0],[22.8585485,54.8422142,0],[22.8600906,54.844392,0],[22.8638615,54.8466716,0],[22.8635068,54.8480681,0],[22.8645142,54.8494774,0],[22.8680742,54.8502206,0],[22.8692266,54.8521382,0],[22.8679759,54.8535617,0],[22.8637582,54.8538393,0],[22.8630473,54.8560742,0],[22.8585356,54.8577769,0],[22.8556919,54.8580202,0],[22.8481155,54.8607786,0],[22.8444639,54.8604655,0],[22.8409366,54.8619138,0],[22.8390311,54.863921,0],[22.8395098,54.8687258,0],[22.8426984,54.8708281,0],[22.8434094,54.8752308,0],[22.8474054,54.8813704,0],[22.8540251,54.8853552,0],[22.8549972,54.8871033,0],[22.8531369,54.8887526,0],[22.8504462,54.8898791,0],[22.847983,54.8895649,0],[22.846318,54.8905162,0],[22.8465925,54.8955783,0],[22.8447379,54.8976072,0],[22.841028,54.898506,0],[22.8373844,54.8979342,0],[22.8345596,54.8989622,0],[22.8347456,54.9037826,0],[22.8306531,54.9049348,0],[22.825213,54.906252,0],[22.8205095,54.9112554,0],[22.8169378,54.9113932,0],[22.8129708,54.910362,0],[22.8040589,54.9055727,0],[22.8009841,54.9014749,0],[22.7931191,54.9025565,0],[22.7866587,54.9072845,0],[22.7864384,54.9187117,0],[22.7829063,54.9234092,0],[22.7775578,54.9245167,0],[22.7682345,54.9212058,0],[22.7622934,54.915766,0],[22.7534997,54.9177109,0],[22.747238,54.9229803,0],[22.7529068,54.9299687,0],[22.7663048,54.9336895,0],[22.7625427,54.9369887,0],[22.7405917,54.9384545,0],[22.7389127,54.9447398,0],[22.733835,54.9462658,0],[22.7266103,54.9546696,0],[22.7288258,54.9594253,0],[22.7246724,54.9632198,0],[22.7122425,54.9674574,0],[22.7069486,54.972779,0],[22.7011658,54.9725827,0],[22.6985273,54.969824,0],[22.687754,54.9704138,0],[22.6857698,54.9802659,0],[22.6803487,54.9854541,0],[22.6723521,54.9876872,0],[22.6608228,54.981121,0],[22.6696944,54.968972,0],[22.6651234,54.9635901,0],[22.6528941,54.9638619,0],[22.6401079,54.9707094,0],[22.6420568,54.9827531,0],[22.6280392,54.9954859,0],[22.6171634,55.0120876,0],[22.6043314,55.0128008,0],[22.594446,55.031163,0],[22.5904977,55.070006,0],[22.5725628,55.0694886,0],[22.5436393,55.0646426,0],[22.4885572,55.0468707,0],[22.4762451,55.0445551,0],[22.4650132,55.044246,0],[22.4527455,55.0460595,0],[22.4358439,55.0520039,0],[22.422298,55.0540573,0],[22.3940943,55.0530467,0],[22.3472101,55.0614336,0],[22.3147251,55.0618713,0],[22.2888887,55.064698,0],[22.2492349,55.0613556,0],[22.2173901,55.0602737,0],[22.2003115,55.0556532,0],[22.1854246,55.0537906,0],[22.1566238,55.0553669,0],[22.1325045,55.04564,0],[22.127184,55.0326725,0],[22.1199709,55.0271973,0],[22.1010796,55.0241148,0],[22.0818334,55.0240467,0],[22.064965,55.0272521,0],[22.0492578,55.032491,0],[22.0377481,55.0410002,0],[22.0309418,55.0512027,0],[22.0313476,55.0581584,0],[22.0400604,55.0691188,0],[22.0396363,55.0794406,0],[22.0333306,55.0839636,0],[22.0035033,55.0875012,0],[21.9816148,55.0835676,0],[21.9700054,55.0751297,0],[21.9630315,55.0741603,0],[21.949771,55.0769377,0],[21.9167268,55.080325,0],[21.8794785,55.0934155,0],[21.8520125,55.0963868,0],[21.8451438,55.0989893,0],[21.8210917,55.1165683,0],[21.8090288,55.1201053,0],[21.7804277,55.1187276,0],[21.7606887,55.1229495,0],[21.7472971,55.1285434,0],[21.7237788,55.1326654,0],[21.717428,55.1360017,0],[21.7170951,55.1440079,0],[21.7136732,55.1488742,0],[21.6875963,55.162334,0],[21.6704707,55.1676698,0],[21.6509832,55.1803037,0],[21.618522,55.1863571,0],[21.5951336,55.1876806,0],[21.573404,55.1979697,0],[21.5413484,55.1966713,0],[21.5245726,55.1879265,0],[21.515056,55.1851347,0],[21.5025483,55.1856257,0],[21.493839,55.1920932,0],[21.4875733,55.2016925,0],[21.4523533,55.2186798,0],[21.4379654,55.2362004,0],[21.4305465,55.2525907,0],[21.4155175,55.2629608,0],[21.4053476,55.2782278,0],[21.3832033,55.2948464,0],[21.3785918,55.2937561,0],[21.376458,55.2889102,0],[21.3739813,55.2869967,0],[21.3575526,55.2852062,0],[21.346837,55.27889,0],[21.3367379,55.2768163,0],[21.3316475,55.2746245,0],[21.3207859,55.2663301,0],[21.3114274,55.263041,0],[21.3061035,55.2603754,0],[21.302672,55.2559985,0],[21.2975246,55.2526977,0],[21.2820947,55.2490796,0],[21.2729966,55.2453612,0],[21.099148,55.2561728,0],[20.9758508,55.2797922,0],[20.9319055,55.2923052,0],[20.8514817,55.1956028,0],[20.7823223,55.1443045,0],[20.6965045,55.07198,0],[20.646159,55.0418527,0],[20.6005014,55.0130475,0],[20.5484558,54.9896579,0],[20.4816377,54.9648955,0],[20.4464213,54.9542679,0],[20.3803374,54.9398733,0],[20.3503167,54.9384762,0],[20.2986467,54.9451813,0],[20.2701509,54.9644028,0],[20.21764,54.9628022,0],[20.1591445,54.9488606,0],[20.1259372,54.9456036,0],[20.0938546,54.9499136,0],[20.0207269,54.9489277,0],[19.9946411,54.9620387,0],[19.9754083,54.9635159,0],[19.9618311,54.9424628,0],[19.9441476,54.9289012,0],[19.9259698,54.9037499,0],[19.9287164,54.8583237,0],[19.9565407,54.8064923,0],[19.9568689,54.7712786,0],[19.9376428,54.709442,0],[19.8882043,54.6538672,0],[19.8222864,54.6029894,0],[19.6327722,54.4547642,0],[19.8126733,54.4423878,0]]]},"properties":{"name":"Тимчасово окупована східна Пруссія.\n///\nEast Prussia is temporarily occupied.\n","styleUrl":"#poly-FF5252-1200-77","styleHash":"-58df80","styleMapHash":{"normal":"#poly-FF5252-1200-77-normal","highlight":"#poly-FF5252-1200-77-highlight"},"description":"Аннексована в 1946 за результатами Другої Світової війни.<br>///<br>Annexed in 1946 in a result of WWII.","stroke-opacity":1,"stroke":"#ff5252","stroke-width":1.2,"fill-opacity":0.30196078431372547,"fill":"#ff5252"}},{"type":"Feature","geometry":{"type":"Polygon","coordinates":[[[42.0400721,43.1880002,0],[42.0371899,43.1987165,0],[42.0348219,43.2029254,0],[42.0245596,43.2137072,0],[42.0191014,43.2183579,0],[42.0107045,43.218104,0],[41.9963007,43.2135955,0],[41.9855173,43.2159615,0],[41.9691018,43.2139348,0],[41.9572533,43.2042527,0],[41.9531308,43.2059561,0],[41.9509031,43.2123396,0],[41.9467005,43.2145944,0],[41.9451611,43.2231077,0],[41.9415159,43.2257174,0],[41.9106617,43.2266978,0],[41.899526,43.2323564,0],[41.9032819,43.2356698,0],[41.8972958,43.2421095,0],[41.8987338,43.2445787,0],[41.8905981,43.2502343,0],[41.8859809,43.2517008,0],[41.8824122,43.2518521,0],[41.8783717,43.2460019,0],[41.8735163,43.2457155,0],[41.8625671,43.2438656,0],[41.8608444,43.2394794,0],[41.865133,43.2339097,0],[41.8587789,43.2293406,0],[41.8525896,43.2165663,0],[41.8460497,43.2112824,0],[41.8333462,43.2149066,0],[41.8284963,43.2150444,0],[41.8223593,43.2129302,0],[41.8143775,43.2089516,0],[41.8095733,43.2037465,0],[41.803692,43.2026028,0],[41.7991838,43.2062139,0],[41.7949737,43.2085559,0],[41.7920458,43.2143659,0],[41.7880778,43.2157264,0],[41.7875227,43.2191983,0],[41.7840082,43.2227643,0],[41.7737169,43.2188865,0],[41.7708888,43.2208246,0],[41.7610629,43.2251085,0],[41.745912,43.2376463,0],[41.7336496,43.2426166,0],[41.7273944,43.2439597,0],[41.7215799,43.2415195,0],[41.7061778,43.2262589,0],[41.7023262,43.2210006,0],[41.6853578,43.218988,0],[41.6781188,43.2281378,0],[41.6598886,43.2391614,0],[41.6524316,43.2359409,0],[41.6420097,43.2303589,0],[41.6343967,43.2228141,0],[41.6185455,43.2220228,0],[41.6159141,43.2263931,0],[41.5937103,43.2375163,0],[41.5877542,43.2374997,0],[41.582018,43.2487218,0],[41.5767224,43.2536589,0],[41.5632581,43.2503763,0],[41.5484172,43.2678455,0],[41.5444833,43.2710297,0],[41.5056043,43.2815375,0],[41.4904011,43.2872396,0],[41.4686675,43.3054337,0],[41.4612463,43.3093369,0],[41.4552993,43.3100418,0],[41.4401854,43.3071223,0],[41.4224983,43.3167777,0],[41.4181144,43.330597,0],[41.412317,43.3346352,0],[41.4178489,43.349536,0],[41.4140382,43.3566973,0],[41.3951186,43.3659793,0],[41.3847532,43.366744,0],[41.3754504,43.366377,0],[41.3658036,43.3707513,0],[41.361776,43.3688235,0],[41.3559863,43.3584369,0],[41.3427803,43.3543423,0],[41.3395321,43.3475011,0],[41.3234237,43.3490456,0],[41.3178965,43.3405579,0],[41.3041308,43.3413078,0],[41.287931,43.3383112,0],[41.2784489,43.3604575,0],[41.259346,43.3661256,0],[41.2481762,43.3615275,0],[41.2225822,43.3813855,0],[41.202601,43.3819639,0],[41.1821031,43.3864063,0],[41.1689142,43.3838395,0],[41.1598446,43.3895054,0],[41.1561249,43.3888605,0],[41.1566122,43.399148,0],[41.1528928,43.4048202,0],[41.1152659,43.3992879,0],[41.1065638,43.4055999,0],[41.097402,43.3997637,0],[41.1031131,43.39358,0],[41.0959998,43.3862004,0],[41.0821001,43.390191,0],[41.0794435,43.390688,0],[41.0737175,43.3879994,0],[41.0512957,43.3981183,0],[41.0423888,43.3986634,0],[41.0372574,43.406941,0],[41.0225102,43.4163396,0],[41.0050095,43.4334666,0],[40.9852732,43.4314848,0],[40.9509534,43.4195234,0],[40.9451397,43.4257695,0],[40.9366036,43.4245447,0],[40.9301738,43.4263318,0],[40.9274781,43.4341735,0],[40.9298461,43.4445704,0],[40.9239379,43.4489118,0],[40.8944456,43.4579385,0],[40.9006083,43.4683019,0],[40.8975018,43.4789145,0],[40.8919743,43.4824505,0],[40.8953397,43.4872811,0],[40.8910831,43.4902173,0],[40.8280504,43.4895806,0],[40.7581165,43.519788,0],[40.7387743,43.5292141,0],[40.6940181,43.5351464,0],[40.6934325,43.5480323,0],[40.6646874,43.5639023,0],[40.6210787,43.5517378,0],[40.5640213,43.5194042,0],[40.5171889,43.5222461,0],[40.4847823,43.5474927,0],[40.4564899,43.5473558,0],[40.4419266,43.5581634,0],[40.4152582,43.5526262,0],[40.3557509,43.5659383,0],[40.3438494,43.5637006,0],[40.3234916,43.570168,0],[40.3219146,43.5761381,0],[40.3153258,43.5806168,0],[40.3055792,43.5791275,0],[40.2984456,43.5711717,0],[40.2886455,43.5759047,0],[40.2802025,43.5791212,0],[40.2737874,43.5781234,0],[40.2722872,43.5773278,0],[40.266237,43.5807073,0],[40.2649932,43.58104,0],[40.2651075,43.5825673,0],[40.2604219,43.5863841,0],[40.2509637,43.586184,0],[40.2488699,43.5842914,0],[40.2418918,43.5867234,0],[40.2300375,43.5830683,0],[40.2270144,43.5806691,0],[40.22449,43.5810337,0],[40.2233892,43.5792755,0],[40.2201573,43.5791167,0],[40.2142079,43.5759383,0],[40.2131238,43.5748043,0],[40.2112127,43.5757077,0],[40.2096222,43.5756488,0],[40.2086726,43.5749093,0],[40.2074601,43.5747358,0],[40.2034918,43.5758197,0],[40.2001897,43.5745051,0],[40.1931556,43.5752339,0],[40.1884428,43.5740172,0],[40.1816771,43.5746926,0],[40.1756147,43.5740227,0],[40.1740469,43.5758544,0],[40.1714262,43.5765329,0],[40.168588,43.57447,0],[40.1612809,43.57308,0],[40.1582536,43.575026,0],[40.1549455,43.5744407,0],[40.1525351,43.5723994,0],[40.1504467,43.5726358,0],[40.1487767,43.5716829,0],[40.1470427,43.5716259,0],[40.1450443,43.5703379,0],[40.141895,43.5692775,0],[40.1406389,43.5693798,0],[40.1380409,43.5682162,0],[40.1375655,43.5674436,0],[40.136014,43.5669554,0],[40.1348849,43.5672229,0],[40.1310395,43.5650218,0],[40.1298719,43.5649731,0],[40.1287382,43.565653,0],[40.1246471,43.5660955,0],[40.1229022,43.5676957,0],[40.1219013,43.5679732,0],[40.1210101,43.5677236,0],[40.1201341,43.5677296,0],[40.1199969,43.568453,0],[40.1193414,43.5685238,0],[40.11817,43.5693184,0],[40.1171576,43.5690109,0],[40.1161469,43.5692548,0],[40.1144955,43.5685184,0],[40.1127055,43.5688567,0],[40.1119149,43.5692225,0],[40.1107842,43.5691767,0],[40.1102609,43.5699867,0],[40.1091284,43.5699278,0],[40.1066918,43.5691259,0],[40.1060242,43.5682992,0],[40.1034443,43.5683405,0],[40.1009024,43.5665804,0],[40.0983079,43.5659286,0],[40.0976678,43.5653246,0],[40.0979328,43.5641166,0],[40.0972614,43.5630687,0],[40.0977487,43.5626739,0],[40.0981288,43.5613928,0],[40.0949489,43.5595184,0],[40.0907353,43.5553958,0],[40.0914924,43.551069,0],[40.0935219,43.5491336,0],[40.0918411,43.547922,0],[40.0917089,43.5472641,0],[40.0928392,43.5469982,0],[40.0935109,43.5458749,0],[40.092709,43.5424147,0],[40.0926507,43.5394761,0],[40.0943367,43.5384518,0],[40.0956493,43.5338524,0],[40.0950995,43.5293826,0],[40.0922805,43.527785,0],[40.0901193,43.5235315,0],[40.0795738,43.5176389,0],[40.0769254,43.516963,0],[40.0761242,43.5137125,0],[40.0733846,43.5116304,0],[40.0721971,43.5098316,0],[40.0645012,43.5058595,0],[40.0638716,43.5045774,0],[40.0620115,43.5030091,0],[40.061038,43.4998098,0],[40.0589195,43.4985162,0],[40.0573437,43.4939988,0],[40.0524767,43.4875783,0],[40.0522701,43.4856344,0],[40.0510847,43.4844243,0],[40.0503206,43.4830422,0],[40.0486124,43.4820957,0],[40.0475138,43.4788948,0],[40.045015,43.4781606,0],[40.0449959,43.4761316,0],[40.0435847,43.4716995,0],[40.0448827,43.4671328,0],[40.0418135,43.4597427,0],[40.042456,43.4564248,0],[40.0417672,43.4534026,0],[40.0406031,43.4519996,0],[40.0388328,43.4511872,0],[40.0364082,43.449095,0],[40.0357654,43.444661,0],[40.0336219,43.4431458,0],[40.0317389,43.4402398,0],[40.0208473,43.4319978,0],[40.0145135,43.4309079,0],[40.013004,43.4297877,0],[40.0105865,43.4234952,0],[40.0119955,43.4224266,0],[40.0156504,43.4217702,0],[40.0169947,43.4205507,0],[40.0152201,43.4184854,0],[40.014032,43.4130145,0],[40.0095542,43.4063429,0],[40.0096123,43.3968035,0],[40.0081842,43.3941881,0],[40.007392,43.3903638,0],[40.0074582,43.385791,0],[40.0548804,43.3751292,0],[40.0744623,43.3757801,0],[40.1520548,43.3397316,0],[40.232083,43.3153763,0],[40.245927,43.3056871,0],[40.2638216,43.2633557,0],[40.2713702,43.1921614,0],[40.2843908,43.1750891,0],[40.3430428,43.1409829,0],[40.364943,43.1611642,0],[40.3855187,43.1697339,0],[40.4685913,43.135436,0],[40.5142034,43.1383073,0],[40.5776234,43.0850224,0],[40.6421315,43.0899243,0],[40.6949616,43.0772776,0],[40.8593526,43.0664099,0],[40.9699474,42.9710735,0],[41.031048,42.9885347,0],[41.0684243,42.9429694,0],[41.0939347,42.8452344,0],[41.1461359,42.7862602,0],[41.1851793,42.7815019,0],[41.2128713,42.7901836,0],[41.3022168,42.7642498,0],[41.385171,42.7462188,0],[41.4265107,42.7180221,0],[41.459466,42.6766901,0],[41.4875567,42.6171609,0],[41.5077327,42.5565859,0],[41.5239698,42.4893702,0],[41.5430547,42.385312,0],[41.5579924,42.3887266,0],[41.5601571,42.3987904,0],[41.566126,42.4036198,0],[41.594755,42.4089539,0],[41.6012028,42.4140437,0],[41.6072832,42.4158849,0],[41.610013,42.4149968,0],[41.6155805,42.4063611,0],[41.6183896,42.4033482,0],[41.6198021,42.4029631,0],[41.6227593,42.4040197,0],[41.6240858,42.4052347,0],[41.6255294,42.4111713,0],[41.6289316,42.414045,0],[41.6325604,42.4145325,0],[41.6354409,42.4128465,0],[41.6377687,42.4123895,0],[41.639506,42.4116021,0],[41.6418862,42.411588,0],[41.648385,42.4196784,0],[41.653272,42.4212372,0],[41.6576147,42.4232554,0],[41.6629444,42.4287263,0],[41.6633473,42.4318116,0],[41.6589602,42.435385,0],[41.6619448,42.443101,0],[41.6608758,42.4451043,0],[41.659167,42.4454373,0],[41.6572942,42.4446466,0],[41.6567245,42.4425584,0],[41.655113,42.4413905,0],[41.6524908,42.4418417,0],[41.6517847,42.4449738,0],[41.6556519,42.4485457,0],[41.6562149,42.4506452,0],[41.6553616,42.4519213,0],[41.6516268,42.4556332,0],[41.6546084,42.4625823,0],[41.6537914,42.467521,0],[41.6495824,42.4757536,0],[41.6547216,42.4814502,0],[41.6636264,42.4822077,0],[41.6709653,42.4915725,0],[41.680664,42.4904275,0],[41.6856421,42.4947191,0],[41.698688,42.4967188,0],[41.7076149,42.5014759,0],[41.7148253,42.5006105,0],[41.7216963,42.5079905,0],[41.7611845,42.5219915,0],[41.7687531,42.531011,0],[41.7806315,42.5348786,0],[41.7966698,42.5428626,0],[41.8287353,42.5583259,0],[41.83107,42.5620627,0],[41.8383161,42.5648564,0],[41.8446759,42.5697827,0],[41.8505291,42.5759671,0],[41.8509072,42.5850475,0],[41.8537238,42.5874079,0],[41.8548943,42.5902327,0],[41.8613569,42.5966395,0],[41.8763398,42.6050941,0],[41.8848482,42.6084824,0],[41.8896776,42.6139947,0],[41.8971071,42.6224916,0],[41.9190022,42.6297569,0],[41.9399595,42.6310271,0],[41.9516617,42.6373547,0],[41.954296,42.6423054,0],[41.9484936,42.6501548,0],[41.9462452,42.6593901,0],[41.938776,42.6645303,0],[41.9419737,42.6726064,0],[41.9390964,42.6938165,0],[41.9335072,42.697678,0],[41.9263023,42.6974804,0],[41.9126978,42.7170906,0],[41.9122852,42.7250741,0],[41.9065571,42.7315477,0],[41.9062758,42.7368902,0],[41.9403546,42.7404483,0],[41.9491721,42.7446856,0],[41.9572938,42.7621969,0],[41.9549571,42.7727795,0],[41.9510845,42.7780085,0],[41.9312629,42.7774844,0],[41.9044505,42.7727824,0],[41.8996799,42.7952956,0],[41.9012099,42.8006466,0],[41.8953971,42.8084782,0],[41.8888971,42.8296011,0],[41.8814094,42.8347238,0],[41.8755136,42.8438878,0],[41.8787778,42.8506338,0],[41.8941947,42.8670241,0],[41.9048833,42.8699717,0],[41.9154368,42.8755774,0],[41.9279955,42.8772384,0],[41.9368211,42.8814676,0],[41.940428,42.8815604,0],[41.9471825,42.8910584,0],[41.9358679,42.8969522,0],[41.908585,42.9033458,0],[41.9048389,42.9059054,0],[41.8963188,42.9309724,0],[41.8934592,42.9508907,0],[41.9057057,42.9605317,0],[41.9033593,42.9697635,0],[41.8776345,42.9770689,0],[41.8680591,42.9874438,0],[41.8694534,42.9954928,0],[41.8814829,43.0077882,0],[41.8879634,43.0226067,0],[41.8968693,43.0255015,0],[41.9113246,43.0258722,0],[41.9258335,43.0249232,0],[41.9420956,43.0267003,0],[41.9544893,43.0323528,0],[41.9652798,43.0339648,0],[41.9759311,43.0382386,0],[41.9952982,43.0493895,0],[42.0098401,43.0484333,0],[42.0243313,43.0487996,0],[42.043859,43.0572996,0],[42.0524342,43.0668161,0],[42.0574035,43.0762677,0],[42.0570051,43.0842537,0],[42.0711078,43.0925947,0],[42.0918541,43.1130952,0],[42.0983863,43.1264321,0],[42.1090406,43.1348144,0],[42.1173042,43.1453118,0],[42.1221617,43.1577862,0],[42.1294755,43.1619447,0],[42.1434189,43.1647494,0],[42.1500322,43.1876364,0],[42.1440099,43.1981707,0],[42.1378452,43.217644,0],[42.1354434,43.2171733,0],[42.1302418,43.2106271,0],[42.1181227,43.2112959,0],[42.1100809,43.2089615,0],[42.1044426,43.2095043,0],[42.1020061,43.2124659,0],[42.0943331,43.2149267,0],[42.0750426,43.2053323,0],[42.0699485,43.1977183,0],[42.0571309,43.1967359,0],[42.0473993,43.1896775,0],[42.0400721,43.1880002,0]]]},"properties":{"name":"Окупована Абхазія.\n///\nOccupied Abkhazia.\n","styleUrl":"#poly-FF5252-1200-77","styleHash":"-58df80","styleMapHash":{"normal":"#poly-FF5252-1200-77-normal","highlight":"#poly-FF5252-1200-77-highlight"},"description":"Окуповано з 1992 шляхом підтримки невизнаного сепаратистського руху. Повторно окуповано вводом \"миротворчого контингенту\" в 2008.<br>///<br>Occupied in 1992 in a result of unrecognized separatist movement support. Re-occupied In 2008 by \"peacemaker troops\".","stroke-opacity":1,"stroke":"#ff5252","stroke-width":1.2,"fill-opacity":0.30196078431372547,"fill":"#ff5252"}},{"type":"Feature","geometry":{"type":"Polygon","coordinates":[[[27.7285167,60.3910517,0],[28.400056,60.5393072,0],[28.5483714,60.426993,0],[28.5862285,60.3601307,0],[28.6843272,60.3251694,0],[28.9040538,60.2162064,0],[29.0358897,60.1725196,0],[29.1464698,60.1582262,0],[29.2775889,60.156122,0],[29.4423838,60.1591972,0],[29.6140452,60.1984657,0],[29.6585465,60.2689066,0],[29.7733428,60.3459317,0],[29.7867366,60.3814662,0],[30.0026866,60.476432,0],[30.0816508,60.5276541,0],[30.2393751,60.5395959,0],[30.3024073,60.563107,0],[30.704095,60.5696868,0],[30.5245372,60.6409667,0],[30.551278,60.729449,0],[30.5382701,60.8130382,0],[30.4641124,60.8912973,0],[30.2024089,61.0797674,0],[30.1166697,61.0997165,0],[30.056245,61.2182946,0],[30.2897044,61.2843456,0],[30.4057015,61.3752195,0],[30.2951975,61.4081461,0],[30.6083117,61.4840496,0],[30.7950755,61.5739786,0],[31.1219187,61.5968503,0],[31.4515086,61.5550149,0],[31.5545054,61.2671857,0],[32.0049449,61.2764268,0],[32.5927134,61.0884317,0],[32.7340062,61.3832815,0],[32.628419,61.6360197,0],[32.8701182,61.7922025,0],[33.0898448,62.0249969,0],[33.1008311,62.2611379,0],[32.7822276,62.5106599,0],[32.1340342,62.8033368,0],[31.5517589,62.8985863,0],[31.3814708,62.6851006,0],[31.1713434,62.4609239,0],[30.9145518,62.3122296,0],[30.6948253,62.1997134,0],[30.0823375,61.8220473,0],[30.0466319,61.7717486,0],[29.8238959,61.658162,0],[29.7609874,61.591624,0],[29.6071788,61.510503,0],[29.5083018,61.4580543,0],[29.3256541,61.3476241,0],[29.2134813,61.2560183,0],[28.8491221,61.1242636,0],[28.7282725,61.0459116,0],[28.6568614,60.9473652,0],[28.508546,60.9420296,0],[28.3657237,60.8699121,0],[28.1789561,60.7681368,0],[28.140504,60.7359299,0],[27.9381055,60.6342451,0],[27.7747847,60.5269786,0],[27.7285167,60.3910517,0]]]},"properties":{"name":"Тимчасово окупована територія Карелії.\n///\nThe temporarily occupied territory of Karelia.\n","styleUrl":"#poly-FF5252-1200-77","styleHash":"-58df80","styleMapHash":{"normal":"#poly-FF5252-1200-77-normal","highlight":"#poly-FF5252-1200-77-highlight"},"description":"Окупована в 1940 за результатами Зимової (Карело-Фінської) війни. Повторно окупована в 1945.<br>///<br>Occupied in 1940 in result of Winter (Carelo-Finnian) war. Re-occupied in 1945.","stroke-opacity":1,"stroke":"#ff5252","stroke-width":1.2,"fill-opacity":0.30196078431372547,"fill":"#ff5252"}},{"type":"Feature","geometry":{"type":"Polygon","coordinates":[[[45.1230591,43.3234199,0],[45.1117148,43.3196934,0],[45.1071527,43.2746305,0],[45.129727,43.2206577,0],[45.1255449,43.1928098,0],[45.1446075,43.1832253,0],[45.1388318,43.1760879,0],[45.1656315,43.1758788,0],[45.1722247,43.1662546,0],[45.1851325,43.1662057,0],[45.1747569,43.1426396,0],[45.1915517,43.1230953,0],[45.1972883,43.1049242,0],[45.1638984,43.0687025,0],[45.1266761,43.0398803,0],[45.0838324,43.0145525,0],[45.0707239,42.9918984,0],[45.0699799,42.9712529,0],[45.0945731,42.9400104,0],[45.081986,42.9142244,0],[45.0708914,42.8983204,0],[45.0873198,42.8697431,0],[45.0858848,42.8436931,0],[45.1659671,42.8319082,0],[45.1816557,42.8231419,0],[45.1945958,42.8234386,0],[45.194472,42.8053738,0],[45.1806182,42.7973835,0],[45.1714547,42.7819073,0],[45.1577838,42.782597,0],[45.1457881,42.7754554,0],[45.1428833,42.7640734,0],[45.1163278,42.7499207,0],[45.0918466,42.7292073,0],[45.0792895,42.7104718,0],[45.0876584,42.7109177,0],[45.1028292,42.7043276,0],[45.1217426,42.7098604,0],[45.1415,42.7101019,0],[45.1598836,42.7078176,0],[45.1669081,42.692288,0],[45.1755682,42.6822514,0],[45.1855996,42.6787758,0],[45.1915825,42.6680377,0],[45.2188467,42.6613362,0],[45.222408,42.6528486,0],[45.2517989,42.6205414,0],[45.2557714,42.6064202,0],[45.2836187,42.6059652,0],[45.2819343,42.6000558,0],[45.2835742,42.5898581,0],[45.2916032,42.5847593,0],[45.295511,42.5751102,0],[45.3084758,42.5692085,0],[45.3152606,42.573925,0],[45.3265969,42.5664752,0],[45.3287446,42.5428559,0],[45.3363822,42.5253071,0],[45.3570411,42.5229146,0],[45.3982775,42.5394196,0],[45.4051896,42.5507004,0],[45.4196398,42.5522961,0],[45.4323637,42.5414563,0],[45.4538327,42.5461476,0],[45.4656293,42.5383921,0],[45.498305,42.5350181,0],[45.5241182,42.5468148,0],[45.5392591,42.5413535,0],[45.5458056,42.5374648,0],[45.5542259,42.5423496,0],[45.5749161,42.5483303,0],[45.586956,42.5380612,0],[45.6017389,42.5323439,0],[45.5959088,42.5280927,0],[45.5955725,42.517263,0],[45.6137728,42.5059271,0],[45.6348862,42.5103813,0],[45.6505043,42.4986342,0],[45.6655702,42.5058328,0],[45.6878883,42.5052771,0],[45.6985272,42.4824441,0],[45.7225441,42.4757581,0],[45.773323,42.4881923,0],[45.8216436,42.4983886,0],[45.8228117,42.5070246,0],[45.8437027,42.5153843,0],[45.84331,42.5217185,0],[45.8603833,42.5343851,0],[45.8818011,42.5364659,0],[45.8885638,42.5445875,0],[45.9083767,42.5547311,0],[45.8940559,42.5806345,0],[45.9157434,42.5895659,0],[45.9262674,42.6011051,0],[45.9342919,42.6013187,0],[45.9609692,42.5799383,0],[45.9705586,42.5790047,0],[45.9918239,42.5922252,0],[45.9956079,42.5905337,0],[46.0067716,42.5972682,0],[46.0052765,42.6106992,0],[46.0374877,42.6181737,0],[46.0216675,42.620902,0],[46.0065278,42.6433321,0],[46.0081587,42.6545347,0],[46.0168752,42.6636729,0],[46.0150592,42.6755627,0],[46.0776695,42.6815097,0],[46.0866718,42.6933094,0],[46.0784722,42.7168695,0],[46.097376,42.7142715,0],[46.0998017,42.7252936,0],[46.1120776,42.7200605,0],[46.1415619,42.7217226,0],[46.1570071,42.7303289,0],[46.1673055,42.7297907,0],[46.1750758,42.7321626,0],[46.1783606,42.7377614,0],[46.178899,42.741469,0],[46.1774206,42.7439949,0],[46.1646115,42.7513108,0],[46.1673368,42.7538999,0],[46.1653522,42.756203,0],[46.1668489,42.7618919,0],[46.1661141,42.7682109,0],[46.1640523,42.7707436,0],[46.1544368,42.7755443,0],[46.1487309,42.7929677,0],[46.1382362,42.7975221,0],[46.125864,42.8015621,0],[46.1212223,42.8020073,0],[46.1165804,42.8047194,0],[46.1171671,42.8055509,0],[46.1233306,42.8153352,0],[46.1550854,42.8452802,0],[46.1642849,42.8485466,0],[46.1676854,42.8515636,0],[46.1668118,42.8558408,0],[46.1799369,42.8669137,0],[46.1892494,42.8792429,0],[46.185153,42.8879226,0],[46.2047352,42.8906905,0],[46.2102416,42.8901869,0],[46.2254007,42.8652334,0],[46.2398379,42.860108,0],[46.2580363,42.8659969,0],[46.2649058,42.8787534,0],[46.2700603,42.8822005,0],[46.2740232,42.8850685,0],[46.2805046,42.8835842,0],[46.284604,42.8791936,0],[46.291721,42.8777177,0],[46.294444,42.8761537,0],[46.300097,42.8650551,0],[46.3112445,42.8861617,0],[46.3057082,42.9016487,0],[46.305188,42.9085094,0],[46.3112976,42.9095649,0],[46.3164117,42.9066471,0],[46.3239278,42.8969391,0],[46.3379278,42.8933659,0],[46.3442958,42.8864706,0],[46.3576103,42.8745482,0],[46.3590012,42.8700754,0],[46.3686308,42.8630861,0],[46.3707229,42.8556499,0],[46.364608,42.8478248,0],[46.3674832,42.8419915,0],[46.3904832,42.8521045,0],[46.4288917,42.8585957,0],[46.4491306,42.8773143,0],[46.4370987,42.8811879,0],[46.442874,42.8878732,0],[46.487759,42.9108833,0],[46.5205115,42.917101,0],[46.5277916,42.9166878,0],[46.5323255,42.9220572,0],[46.4937414,42.9456759,0],[46.4927924,42.9504348,0],[46.499143,42.9629721,0],[46.4971062,42.9662047,0],[46.4957556,42.9764714,0],[46.4879029,42.985449,0],[46.4792325,42.9953669,0],[46.4797432,43.0026491,0],[46.4775965,43.0055995,0],[46.4711578,43.0096796,0],[46.4702962,43.0144504,0],[46.4796008,43.0179116,0],[46.5018397,43.0175218,0],[46.5048175,43.0163051,0],[46.5098553,43.0170964,0],[46.5061981,43.0219422,0],[46.5107808,43.0287956,0],[46.5062056,43.033477,0],[46.5020297,43.0323041,0],[46.5047203,43.0298765,0],[46.4965471,43.0248852,0],[46.4928373,43.028427,0],[46.4926863,43.038189,0],[46.4971927,43.0366349,0],[46.5191746,43.0427682,0],[46.523817,43.040817,0],[46.5240342,43.0517441,0],[46.5191006,43.0644272,0],[46.5106045,43.0709797,0],[46.5017018,43.0742212,0],[46.5083552,43.085524,0],[46.5006953,43.0892949,0],[46.4920047,43.090558,0],[46.4891728,43.0873367,0],[46.4623819,43.0882419,0],[46.4345339,43.0832766,0],[46.4198097,43.1065068,0],[46.4241136,43.1106095,0],[46.418714,43.116171,0],[46.4221921,43.1200812,0],[46.4204883,43.123503,0],[46.3978397,43.1314339,0],[46.3884804,43.1474191,0],[46.4127403,43.1626866,0],[46.4383891,43.1857116,0],[46.4230788,43.1912038,0],[46.4241173,43.1978663,0],[46.4224091,43.2012751,0],[46.390507,43.2022509,0],[46.3965398,43.2106082,0],[46.4088718,43.2317077,0],[46.4094356,43.2482365,0],[46.4102175,43.2566592,0],[46.4176184,43.2633799,0],[46.4164534,43.2703225,0],[46.4228279,43.2783649,0],[46.4208348,43.2900635,0],[46.4251828,43.2937258,0],[46.4232655,43.2980129,0],[46.4210614,43.2979975,0],[46.4157085,43.303464,0],[46.4154738,43.3115238,0],[46.4112731,43.3221518,0],[46.4101985,43.3246128,0],[46.401227,43.3285721,0],[46.4004497,43.3329942,0],[46.3978645,43.3365939,0],[46.3896032,43.3365509,0],[46.3703301,43.3412073,0],[46.3706228,43.3499834,0],[46.3623314,43.3587593,0],[46.3582776,43.3704428,0],[46.3562831,43.3703957,0],[46.3358262,43.3988005,0],[46.3300541,43.437442,0],[46.3278547,43.4442976,0],[46.3351665,43.4576949,0],[46.3390463,43.4568861,0],[46.3851939,43.4775721,0],[46.3954043,43.4900292,0],[46.4144412,43.5221923,0],[46.4183443,43.5285609,0],[46.4256815,43.5311953,0],[46.43273,43.5750914,0],[46.4166075,43.5947146,0],[46.432549,43.6036263,0],[46.448249,43.6278426,0],[46.4549007,43.6288932,0],[46.4549656,43.6317794,0],[46.4488182,43.644652,0],[46.4455722,43.6494734,0],[46.4486777,43.6555366,0],[46.5347774,43.7247734,0],[46.5462552,43.7495695,0],[46.5579114,43.7598552,0],[46.5689877,43.7614343,0],[46.5753876,43.7645784,0],[46.5904346,43.768506,0],[46.6074039,43.7673704,0],[46.6107428,43.7658098,0],[46.6309525,43.7701115,0],[46.6341959,43.7775933,0],[46.6421299,43.7811378,0],[46.653499,43.7891431,0],[46.6552566,43.7936812,0],[46.6515001,43.799792,0],[46.6480756,43.8141207,0],[46.6564893,43.8225234,0],[46.6571926,43.827245,0],[46.6589563,43.8327286,0],[46.6545401,43.8296677,0],[46.6503426,43.8287466,0],[46.6412768,43.8292726,0],[46.6389379,43.8300767,0],[46.6325431,43.8293315,0],[46.6235306,43.826106,0],[46.6199245,43.8274564,0],[46.6214631,43.8327861,0],[46.6208591,43.8392895,0],[46.618195,43.8430689,0],[46.6164649,43.8492716,0],[46.6064798,43.848801,0],[46.6040182,43.8513263,0],[46.6011546,43.8509298,0],[46.5888236,43.8707451,0],[46.5737288,43.8711222,0],[46.564814,43.8697654,0],[46.5573063,43.8678044,0],[46.5543061,43.8693273,0],[46.5431587,43.8602409,0],[46.538031,43.8576604,0],[46.5209612,43.858101,0],[46.5114441,43.8597779,0],[46.4975599,43.8586736,0],[46.4969838,43.865471,0],[46.4948625,43.8664514,0],[46.4954878,43.8713923,0],[46.4974866,43.8768282,0],[46.4757806,43.8776571,0],[46.4632669,43.8728781,0],[46.4576367,43.8727237,0],[46.4458572,43.8788478,0],[46.4537531,43.8869274,0],[46.4489464,43.8950069,0],[46.4506632,43.899785,0],[46.4551282,43.908847,0],[46.4526238,43.918574,0],[46.456865,43.9223245,0],[46.4619041,43.9267961,0],[46.4621372,43.9329986,0],[46.4567873,43.936379,0],[46.4578884,43.9440644,0],[46.4504055,43.9524912,0],[46.441205,43.9549853,0],[46.4383213,43.9528955,0],[46.4347511,43.9522885,0],[46.435045,43.9589373,0],[46.4380857,43.9631146,0],[46.4455416,43.9675153,0],[46.4343594,43.9723633,0],[46.4380882,43.9751412,0],[46.4414268,43.9769911,0],[46.435743,43.9797033,0],[46.4363921,43.9843872,0],[46.4322336,43.9842541,0],[46.429105,43.9856031,0],[46.428607,43.9882824,0],[46.4337922,43.9914189,0],[46.4383277,43.9942345,0],[46.4398465,44.002338,0],[46.4250489,44.0025395,0],[46.3989204,44.0059478,0],[46.3251806,44.0089135,0],[46.3250488,44.0057001,0],[46.3282444,44.0024882,0],[46.3289837,43.9989065,0],[46.3345292,43.9977945,0],[46.3370936,43.9913616,0],[46.3446268,43.9866485,0],[46.3404692,43.9838911,0],[46.345546,43.9764021,0],[46.3426559,43.9722944,0],[46.3505835,43.9602836,0],[46.3528295,43.9550194,0],[46.3578216,43.9509908,0],[46.3558825,43.9484181,0],[46.3559833,43.9445342,0],[46.2526634,43.9457673,0],[46.2509002,43.8825446,0],[46.2164966,43.859416,0],[46.0951327,43.862461,0],[46.09421,43.840441,0],[46.0757611,43.842442,0],[46.0764559,43.8166435,0],[46.0450621,43.8201205,0],[46.0030796,43.881225,0],[46.0371099,43.8882802,0],[46.0601563,43.8864204,0],[46.0727053,43.9314671,0],[45.8873372,43.9503249,0],[45.8620223,43.9706006,0],[45.7982411,43.9691132,0],[45.7984067,43.9532861,0],[45.7190838,43.9542082,0],[45.7128601,43.9629682,0],[45.5244963,44.0057046,0],[45.5214497,44.01082,0],[45.4392576,44.0094887,0],[45.4389707,43.8761618,0],[45.2001802,43.876397,0],[45.2000796,43.9577802,0],[45.053708,43.9574083,0],[45.0512448,43.8892494,0],[45.0643434,43.8901845,0],[45.0640339,43.7197754,0],[45.0476359,43.7089569,0],[45.0415396,43.7100491,0],[45.0435538,43.7180405,0],[45.0407614,43.7220616,0],[45.0283092,43.7191855,0],[45.0224445,43.7280294,0],[45.0007814,43.7244629,0],[44.9818695,43.7144418,0],[44.9803785,43.7011558,0],[44.9753379,43.6979104,0],[44.9631943,43.699855,0],[44.9615704,43.6943105,0],[44.9645071,43.6881864,0],[44.9436156,43.6714588,0],[44.9334191,43.6722635,0],[44.9205702,43.6823076,0],[44.9106647,43.6830219,0],[44.9121542,43.6705474,0],[44.8897457,43.6589922,0],[44.8744558,43.6607064,0],[44.8527958,43.6675927,0],[44.853085,43.676463,0],[44.8601949,43.6855081,0],[44.8604395,43.694553,0],[44.8540611,43.6962584,0],[44.8415117,43.6805836,0],[44.8315163,43.6824916,0],[44.8477072,43.5662328,0],[44.8598853,43.5647223,0],[44.8636552,43.5537543,0],[44.8602171,43.550727,0],[44.8705152,43.5372665,0],[44.8808101,43.5317692,0],[44.9027551,43.5207586,0],[44.9557472,43.5224941,0],[44.954771,43.4811781,0],[44.972025,43.4812582,0],[44.9722469,43.4684786,0],[45.0097423,43.4629256,0],[45.0654364,43.4628747,0],[45.0656098,43.454809,0],[45.1139652,43.4517081,0],[45.1392997,43.4206523,0],[45.1270022,43.341655,0],[45.1230591,43.3234199,0]]]},"properties":{"name":"Тимчасово окупована територія республіки Ічкерія.\n///\nThe temporarily occupied territory of the Republic of Ichkeria.\n","styleUrl":"#poly-FF5252-1200-77","styleHash":"-58df80","styleMapHash":{"normal":"#poly-FF5252-1200-77-normal","highlight":"#poly-FF5252-1200-77-highlight"},"description":"Окуповано в 1995. Після поразки в Першій Чеченській війні, визнали ЧРІ незалежною. Повторно окуповано повністю в 2009 в результаті Другої Чеченської війни.<br>///<br>Occupied in 1995. After defeat in First Chechen War, recognized independency of CRI. Re-occupied in 2009 in a result of Second Chechen War.","stroke-opacity":1,"stroke":"#ff5252","stroke-width":1.2,"fill-opacity":0.30196078431372547,"fill":"#ff5252"}},{"type":"Feature","geometry":{"type":"Polygon","coordinates":[[[35.2525174,46.2505709,0],[35.2210679,46.2268989,0],[35.2090233,46.1903722,0],[35.1330574,46.1634307,0],[35.0290037,46.14808,0],[35.0256763,46.127811,0],[34.9871752,46.1052755,0],[34.9733811,46.0721051,0],[35.0708827,46.0957873,0],[35.1518034,46.1216585,0],[35.1858838,46.1469167,0],[35.275482,46.2556112,0],[35.3602359,46.3546635,0],[35.4578294,46.4412316,0],[35.6043534,46.4804352,0],[35.7360032,46.5839813,0],[35.9364232,46.6585947,0],[36.1170931,46.6514246,0],[36.1898849,46.6670306,0],[36.2290436,46.6505061,0],[36.2598962,46.6186212,0],[36.1908498,46.5346757,0],[36.1665138,46.5276778,0],[36.1516335,46.5468178,0],[36.1472619,46.508948,0],[36.0911211,46.4924288,0],[36.1167335,46.4871992,0],[36.1840637,46.4980304,0],[36.3170968,46.6501447,0],[36.3768491,46.7055039,0],[36.5871045,46.7646623,0],[36.7055683,46.7776224,0],[36.8012652,46.7277543,0],[36.7906962,46.6747997,0],[36.7783436,46.6636496,0],[36.7610148,46.6658088,0],[36.742359,46.6373607,0],[36.7589376,46.6217212,0],[36.8049871,46.6591521,0],[36.8380534,46.7057614,0],[36.8685198,46.765691,0],[36.9019536,46.8087899,0],[36.9930792,46.8624588,0],[37.0368602,46.8654582,0],[37.2380483,46.9398175,0],[37.2972107,46.9273264,0],[37.3189188,46.8962982,0],[37.2805705,46.8736902,0],[37.2872851,46.863351,0],[37.3214636,46.8692065,0],[37.526304,47.0495337,0],[37.5264869,47.0697845,0],[37.5878876,47.0772638,0],[37.6204618,47.0865732,0],[37.6273774,47.0941014,0],[37.6758112,47.0778874,0],[37.684032,47.0766772,0],[37.6858846,47.0804963,0],[37.7138794,47.0798327,0],[37.7743938,47.0875496,0],[37.7940835,47.0837782,0],[37.8219878,47.0908909,0],[37.8383095,47.0997045,0],[37.8292834,47.1127418,0],[37.8180535,47.1190987,0],[37.8499825,47.1742053,0],[37.8513558,47.198938,0],[37.833503,47.249301,0],[37.8338464,47.2854117,0],[37.8276665,47.3026429,0],[37.8348763,47.3082302,0],[37.8317864,47.3149807,0],[37.8245766,47.3214977,0],[37.8273232,47.3284792,0],[37.8292834,47.3425074,0],[37.8444894,47.3419742,0],[37.856849,47.3436027,0],[37.8612124,47.3478578,0],[37.8591525,47.3543707,0],[37.8486092,47.3501161,0],[37.8376229,47.3524422,0],[37.8417428,47.3584893,0],[37.8515994,47.3655338,0],[37.841643,47.3690218,0],[37.8383096,47.3780216,0],[37.8503258,47.3842983,0],[37.856849,47.3928985,0],[37.855819,47.403124,0],[37.8637154,47.4265885,0],[37.8784784,47.4416839,0],[37.8925547,47.4697729,0],[37.7823477,47.5859162,0],[37.7686147,47.6354478,0],[37.801917,47.6423879,0],[37.8039769,47.6601962,0],[37.7644947,47.6847015,0],[37.6726795,47.7247168,0],[37.6375888,47.7519939,0],[37.623169,47.7731102,0],[37.6345486,47.8025384,0],[37.6342622,47.838423,0],[37.6440338,47.8866264,0],[37.5759066,47.9077328,0],[37.5685999,47.9077685,0],[37.5350286,47.917986,0],[37.5394068,47.9242357,0],[37.5428393,47.9324766,0],[37.5285901,47.9414985,0],[37.5218536,47.94582,0],[37.5251581,47.9572022,0],[37.5320031,47.9645878,0],[37.512874,47.9679717,0],[37.4935179,47.9629588,0],[37.4917828,47.9608391,0],[37.492733,47.9589277,0],[37.5066636,47.9539587,0],[37.5031047,47.9473039,0],[37.5064986,47.9453485,0],[37.5003937,47.9377426,0],[37.4985071,47.9359997,0],[37.4955781,47.9360788,0],[37.4936254,47.9351191,0],[37.4926381,47.9333239,0],[37.4899023,47.9309198,0],[37.4876385,47.9242596,0],[37.4886573,47.9187748,0],[37.4933794,47.9143253,0],[37.5051491,47.9076713,0],[37.5011632,47.8970631,0],[37.504902,47.8937631,0],[37.5291983,47.8964962,0],[37.5280859,47.8554011,0],[37.5329927,47.8436168,0],[37.5124754,47.8239692,0],[37.4923097,47.8225267,0],[37.486523,47.8177572,0],[37.4670091,47.817087,0],[37.4566535,47.8109284,0],[37.4478453,47.8008523,0],[37.42891,47.79973,0],[37.4316066,47.7761204,0],[37.4144621,47.767009,0],[37.402457,47.7560122,0],[37.3774924,47.7485324,0],[37.3620955,47.7457911,0],[37.3568995,47.7442315,0],[37.3544172,47.7445792,0],[37.3465338,47.7473523,0],[37.3319098,47.7490964,0],[37.3308037,47.7516756,0],[37.3323669,47.7561416,0],[37.3346341,47.7615522,0],[37.3195127,47.7629671,0],[37.3047717,47.7661609,0],[37.2876243,47.7692066,0],[37.2698074,47.7709217,0],[37.261479,47.7684457,0],[37.2598421,47.7666036,0],[37.2586905,47.7552514,0],[37.2543209,47.7553239,0],[37.2478477,47.7559083,0],[37.2406876,47.7577619,0],[37.2356378,47.7582954,0],[37.2210635,47.7613765,0],[37.1954615,47.7653856,0],[37.1949322,47.7583537,0],[37.1815405,47.7598825,0],[37.1772489,47.7508364,0],[37.1595708,47.742367,0],[37.1286819,47.7445623,0],[37.104062,47.7423554,0],[37.0784584,47.7420896,0],[37.0535419,47.7436656,0],[37.0242325,47.7447823,0],[36.964522,47.7635413,0],[36.9295202,47.7763473,0],[36.903955,47.7868254,0],[36.8879868,47.7953492,0],[36.8735563,47.805457,0],[36.8360852,47.8152793,0],[36.8202493,47.8216769,0],[36.8008516,47.8216192,0],[36.7944142,47.8216913,0],[36.7878481,47.8211943,0],[36.7872904,47.8186223,0],[36.7163679,47.8098959,0],[36.6893186,47.8147973,0],[36.6783709,47.8209347,0],[36.6739284,47.8183547,0],[36.6620066,47.8142984,0],[36.6672526,47.7931796,0],[36.660036,47.7841794,0],[36.6271368,47.7867853,0],[36.6234235,47.7837239,0],[36.6197961,47.7767859,0],[36.6065339,47.7738529,0],[36.5769316,47.7214694,0],[36.555749,47.7003403,0],[36.5552546,47.6730363,0],[36.538214,47.6689171,0],[36.5211862,47.6689593,0],[36.492896,47.6593066,0],[36.4448402,47.6502396,0],[36.3683277,47.6315602,0],[36.290478,47.5935079,0],[36.265864,47.5889203,0],[36.2126182,47.5864549,0],[36.2095011,47.5823617,0],[36.186966,47.5808432,0],[36.1331976,47.5751242,0],[36.1281164,47.5748274,0],[36.1167055,47.5779398,0],[36.1057236,47.5785034,0],[36.0873625,47.5738544,0],[36.0829098,47.5518307,0],[36.0607843,47.5370934,0],[36.0413831,47.5360916,0],[36.0314694,47.5271002,0],[36.0207844,47.5159044,0],[36.0139186,47.5103296,0],[35.9808841,47.5134859,0],[35.9502634,47.501073,0],[35.9494357,47.4900728,0],[35.8735856,47.4988315,0],[35.8710238,47.4968524,0],[35.8511672,47.4982077,0],[35.8492495,47.4961123,0],[35.8418813,47.4964217,0],[35.8372725,47.4920548,0],[35.8296893,47.4895813,0],[35.8280284,47.4927332,0],[35.8118209,47.4975877,0],[35.8077012,47.4825107,0],[35.7965182,47.4821609,0],[35.7892811,47.4909745,0],[35.7370363,47.4910741,0],[35.7269941,47.4996568,0],[35.7115041,47.5055123,0],[35.6995238,47.506819,0],[35.6823576,47.5108774,0],[35.6653632,47.5035721,0],[35.6546633,47.5009618,0],[35.6152801,47.5028513,0],[35.5925506,47.5193226,0],[35.5681383,47.5257022,0],[35.5502503,47.5234982,0],[35.5390212,47.5190384,0],[35.5065103,47.5136471,0],[35.4585695,47.5118791,0],[35.453703,47.518038,0],[35.4557064,47.5281252,0],[35.4484826,47.5309035,0],[35.4405058,47.5310366,0],[35.4283605,47.5319635,0],[35.3944748,47.5378127,0],[35.3807378,47.5359816,0],[35.3719799,47.5329906,0],[35.3657509,47.5351205,0],[35.3586767,47.5368768,0],[35.3532727,47.5364436,0],[35.3482119,47.5370533,0],[35.3415303,47.5360151,0],[35.3347223,47.525255,0],[35.3301446,47.5200357,0],[35.3228214,47.5155116,0],[35.3135041,47.5126535,0],[35.2993812,47.5109537,0],[35.2878203,47.5072123,0],[35.2808962,47.5033687,0],[35.2746786,47.4968778,0],[35.2736544,47.4936921,0],[35.2807955,47.4721641,0],[35.2644227,47.4738779,0],[35.2026425,47.4449743,0],[35.1486619,47.445657,0],[35.1190963,47.4510955,0],[35.0702994,47.4507769,0],[35.0624319,47.4486647,0],[35.046158,47.4377275,0],[35.0288206,47.4181151,0],[34.9686931,47.3892045,0],[34.9354445,47.3916029,0],[34.8837144,47.406089,0],[34.8633723,47.4208554,0],[34.8747419,47.4375288,0],[34.8741835,47.4494994,0],[34.8599235,47.4512248,0],[34.8252023,47.4647735,0],[34.7923046,47.467718,0],[34.7491537,47.492572,0],[34.7193654,47.4920934,0],[34.708982,47.4905527,0],[34.6894139,47.4948642,0],[34.6801991,47.5107016,0],[34.6420717,47.5443897,0],[34.6283781,47.5458007,0],[34.6180346,47.5444616,0],[34.5990399,47.5346411,0],[34.5862489,47.5217799,0],[34.5445304,47.5326781,0],[34.5331376,47.5304299,0],[34.5006234,47.4996444,0],[34.4358396,47.4968841,0],[34.3869488,47.5138458,0],[34.3727587,47.5106463,0],[34.3383722,47.4677319,0],[34.3349123,47.4469725,0],[34.2961027,47.4286586,0],[34.2696797,47.4395195,0],[34.19929,47.4120751,0],[34.1457254,47.4244375,0],[34.1183461,47.4205374,0],[34.0648743,47.4242885,0],[34.0466778,47.4176252,0],[34.0422354,47.4104,0],[34.0196507,47.3580093,0],[33.9827331,47.230633,0],[33.9678607,47.2112479,0],[33.9448451,47.1972232,0],[33.9295544,47.1795519,0],[33.903127,47.1599485,0],[33.8635721,47.1451822,0],[33.8499522,47.1377648,0],[33.8407881,47.0984953,0],[33.8023184,47.0589876,0],[33.7227502,47.0173544,0],[33.6976692,46.9951021,0],[33.6956106,46.9553908,0],[33.6881602,46.9204201,0],[33.6784469,46.9008966,0],[33.6568173,46.9046493,0],[33.6338234,46.8994853,0],[33.6340293,46.8662278,0],[33.6202993,46.8290051,0],[33.4702672,46.8209318,0],[33.4029391,46.773568,0],[33.3900249,46.7834027,0],[33.3773363,46.7767474,0],[33.3733741,46.7764584,0],[33.3724713,46.7760941,0],[33.3714088,46.7771126,0],[33.3705608,46.7768084,0],[33.3716115,46.7757005,0],[33.3584344,46.7693577,0],[33.3547354,46.7627522,0],[33.3379268,46.7571308,0],[33.3172596,46.7528588,0],[33.2863069,46.749369,0],[33.2557563,46.7540735,0],[33.2446918,46.7630406,0],[33.2020773,46.7681197,0],[33.2012653,46.7659517,0],[33.2010953,46.7644636,0],[33.2004954,46.7639693,0],[33.2003675,46.7634016,0],[33.1801618,46.7635044,0],[33.1799922,46.7643704,0],[33.1797835,46.7645796,0],[33.1786735,46.7646124,0],[33.1783312,46.765016,0],[33.1785604,46.7661159,0],[33.1778816,46.7662728,0],[33.1722249,46.7657024,0],[33.1520633,46.763942,0],[33.1381951,46.7593093,0],[33.1401917,46.7566581,0],[33.1371674,46.7557268,0],[33.1332216,46.7561281,0],[33.1180287,46.7512532,0],[33.1171985,46.7507402,0],[33.1135736,46.7499425,0],[33.112764,46.7499094,0],[33.1112999,46.7492293,0],[33.1040482,46.747472,0],[33.1033748,46.7458547,0],[33.1019611,46.745296,0],[33.0999599,46.7438403,0],[33.0975884,46.7431787,0],[33.0932333,46.7427195,0],[33.0921505,46.7421426,0],[33.0915299,46.7419814,0],[33.0903958,46.7415118,0],[33.0881064,46.7402198,0],[33.087433,46.739621,0],[33.0881461,46.7387026,0],[33.087448,46.7379836,0],[33.0865668,46.7377662,0],[33.0841823,46.7377282,0],[33.0803578,46.7361817,0],[33.0798211,46.7357459,0],[33.0763975,46.73424,0],[33.0719658,46.7331457,0],[33.0705269,46.7321924,0],[33.0660187,46.7311091,0],[33.0639976,46.7313545,0],[33.0629166,46.7311979,0],[33.0544779,46.7273594,0],[33.0487234,46.7269364,0],[33.0463163,46.7262559,0],[33.0433544,46.723431,0],[33.0317187,46.7208082,0],[33.0195822,46.7177162,0],[33.0112229,46.7170358,0],[32.9910933,46.7145087,0],[32.9798491,46.7104402,0],[32.9542331,46.711513,0],[32.9427782,46.7132742,0],[32.9333953,46.7171782,0],[32.9285608,46.7183454,0],[32.9233571,46.7182974,0],[32.9053085,46.7112559,0],[32.89915,46.7123342,0],[32.8928211,46.7109999,0],[32.8844568,46.7050945,0],[32.8591528,46.6969297,0],[32.836024,46.6847162,0],[32.824066,46.6792116,0],[32.8146062,46.6764194,0],[32.8090409,46.6762034,0],[32.8035751,46.6756096,0],[32.7995314,46.6748195,0],[32.7828181,46.6689693,0],[32.7720078,46.6669423,0],[32.7583907,46.6652739,0],[32.7371441,46.6650856,0],[32.7182325,46.6664138,0],[32.6977453,46.6619684,0],[32.6832724,46.6574626,0],[32.6651983,46.6512835,0],[32.6461006,46.6397692,0],[32.6234688,46.6225744,0],[32.6155188,46.6168963,0],[32.6056522,46.6086629,0],[32.5909427,46.5947402,0],[32.5734915,46.5711412,0],[32.5680079,46.564889,0],[32.5604657,46.5595807,0],[32.5528615,46.5559411,0],[32.5483478,46.5468998,0],[32.5407588,46.5426588,0],[32.5375475,46.5380339,0],[32.5318567,46.5368392,0],[32.5206901,46.5403274,0],[32.5145875,46.540981,0],[32.5089916,46.5399852,0],[32.5056968,46.5379343,0],[32.5002673,46.533416,0],[32.4891314,46.5273541,0],[32.4647838,46.5080307,0],[32.4570687,46.5037815,0],[32.4483244,46.50284,0],[32.4377229,46.5033333,0],[32.4326909,46.4947303,0],[32.4316776,46.4891582,0],[32.4282614,46.4853589,0],[32.4178426,46.485009,0],[32.3439224,46.4649397,0],[32.3020978,46.4677698,0],[32.2576459,46.4792954,0],[32.1945942,46.4882908,0],[32.1486947,46.5145828,0],[32.1166462,46.517163,0],[32.0439937,46.4915104,0],[31.9941309,46.4928168,0],[31.9665383,46.5082456,0],[31.879015,46.5354656,0],[31.8815641,46.5182691,0],[31.8649158,46.5175934,0],[31.8070728,46.5294354,0],[31.7569233,46.5479256,0],[31.6976527,46.5450053,0],[31.6628584,46.5363759,0],[31.6315001,46.5404893,0],[31.5816742,46.537219,0],[31.5540849,46.5454363,0],[31.5305196,46.5576033,0],[31.5134183,46.5807998,0],[31.5112983,46.5766614,0],[31.5216224,46.561578,0],[31.5469521,46.5387028,0],[31.6142469,46.5019174,0],[31.6567519,46.4688867,0],[31.6943022,46.4403084,0],[31.7263209,46.4086438,0],[31.7460697,46.3764563,0],[31.7738399,46.3585737,0],[31.7892493,46.3733802,0],[31.737668,46.4261928,0],[31.7202659,46.4333261,0],[31.7069783,46.4454262,0],[31.6971262,46.4472352,0],[31.6969189,46.4574832,0],[31.704266,46.4665485,0],[31.7164553,46.4786493,0],[31.7420407,46.4853092,0],[31.7709055,46.4845495,0],[31.7970201,46.4781096,0],[31.89212,46.4568005,0],[31.9528254,46.4374539,0],[31.9748459,46.4392025,0],[32.0022447,46.453429,0],[32.0290404,46.4375397,0],[32.0355703,46.4165629,0],[32.0090507,46.3641139,0],[31.9697707,46.3483597,0],[31.8682771,46.3343548,0],[31.8234499,46.3371015,0],[31.7725398,46.3271444,0],[31.7455912,46.306021,0],[31.7477398,46.2981388,0],[31.7580932,46.2948403,0],[31.7680176,46.2965165,0],[31.7745083,46.2939227,0],[31.7712141,46.288838,0],[31.7755462,46.2854607,0],[31.775112,46.282265,0],[31.78213,46.2768377,0],[31.7832894,46.2725096,0],[31.7771981,46.2681276,0],[31.7796043,46.2644672,0],[31.7844089,46.2650835,0],[31.7845155,46.2688628,0],[31.7917038,46.2738877,0],[31.8097262,46.2720936,0],[31.8143596,46.2694483,0],[31.8132429,46.2647435,0],[31.8183057,46.2643109,0],[31.8346957,46.266138,0],[31.8331443,46.2697922,0],[31.8351926,46.2728282,0],[31.8476993,46.2679219,0],[31.8507402,46.268254,0],[31.8612225,46.2721427,0],[31.8708329,46.2657735,0],[31.8740032,46.2652566,0],[31.8832899,46.2734161,0],[31.8950685,46.2807445,0],[31.9044902,46.2974386,0],[31.9368206,46.2921419,0],[31.9437442,46.2855591,0],[31.9555985,46.2658955,0],[31.9695132,46.2572078,0],[32.0285439,46.2455961,0],[32.0514181,46.2497849,0],[32.077753,46.2389204,0],[32.0878278,46.2214609,0],[32.1211521,46.2043925,0],[32.1659652,46.196893,0],[32.1870241,46.175666,0],[32.2061324,46.1721801,0],[32.2081053,46.1867989,0],[32.2218112,46.18771,0],[32.2398791,46.1785152,0],[32.2279414,46.1683471,0],[32.2366721,46.1501329,0],[32.2195204,46.1279609,0],[32.5431059,46.0616925,0],[32.7101943,46.1028118,0],[32.9365042,46.1016028,0],[33.1679366,46.119522,0],[33.2823694,46.0723123,0],[33.429206,46.0254405,0],[33.5256314,46.0267545,0],[33.4967004,46.0702854,0],[33.5721609,46.0737878,0],[33.5309796,46.1101035,0],[33.6066801,46.1468776,0],[33.6897001,46.204334,0],[33.7145537,46.1968941,0],[33.7405319,46.1851281,0],[33.82395,46.1870691,0],[34.0383336,46.1169353,0],[34.1225822,46.1081224,0],[34.1607715,46.0804296,0],[34.2277542,46.0608165,0],[34.3824645,46.0346918,0],[34.4367261,45.9681642,0],[34.4785519,45.9469467,0],[34.5560425,45.988691,0],[34.6514148,45.9739079,0],[34.7008834,45.9591791,0],[34.7527159,45.9102311,0],[34.7828789,45.9049747,0],[34.796134,45.8920532,0],[34.8008812,45.8047349,0],[34.9582188,45.7600372,0],[34.9770528,45.765285,0],[34.8959643,45.8988106,0],[34.8524739,46.0092176,0],[34.8346407,46.1155296,0],[34.833783,46.2001334,0],[34.9030041,46.2363897,0],[35.0248139,46.2563043,0],[35.079863,46.2766366,0],[35.1177702,46.3142433,0],[35.1380024,46.3482526,0],[35.1783568,46.3629189,0],[35.1931728,46.3709222,0],[35.2017945,46.3797144,0],[35.2567497,46.3752827,0],[35.2614702,46.3658773,0],[35.2654164,46.3523256,0],[35.2690989,46.3553905,0],[35.2898036,46.3565521,0],[35.3041691,46.3538716,0],[35.307895,46.3482888,0],[35.3142642,46.3437571,0],[35.3179201,46.3378326,0],[35.3165158,46.3307144,0],[35.3174416,46.3170382,0],[35.2988051,46.314937,0],[35.2925857,46.3079961,0],[35.293277,46.302449,0],[35.2989871,46.2989783,0],[35.2525174,46.2505709,0]]]},"properties":{"name":"Окуповано /// Occupied","styleUrl":"#poly-A52714-1200-77-nodesc","styleHash":"5f0393c8","styleMapHash":{"normal":"#poly-A52714-1200-77-nodesc-normal","highlight":"#poly-A52714-1200-77-nodesc-highlight"},"stroke-opacity":1,"stroke":"#a52714","stroke-width":1.2,"fill-opacity":0.30196078431372547,"fill":"#a52714"}},{"type":"Feature","geometry":{"type":"Polygon","coordinates":[[[38.1564814,48.7325743,0],[38.1299329,48.7340887,0],[38.1240591,48.7376041,0],[38.1163003,48.739536,0],[38.111983,48.7426474,0],[38.0947876,48.7427141,0],[38.0849444,48.7390266,0],[38.0758701,48.7432948,0],[38.0698424,48.7479164,0],[38.0616296,48.7505405,0],[38.0559949,48.7513923,0],[38.0544797,48.7485658,0],[38.0484585,48.7470694,0],[38.0422656,48.7469312,0],[38.0346588,48.7501705,0],[38.0302606,48.7501409,0],[38.021142,48.7477097,0],[38.0198982,48.743865,0],[38.0094655,48.7360677,0],[37.998725,48.7381748,0],[37.9910015,48.7250351,0],[37.9884282,48.7167623,0],[37.9805335,48.7116672,0],[37.9632547,48.7029695,0],[37.9516043,48.7018181,0],[37.9456599,48.6937854,0],[37.9318237,48.6820079,0],[37.9374209,48.6777817,0],[37.9369972,48.6715303,0],[37.9406929,48.6645986,0],[37.9446824,48.660421,0],[37.9529725,48.6546161,0],[37.9532323,48.6465982,0],[37.9512527,48.6404922,0],[37.9558366,48.6377252,0],[37.9536228,48.6353766,0],[37.9435041,48.635677,0],[37.9332949,48.6345789,0],[37.9309825,48.6334805,0],[37.9310448,48.6273855,0],[37.9333385,48.6217443,0],[37.9434074,48.6125801,0],[37.95317,48.6081808,0],[37.9571129,48.6091367,0],[37.9581376,48.6084752,0],[37.9576121,48.6070671,0],[37.957843,48.6065616,0],[37.9586746,48.6064818,0],[37.9629131,48.609784,0],[37.9709598,48.6147413,0],[37.9756534,48.6192579,0],[37.9780715,48.6179941,0],[37.9834786,48.6215404,0],[37.986826,48.6227319,0],[37.9914475,48.6225018,0],[37.9999156,48.6181269,0],[38.0045223,48.6149855,0],[38.0095171,48.6132104,0],[38.0107987,48.612,0],[38.0115172,48.6090538,0],[38.0109913,48.6071859,0],[38.0069857,48.6073406,0],[38.0069808,48.6062507,0],[38.0090586,48.6063556,0],[38.0092189,48.6054319,0],[38.0135262,48.6059349,0],[38.0153444,48.6060405,0],[38.0166198,48.6045821,0],[38.0176215,48.6018753,0],[38.0195001,48.5999184,0],[38.0205593,48.5994423,0],[38.019498,48.5979052,0],[38.0190804,48.5955024,0],[38.017323,48.5941996,0],[38.0170383,48.5919471,0],[38.0162611,48.5895737,0],[38.0159834,48.5872665,0],[38.0184899,48.5851262,0],[38.0209534,48.5824179,0],[38.0204561,48.5797405,0],[38.0191213,48.5764117,0],[38.0157971,48.5760076,0],[38.0172795,48.574269,0],[38.0158854,48.5726156,0],[38.0111233,48.5742703,0],[38.0064493,48.5736188,0],[38.0061529,48.5718883,0],[38.0052215,48.5718393,0],[38.0044983,48.5703666,0],[38.0030639,48.569829,0],[38.0012862,48.5676443,0],[37.9987653,48.5648885,0],[37.9948233,48.5635013,0],[37.9915963,48.5662433,0],[37.9875364,48.5657683,0],[37.9785837,48.5690416,0],[37.9774488,48.5725365,0],[37.9700954,48.5716394,0],[37.9674636,48.5599504,0],[37.9608085,48.5547308,0],[37.9486388,48.5520219,0],[37.9369628,48.5472691,0],[37.9295461,48.5435195,0],[37.9153997,48.5464576,0],[37.9020156,48.5521318,0],[37.894161,48.5498988,0],[37.8805844,48.5433189,0],[37.8870142,48.5297838,0],[37.8846886,48.5290368,0],[37.8882638,48.525526,0],[37.8934558,48.5204523,0],[37.8928109,48.5151512,0],[37.9014842,48.5165956,0],[37.907411,48.5157653,0],[37.910331,48.5104745,0],[37.9205029,48.5031266,0],[37.9109365,48.4966082,0],[37.9101222,48.4950227,0],[37.9115618,48.4933379,0],[37.9178076,48.4889226,0],[37.9266063,48.4822528,0],[37.9421002,48.4701634,0],[37.9465286,48.4679425,0],[37.9464885,48.4613777,0],[37.9414168,48.4612175,0],[37.9381754,48.4547049,0],[37.9352776,48.4537988,0],[37.9348907,48.4516664,0],[37.9329805,48.4491356,0],[37.9352973,48.4486541,0],[37.9395883,48.4489412,0],[37.9554589,48.4281472,0],[37.9593541,48.427095,0],[37.9597612,48.4189086,0],[37.9526158,48.4178423,0],[37.9529483,48.4161844,0],[37.9609197,48.4163493,0],[37.9641584,48.4092731,0],[37.962852,48.4056988,0],[37.9630601,48.4005493,0],[37.9654144,48.3961688,0],[37.964638,48.3952463,0],[37.9646221,48.3939796,0],[37.9586195,48.394496,0],[37.9470402,48.3751555,0],[37.9701521,48.3803171,0],[37.9749586,48.3811152,0],[37.9786234,48.391275,0],[38.0048018,48.3939537,0],[38.0421228,48.4090856,0],[38.1137059,48.4080126,0],[38.1174769,48.420805,0],[38.1352438,48.4190391,0],[38.1485476,48.4144818,0],[38.1630936,48.4021166,0],[38.1544451,48.395536,0],[38.1500926,48.3854193,0],[38.1848541,48.3749299,0],[38.2075134,48.371509,0],[38.2150665,48.3690002,0],[38.2277695,48.3671755,0],[38.2592061,48.359806,0],[38.2737749,48.3591918,0],[38.2907919,48.361631,0],[38.3218402,48.3710529,0],[38.3436637,48.3844372,0],[38.3543142,48.390346,0],[38.3673606,48.3996925,0],[38.380056,48.4086007,0],[38.3910498,48.4158739,0],[38.3893332,48.4322779,0],[38.3931095,48.436606,0],[38.4054625,48.4733655,0],[38.4116492,48.5105796,0],[38.4143884,48.5206053,0],[38.4027228,48.5478669,0],[38.4027228,48.5919397,0],[38.406156,48.6019302,0],[38.4048894,48.6090985,0],[38.4047752,48.6169314,0],[38.4088951,48.62964,0],[38.4143883,48.6382619,0],[38.419889,48.6450485,0],[38.431562,48.6504924,0],[38.4452874,48.6550476,0],[38.4645136,48.6564083,0],[38.4803139,48.6591107,0],[38.4967934,48.6631925,0],[38.515333,48.6663671,0],[38.5162341,48.6705617,0],[38.52737,48.6746424,0],[38.5395372,48.6735091,0],[38.5490641,48.6752945,0],[38.5595313,48.6866947,0],[38.5723171,48.6890556,0],[38.5778178,48.6967418,0],[38.5785045,48.7094303,0],[38.5833035,48.7198696,0],[38.630253,48.721172,0],[38.6784116,48.723701,0],[38.6745492,48.7293629,0],[38.6917155,48.7293629,0],[38.7056399,48.7754591,0],[38.559774,48.8300656,0],[38.5305212,48.8497759,0],[38.4952926,48.8707374,0],[38.4749063,48.9035945,0],[38.4134788,48.9399705,0],[38.4023573,48.9556589,0],[38.3699793,48.9817692,0],[38.2997899,49.0248792,0],[38.2845275,49.0264547,0],[38.2626974,49.0244189,0],[38.2410615,49.005535,0],[38.2588575,48.9692683,0],[38.2448617,48.9562453,0],[38.2370485,48.9565212,0],[38.2338727,48.9530268,0],[38.2342272,48.9465655,0],[38.2346504,48.9446661,0],[38.2380896,48.9418584,0],[38.2433193,48.9421292,0],[38.2543862,48.9426549,0],[38.2675353,48.9404936,0],[38.2869444,48.9335895,0],[38.2950275,48.929373,0],[38.3115136,48.9081755,0],[38.2745773,48.8950575,0],[38.272757,48.8915809,0],[38.2679329,48.8901358,0],[38.2678978,48.8893335,0],[38.2607041,48.8888574,0],[38.2576465,48.8895417,0],[38.2536774,48.8887089,0],[38.2526923,48.8855196,0],[38.2502077,48.8838816,0],[38.2488446,48.8801542,0],[38.2450888,48.880488,0],[38.2446157,48.8794625,0],[38.2338854,48.8819251,0],[38.2315473,48.8791154,0],[38.2350458,48.8773221,0],[38.2341663,48.8722547,0],[38.2361295,48.8698902,0],[38.2386938,48.8656338,0],[38.2425615,48.8649205,0],[38.24489,48.856506,0],[38.2453303,48.8313031,0],[38.2572822,48.8187524,0],[38.269079,48.8134498,0],[38.2722087,48.8075903,0],[38.266092,48.8049857,0],[38.2611348,48.8006848,0],[38.2559555,48.7939175,0],[38.2554108,48.7897521,0],[38.2523985,48.7839601,0],[38.2432075,48.7808824,0],[38.2359859,48.7717857,0],[38.228106,48.7707447,0],[38.2181661,48.7718527,0],[38.2171693,48.7707875,0],[38.2186232,48.7633638,0],[38.2166902,48.761235,0],[38.2053164,48.7596717,0],[38.2054833,48.7583985,0],[38.2022137,48.7528238,0],[38.1978697,48.7516651,0],[38.1937409,48.7515867,0],[38.1945476,48.7450285,0],[38.1947876,48.7375131,0],[38.1939686,48.7338821,0],[38.1886075,48.7298113,0],[38.1825161,48.7270372,0],[38.1564814,48.7325743,0]]]},"properties":{"name":"Окуповано /// Occupied","styleUrl":"#poly-A52714-1200-77-nodesc","styleHash":"5f0393c8","styleMapHash":{"normal":"#poly-A52714-1200-77-nodesc-normal","highlight":"#poly-A52714-1200-77-nodesc-highlight"},"stroke-opacity":1,"stroke":"#a52714","stroke-width":1.2,"fill-opacity":0.30196078431372547,"fill":"#a52714"}},{"type":"Feature","geometry":{"type":"Polygon","coordinates":[[[32.5684313,46.5731634,0],[32.5702659,46.5722119,0],[32.5708238,46.5732224,0],[32.5688712,46.5738271,0],[32.5684313,46.5731634,0]]]},"properties":{"name":"Окуповано /// Occupied\n","styleUrl":"#poly-A52714-1200-77-nodesc","styleHash":"5f0393c8","styleMapHash":{"normal":"#poly-A52714-1200-77-nodesc-normal","highlight":"#poly-A52714-1200-77-nodesc-highlight"},"stroke-opacity":1,"stroke":"#a52714","stroke-width":1.2,"fill-opacity":0.30196078431372547,"fill":"#a52714"}}]}