{"type":"FeatureCollection","name":"deepstatemap_data_20220703","sourceHistoryId":1656868117,"sourceCreatedAt":"2022-07-03T17:08:37.000Z","crs":{"type":"name","properties":{"name":"urn:ogc:def:crs:OGC:1.3:CRS84"}},"features":[{"type":"Feature","properties":{"controlStatus":"russian_occupied"},"geometry":{"type":"MultiPolygon","coordinates":[[[[36.5173542,45.2936866],[36.5071402,45.2955583],[36.5190707,45.2890975],[36.5333187,45.2797976],[36.5377819,45.2739994],[36.54585,45.2680798],[36.5491116,45.2613139],[36.5715991,45.2500758],[36.5769206,45.2488672],[36.557012,45.2670518],[36.5470516,45.2796768],[36.5317737,45.2861989],[36.5173542,45.2936866]]],[[[35.3820643,45.3525144],[35.3112561,45.411424],[35.2014582,45.5233432],[35.1098671,45.5990246],[35.0500557,45.6672021],[34.9770477,45.7651671],[34.9731755,45.763623],[34.9681019,45.7621984],[34.9582138,45.7599193],[34.9493387,45.7628178],[35.0310286,45.652672],[35.0747174,45.5981409],[35.0944199,45.5841157],[35.1082812,45.5825818],[35.1121529,45.5771065],[35.1180769,45.5670035],[35.125202,45.5594218],[35.1893449,45.5141155],[35.2899647,45.4057169],[35.3073882,45.3859899],[35.322745,45.3826559],[35.3369,45.3640037],[35.3549632,45.3483999],[35.369352,45.3265774],[35.3761844,45.3414385],[35.3967558,45.3256452],[35.4018709,45.3103418],[35.4193214,45.2969629],[35.437068,45.2859971],[35.467835,45.3075439],[35.3820643,45.3525144]]],[[[35.467835,45.3075439],[35.4068082,45.2644178],[35.2416821,45.3243264],[35.204621,45.3411922],[35.1649696,45.3446545],[35.1010963,45.349621],[35.0729656,45.3689183],[35.0393119,45.4152187],[35.0255588,45.4426858],[35.0873588,45.4650823],[35.1134863,45.4855397],[35.097133,45.5292483],[35.042263,45.5960367],[35.0473832,45.6128772],[35.0339616,45.6287569],[34.9926734,45.657634],[34.9821638,45.681297],[34.9710323,45.6889463],[34.92888,45.6774755],[34.9010875,45.6882086],[34.8888909,45.7017093],[34.875829,45.7134099],[34.8644448,45.7321869],[34.8780522,45.7473367],[34.8045347,45.7343911],[34.7282947,45.7309818],[34.7484798,45.761843],[34.7851745,45.7907793],[34.7490748,45.8226286],[34.72943,45.8276696],[34.7251264,45.8140506],[34.6996291,45.8139344],[34.7472953,45.8435332],[34.7587955,45.8669545],[34.796134,45.8920532],[34.7873421,45.9046163],[34.7595911,45.9032563],[34.7333458,45.8844129],[34.6968744,45.8788077],[34.6456643,45.8607057],[34.6008073,45.8373012],[34.5728517,45.8083642],[34.5286285,45.7881373],[34.5168682,45.8017495],[34.5243335,45.8191889],[34.5520838,45.8422677],[34.6238418,45.884452],[34.6352267,45.9084632],[34.6505463,45.9347968],[34.7008789,45.9590612],[34.6510694,45.9735446],[34.5560383,45.9885731],[34.4785479,45.9468288],[34.3824606,46.0345739],[34.2253474,46.0637955],[34.1607681,46.0803117],[34.1222402,46.1077589],[34.0383305,46.1168174],[33.8239473,46.1869511],[33.7545527,46.1404385],[33.7495382,46.1374606],[33.7475131,46.1378538],[33.7408709,46.1441232],[33.735601,46.1471215],[33.7350502,46.1498824],[33.72811,46.1551668],[33.7265868,46.1578857],[33.7262858,46.1616592],[33.7253384,46.1649261],[33.7261891,46.1667043],[33.7292637,46.1690726],[33.7299192,46.1709572],[33.7405294,46.1850101],[33.7358592,46.1859204],[33.7145513,46.1967761],[33.7079189,46.200155],[33.697092,46.2032997],[33.6896977,46.204216],[33.660569,46.1841719],[33.6076289,46.1473165],[33.6134717,46.138416],[33.6148453,46.1267095],[33.6189643,46.114289],[33.6338964,46.0979166],[33.6431537,46.0780301],[33.6362742,46.0751698],[33.6372819,46.0813513],[33.6214674,46.0632658],[33.6121959,46.0418325],[33.6171785,46.014904],[33.6228726,46.000837],[33.6285431,45.9876045],[33.6307578,45.9776967],[33.6296884,45.9674259],[33.6275439,45.9564319],[33.6163934,45.9506791],[33.6215537,45.9458541],[33.6346116,45.94193],[33.640135,45.9493564],[33.6594173,45.9565555],[33.682856,45.9528033],[33.6926578,45.9567519],[33.723222,45.951262],[33.7427932,45.9517319],[33.7513769,45.9493368],[33.7557842,45.9392824],[33.7579871,45.9344939],[33.75607,45.9297057],[33.7493777,45.9274994],[33.7282669,45.9267258],[33.7208017,45.9244272],[33.7105903,45.916874],[33.7056001,45.9124071],[33.6958046,45.9074627],[33.6899492,45.9090379],[33.691284,45.9112313],[33.6877728,45.9127518],[33.6800935,45.9085396],[33.67557,45.9009372],[33.6757155,45.8923565],[33.6792256,45.8849596],[33.6799532,45.8750482],[33.6803219,45.8665067],[33.6856604,45.8588878],[33.6859296,45.8488623],[33.6828542,45.8438353],[33.6797799,45.8426347],[33.678423,45.8458584],[33.6815298,45.8502773],[33.6736971,45.8567142],[33.6662681,45.8600217],[33.6603343,45.8620923],[33.6573919,45.8657542],[33.6549378,45.8699698],[33.6558644,45.8726633],[33.6397449,45.8736363],[33.6346115,45.8784318],[33.6147267,45.8899326],[33.5951837,45.8839771],[33.5852577,45.8684574],[33.5716337,45.870661],[33.5586395,45.8617199],[33.5535178,45.8515079],[33.5482128,45.8435307],[33.5421287,45.8376274],[33.5363434,45.8451985],[33.527171,45.849723],[33.5176551,45.846594],[33.5076216,45.8410719],[33.4971139,45.8483554],[33.5242678,45.8630878],[33.5441019,45.8803349],[33.5405932,45.8849133],[33.5184662,45.8658644],[33.4920962,45.8565944],[33.4856034,45.8525363],[33.4818587,45.8532599],[33.4729954,45.8484896],[33.4339234,45.8379784],[33.4170901,45.8302054],[33.3748671,45.7965887],[33.3151998,45.770008],[33.2794116,45.7585976],[33.2381446,45.7500492],[33.2105469,45.7559314],[33.1814278,45.7734227],[33.1724861,45.7866032],[33.1807104,45.7997837],[33.1858308,45.8079522],[33.1833681,45.811366],[33.1764389,45.8053229],[33.1657369,45.7882695],[33.1604287,45.7656387],[33.1605576,45.7495414],[33.1524036,45.730959],[33.1387446,45.7183157],[33.1250751,45.7196617],[33.11481,45.7112164],[33.0966485,45.7146636],[33.0687571,45.705934],[33.0463678,45.692403],[33.0171537,45.6870091],[33.009427,45.6790235],[32.9973336,45.6779092],[32.9050861,45.6360774],[32.8219076,45.5878182],[32.8201285,45.5843929],[32.8225004,45.5832806],[32.831583,45.5841652],[32.8410082,45.582406],[32.8426546,45.5772541],[32.8431411,45.5705971],[32.8406482,45.56511],[32.8349486,45.5597237],[32.8273042,45.5563081],[32.8245397,45.5548513],[32.8166262,45.5589238],[32.7906892,45.5590224],[32.7550732,45.548477],[32.727683,45.5330863],[32.7105858,45.5239372],[32.7144138,45.5169495],[32.6909269,45.5081698],[32.69637,45.5177228],[32.6915269,45.52298],[32.5556209,45.4659496],[32.5050229,45.4261691],[32.4819345,45.4056494],[32.4808276,45.3909109],[32.4886441,45.3849884],[32.5074454,45.3819566],[32.5134582,45.3720378],[32.5103771,45.3608842],[32.495293,45.3482293],[32.4964907,45.3449896],[32.5355384,45.3390219],[32.570503,45.3340943],[32.5793963,45.3289693],[32.5948271,45.3276111],[32.621079,45.3199274],[32.6528184,45.3151327],[32.6772328,45.32508],[32.6829272,45.333912],[32.7114726,45.3448058],[32.7297279,45.3566612],[32.7641899,45.3668516],[32.8542627,45.3670736],[32.9083924,45.3605221],[32.9371025,45.3496162],[32.9667646,45.3366935],[32.9918481,45.3224993],[33.0434832,45.2878656],[33.0740304,45.2681259],[33.0810275,45.2601885],[33.0941264,45.2451025],[33.1073491,45.2326281],[33.1246878,45.2259538],[33.1385684,45.2149264],[33.1434036,45.2070898],[33.1516576,45.2007522],[33.167457,45.1934696],[33.1798209,45.1876511],[33.1852357,45.1837167],[33.1954571,45.183169],[33.201555,45.1826203],[33.2094089,45.1804086],[33.2181404,45.1776076],[33.2276534,45.1733016],[33.2357548,45.1675171],[33.2459386,45.1569381],[33.2549343,45.1498013],[33.2609256,45.1472646],[33.2663625,45.1467791],[33.2707971,45.1471418],[33.2738722,45.1464757],[33.2797012,45.1475952],[33.2822718,45.1482765],[33.2837288,45.1509173],[33.2860912,45.1538121],[33.2905346,45.1568327],[33.293829,45.158614],[33.2956486,45.1618045],[33.2957182,45.1663542],[33.297504,45.168483],[33.300406,45.1716404],[33.3050247,45.1734663],[33.3097568,45.1746445],[33.3186088,45.1750957],[33.3255723,45.1744576],[33.331162,45.1728513],[33.3486851,45.1746675],[33.3569698,45.1782214],[33.3590753,45.1817757],[33.3667193,45.1840434],[33.3744548,45.1856753],[33.3782219,45.1858486],[33.3746126,45.1872667],[33.3747801,45.1896522],[33.3737318,45.1929034],[33.3781579,45.1960177],[33.3849501,45.1971655],[33.3913248,45.1977683],[33.4010281,45.1965493],[33.4094482,45.1938671],[33.4159888,45.1914041],[33.4332529,45.1846374],[33.4508543,45.1742382],[33.4807573,45.1558915],[33.5102954,45.1346317],[33.5374075,45.1102177],[33.5624345,45.0814365],[33.581633,45.0511232],[33.596689,45.0120756],[33.6025946,44.9979727],[33.6043773,44.9804712],[33.5976519,44.9765496],[33.6109623,44.9257206],[33.6105925,44.8993192],[33.6064479,44.8717023],[33.6052004,44.8663859],[33.6008626,44.857663],[33.5956232,44.8475171],[33.5906429,44.8457225],[33.5868637,44.8470001],[33.5789642,44.8404874],[33.5696937,44.838843],[33.5595722,44.8399449],[33.552198,44.8395857],[33.5485985,44.8328932],[33.5502309,44.8222419],[33.5477436,44.8120781],[33.54552,44.8041697],[33.5406327,44.802652],[33.535058,44.7923643],[33.5407223,44.7617581],[33.5398624,44.7387125],[33.5475831,44.7244447],[33.5467184,44.7060292],[33.5463628,44.6779794],[33.5418641,44.6589325],[33.5356674,44.6459898],[33.5311908,44.6411069],[33.5256907,44.6383616],[33.5153851,44.637082],[33.5124742,44.6331489],[33.5082713,44.6319164],[33.5099459,44.6295904],[33.5183353,44.6284265],[33.5221859,44.629309],[33.5254838,44.6270618],[33.5285055,44.6275258],[33.5312174,44.6256803],[33.5329163,44.6265898],[33.5356517,44.625761],[33.5349536,44.6237107],[33.5393948,44.6237637],[33.5420971,44.6233813],[33.5468152,44.6240826],[33.5483554,44.6259744],[33.5504051,44.6258484],[33.5527869,44.6236417],[33.5606419,44.625336],[33.5639904,44.6226167],[33.5631343,44.6203556],[33.5734385,44.6197403],[33.5761949,44.6209549],[33.5779291,44.618497],[33.5807108,44.6170017],[33.5828418,44.6174325],[33.5895044,44.6148711],[33.5890962,44.6124382],[33.5951457,44.6112363],[33.5962602,44.6129879],[33.5998614,44.6133127],[33.6001952,44.610786],[33.5988033,44.609644],[33.5390757,44.6194771],[33.4501548,44.6159461],[33.3671252,44.5811213],[33.487616,44.4970494],[33.5540478,44.4868769],[33.6019479,44.4917389],[33.6270126,44.4795789],[33.6383395,44.4586871],[33.6427831,44.423395],[33.6891596,44.4152093],[33.715168,44.3996416],[33.7451087,44.3818594],[33.8607911,44.397006],[33.9616898,44.3897091],[34.1244732,44.4308203],[34.1464573,44.4793412],[34.249032,44.5065762],[34.3055437,44.5501151],[34.3552146,44.5459109],[34.4321494,44.682765],[34.5446135,44.7410058],[34.7288112,44.8078253],[34.9120951,44.8157703],[34.9698329,44.8375086],[35.0790016,44.7919526],[35.1261054,44.8237102],[35.1318378,44.8444582],[35.1402067,44.8670023],[35.1498931,44.8865457],[35.1629818,44.9006932],[35.1870623,44.9080271],[35.2100892,44.9102209],[35.2369585,44.9194658],[35.2499966,44.937815],[35.2434737,44.9528227],[35.2561771,44.9629687],[35.2712818,44.9675955],[35.2836408,44.9661604],[35.2967035,44.9622621],[35.3025476,44.9680837],[35.3192041,44.9695341],[35.3456885,44.9650381],[35.3817713,44.9479004],[35.3839103,44.9525034],[35.3531847,44.9764804],[35.3556696,44.9860378],[35.3650226,44.9946229],[35.3887009,45.0007996],[35.4209684,45.0121841],[35.4105918,45.0231085],[35.3911117,45.0260233],[35.3833907,45.0350032],[35.3856226,45.0499293],[35.4130934,45.0762582],[35.4462564,45.0984567],[35.4989407,45.1166504],[35.5411745,45.1269509],[35.5854754,45.131902],[35.6297695,45.1223028],[35.6936803,45.106322],[35.750681,45.0825557],[35.775046,45.0689711],[35.7891038,45.0563548],[35.8048863,45.0455584],[35.8144831,45.0333055],[35.8106804,45.0223889],[35.8219474,45.0192032],[35.8297795,45.0140758],[35.8344566,45.0077046],[35.8293935,45.0046731],[35.8357447,44.9990939],[35.8683554,45.0054],[35.8755659,45.0103718],[35.8879269,45.0126725],[35.9136661,45.0182611],[35.9258506,45.019111],[35.9531386,45.0141312],[35.9684176,45.0183747],[35.9823264,45.024558],[36.0046649,45.0451745],[36.0266503,45.0498222],[36.07129,45.0482523],[36.2010446,45.0330226],[36.2137506,45.0291009],[36.2264566,45.0290601],[36.2422657,45.0415901],[36.2477796,45.0492633],[36.2821366,45.0549895],[36.3281966,45.0591511],[36.372884,45.0574746],[36.3909776,45.0653589],[36.4368342,45.0839938],[36.4544341,45.1008902],[36.4362654,45.1139404],[36.4203108,45.1364537],[36.4185095,45.1544896],[36.4070909,45.1715577],[36.4012509,45.2148873],[36.4187578,45.2340262],[36.4227627,45.2429657],[36.4315772,45.2562531],[36.4354746,45.2721923],[36.4295309,45.2779761],[36.4217564,45.2721472],[36.4171994,45.286584],[36.4293428,45.29622],[36.4785752,45.3058437],[36.4919049,45.3173694],[36.4812201,45.3201835],[36.4731298,45.3244878],[36.4701147,45.3329161],[36.4696374,45.3383374],[36.4728335,45.3470807],[36.4771785,45.3502458],[36.4762621,45.3552063],[36.4822127,45.360166],[36.4889741,45.3624786],[36.498482,45.3628606],[36.5186846,45.3565357],[36.518973,45.3516596],[36.5316201,45.3513652],[36.5463246,45.3462433],[36.5681277,45.3473558],[36.5883899,45.3481292],[36.5959534,45.3458156],[36.6042184,45.3484248],[36.6063332,45.3531615],[36.6098796,45.3573254],[36.6197211,45.359376],[36.6256769,45.363476],[36.629355,45.368781],[36.6271021,45.3740878],[36.6335856,45.3764967],[36.6431248,45.3788986],[36.6450421,45.382257],[36.6405126,45.3886165],[36.627261,45.3942082],[36.6160671,45.4007628],[36.6042456,45.412031],[36.6101247,45.4152829],[36.6129554,45.4213075],[36.6025698,45.4273349],[36.5935558,45.4376984],[36.5853195,45.4396442],[36.5757092,45.440626],[36.5661011,45.4353605],[36.5671421,45.4277205],[36.5548099,45.4230424],[36.5452557,45.4242854],[36.5309558,45.4262862],[36.5229549,45.4298013],[36.5117576,45.4358631],[36.5051516,45.4412363],[36.4960562,45.4442702],[36.4874737,45.4503334],[36.478543,45.4542658],[36.4716643,45.4563464],[36.457917,45.4552914],[36.4469166,45.4576063],[36.4406809,45.4548197],[36.4426329,45.4521357],[36.4321212,45.4491708],[36.4323879,45.4466108],[36.4233111,45.444858],[36.4140851,45.4447172],[36.4038684,45.4482811],[36.3923522,45.4534719],[36.3830431,45.4580643],[36.3754008,45.4629065],[36.368345,45.4677681],[36.3569717,45.4702571],[36.3513832,45.4733024],[36.3443128,45.4789052],[36.3417584,45.4831634],[36.3406179,45.4776989],[36.3381048,45.4736789],[36.3227817,45.4704542],[36.3054011,45.4739692],[36.2941983,45.4798892],[36.2660312,45.4779036],[36.1709049,45.4697122],[36.1255871,45.4616911],[36.0775394,45.4478719],[36.0713455,45.4016019],[36.058299,45.3852148],[35.99701,45.3714908],[35.9401912,45.3784766],[35.8847818,45.4066898],[35.8465069,45.446506],[35.8636895,45.4542195],[35.8760595,45.4638555],[35.8678308,45.4732506],[35.8417749,45.4744726],[35.8236493,45.4663203],[35.8177466,45.4588693],[35.8183678,45.4514182],[35.8264752,45.4401288],[35.8023584,45.4242928],[35.750903,45.3954268],[35.7482156,45.3906603],[35.7265675,45.3497848],[35.7217501,45.3355618],[35.6353067,45.3206009],[35.5258253,45.2911927],[35.4987587,45.3061765],[35.467835,45.3075439]]],[[[39.8452669,48.5716113],[39.844966,48.5717249],[39.8450448,48.5716736],[39.8452669,48.5716113]]],[[[39.8450448,48.5716736],[39.8228657,48.5778873],[39.8208048,48.5789376],[39.8218122,48.5798176],[39.8243647,48.5806977],[39.8262949,48.5832812],[39.8258648,48.5849562],[39.8250067,48.5858651],[39.8238912,48.586036],[39.8213165,48.5861784],[39.8150939,48.5842623],[39.8134205,48.5837867],[39.8074555,48.5842195],[39.8037571,48.5860779],[39.7998437,48.5900369],[39.793047,48.592448],[39.7882939,48.5928419],[39.783165,48.5925508],[39.7753104,48.5919678],[39.7732493,48.5915429],[39.7683569,48.5867737],[39.763422,48.5853541],[39.7609547,48.5837925],[39.7565993,48.5833664],[39.7528925,48.5819154],[39.7514174,48.5825085],[39.7508704,48.5836947],[39.7518361,48.5870889],[39.7501626,48.5899029],[39.7464718,48.5907617],[39.743725,48.5902084],[39.7402916,48.5878524],[39.734884,48.5858646],[39.7249491,48.5862913],[39.7207541,48.5850849],[39.7139843,48.5853544],[39.7073323,48.5868866],[39.6994833,48.5878933],[39.691353,48.5866363],[39.6863127,48.5869687],[39.6772879,48.5875629],[39.6699064,48.5891526],[39.6611516,48.5874494],[39.6505086,48.5854054],[39.6408956,48.5830207],[39.6304242,48.5809766],[39.6221845,48.5868816],[39.6173778,48.5863139],[39.6148029,48.5799545],[39.6094814,48.5750709],[39.6024433,48.5746166],[39.594302,48.5764073],[39.5945469,48.5810902],[39.60004,48.585519],[39.6050182,48.5867681],[39.60107,48.5914235],[39.5931736,48.5936943],[39.5822857,48.5889558],[39.5749042,48.5842434],[39.5681109,48.5819987],[39.5612571,48.5848112],[39.5653643,48.5889255],[39.5656345,48.5939516],[39.5617595,48.5985761],[39.5545497,48.5995978],[39.5476832,48.5969867],[39.545795,48.5923318],[39.5459666,48.5873358],[39.5415034,48.5842699],[39.5312037,48.5842699],[39.5251955,48.5885849],[39.5274271,48.5919912],[39.5321605,48.5934975],[39.531397,48.5969596],[39.5240156,48.598549],[39.5224616,48.6026931],[39.5236505,48.6061817],[39.5270106,48.6095604],[39.5233199,48.6150081],[39.5162691,48.6180986],[39.5116469,48.6218737],[39.5119776,48.625134],[39.5157668,48.6298729],[39.5128359,48.6345507],[39.5101878,48.6354886],[39.5069262,48.6355453],[39.5026236,48.6349644],[39.4997482,48.6341987],[39.4939976,48.6333762],[39.489234,48.6316177],[39.4856719,48.6304265],[39.4785909,48.6291501],[39.4730977,48.6291501],[39.4673041,48.6286963],[39.4631413,48.6290366],[39.4627233,48.632936],[39.4638391,48.6352049],[39.4656733,48.638084],[39.4639249,48.6394589],[39.4597939,48.6397288],[39.4542149,48.6397855],[39.4505671,48.6415153],[39.4496659,48.6428481],[39.4481162,48.6475063],[39.4513078,48.6517082],[39.4506911,48.6555581],[39.4460721,48.6575482],[39.4372315,48.656471],[39.4274309,48.6577126],[39.4174939,48.6594132],[39.4106939,48.6576559],[39.4070891,48.6594135],[39.4080332,48.6625316],[39.4123247,48.6668966],[39.4111231,48.6698441],[39.4058209,48.6738115],[39.4010144,48.6752284],[39.3936135,48.6765322],[39.390352,48.6782324],[39.387968,48.6808391],[39.388998,48.6845225],[39.3795566,48.6862791],[39.3726709,48.6891125],[39.367006,48.6916055],[39.3585946,48.6964778],[39.3525199,48.7009529],[39.3502882,48.7060509],[39.3453959,48.7120546],[39.3486382,48.7134707],[39.3541314,48.7132442],[39.3574981,48.7147164],[39.3629913,48.7160189],[39.3684844,48.7157357],[39.3721559,48.7172084],[39.3714027,48.7198696],[39.3667678,48.7213419],[39.3601589,48.7227009],[39.3534641,48.7263246],[39.3530424,48.7290232],[39.3561323,48.7323068],[39.3574981,48.7361187],[39.3545874,48.7405715],[39.3492658,48.742496],[39.3463475,48.7473634],[39.3455675,48.7507214],[39.342056,48.7553993],[39.3447092,48.7614161],[39.3497807,48.7634338],[39.3530349,48.766904],[39.3487508,48.7697701],[39.3435076,48.7695063],[39.3377645,48.7673941],[39.330898,48.7677335],[39.3259123,48.7687708],[39.3259198,48.7723722],[39.3253973,48.7757852],[39.3193034,48.7770295],[39.3142468,48.7759924],[39.3090895,48.7755589],[39.3042904,48.7738429],[39.3024021,48.7715803],[39.3012788,48.7687143],[39.2982822,48.7654706],[39.2931324,48.7626418],[39.2884042,48.7611332],[39.2859226,48.7586811],[39.2851426,48.7546261],[39.285486,48.7517966],[39.2812878,48.7503062],[39.2749577,48.7499819],[39.2742711,48.7541695],[39.2690065,48.7545695],[39.2656666,48.7515512],[39.2665249,48.7486085],[39.2670324,48.7455147],[39.2658307,48.7431376],[39.2594867,48.7429488],[39.2523552,48.7426848],[39.2505603,48.7400055],[39.2521052,48.7366091],[39.2545095,48.7322642],[39.2522769,48.7287967],[39.2493586,48.7243805],[39.2490153,48.7209831],[39.2485551,48.7189657],[39.2479854,48.7176987],[39.2462612,48.713697],[39.2397381,48.7105254],[39.2360688,48.7104274],[39.2328148,48.7122773],[39.2283301,48.7121488],[39.2244677,48.7102232],[39.2213778,48.707901],[39.2198329,48.7067682],[39.2139105,48.7056354],[39.2106489,48.7035962],[39.2077307,48.7013871],[39.2060142,48.6994045],[39.2005209,48.6995177],[39.1999414,48.6995461],[39.1965082,48.7033981],[39.1959073,48.7066833],[39.1936682,48.7076087],[39.192367,48.7071081],[39.1914153,48.705088],[39.1891837,48.7021992],[39.1867021,48.7007639],[39.1837839,48.6979315],[39.1819815,48.6950989],[39.1803432,48.6926817],[39.1780332,48.6878466],[39.1765666,48.6850891],[39.174335,48.6839558],[39.1712525,48.6824067],[39.1685918,48.6807067],[39.1639494,48.6787422],[39.1590571,48.6769854],[39.1525414,48.6771363],[39.1463616,48.6770796],[39.1418909,48.6735848],[39.1401818,48.6713552],[39.1383794,48.6685778],[39.1375211,48.6656868],[39.138036,48.6629658],[39.1371702,48.6606038],[39.1288521,48.6612083],[39.1239597,48.6614351],[39.118974,48.6602636],[39.1108201,48.6560115],[39.104047,48.6518533],[39.0975239,48.6511728],[39.0872242,48.6518533],[39.078641,48.6516264],[39.0707446,48.6527605],[39.0649006,48.650398],[39.0534068,48.648451],[39.0444804,48.6475437],[39.0355464,48.6482432],[39.030919,48.6516264],[39.0279933,48.6535734],[39.0183803,48.6569753],[39.0123721,48.658336],[39.009633,48.6626256],[39.0173578,48.6630791],[39.0216493,48.6617186],[39.0266275,48.6628524],[39.0252542,48.6668205],[39.0235376,48.669428],[39.0192461,48.6721487],[39.0192461,48.6767963],[39.0176936,48.679989],[39.0122079,48.6834834],[39.0147829,48.6896031],[39.0137454,48.6960244],[39.0070581,48.6969684],[39.0018149,48.697384],[38.998475,48.7011605],[38.9965868,48.706485],[38.9977884,48.7097701],[38.9955492,48.7124511],[38.9900635,48.711809],[38.9837904,48.7110352],[38.9831971,48.7141876],[38.9888619,48.715207],[38.9943476,48.715849],[38.9977884,48.7197373],[38.9965867,48.7243805],[38.9914368,48.7306084],[38.9887686,48.7345337],[38.979928,48.743647],[38.9595003,48.747156],[38.9571829,48.7394585],[38.9446515,48.7354394],[38.9317769,48.7364584],[38.9361543,48.7437602],[38.9330644,48.7482313],[38.9198464,48.7456279],[38.9047401,48.7506082],[38.8920372,48.7508912],[38.8728111,48.753268],[38.8561599,48.7504951],[38.8471476,48.7429112],[38.841397,48.7335147],[38.8360755,48.7232671],[38.8300673,48.7170382],[38.8084379,48.7134138],[38.7878385,48.7134138],[38.7670674,48.71432],[38.7535137,48.7184915],[38.727421,48.7230215],[38.7095682,48.7261923],[38.6917155,48.7293629],[38.6745492,48.7293629],[38.6784116,48.723701],[38.6301672,48.721172],[38.5832177,48.7198696],[38.5784187,48.7094303],[38.577732,48.6967418],[38.5722313,48.6890556],[38.5594455,48.6866947],[38.5542143,48.6805367],[38.5489783,48.6752945],[38.5394514,48.6735091],[38.5272842,48.6746424],[38.5161483,48.6705617],[38.5152472,48.6663671],[38.4967076,48.6631925],[38.4802281,48.6591107],[38.4644278,48.6564083],[38.4452016,48.6550476],[38.4314762,48.6504924],[38.4198032,48.6450485],[38.4143025,48.6382619],[38.4088093,48.62964],[38.4046894,48.6169314],[38.4046969,48.6096488],[38.4060702,48.6019302],[38.402637,48.5919397],[38.402637,48.5810386],[38.4019504,48.5719527],[38.4019504,48.5615018],[38.402637,48.5537758],[38.402637,48.5478669],[38.4060702,48.5401389],[38.4088168,48.533319],[38.4115634,48.5274077],[38.4143026,48.5206053],[38.4115634,48.5105796],[38.4053767,48.4733655],[38.3930237,48.436606],[38.3892474,48.4322779],[38.390964,48.4158739],[38.3799702,48.4086007],[38.3672748,48.3996925],[38.3542284,48.390346],[38.3435779,48.3844372],[38.3317108,48.3772104],[38.3217544,48.3710529],[38.3066481,48.3664912],[38.2907061,48.361631],[38.2736891,48.3591918],[38.2591203,48.359806],[38.24176,48.3637541],[38.2276837,48.3671755],[38.2149807,48.3690002],[38.2074276,48.371509],[38.196098,48.3733335],[38.1847683,48.3749299],[38.1720653,48.3785786],[38.159019,48.3826832],[38.1500926,48.3854193],[38.1544451,48.395536],[38.1630936,48.4021166],[38.1484618,48.4144818],[38.135158,48.4190391],[38.1174769,48.420805],[38.1088938,48.4119752],[38.0871153,48.4107657],[38.0642617,48.4060498],[38.0388558,48.4013774],[37.9775724,48.3976162],[37.9516516,48.3886113],[37.9473157,48.3770108],[37.9340563,48.3772104],[37.9181776,48.3758422],[37.9077062,48.3642103],[37.9025563,48.3553135],[37.8939733,48.3452743],[37.8871068,48.3363742],[37.8778371,48.3247334],[37.8901968,48.2991598],[37.8881602,48.2836394],[37.8953466,48.268546],[37.89157,48.2550609],[37.8929432,48.2335689],[37.8965706,48.2154292],[37.8833302,48.1997121],[37.8562077,48.1928465],[37.8285927,48.1751503],[37.824622,48.1578177],[37.8198549,48.1438969],[37.8150089,48.1298691],[37.8100531,48.1206319],[37.816233,48.104586],[37.8007611,48.0977782],[37.7801615,48.0922749],[37.7678015,48.0902113],[37.7575022,48.0852802],[37.751494,48.0792021],[37.7438118,48.0686213],[37.7409368,48.0634875],[37.7051454,48.0575216],[37.6830235,48.0555005],[37.6732163,48.04685],[37.6618866,48.0367502],[37.6478104,48.0289444],[37.6340774,48.0227449],[37.6141646,48.0151666],[37.5966552,48.0117216],[37.5791457,48.0052902],[37.5636961,47.9942632],[37.5585462,47.986451],[37.5530531,47.9747305],[37.5489332,47.9648464],[37.5424101,47.9579494],[37.533827,47.9505916],[37.5428393,47.9324766],[37.534342,47.9134415],[37.5564863,47.9101048],[37.5685999,47.9077685],[37.5759066,47.9077328],[37.5963118,47.9032005],[37.6131347,47.8981368],[37.6299576,47.8930725],[37.6440338,47.8866264],[37.6440338,47.8809854],[37.6424889,47.8737318],[37.640944,47.8706227],[37.6389066,47.8677882],[37.6355771,47.860179],[37.6348904,47.8558021],[37.6348905,47.8525768],[37.6330023,47.8460097],[37.6342622,47.838423],[37.6345486,47.8025384],[37.623169,47.7731102],[37.6375888,47.7519939],[37.6467557,47.7456551],[37.6726795,47.7247168],[37.7184895,47.7072316],[37.7644947,47.6847015],[37.8039769,47.6601962],[37.801917,47.6423879],[37.7686147,47.6354478],[37.7771978,47.6157796],[37.7823477,47.5859162],[37.8084403,47.5618278],[37.8194267,47.5463034],[37.8925547,47.4697729],[37.8784784,47.4416839],[37.8637154,47.4265885],[37.8599389,47.4154383],[37.855819,47.403124],[37.856849,47.3928985],[37.8503258,47.3842983],[37.8383096,47.3780216],[37.841643,47.3690218],[37.8515994,47.3655338],[37.8417428,47.3584893],[37.8376229,47.3524422],[37.8486092,47.3501161],[37.8591525,47.3543707],[37.8612124,47.3478578],[37.856849,47.3436027],[37.8444894,47.3419742],[37.8292834,47.3425074],[37.8279101,47.3355277],[37.8273232,47.3284792],[37.8245766,47.3214977],[37.8317864,47.3149807],[37.8348763,47.3082302],[37.8276665,47.3026429],[37.8300698,47.2958908],[37.8338464,47.2854117],[37.8341897,47.2760952],[37.8334033,47.2603213],[37.833503,47.249301],[37.8365929,47.2411436],[37.8413995,47.2269234],[37.8472359,47.2138654],[37.8513558,47.198938],[37.8505694,47.1852412],[37.8499825,47.1742053],[37.844146,47.1655695],[37.8365929,47.1569323],[37.8297265,47.1461922],[37.8256066,47.1333479],[37.8180535,47.1190987],[37.8163369,47.109753],[37.8176104,47.1011748],[37.8148639,47.0894884],[37.8259499,47.0938614],[37.8383095,47.0997045],[37.8621706,47.1062479],[37.8795803,47.1066666],[37.8953012,47.1123232],[37.9123677,47.1081854],[37.9275737,47.1034436],[37.9459416,47.0970167],[37.9715191,47.0875502],[37.9845653,47.0860308],[37.9881702,47.0894203],[37.9790722,47.0928096],[37.9758825,47.0956826],[37.9883419,47.0983022],[37.9993283,47.0994707],[38.0146781,47.0936958],[38.0278241,47.0898878],[38.0374371,47.0897709],[38.044132,47.0985359],[38.054332,47.1083022],[38.0614698,47.1120896],[38.0738295,47.1095193],[38.0920257,47.1053132],[38.1011956,47.0979029],[38.112625,47.089654],[38.1228691,47.0806216],[38.1287612,47.0723535],[38.1328256,47.0640197],[38.1317956,47.0537286],[38.1194359,47.0485824],[38.1225814,47.0438187],[38.1360872,47.049752],[38.1452408,47.055983],[38.1569138,47.064052],[38.1721916,47.0759777],[38.1865557,47.0937123],[38.1970826,47.1015741],[38.2084123,47.1069489],[38.2296427,47.1196506],[38.2290117,47.1282093],[38.2347926,47.1432411],[38.2345049,47.1566988],[38.2327883,47.1868064],[38.234106,47.1999556],[38.2300416,47.2026703],[38.2399981,47.2147982],[38.2310716,47.2290217],[38.2448046,47.2336843],[38.2561342,47.2357823],[38.2584819,47.2393633],[38.2886944,47.2395964],[38.2858092,47.2579899],[38.322739,47.2562921],[38.3285755,47.2639812],[38.3261722,47.2679419],[38.3306355,47.2705045],[38.3272023,47.2767939],[38.3203357,47.2814523],[38.3272023,47.2863432],[38.3299488,47.292398],[38.3244556,47.2986849],[38.3326954,47.3024101],[38.3325012,47.3073657],[38.2207719,47.306135],[38.2193986,47.3275484],[38.2248918,47.3303408],[38.2214585,47.3345291],[38.229355,47.3391825],[38.2290116,47.3447659],[38.2406847,47.3473248],[38.2441179,47.3529073],[38.2475512,47.3603499],[38.242058,47.3633731],[38.2496111,47.3677913],[38.2568209,47.3740692],[38.2860034,47.3724417],[38.2853168,47.3919688],[38.3028262,47.3926661],[38.3000797,47.4755747],[38.2860033,47.477199],[38.2829134,47.4869441],[38.2894366,47.48996],[38.2873766,47.4978471],[38.2928699,47.5031818],[38.2890933,47.5082841],[38.28463,47.5075884],[38.2825701,47.5451447],[38.3028262,47.5446812],[38.3114094,47.5537186],[38.3103794,47.5757263],[38.3505482,47.575958],[38.3505482,47.6169369],[38.4573218,47.6171683],[38.4566126,47.6443046],[38.6138773,47.644701],[38.626237,47.6537211],[38.6307001,47.6530274],[38.6293434,47.6687373],[38.6664443,47.6691841],[38.6643844,47.6990001],[38.7296158,47.698769],[38.7349278,47.7002782],[38.7361196,47.6946243],[38.7306167,47.6926675],[38.7295773,47.6912884],[38.7391906,47.6844126],[38.7361005,47.6847016],[38.7357572,47.6800788],[38.7415936,47.6800788],[38.7436536,47.6865506],[38.74949,47.6842393],[38.7728361,47.6859728],[38.7719782,47.711618],[38.774896,47.7348324],[38.7889723,47.7376032],[38.7886289,47.7676108],[38.7937786,47.7686491],[38.7941221,47.7756869],[38.7851957,47.7791476],[38.7917188,47.784223],[38.7848524,47.7858377],[38.7817625,47.7916045],[38.7906889,47.7955255],[38.7896589,47.8158176],[38.8150649,47.8151259],[38.8253644,47.8165093],[38.8293128,47.8190452],[38.8290551,47.8234826],[38.8339476,47.8267675],[38.8282828,47.8322991],[38.8267379,47.8465865],[38.8305144,47.8492362],[38.8353209,47.852692],[38.8349776,47.8602941],[38.8397841,47.8665132],[38.8437323,47.8651325],[38.8734299,47.8672042],[38.8804679,47.8725011],[38.8761764,47.8757253],[38.8864761,47.8736527],[38.8943725,47.875495],[38.8998658,47.8731921],[38.9096504,47.8723862],[38.9091355,47.8748041],[38.9311082,47.8722709],[38.9324815,47.8744587],[38.9439833,47.8724439],[38.9493044,47.8695073],[39.0827524,47.8696984],[39.0828382,47.8517313],[39.10936,47.851904],[39.10936,47.8424573],[39.1464389,47.8424573],[39.1497005,47.8424571],[39.149443,47.8515584],[39.1637017,47.8517774],[39.1693765,47.8470996],[39.1717042,47.8471156],[39.1762584,47.850522],[39.1798689,47.8524306],[39.2363896,47.8542079],[39.2339861,47.8605425],[39.2411962,47.866877],[39.3496864,47.8664164],[39.3489997,47.8719439],[39.3871086,47.8714832],[39.4125147,47.8309346],[39.4221698,47.8322023],[39.4224709,47.8337579],[39.4258164,47.8360326],[39.4281764,47.8374005],[39.432599,47.8376181],[39.4363708,47.8392322],[39.4361116,47.8439563],[39.4340947,47.8463187],[39.4410688,47.8548151],[39.4430128,47.8557799],[39.4457875,47.8556862],[39.4465741,47.853969],[39.445054,47.8525605],[39.4467955,47.8521887],[39.4492539,47.8520028],[39.4537724,47.8550421],[39.4606946,47.8571596],[39.4625253,47.8590818],[39.4661874,47.8598701],[39.4712801,47.8588821],[39.4774027,47.8599669],[39.5210048,47.8249417],[39.5337078,47.8332393],[39.5405743,47.8240197],[39.5666668,47.8362354],[39.6209122,47.8367006],[39.632585,47.8387703],[39.6531906,47.8327901],[39.7383286,47.8267857],[39.7563531,47.8466049],[39.7632189,47.846661],[39.7621896,47.8714832],[39.7736912,47.8700449],[39.7757511,47.8693251],[39.7807292,47.8700014],[39.7898272,47.8687849],[39.7936037,47.8696408],[39.7946773,47.871334],[39.7940343,47.8976665],[39.793432,47.9192484],[39.7945466,47.9208581],[39.8009404,47.9269545],[39.8004037,47.929111],[39.8008649,47.9322307],[39.8036704,47.9341931],[39.8033859,47.9369605],[39.8060907,47.9373346],[39.8062208,47.9505883],[39.8202965,47.9506459],[39.8241375,47.9553593],[39.8224856,47.9582334],[39.8215201,47.9598428],[39.8196105,47.9602452],[39.8183883,47.9605447],[39.8184931,47.9615376],[39.8175678,47.9625305],[39.817706,47.9633],[39.8170717,47.9637821],[39.8182922,47.9651486],[39.8165704,47.966416],[39.8182819,47.9671663],[39.8187139,47.9678215],[39.8178987,47.9682109],[39.8162572,47.9680783],[39.815989,47.9686354],[39.8164826,47.9690025],[39.8165688,47.9694364],[39.8167412,47.9701892],[39.8157125,47.971465],[39.8158896,47.97381],[39.8172737,47.9753396],[39.8209269,47.977886],[39.8216806,47.9792741],[39.8224698,47.9797935],[39.8226583,47.9830132],[39.8179543,47.9842508],[39.8153101,47.9839945],[39.8156558,47.9852249],[39.8141991,47.9888682],[39.8166904,47.9896968],[39.8170607,47.9891885],[39.8186326,47.9900588],[39.816455,47.9929483],[39.8182795,47.9947064],[39.8134092,47.9968093],[39.8171536,48.0013067],[39.8146485,48.0017176],[39.8102549,48.0047702],[39.8044206,48.0057462],[39.8028776,48.0077557],[39.7991898,48.0091326],[39.7934079,48.0118167],[39.7891703,48.0161082],[39.7861871,48.0246909],[39.7763518,48.0400183],[39.8758273,48.0416377],[39.8835531,48.0457629],[39.8846696,48.0481123],[39.8475957,48.0584687],[39.8324851,48.0667539],[39.8701649,48.08155],[39.8735986,48.1095211],[39.8705082,48.1172039],[39.8761759,48.1193827],[39.879441,48.1236241],[39.8924923,48.1340522],[39.8967881,48.1342251],[39.9031447,48.142646],[39.9072648,48.1538682],[39.9040036,48.1727609],[39.9084228,48.1733629],[39.9087225,48.1799174],[39.9388503,48.1815769],[39.9429702,48.2303134],[40.007515,48.2232232],[40.0082022,48.2274541],[40.0018502,48.2372883],[40.0198746,48.2534069],[40.0152406,48.2635777],[40.0161845,48.2695771],[40.0109482,48.2721485],[40.0076896,48.2733751],[39.9996245,48.2895085],[39.9965337,48.2981888],[39.9920692,48.3072108],[39.9942144,48.3124345],[39.9877762,48.3176582],[39.976616,48.3150911],[39.95292,48.3043598],[39.9340437,48.2899695],[39.9306086,48.2832862],[39.9251152,48.2720334],[39.9203089,48.2716909],[39.9155043,48.2694063],[39.9124154,48.2883691],[39.9086378,48.2948806],[39.9015156,48.2996773],[39.887525,48.3042446],[39.8866651,48.3088118],[39.8406598,48.3105244],[39.8427199,48.3194283],[39.8406597,48.3284461],[39.8449508,48.3298729],[39.8461521,48.3331256],[39.8605726,48.3351794],[39.8784233,48.3335853],[39.9189375,48.3424823],[39.918765,48.347503],[39.9437419,48.3478456],[39.9443435,48.3497841],[39.9474343,48.3541184],[39.9405689,48.3613598],[39.9364482,48.3722506],[39.9426268,48.3867337],[39.9386913,48.3879541],[39.9305438,48.3769351],[39.9237715,48.375493],[39.9186508,48.3797574],[39.9159608,48.3869166],[39.9071466,48.3898327],[39.9079186,48.3924541],[39.9167162,48.3945628],[39.919678,48.3978109],[39.9160308,48.4004325],[39.9075764,48.4032818],[39.90646,48.4067009],[39.9117813,48.4133093],[39.913069,48.4187783],[39.9085199,48.4226522],[39.8977928,48.4284899],[39.8935873,48.4338715],[39.8889504,48.4430398],[39.897104,48.4440647],[39.8990781,48.4460004],[39.8975335,48.4481639],[39.8885672,48.4502997],[39.8789129,48.4551674],[39.8482666,48.4696794],[39.8464213,48.4760792],[39.8480092,48.484755],[39.8477516,48.5023337],[39.8494039,48.5033433],[39.8515605,48.5039618],[39.8532799,48.5039316],[39.8577457,48.5019109],[39.8596392,48.5018503],[39.8630938,48.5030297],[39.8652718,48.5046145],[39.8657332,48.5055738],[39.866549,48.510463],[39.8629877,48.5186217],[39.8620435,48.5237392],[39.8556481,48.5364446],[39.8556589,48.5408409],[39.8570376,48.5442324],[39.8553263,48.547908],[39.8527192,48.5537249],[39.8550044,48.55886],[39.8547054,48.5624669],[39.852561,48.565818],[39.8492787,48.5689135],[39.8450448,48.5716736]]],[[[35.3437946,46.3499966],[35.3436927,46.3480045],[35.3334508,46.3354526],[35.3174357,46.3169204],[35.3036032,46.3162461],[35.2987992,46.3148192],[35.2986282,46.3098972],[35.2953675,46.3075839],[35.2933094,46.3080562],[35.2940007,46.3023608],[35.2989812,46.2988605],[35.2893711,46.285516],[35.2552582,46.2509872],[35.2210622,46.226781],[35.2090177,46.1902543],[35.1356268,46.1662851],[35.0331183,46.1498649],[35.0184613,46.1301914],[34.9894016,46.1100372],[34.9806129,46.0890477],[34.9769809,46.0709154],[35.0708774,46.0956694],[35.1517979,46.1215406],[35.1954912,46.1472745],[35.2282388,46.2019951],[35.2754762,46.2554933],[35.3475835,46.3402912],[35.357285,46.3527257],[35.3695662,46.3643297],[35.3787593,46.3732672],[35.3825458,46.378947],[35.3712877,46.3709968],[35.3437946,46.3499966]]],[[[35.3333665,46.3582202],[35.341778,46.3610327],[35.3482747,46.3633974],[35.3533561,46.3643112],[35.3569267,46.3634058],[35.358609,46.3617895],[35.3712877,46.3709968],[35.3767538,46.3751693],[35.4348206,46.4153201],[35.6146465,46.4996998],[35.7703286,46.6017937],[35.9364159,46.6584769],[36.0834399,46.6583764],[36.189877,46.6669129],[36.2290356,46.6503884],[36.2598882,46.6185035],[36.2480964,46.5920929],[36.2191586,46.5647349],[36.190842,46.534558],[36.166506,46.52756],[36.1583413,46.5400039],[36.152999,46.543158],[36.1496575,46.514619],[36.1154322,46.4988344],[36.0923151,46.4890018],[36.1187857,46.4849539],[36.1672331,46.4950765],[36.2695222,46.6055646],[36.3871263,46.7169171],[36.4958057,46.7474907],[36.6155915,46.7732454],[36.6471828,46.7805555],[36.7055593,46.7775047],[36.7464163,46.7655031],[36.7810734,46.7487854],[36.8105257,46.7278719],[36.8221063,46.7017771],[36.8013332,46.7070255],[36.790687,46.674682],[36.7783344,46.6635319],[36.7610057,46.6656911],[36.7423499,46.637243],[36.7592718,46.618538],[36.8027463,46.6606838],[36.8380441,46.7056437],[36.8458325,46.7240424],[36.8556796,46.7419657],[36.8685104,46.7655733],[36.8859437,46.7892661],[36.9043474,46.8056174],[36.9295237,46.8284428],[36.9588917,46.8475083],[36.9930695,46.8623412],[37.0193409,46.866749],[37.2356347,46.9509504],[37.2972003,46.9272088],[37.3189084,46.8961806],[37.2925383,46.8745361],[37.2886283,46.8705214],[37.3077203,46.8658027],[37.4814542,47.0322115],[37.5122169,47.0645024],[37.5376339,47.0818253],[37.5836711,47.0874048],[37.5805383,47.0817496],[37.5861599,47.0785491],[37.5993048,47.0830288],[37.608257,47.0840406],[37.6195065,47.087157],[37.6243159,47.0909649],[37.6268941,47.0944221],[37.6295827,47.0948063],[37.6321854,47.0946061],[37.6336795,47.0931637],[37.6345118,47.0931437],[37.6352283,47.09401],[37.6664429,47.086291],[37.6709319,47.0852044],[37.6705154,47.0817678],[37.6757999,47.0777699],[37.6821324,47.0770565],[37.685084,47.0781024],[37.6872037,47.0810509],[37.6983358,47.0798491],[37.7138251,47.0802705],[37.7394664,47.0834014],[37.7676875,47.0886009],[37.7939862,47.0847127],[37.8148639,47.0894884],[37.8176104,47.1011748],[37.8163369,47.109753],[37.8180535,47.1190987],[37.8256066,47.1333479],[37.8297265,47.1461922],[37.8365929,47.1569323],[37.8445029,47.1658129],[37.8499825,47.1742053],[37.8513558,47.198938],[37.8472359,47.2138654],[37.8413995,47.2269234],[37.833503,47.249301],[37.8334033,47.2603213],[37.8341897,47.2760952],[37.8338464,47.2854117],[37.8300698,47.2958908],[37.8276665,47.3026429],[37.8348763,47.3082302],[37.8317864,47.3149807],[37.8245766,47.3214977],[37.8273232,47.3284792],[37.8279101,47.3355277],[37.8292834,47.3425074],[37.8444894,47.3419742],[37.856849,47.3436027],[37.8612124,47.3478578],[37.8591525,47.3543707],[37.8486092,47.3501161],[37.8376229,47.3524422],[37.8421,47.3587327],[37.8515994,47.3655338],[37.841643,47.3690218],[37.8383096,47.3780216],[37.8503258,47.3842983],[37.856849,47.3928985],[37.855819,47.403124],[37.8637154,47.4265885],[37.8784784,47.4416839],[37.8925547,47.4697729],[37.8194267,47.5463034],[37.8084403,47.5618278],[37.7823477,47.5859162],[37.7771978,47.6157796],[37.7686147,47.6354478],[37.801917,47.6423879],[37.8039769,47.6601962],[37.7644947,47.6847015],[37.7184895,47.7072316],[37.6726795,47.7247168],[37.6375888,47.7519939],[37.623169,47.7731102],[37.6345486,47.8025384],[37.6342622,47.838423],[37.6330023,47.8460097],[37.6348905,47.8525768],[37.6348904,47.8558021],[37.6355771,47.860179],[37.6389066,47.8677882],[37.640944,47.8706227],[37.6424889,47.8737318],[37.6440338,47.8809854],[37.6440338,47.8866264],[37.6299576,47.8930725],[37.5963118,47.9032005],[37.5759066,47.9077328],[37.5774254,47.8640615],[37.527145,47.8441906],[37.5329822,47.8181445],[37.4841086,47.7933122],[37.4696352,47.7806675],[37.4632671,47.7404593],[37.3827579,47.7491166],[37.3578097,47.7496297],[37.3562811,47.7405918],[37.3064482,47.6862064],[37.2394207,47.6895929],[37.1739903,47.7012554],[37.1039525,47.7139619],[37.1020021,47.7446641],[37.0535318,47.743548],[36.9645121,47.7634237],[36.9319211,47.7747196],[36.9039452,47.7867078],[36.887977,47.7952316],[36.8735466,47.8053393],[36.8360755,47.8151616],[36.8202397,47.8215592],[36.800842,47.8215015],[36.7870233,47.8082737],[36.7906067,47.7987899],[36.7879244,47.7965416],[36.7811576,47.7930767],[36.7695837,47.7803557],[36.7324997,47.7803688],[36.7220233,47.7890225],[36.7079387,47.7920237],[36.6945375,47.79237],[36.6600267,47.7840617],[36.6581154,47.7762924],[36.6065248,47.7737352],[36.5375439,47.7166252],[36.5552456,47.6729186],[36.5140996,47.6635349],[36.4448315,47.6501219],[36.3683191,47.6314425],[36.287964,47.6052585],[36.1065648,47.5890677],[36.078782,47.5252906],[36.0333639,47.5162955],[36.0139109,47.5102118],[35.9733233,47.5156869],[35.9254508,47.5093625],[35.867972,47.5090433],[35.7979092,47.5154458],[35.6995213,47.5285243],[35.643254,47.5138651],[35.5074008,47.5135746],[35.4364521,47.5274033],[35.3950215,47.5208021],[35.3950087,47.5208101],[35.3603365,47.4994552],[35.310061,47.4922519],[35.2789589,47.5011779],[35.274292,47.4940961],[35.2839651,47.4711179],[35.2732113,47.4557986],[35.2649108,47.454382],[35.2711132,47.4718601],[35.2663264,47.4731508],[35.2492229,47.467476],[35.2026366,47.4448564],[35.1486561,47.4455391],[35.0775036,47.4531547],[35.0589931,47.4472408],[35.0446075,47.4376096],[35.0165413,47.411376],[34.9686877,47.3890866],[34.9284011,47.392589],[34.8808768,47.4087593],[34.8619081,47.4207375],[34.8723335,47.436482],[34.8717751,47.4494395],[34.8599184,47.4511069],[34.8251973,47.4646556],[34.7922996,47.4676001],[34.7472176,47.492976],[34.7356684,47.4908156],[34.7089772,47.4904348],[34.6864051,47.4928325],[34.6801944,47.5105837],[34.6594778,47.526596],[34.6440841,47.5419253],[34.6283735,47.5456828],[34.61803,47.5443437],[34.605993,47.5374148],[34.5990354,47.5345232],[34.5862444,47.521662],[34.544526,47.5325602],[34.5331332,47.530312],[34.5013916,47.4985407],[34.4358354,47.4967662],[34.3869447,47.5137279],[34.3727547,47.5105284],[34.3637954,47.4937434],[34.3395698,47.4680202],[34.3349084,47.4468546],[34.2960988,47.4285407],[34.2696759,47.4394016],[34.1992864,47.4119572],[34.1457219,47.4243196],[34.1183426,47.4204195],[34.064871,47.4241706],[34.0466745,47.4175073],[34.0399147,47.40244],[34.0196475,47.3578914],[33.9826442,47.2281837],[33.9098104,47.170099],[33.853211,47.1397486],[33.8407853,47.0983773],[33.8023157,47.0588696],[33.7227477,47.0172364],[33.6976667,46.9949841],[33.6973247,46.9621854],[33.6897886,46.9214159],[33.6784445,46.9007786],[33.6576732,46.9034758],[33.6338211,46.8993673],[33.6341699,46.8822418],[33.634027,46.8661098],[33.6022727,46.8277126],[33.5234813,46.8230958],[33.4642572,46.8182295],[33.3770342,46.7748365],[33.3691507,46.7820826],[33.359021,46.7856416],[33.3566199,46.782589],[33.3566788,46.782027],[33.3689565,46.7707601],[33.3592082,46.7655691],[33.3248969,46.754505],[33.2866486,46.7488393],[33.2571281,46.7555432],[33.2238335,46.7673909],[33.1987715,46.7688835],[33.1439158,46.7602052],[33.0015038,46.7181504],[32.9214055,46.7119792],[32.862185,46.6984591],[32.8451237,46.6889292],[32.8259938,46.6800082],[32.8153644,46.6768559],[32.802775,46.6759667],[32.7864412,46.6701806],[32.7728628,46.667246],[32.7588563,46.6654877],[32.7318308,46.6647374],[32.7211242,46.6654729],[32.7198633,46.6657683],[32.7140485,46.6654015],[32.7017968,46.6629134],[32.6593406,46.6502431],[32.6158917,46.6172631],[32.5917838,46.594517],[32.5803915,46.5786097],[32.5525244,46.5561587],[32.5297942,46.5513314],[32.5136229,46.5528113],[32.5025993,46.5597198],[32.4938657,46.569411],[32.478455,46.5717935],[32.4590535,46.5602934],[32.4853407,46.5248236],[32.4182721,46.4855706],[32.4116422,46.4828862],[32.3994021,46.474569],[32.3586749,46.4650634],[32.3272467,46.4658192],[32.2593632,46.4776997],[32.1866986,46.4860454],[32.156592,46.4927241],[32.1216254,46.4983778],[32.0784139,46.4997641],[32.0439949,46.4913924],[32.0027152,46.491517],[31.9108596,46.5165686],[31.8777032,46.5191256],[31.861055,46.5158216],[31.8043279,46.5289631],[31.754436,46.5477486],[31.6976546,46.5448873],[31.6690402,46.5362578],[31.6315022,46.5403713],[31.6003753,46.5377239],[31.5810756,46.5362154],[31.5540871,46.5453183],[31.5305219,46.5574853],[31.5129914,46.5805343],[31.5113006,46.5765434],[31.5216247,46.56146],[31.5538208,46.5361051],[31.6085172,46.5057035],[31.6559433,46.4717345],[31.6918835,46.4686048],[31.7413559,46.4890915],[31.7987384,46.4796465],[31.896928,46.4576286],[31.9528268,46.4373359],[31.9748472,46.4390845],[32.0022459,46.453311],[32.0290416,46.4374217],[32.0355715,46.4164449],[32.0584621,46.3936051],[32.0496571,46.3834371],[32.0255326,46.3853602],[32.0219174,46.382339],[32.0090519,46.3639959],[31.9757801,46.3480047],[31.9439259,46.3427845],[31.9052405,46.3394654],[31.865532,46.3332886],[31.8386435,46.3356205],[31.7727132,46.3222846],[31.7473096,46.3005071],[31.7477416,46.2980208],[31.7564105,46.2955366],[31.7573225,46.2950781],[31.7680193,46.2963985],[31.77451,46.2938047],[31.7712158,46.28872],[31.7755479,46.2853427],[31.7751137,46.282147],[31.7821317,46.2767197],[31.7832911,46.2723916],[31.7771998,46.2680096],[31.779606,46.2643492],[31.7843677,46.2655589],[31.7845172,46.2687448],[31.7917055,46.2737697],[31.7963826,46.2734659],[31.8097279,46.2719756],[31.8143612,46.2693303],[31.8132445,46.2646255],[31.8183073,46.2641929],[31.8346973,46.26602],[31.8331459,46.2696742],[31.8351942,46.2727102],[31.8477009,46.2682192],[31.8507418,46.268136],[31.8520181,46.2704616],[31.8629835,46.2720247],[31.8708344,46.2656555],[31.8740047,46.2651386],[31.8832914,46.2732981],[31.89507,46.2806265],[31.9041055,46.2963125],[31.9364358,46.2907488],[31.9437456,46.2854411],[31.9565439,46.2654215],[31.9591374,46.2652489],[31.9695145,46.2570898],[32.0286309,46.245122],[32.0514192,46.2496669],[32.0777541,46.2388024],[32.0878289,46.2213429],[32.1264746,46.203027],[32.1659661,46.196775],[32.1870249,46.175548],[32.2061332,46.1720621],[32.2067617,46.1753105],[32.2081061,46.1866809],[32.221812,46.187592],[32.2398798,46.1783972],[32.2258878,46.1699955],[32.2288004,46.1665053],[32.2366728,46.1500149],[32.2304411,46.1393923],[32.226216,46.1324231],[32.2477914,46.1244914],[32.5346946,46.0652669],[32.710194,46.1026938],[32.9126426,46.102199],[33.1775483,46.1203559],[33.2991907,46.0700506],[33.4288609,46.0272295],[33.5148147,46.0271133],[33.4966984,46.0701674],[33.5637474,46.0746225],[33.5247978,46.1155786],[33.5573368,46.1221338],[33.5737439,46.1255906],[33.6079654,46.1475624],[33.6896977,46.204216],[33.697092,46.2032997],[33.7079189,46.200155],[33.7145513,46.1967761],[33.7247981,46.1915999],[33.7358592,46.1859204],[33.7386094,46.185157],[33.7405294,46.1850101],[33.7299192,46.1709572],[33.7292637,46.1690726],[33.7261891,46.1667043],[33.7253384,46.1649261],[33.7262858,46.1616592],[33.7265868,46.1578857],[33.72811,46.1551668],[33.7350502,46.1498824],[33.735601,46.1471215],[33.7408709,46.1441232],[33.7475131,46.1378538],[33.7495382,46.1374606],[33.7548898,46.1406843],[33.8239473,46.1869511],[34.0383305,46.1168174],[34.1225789,46.1080045],[34.1607681,46.0803117],[34.2253474,46.0637955],[34.3824606,46.0345739],[34.4785479,45.9468288],[34.5560383,45.9885731],[34.6514104,45.97379],[34.7008789,45.9590612],[34.8400152,45.8737411],[34.8158666,45.8357222],[34.8250838,45.8112122],[34.8674066,45.8291807],[34.8707212,45.8467632],[34.8751306,45.8555496],[34.8855773,45.8632873],[34.9004134,45.8580674],[34.9353039,45.8054347],[34.9403655,45.7872533],[34.9456423,45.7803165],[34.9554893,45.767389],[34.9493387,45.7628178],[34.9582138,45.7599193],[34.9681019,45.7621984],[34.9731755,45.763623],[34.9770477,45.7651671],[34.8921828,45.8986927],[34.852469,46.0090997],[34.8346359,46.1154117],[34.829315,46.204055],[34.8995659,46.2381715],[35.021547,46.2584415],[35.052167,46.2669443],[35.0767677,46.2785357],[35.1021348,46.3004517],[35.1124432,46.3102126],[35.1176084,46.3222025],[35.1274123,46.3419438],[35.1395419,46.3515709],[35.1620938,46.3587479],[35.175433,46.3632748],[35.1851942,46.3695606],[35.1900773,46.3712781],[35.1997289,46.3813728],[35.2574305,46.375757],[35.2630952,46.3656409],[35.2663547,46.353511],[35.2695223,46.3559538],[35.2747139,46.3559584],[35.2903127,46.357234],[35.3018887,46.3555606],[35.3053962,46.3542423],[35.3080086,46.3495037],[35.3087903,46.3483784],[35.3140349,46.3450016],[35.3179919,46.3402619],[35.318515,46.3350481],[35.317497,46.3314708],[35.3218364,46.3332078],[35.3333665,46.3582202]]],[[[37.8562077,48.1928465],[37.8833302,48.1997121],[37.8965706,48.2154292],[37.8929432,48.2335689],[37.89157,48.2550609],[37.8953466,48.268546],[37.8881602,48.2836394],[37.8901968,48.2991598],[37.8696933,48.2818506],[37.8423308,48.2832692],[37.8217294,48.2899051],[37.8082985,48.2875112],[37.799505,48.2780342],[37.8003803,48.2723378],[37.7772671,48.2702727],[37.7497154,48.2609023],[37.7562384,48.2384982],[37.8125434,48.2380409],[37.8228431,48.230723],[37.8290229,48.2041871],[37.8077741,48.1849014],[37.8103277,48.1553785],[37.8094909,48.1524009],[37.8198549,48.1438969],[37.824622,48.1578177],[37.8285927,48.1751503],[37.8562077,48.1928465]]],[[[38.4024861,48.5572586],[38.4019504,48.5615018],[38.4019712,48.5747527],[38.402637,48.5810386],[38.402637,48.5919397],[38.4060702,48.6019302],[38.4048036,48.6090985],[38.4046894,48.6169314],[38.4088093,48.62964],[38.4143025,48.6382619],[38.4198032,48.6450485],[38.4314762,48.6504924],[38.4452016,48.6550476],[38.4644278,48.6564083],[38.4802281,48.6591107],[38.4967076,48.6631925],[38.5152472,48.6663671],[38.5161483,48.6705617],[38.5272842,48.6746424],[38.5394514,48.6735091],[38.5489783,48.6752945],[38.5542143,48.6805367],[38.5594455,48.6866947],[38.5722313,48.6890556],[38.577732,48.6967418],[38.5784187,48.7094303],[38.5832177,48.7198696],[38.6784116,48.723701],[38.6745492,48.7293629],[38.6917155,48.7293629],[38.7055541,48.7754591],[38.5596882,48.8300656],[38.5304354,48.8497759],[38.4952068,48.8707374],[38.4748205,48.9035945],[38.413393,48.9399705],[38.4022715,48.9556589],[38.3698935,48.9817692],[38.2997041,49.0248792],[38.2844417,49.0264547],[38.2615817,49.0244189],[38.2399458,49.005535],[38.2577418,48.9692683],[38.2360201,48.956746],[38.2330256,48.9418302],[38.2106638,48.9313209],[38.2526877,48.8941146],[38.2441228,48.8668948],[38.2463893,48.8556939],[38.2836224,48.8414864],[38.3002556,48.8250195],[38.277659,48.7463136],[38.2322928,48.7450529],[38.2205484,48.7376868],[38.2205787,48.7194463],[38.1776078,48.6758895],[38.1659099,48.6579687],[38.1804834,48.6412435],[38.169686,48.5849223],[38.1602481,48.5183901],[38.1598202,48.5084096],[38.2344013,48.4819325],[38.2220984,48.4752176],[38.212068,48.4712267],[38.2181744,48.4617727],[38.1950951,48.4203152],[38.1718321,48.4086961],[38.1565068,48.4258095],[38.1397872,48.4345657],[38.1316835,48.4346148],[38.1239233,48.4337522],[38.1174769,48.420805],[38.135158,48.4190391],[38.1484618,48.4144818],[38.1630936,48.4021166],[38.1544451,48.395536],[38.1500926,48.3854193],[38.1847683,48.3749299],[38.2074276,48.371509],[38.2149807,48.3690002],[38.2276837,48.3671755],[38.2591203,48.359806],[38.2736891,48.3591918],[38.2907061,48.361631],[38.3217544,48.3710529],[38.355829,48.3910748],[38.390964,48.4158739],[38.3892474,48.4322779],[38.3930237,48.436606],[38.4053767,48.4733655],[38.4115634,48.5105796],[38.4143026,48.5206053],[38.402637,48.5478669],[38.4024861,48.5572586]]],[[[32.4242085,46.5677111],[32.4242018,46.5677046],[32.4242026,46.5676981],[32.4242085,46.5677111]]],[[[33.9028044,47.2324174],[33.9138897,47.2448994],[33.9186393,47.2721917],[33.9663379,47.3030111],[33.9758227,47.3560188],[33.9748945,47.3872401],[33.9571325,47.4182281],[33.9094933,47.4216948],[33.8766048,47.4342063],[33.8355409,47.4341268],[33.7755488,47.4239823],[33.7231796,47.4201485],[33.7212299,47.4308333],[33.6340199,47.4392032],[33.6146149,47.4497577],[33.6006,47.4745969],[33.5564428,47.4738589],[33.5141219,47.4729562],[33.4670867,47.441386],[33.4031786,47.4720883],[33.389274,47.4585975],[33.3898892,47.4575664],[33.3903684,47.4542071],[33.3899893,47.4508479],[33.389763,47.4491001],[33.3898216,47.4450918],[33.3886491,47.441288],[33.3863819,47.4398436],[33.3839608,47.4394116],[33.3830936,47.4386152],[33.3835183,47.4378686],[33.3848464,47.436102],[33.3867979,47.4328382],[33.3942967,47.4279545],[33.3999006,47.4274227],[33.4031968,47.4275025],[33.4061496,47.4268854],[33.4075877,47.425373],[33.4071909,47.4233973],[33.402417,47.4212474],[33.3967559,47.4175787],[33.3877733,47.4163413],[33.378791,47.4162648],[33.3765323,47.4170979],[33.3736073,47.4184677],[33.3696523,47.4193728],[33.3687013,47.4187098],[33.3671101,47.4173329],[33.3666578,47.4165284],[33.365745,47.413164],[33.3661468,47.4119463],[33.3654894,47.4104662],[33.365392,47.4077135],[33.3653432,47.4056402],[33.3660912,47.4014666],[33.3670658,47.3992636],[33.3672096,47.3976391],[33.3696847,47.394038],[33.3698922,47.3922954],[33.3702533,47.390843],[33.3737625,47.3882243],[33.3762036,47.3869152],[33.3763941,47.3857377],[33.3755452,47.3817783],[33.3717736,47.3793337],[33.3699739,47.3793319],[33.369074,47.3786917],[33.3697399,47.3766861],[33.368861,47.3756685],[33.368453,47.3728337],[33.3618271,47.3689859],[33.3583431,47.3678177],[33.3547989,47.3650245],[33.3500229,47.3642673],[33.3480641,47.364412],[33.3467503,47.3649459],[33.3458639,47.3654573],[33.3454926,47.3650966],[33.3457798,47.3639682],[33.3463718,47.3618207],[33.3455387,47.3605602],[33.3424551,47.3600562],[33.3390283,47.3602497],[33.3377473,47.3625069],[33.33539,47.3629378],[33.3321515,47.3642578],[33.3298456,47.3638712],[33.3259461,47.3643755],[33.321679,47.3648602],[33.3151682,47.3674278],[33.3106256,47.3701649],[33.3055223,47.3688593],[33.2997092,47.3680905],[33.2991203,47.3663112],[33.2973289,47.3652828],[33.2952317,47.3653499],[33.2934965,47.3641625],[33.292019,47.3603299],[33.2901247,47.3572788],[33.2892015,47.3546298],[33.289641,47.3538576],[33.2914057,47.3529046],[33.2919259,47.3521841],[33.2920961,47.3509854],[33.2914511,47.3494524],[33.2905708,47.348744],[33.2881995,47.3476338],[33.2852114,47.3459738],[33.2845329,47.3454345],[33.284541,47.3449533],[33.2851027,47.344039],[33.2860702,47.3433783],[33.2864681,47.3422627],[33.287697,47.3396984],[33.2889274,47.3385894],[33.2908299,47.3375114],[33.2950855,47.3353728],[33.2968698,47.3341871],[33.2981053,47.3335943],[33.2995813,47.3329489],[33.3009201,47.3314627],[33.3008856,47.330471],[33.3009772,47.3296332],[33.3002076,47.3285162],[33.299438,47.3284754],[33.2989774,47.3281378],[33.2978217,47.3278926],[33.2969022,47.3273857],[33.2976134,47.3264423],[33.2989564,47.3252137],[33.298969,47.3239268],[33.2981094,47.3234429],[33.2974221,47.3226773],[33.2961344,47.3219163],[33.293731,47.3214485],[33.2914994,47.3217382],[33.290169,47.3221158],[33.2892463,47.3220427],[33.2868645,47.3209806],[33.2852865,47.3210131],[33.2792618,47.3223094],[33.2765926,47.3233065],[33.2667565,47.3271835],[33.2648557,47.3280736],[33.2622253,47.3294872],[33.2606545,47.3307502],[33.25668,47.3341656],[33.2560702,47.3345392],[33.2548641,47.3348133],[33.2536579,47.3347674],[33.251982,47.3341099],[33.2507579,47.3335484],[33.2488044,47.3320853],[33.2467433,47.3300769],[33.2453695,47.3280546],[33.2424082,47.325909],[33.2405628,47.324636],[33.2376226,47.3231366],[33.2342536,47.3221315],[33.2333928,47.3215884],[33.2330483,47.320415],[33.2342486,47.3167398],[33.23523,47.315189],[33.2354631,47.3143263],[33.2363521,47.3127603],[33.238041,47.311439],[33.2417607,47.3093816],[33.2448795,47.3086045],[33.2464969,47.3076125],[33.2504314,47.3067368],[33.2556194,47.3061513],[33.2582752,47.3055073],[33.26224,47.3057654],[33.2671407,47.3076986],[33.269767,47.3075947],[33.27068,47.307383],[33.2740118,47.3071317],[33.2746048,47.3064822],[33.2756308,47.3058082],[33.2754981,47.3041158],[33.2751357,47.3029672],[33.2748687,47.3010833],[33.2749927,47.3004907],[33.2756556,47.2990593],[33.2754291,47.297325],[33.274516,47.2959398],[33.2737435,47.2949905],[33.2717265,47.2929731],[33.269774,47.2921973],[33.2688407,47.2916056],[33.2676446,47.2906111],[33.2639137,47.2878724],[33.2629724,47.2878409],[33.2616217,47.288128],[33.2610322,47.2875437],[33.2597933,47.2870187],[33.2566232,47.2865519],[33.2496964,47.2863159],[33.249136,47.2865157],[33.2471392,47.2861207],[33.2427934,47.2867965],[33.2398908,47.2886189],[33.2387827,47.2888023],[33.2326535,47.2887819],[33.2318128,47.2894901],[33.231607,47.2902517],[33.2309033,47.2920297],[33.229736,47.2923074],[33.2288691,47.2920029],[33.2281504,47.2912857],[33.2266323,47.2913346],[33.2246852,47.2908594],[33.2201443,47.2894457],[33.2162006,47.2877199],[33.2144007,47.286624],[33.2135438,47.2857559],[33.211828,47.2850307],[33.2109273,47.2845808],[33.2098653,47.2840316],[33.2090608,47.283366],[33.209458,47.2830206],[33.2095279,47.2818872],[33.2087475,47.2805927],[33.2075848,47.2792176],[33.2050062,47.2772892],[33.2040711,47.2763066],[33.2021849,47.2732656],[33.2009845,47.2720654],[33.1984109,47.2681862],[33.1980705,47.2664556],[33.198072,47.2645711],[33.1976007,47.2640657],[33.1958631,47.263245],[33.1940397,47.2620167],[33.1936847,47.2611247],[33.1938506,47.2576205],[33.1939135,47.2573562],[33.1943627,47.2572084],[33.195434,47.2565363],[33.1963559,47.2555013],[33.1969027,47.2545177],[33.1976481,47.2537347],[33.1998232,47.2522655],[33.2000524,47.2514726],[33.1995233,47.2507558],[33.1978426,47.2498439],[33.1957577,47.2495919],[33.1932133,47.2499611],[33.1919411,47.2500292],[33.1913909,47.2497136],[33.1914591,47.2490898],[33.1920511,47.2483117],[33.1938062,47.2472527],[33.1948983,47.2464027],[33.1952608,47.2454944],[33.1951672,47.2447763],[33.192846,47.2424943],[33.1916,47.2420234],[33.189518,47.2419335],[33.1872325,47.2426751],[33.1867336,47.2432788],[33.1866986,47.2439011],[33.1863377,47.2441248],[33.1859427,47.2437122],[33.1855736,47.2431854],[33.1850029,47.2426307],[33.1845889,47.2416249],[33.1845536,47.2389077],[33.1841072,47.2379571],[33.1820816,47.2369572],[33.1798244,47.236603],[33.1786959,47.2368628],[33.1776166,47.237488],[33.1762616,47.2377423],[33.1750691,47.2368204],[33.172928,47.2335621],[33.1678665,47.2333316],[33.1666662,47.2341196],[33.1661089,47.2340473],[33.1637703,47.2315634],[33.1601014,47.2312941],[33.1583777,47.23258],[33.1592324,47.2343886],[33.1625351,47.235526],[33.1628132,47.2359198],[33.1616648,47.2363207],[33.1590143,47.2355561],[33.1563461,47.2355596],[33.1526088,47.2345995],[33.1513841,47.2341485],[33.1506859,47.2334857],[33.1502511,47.2326007],[33.1487893,47.2309342],[33.1477152,47.2304506],[33.1422001,47.230063],[33.1409017,47.230481],[33.1387504,47.2313893],[33.1328681,47.2329508],[33.1272864,47.2308984],[33.1266375,47.2297938],[33.1266135,47.2287461],[33.1270306,47.225716],[33.1276254,47.2223648],[33.1284378,47.2206017],[33.129316,47.2192247],[33.1339708,47.2132128],[33.1353301,47.2126605],[33.1366534,47.2123844],[33.142379,47.2110802],[33.1427527,47.2107196],[33.1428689,47.2097468],[33.1417242,47.2084289],[33.1407657,47.2083821],[33.1396856,47.208038],[33.1391885,47.2071663],[33.1376096,47.2057392],[33.1365198,47.2055504],[33.135902,47.2058572],[33.1342215,47.2057635],[33.1336387,47.2049586],[33.1318025,47.2032732],[33.1306269,47.2028387],[33.1284942,47.2026214],[33.1275995,47.2031834],[33.1268517,47.2032603],[33.1238724,47.2024624],[33.1144355,47.1909091],[33.0673967,47.2007253],[33.05943,47.1944003],[33.0521513,47.1906409],[33.0390621,47.1890114],[33.0365653,47.1869003],[33.0361285,47.1828058],[33.0391244,47.1800824],[33.0390302,47.1785258],[33.0378355,47.1775978],[33.0326033,47.1776589],[33.0274123,47.1762308],[33.0251397,47.1763194],[33.0209802,47.1785817],[33.015467,47.1797711],[33.0121851,47.1820104],[33.0114348,47.1845993],[33.0129479,47.1870605],[33.0127445,47.1885883],[33.0113246,47.1909666],[33.0062993,47.1960278],[33.0034766,47.196287],[33.0011688,47.1957296],[33.0003202,47.1943557],[33.0001583,47.1925152],[33.0027098,47.1923046],[33.0040597,47.191394],[33.0038371,47.1901136],[33.0022412,47.1892999],[32.9953426,47.190594],[32.9913299,47.1893323],[32.991031,47.1884722],[32.9919974,47.1864088],[32.9917621,47.1850455],[32.9910785,47.1800004],[32.9922535,47.1746681],[32.9956732,47.169493],[32.9960028,47.1674688],[32.9958903,47.1661913],[32.9947478,47.1652639],[32.9932354,47.1653347],[32.9914655,47.1660763],[32.9900226,47.1673808],[32.9889655,47.168122],[32.9878227,47.1686297],[32.9876239,47.1680872],[32.9877685,47.1675446],[32.9892052,47.1669499],[32.9906014,47.1648447],[32.9912679,47.158742],[32.9918083,47.1578619],[32.9938507,47.1564857],[32.9939105,47.1539285],[32.9930695,47.153268],[32.9917564,47.1532495],[32.990267,47.1540288],[32.9888786,47.1552355],[32.9878839,47.1557221],[32.9861168,47.1558002],[32.9850096,47.1542766],[32.9846757,47.1528117],[32.9852859,47.152018],[32.987559,47.1517355],[32.9900896,47.1515696],[32.9913741,47.1511212],[32.9930715,47.150185],[32.9955079,47.1462145],[32.9959104,47.1449299],[32.9980427,47.141573],[33.0001815,47.1386686],[33.0016371,47.1358443],[33.001721,47.1344905],[33.0024925,47.132383],[33.0027152,47.1315863],[33.0018825,47.1298157],[33.0009941,47.1296312],[32.9999062,47.1278747],[32.9988903,47.126646],[32.9963224,47.1253017],[32.994309,47.1240164],[32.9925612,47.1226778],[32.9875675,47.120636],[32.9818875,47.1196161],[32.9763692,47.1182981],[32.9726232,47.1170256],[32.9701065,47.1160389],[32.9661737,47.1156946],[32.9627391,47.1158017],[32.9595619,47.1162592],[32.9520932,47.1173006],[32.9505904,47.1170036],[32.9502892,47.1156843],[32.9508791,47.114116],[32.9520111,47.1127188],[32.9537438,47.111672],[32.9565653,47.1103962],[32.9593759,47.1095395],[32.9635492,47.1086438],[32.9662794,47.1082834],[32.9699191,47.1083077],[32.9715672,47.1080277],[32.9723141,47.10766],[32.9727965,47.107183],[32.9737937,47.1049534],[32.973804,47.1032933],[32.9735567,47.1012827],[32.9729545,47.100368],[32.9726105,47.0994141],[32.9699491,47.0974668],[32.9671159,47.0969901],[32.9642827,47.0970392],[32.9614924,47.0975557],[32.959217,47.0985104],[32.9553087,47.1007651],[32.950994,47.1053685],[32.9500264,47.1059407],[32.9486465,47.1061846],[32.9445201,47.105961],[32.942175,47.1053138],[32.9395726,47.1039655],[32.9390026,47.1030799],[32.9384671,47.1016309],[32.9375556,47.1002053],[32.9357267,47.0941462],[32.9343833,47.0877858],[32.9333834,47.0863925],[32.9302551,47.0845172],[32.9261828,47.0834599],[32.924836,47.0834833],[32.9236608,47.0839158],[32.9165467,47.0850436],[32.9153006,47.0856468],[32.9136047,47.0871757],[32.9133145,47.0879109],[32.9107499,47.0905746],[32.9095212,47.0918377],[32.908864,47.0935795],[32.9086358,47.0969575],[32.9105095,47.1005644],[32.9132489,47.1034487],[32.9135423,47.1043174],[32.9131046,47.1052342],[32.9106541,47.1076498],[32.9057142,47.1102989],[32.9019196,47.1121887],[32.8998935,47.1128999],[32.8949322,47.1135768],[32.8938332,47.1132605],[32.8931562,47.1126876],[32.8919595,47.1110868],[32.8911251,47.1090889],[32.8906651,47.1064542],[32.8908917,47.1033521],[32.894716,47.0965711],[32.8952545,47.0949627],[32.8972404,47.0918796],[32.8982819,47.0890887],[32.8976385,47.0880569],[32.8943128,47.0867521],[32.8845084,47.0822908],[32.8752089,47.0786593],[32.8715037,47.0769002],[32.8701662,47.0767799],[32.8645192,47.0788238],[32.8623813,47.0792023],[32.8526432,47.0786899],[32.8488892,47.0799524],[32.8478699,47.0826875],[32.846244,47.0845811],[32.8438856,47.0857617],[32.8432211,47.0893323],[32.8114823,47.0974587],[32.7795868,47.0987058],[32.7470041,47.0983079],[32.7552867,47.0675364],[32.7229518,47.067586],[32.6950885,47.0677757],[32.6856564,47.0678403],[32.6695009,47.0668375],[32.6530131,47.0665],[32.6389075,47.0656636],[32.6233347,47.0631859],[32.6102365,47.0604502],[32.605647,47.059482],[32.5970774,47.0581553],[32.5390417,47.0475649],[32.5325583,47.0343848],[32.5194515,47.0148811],[32.4871751,46.9980677],[32.4764465,46.9847194],[32.4225553,46.9589532],[32.4058668,46.8975883],[32.3612991,46.8964354],[32.3540139,46.8798796],[32.3567438,46.8668509],[32.3611987,46.8561673],[32.3637473,46.8318811],[32.3573975,46.7854984],[32.3048163,46.7573728],[32.2449066,46.7704252],[32.217432,46.7495852],[32.1872734,46.7471601],[32.1704922,46.7457019],[32.1657363,46.7021234],[32.1782561,46.6353304],[32.1181862,46.6309714],[32.0948902,46.6340049],[32.0880776,46.6167605],[32.1042415,46.6124143],[32.1133517,46.6045799],[32.119713,46.596745],[32.1385957,46.5568622],[32.1846008,46.5752733],[32.2089766,46.5762173],[32.2463986,46.5922626],[32.2594448,46.5903752],[32.2785946,46.5809827],[32.320535,46.5533911],[32.4242085,46.5677111],[32.4302168,46.5602164],[32.4487507,46.5632228],[32.467975,46.571183],[32.4767249,46.5829711],[32.5114018,46.5963907],[32.5439427,46.5956148],[32.5606573,46.5980648],[32.5790891,46.5970914],[32.5896907,46.6024557],[32.637241,46.638298],[32.6544025,46.6529993],[32.6617889,46.6566227],[32.6714359,46.6598673],[32.6723546,46.6597957],[32.6759038,46.6610263],[32.6797814,46.6620687],[32.6841741,46.6629047],[32.6949403,46.6665148],[32.7001964,46.6680724],[32.7056244,46.6693058],[32.7073192,46.6702444],[32.708982,46.6705518],[32.709438,46.6716624],[32.7105136,46.6719528],[32.709764,46.6704488],[32.7111215,46.6709121],[32.7143887,46.672303],[32.7176619,46.6736416],[32.7191113,46.6739601],[32.7198633,46.6657683],[32.7211242,46.6654729],[32.7206076,46.6701655],[32.72036,46.6740652],[32.7212711,46.6746668],[32.7237869,46.6748947],[32.7263886,46.6752993],[32.7294409,46.6750557],[32.7298405,46.67553],[32.7313385,46.6754506],[32.7351988,46.6753077],[32.7364423,46.675457],[32.7374131,46.6750781],[32.7385127,46.6748759],[32.7388236,46.6745009],[32.7406364,46.6744792],[32.7412424,46.6748364],[32.7502143,46.6733071],[32.7580702,46.6725576],[32.7679407,46.6727274],[32.7776397,46.673338],[32.7831781,46.6739781],[32.7932433,46.6765945],[32.802611,46.6802873],[32.8120658,46.6844213],[32.8136076,46.6834066],[32.8181765,46.6842131],[32.8344628,46.6906415],[32.8379818,46.6941554],[32.8697013,46.7075272],[32.9421856,46.7396531],[33.0135971,46.7420058],[33.0458696,46.7467111],[33.0948859,46.7689454],[33.1559977,46.7884599],[33.2298124,46.7865792],[33.3091201,46.7741186],[33.3292905,46.7799378],[33.351116,46.7790846],[33.3534253,46.7795566],[33.3566788,46.782027],[33.3566199,46.782589],[33.359021,46.7856416],[33.3590776,46.7869083],[33.3620449,46.7892299],[33.3654075,46.7913863],[33.3805316,46.8051472],[33.4121732,46.8296556],[33.4418265,46.8417292],[33.4697722,46.8467501],[33.508568,46.8580732],[33.5904632,46.8537657],[33.5990403,46.894156],[33.5952613,46.9345462],[33.6550291,46.9850037],[33.6619659,46.9998455],[33.6573283,47.0484019],[33.7499326,47.0920155],[33.763927,47.0979765],[33.7872047,47.1308085],[33.7816567,47.1786881],[33.7896706,47.1836219],[33.8249067,47.1959862],[33.8548273,47.2071725],[33.8655878,47.2096232],[33.8847003,47.2200357],[33.9028044,47.2324174]]],[[[36.2825736,50.232937],[36.2922319,50.2449716],[36.3058471,50.247144],[36.319009,50.2822468],[36.328567,50.2898094],[36.2971111,50.2921045],[36.2989768,50.2990622],[36.2857354,50.2990016],[36.2855638,50.3034971],[36.2843622,50.3064576],[36.275779,50.3174201],[36.2785255,50.3233388],[36.2733757,50.3242156],[36.2840188,50.3349548],[36.276809,50.3404331],[36.2553622,50.3552215],[36.2409443,50.3585062],[36.232918,50.3647203],[36.2307269,50.3715912],[36.2134311,50.3837698],[36.2026512,50.3961656],[36.1832506,50.4056319],[36.1772379,50.4021858],[36.1354336,50.3845705],[36.1262034,50.3248327],[36.1305818,50.3149039],[36.1262053,50.292689],[36.1425132,50.2850116],[36.1843476,50.2795968],[36.2187009,50.2661829],[36.224587,50.252947],[36.2366193,50.2455451],[36.2661534,50.242309],[36.2825736,50.232937]]],[[[36.328567,50.2898094],[36.319009,50.2822468],[36.3058471,50.247144],[36.2922319,50.2449716],[36.2825736,50.232937],[36.2645779,50.208956],[36.2654791,50.1953313],[36.2726573,50.1932824],[36.275173,50.1902766],[36.2730974,50.1880126],[36.2717357,50.184474],[36.282532,50.1860613],[36.3011586,50.1838128],[36.3832615,50.1503353],[36.4179368,50.143664],[36.4924575,50.1496698],[36.5487061,50.1420692],[36.5548755,50.148349],[36.6063219,50.1604745],[36.648519,50.1756785],[36.6787126,50.1795928],[36.7038189,50.1783521],[36.7511061,50.1542719],[36.7597322,50.1334502],[36.8144652,50.1511682],[36.8352972,50.1642584],[36.8424043,50.1782266],[36.8359548,50.2336462],[36.8026412,50.2324883],[36.6936089,50.2690885],[36.6886755,50.2666486],[36.6810432,50.2388939],[36.6638095,50.2216773],[36.6484169,50.2179886],[36.641264,50.222207],[36.6152823,50.227564],[36.6141327,50.2233415],[36.5953484,50.2307066],[36.5600279,50.2505013],[36.5686607,50.2577129],[36.5742656,50.2552273],[36.5780981,50.2585664],[36.5750792,50.2606201],[36.5806436,50.2628383],[36.57761,50.268268],[36.5755199,50.2744108],[36.5735197,50.2753467],[36.5937197,50.2758146],[36.5934351,50.2780517],[36.5911895,50.278567],[36.5895945,50.2792907],[36.5882389,50.2811334],[36.58799,50.2817804],[36.5886808,50.2839138],[36.5867085,50.2851999],[36.5837051,50.2862541],[36.5699292,50.2857503],[36.5623335,50.2848067],[36.5597593,50.2842356],[36.5563857,50.2816126],[36.5256983,50.2864243],[36.5272974,50.292686],[36.5241483,50.2936236],[36.5210803,50.2931423],[36.5186881,50.2938886],[36.5165532,50.293922],[36.5164254,50.2947138],[36.5165987,50.2953104],[36.5157436,50.296065],[36.5133469,50.2959291],[36.511729,50.2957669],[36.500616,50.2997418],[36.4974514,50.3027089],[36.491682,50.306137],[36.4900322,50.3082491],[36.4898224,50.3101711],[36.4876103,50.3125969],[36.4402316,50.3121584],[36.4343951,50.3294759],[36.4335368,50.3309005],[36.4282153,50.3296951],[36.4250713,50.3281882],[36.424674,50.3273388],[36.423161,50.3266264],[36.4216482,50.3241056],[36.4188585,50.3216942],[36.4158977,50.3185706],[36.4133875,50.316351],[36.4086555,50.3122541],[36.3998051,50.3071702],[36.3756865,50.3007561],[36.3742275,50.3005367],[36.3788623,50.2939025],[36.3665449,50.2882545],[36.3614385,50.2874317],[36.354402,50.289054],[36.328567,50.2898094]]],[[[36.8026412,50.2324883],[36.8359548,50.2336462],[36.8424041,50.1782546],[36.8804021,50.1083045],[36.9057934,50.0764699],[37.0610997,49.8902496],[37.0164541,49.8558724],[37.0157241,49.8393788],[37.0060102,49.8300984],[36.9239556,49.7899968],[36.9261191,49.7668411],[36.8640666,49.7351359],[36.8196367,49.7278843],[36.800829,49.7302398],[36.8016932,49.7084238],[36.8115574,49.6154882],[36.7727243,49.6072751],[36.7802413,49.597747],[36.8221036,49.5985448],[36.873913,49.5979903],[36.9151866,49.6079714],[36.9461569,49.5974725],[36.9653118,49.5776824],[36.8842749,49.4910726],[36.8128929,49.5067679],[36.7800533,49.4873179],[36.7912001,49.4463834],[36.8344108,49.4207434],[36.8286604,49.4120047],[36.8273515,49.4091567],[36.8376755,49.4051672],[36.8727088,49.3873213],[36.8887866,49.3809177],[36.8947716,49.3830019],[36.896147,49.3967764],[36.922416,49.4039147],[36.9363281,49.4036767],[36.9684619,49.3829891],[37.014993,49.3791518],[37.0455411,49.38074],[37.0523173,49.38293],[37.0628707,49.3840018],[37.0824696,49.3655878],[37.1024007,49.3565603],[37.1034629,49.3465564],[37.1105803,49.3394045],[37.1231882,49.3333702],[37.1280312,49.3358898],[37.1363078,49.3355006],[37.1343426,49.3332497],[37.1287038,49.3328235],[37.1274638,49.3317679],[37.1326794,49.3289234],[37.134336,49.3311542],[37.1385461,49.3322243],[37.1435954,49.3326719],[37.1470996,49.3319237],[37.1534767,49.3316019],[37.1569011,49.3297908],[37.1567678,49.3264519],[37.1586728,49.3244974],[37.1621205,49.3152687],[37.1398244,49.2961911],[37.1139329,49.2843857],[37.0870217,49.2768292],[37.0805269,49.2857768],[37.0472468,49.2920336],[37.0277163,49.2926794],[36.9989414,49.3006823],[36.9784613,49.3032474],[36.96084,49.3038924],[36.9489505,49.2948749],[36.9485249,49.2889269],[36.9428779,49.2801599],[36.9247228,49.2751549],[36.9227603,49.2651419],[36.9353293,49.2545312],[36.936453,49.2413761],[36.9442114,49.2262771],[36.9377636,49.2225298],[36.9296886,49.2154814],[36.9307143,49.2085641],[36.9259115,49.2023552],[36.9245537,49.1975657],[36.9222609,49.1951124],[36.9211405,49.1835978],[36.9252888,49.179508],[36.9277057,49.1771262],[36.9323472,49.1761596],[36.9480574,49.1747782],[36.9569427,49.174985],[36.9493486,49.1792318],[36.9549519,49.1790282],[36.958604,49.1817626],[36.9641906,49.1796018],[36.9630048,49.174159],[36.9679962,49.1701749],[36.9758131,49.171774],[36.9812668,49.1710022],[36.9801974,49.1747196],[36.9826532,49.1756159],[36.9855035,49.1724714],[36.9884568,49.1735887],[36.9899004,49.1771689],[37.0006821,49.1802871],[37.0071361,49.1755265],[37.0258718,49.1693695],[37.0374026,49.1553689],[37.0303924,49.1335092],[37.0104416,49.1402943],[36.9845681,49.1228908],[36.9713934,49.113693],[36.9819059,49.1012893],[37.0027653,49.106964],[37.0516101,49.1128026],[37.0792548,49.1091932],[37.0933861,49.0920208],[37.0934357,49.0714756],[37.119916,49.0703013],[37.1457097,49.0715953],[37.1735402,49.0630025],[37.1780154,49.0375338],[37.1687823,49.0274808],[37.1705385,49.0165274],[37.1902082,49.0082718],[37.2071267,48.9973069],[37.26174,48.9939021],[37.3024868,48.9893414],[37.3393113,48.9906947],[37.3733607,48.995544],[37.3820684,48.9961676],[37.3939753,48.9925367],[37.4081124,48.9910444],[37.4250971,49.0028195],[37.4396827,49.0040061],[37.4731377,49.027366],[37.4996722,49.0162604],[37.5107401,49.017665],[37.520494,49.018475],[37.5223126,49.0202041],[37.5258748,49.0218015],[37.5354882,49.0220194],[37.5556596,49.0258999],[37.5723164,49.0320782],[37.5743902,49.0349791],[37.5817178,49.0382048],[37.5852543,49.0398002],[37.602697,49.0454457],[37.6077137,49.0455963],[37.6111345,49.0449029],[37.6143835,49.044997],[37.6195084,49.0456352],[37.6228916,49.0447735],[37.6252441,49.0429457],[37.6258797,49.0400778],[37.6277167,49.0378288],[37.6374787,49.0371015],[37.6483676,49.0352181],[37.658054,49.0331087],[37.6627643,49.0309838],[37.662574,49.0282116],[37.6595606,49.0260376],[37.6555176,49.0243138],[37.6548433,49.0235045],[37.654684,49.0224701],[37.6558246,49.0214708],[37.6580379,49.0205561],[37.6615478,49.0211119],[37.6647143,49.0205418],[37.666584,49.0191766],[37.6667371,49.0173611],[37.6491158,49.0107602],[37.6459168,49.0041584],[37.6396303,49.0063392],[37.6230463,48.9950054],[37.6255962,48.9922851],[37.6315916,48.9930087],[37.6332955,48.9918174],[37.6312656,48.989021],[37.626146,48.9869004],[37.6267216,48.9855881],[37.6317692,48.9829295],[37.6282818,48.9695441],[37.6271894,48.9673376],[37.623694,48.9667652],[37.6202221,48.9672542],[37.6166259,48.9669362],[37.6146394,48.9635612],[37.6151849,48.9620177],[37.6276633,48.9551692],[37.6325276,48.9545625],[37.6341012,48.9520044],[37.6381493,48.9489217],[37.6480332,48.9469658],[37.6597956,48.9447131],[37.6636169,48.9450518],[37.6661284,48.9438118],[37.6736498,48.9435299],[37.6832316,48.9478704],[37.6896748,48.9492219],[37.6925731,48.9527443],[37.6953,48.9542376],[37.6946798,48.9575906],[37.6994338,48.9592671],[37.7099384,48.9562094],[37.717717,48.9575284],[37.7258972,48.952044],[37.7262953,48.949189],[37.7242626,48.9474234],[37.724362,48.9462026],[37.7261418,48.9436226],[37.731183,48.9447632],[37.7337488,48.9441596],[37.7402527,48.9374272],[37.7660937,48.9205692],[37.7697062,48.9096578],[37.767911,48.9034846],[37.7640159,48.8911491],[37.7588775,48.8895917],[37.7623308,48.8870705],[37.7665033,48.8820707],[37.769903,48.8819247],[37.776464,48.8843197],[37.7787769,48.8871095],[37.7888119,48.8926885],[37.8061284,48.893973],[37.8232738,48.8945778],[37.8403771,48.8915586],[37.8431615,48.8889129],[37.8513527,48.886154],[37.8569199,48.8858281],[37.8593642,48.886839],[37.8618205,48.8872816],[37.8645342,48.8860593],[37.8649403,48.883671],[37.8617617,48.8824502],[37.8612408,48.8819277],[37.8620443,48.8811367],[37.8660856,48.8803034],[37.8684959,48.8786797],[37.8710848,48.8777466],[37.8750609,48.8772349],[37.8762754,48.878554],[37.8785197,48.87849],[37.8804637,48.8781155],[37.8837393,48.8791118],[37.88444,48.8811806],[37.8827514,48.8823266],[37.882035,48.8854089],[37.8837155,48.8864845],[37.890074,48.8872496],[37.8930422,48.888579],[37.8954097,48.8890053],[37.8983457,48.8885529],[37.9008953,48.8875079],[37.9032087,48.885193],[37.9042775,48.8835271],[37.9010292,48.8812394],[37.9011417,48.8794086],[37.9038718,48.8781635],[37.9055587,48.8782676],[37.9063227,48.8787845],[37.9108204,48.8802892],[37.9143226,48.8798268],[37.9205551,48.8820345],[37.9218229,48.883158],[37.9238632,48.8840557],[37.9259252,48.8855742],[37.9269134,48.8869543],[37.9307772,48.8918617],[37.9306149,48.8934775],[37.9319216,48.8968222],[37.9320191,48.8979322],[37.9325457,48.8990422],[37.9355303,48.9027292],[37.9378071,48.9052877],[37.9408566,48.9075077],[37.9468685,48.9114954],[37.9509048,48.9124173],[37.9545977,48.912098],[37.9568758,48.9088361],[37.9561362,48.9075552],[37.9548223,48.905589],[37.9521352,48.903397],[37.9532528,48.9020623],[37.9590263,48.9011789],[37.9610447,48.9015508],[37.9637283,48.9013654],[37.9700168,48.9027313],[37.9736308,48.9039356],[37.9749338,48.9071047],[37.9789623,48.910993],[37.983424,48.9112319],[37.9864703,48.9115204],[37.9879615,48.911381],[37.9891093,48.9109595],[37.9914588,48.9089301],[37.9925047,48.9064204],[37.9936284,48.9061244],[37.9943278,48.9065723],[37.9946838,48.9074997],[37.9945786,48.9095835],[37.995556,48.9105549],[37.9970699,48.9113007],[37.9999864,48.9112565],[38.004277,48.9089497],[38.0053492,48.907486],[38.0055202,48.905176],[38.0061823,48.9049053],[38.0072858,48.9056443],[38.0078407,48.9079446],[38.0084815,48.9088063],[38.009423,48.9094002],[38.0113958,48.9096689],[38.0134552,48.9082237],[38.0148069,48.908088],[38.0158153,48.9089254],[38.0159977,48.9103101],[38.0164162,48.9116525],[38.0174356,48.9121207],[38.0192864,48.9127214],[38.0204948,48.9134003],[38.020702,48.9146141],[38.020008,48.9165613],[38.0208055,48.9173309],[38.0228903,48.9175082],[38.025601,48.9173834],[38.0272096,48.9163509],[38.0281856,48.9146783],[38.0290757,48.9142467],[38.0302426,48.9147447],[38.0313238,48.9171322],[38.0358475,48.9241774],[38.0376598,48.9252937],[38.0392575,48.9274954],[38.0418524,48.9296432],[38.0419155,48.9325592],[38.0439098,48.9352779],[38.0512224,48.939442],[38.0541495,48.9400369],[38.0574628,48.9400962],[38.0643639,48.9373904],[38.0787146,48.939758],[38.0838519,48.9403916],[38.0904913,48.9405456],[38.0928774,48.9397638],[38.0943622,48.9384887],[38.0953145,48.9356143],[38.0957284,48.9352294],[38.1127501,48.9330678],[38.1147737,48.9323952],[38.1162824,48.9316802],[38.1169757,48.9300489],[38.1173685,48.9281921],[38.1182184,48.9274389],[38.1198837,48.9268548],[38.1255316,48.927082],[38.1274458,48.9269989],[38.1297031,48.9264505],[38.1325484,48.9243716],[38.1331834,48.9241396],[38.1367114,48.9259328],[38.1395377,48.9311784],[38.1394889,48.9318002],[38.1409359,48.9324937],[38.1422972,48.9333],[38.1438682,48.9332691],[38.1472845,48.9328717],[38.1527607,48.9314451],[38.1572497,48.9312306],[38.1622795,48.9311821],[38.1673523,48.9318383],[38.1814009,48.929756],[38.1846345,48.9298441],[38.1941053,48.9284968],[38.1987131,48.9288467],[38.2106638,48.9313209],[38.2330256,48.9418302],[38.2360201,48.956746],[38.2577418,48.9692683],[38.2399458,49.005535],[38.2615817,49.0244189],[38.2675244,49.0401423],[38.2281899,49.0642393],[38.1785853,49.1336855],[38.1834265,49.1622362],[38.1841131,49.2026309],[38.225312,49.2160885],[38.2342386,49.3696932],[38.1441438,49.3889459],[38.1084378,49.4443371],[38.1688634,49.5549321],[38.1331574,49.5976759],[38.1880896,49.7398852],[38.1771033,49.842727],[38.2553814,49.9099877],[38.2165736,49.9876346],[38.2156072,49.9778143],[38.1959947,49.9697825],[38.1961663,49.966249],[38.1980547,49.9626052],[38.1628639,49.9518925],[38.1716186,49.9423926],[38.1345351,49.9284719],[38.1269865,49.9225031],[38.129047,49.930459],[38.1249265,49.9423926],[38.0583215,49.9247134],[38.0460454,49.9155391],[38.0360912,49.9043743],[38.0264578,49.9064199],[38.0197412,49.9124449],[38.0125953,49.9188002],[38.0200516,49.9212595],[38.0170367,49.9248239],[38.0440735,49.9330013],[38.0330872,49.9441602],[38.0241642,49.9520022],[38.0092292,49.9629359],[38.0089702,49.964979],[38.0052779,49.9676846],[37.9992696,49.9642616],[37.9790155,49.9772907],[37.9649372,49.9794977],[37.9554957,49.9948394],[37.9251115,50.0353224],[37.8921581,50.0512016],[37.8616011,50.0557202],[37.8502666,50.0593534],[37.8186877,50.0722472],[37.7973947,50.0842535],[37.7548223,50.0783052],[37.7467614,50.0921813],[37.7359499,50.0985675],[37.7108768,50.1236707],[37.6898107,50.1430233],[37.6768623,50.14962],[37.6713932,50.1513791],[37.6549341,50.1663355],[37.6455021,50.1752416],[37.6411284,50.1759566],[37.6395009,50.1815087],[37.6426041,50.1909652],[37.6133725,50.2195455],[37.6272713,50.2423769],[37.6253801,50.2450055],[37.6270945,50.2643172],[37.6270978,50.2928447],[37.6286436,50.2961382],[37.6384305,50.3029405],[37.6367187,50.3104045],[37.6342303,50.3126525],[37.6296818,50.3146811],[37.6003263,50.3165433],[37.5857338,50.3147897],[37.5773235,50.3064577],[37.5549393,50.3305717],[37.520904,50.3367092],[37.5059418,50.3502926],[37.5064268,50.3527022],[37.4854326,50.3568208],[37.4831491,50.3594058],[37.4827014,50.3621663],[37.4715036,50.370534],[37.4711181,50.3755075],[37.4678352,50.3788701],[37.4652383,50.384422],[37.466097,50.3883334],[37.4664384,50.39791],[37.4666058,50.4073776],[37.4652279,50.4133435],[37.466043,50.4181555],[37.46497,50.4212178],[37.4637256,50.4248274],[37.4662578,50.4301868],[37.469562,50.4312533],[37.4814492,50.4316633],[37.4858274,50.4357634],[37.4849254,50.4452731],[37.4907203,50.4579543],[37.4775876,50.4599212],[37.473548,50.455825],[37.4677925,50.4532587],[37.4430689,50.4476858],[37.4325977,50.4439138],[37.4210994,50.4353306],[37.3963913,50.4312803],[37.3758226,50.4329954],[37.3524044,50.4376761],[37.3325907,50.4371074],[37.3202874,50.4330814],[37.3159392,50.4302759],[37.3089638,50.4257559],[37.3101217,50.4230588],[37.3048922,50.4152569],[37.3028341,50.4118936],[37.3000451,50.4065468],[37.2978783,50.4052956],[37.2927072,50.401692],[37.2573282,50.3914822],[37.2562849,50.3928697],[37.2218539,50.3793899],[37.2233578,50.3781199],[37.1826393,50.363709],[37.1598405,50.3588355],[37.1488546,50.3557691],[37.1423308,50.3616829],[37.1033635,50.3577404],[37.1038786,50.3529213],[37.0710026,50.3472837],[37.0587289,50.3468997],[37.0455133,50.3450344],[37.0369335,50.3486626],[36.9380527,50.3507306],[36.9174396,50.3475604],[36.8879067,50.337812],[36.8733999,50.3368543],[36.8547755,50.3306348],[36.8511742,50.3269614],[36.8329952,50.3139125],[36.8061267,50.3107914],[36.7991738,50.3063524],[36.7674203,50.3027299],[36.7642017,50.2908592],[36.7579131,50.2896258],[36.7536846,50.2896261],[36.7479318,50.287515],[36.7505889,50.2859527],[36.7508888,50.2833032],[36.7487855,50.2806537],[36.7389914,50.2829073],[36.7289478,50.2774529],[36.7198066,50.2775807],[36.6936089,50.2690885],[36.8026412,50.2324883]]],[[[38.5596882,48.8300656],[38.7055541,48.7754591],[38.6917155,48.7293629],[38.7535123,48.7183257],[38.7670659,48.7141542],[38.8084363,48.713248],[38.8300656,48.7168724],[38.8360738,48.7231013],[38.8413953,48.7333489],[38.8471459,48.7427454],[38.8561581,48.7503293],[38.8728093,48.7531022],[38.8920353,48.7507254],[38.9047382,48.7504424],[38.9198444,48.7454621],[38.9330624,48.7480655],[38.9361523,48.7435944],[38.9317749,48.7362926],[38.9446494,48.7352736],[38.9571808,48.7392927],[38.9594982,48.7469902],[38.9799258,48.7434812],[38.9884361,48.734854],[38.9965845,48.7242147],[38.9977862,48.7195715],[38.9943454,48.7156832],[38.9888597,48.7150412],[38.9831949,48.7140218],[38.9837882,48.7108694],[38.9955682,48.7122995],[38.9977862,48.7096043],[38.9965846,48.7063192],[38.9984728,48.7009947],[39.0018127,48.6972182],[39.0070558,48.6968026],[39.0137431,48.6958586],[39.0147806,48.6894373],[39.0122056,48.6833176],[39.0176913,48.6798232],[39.0192438,48.6766305],[39.0192438,48.6719829],[39.0235353,48.6692622],[39.0252519,48.6666547],[39.0266252,48.6626866],[39.021647,48.6615528],[39.0173555,48.6629133],[39.0096307,48.6624598],[39.012288,48.6585575],[39.018378,48.6568095],[39.027991,48.6534076],[39.0355441,48.6480774],[39.044478,48.6473779],[39.0534044,48.6482852],[39.0648982,48.6502322],[39.0707421,48.6525947],[39.0786385,48.6514606],[39.0872217,48.6516875],[39.0975214,48.651007],[39.1040444,48.6516875],[39.1108175,48.6558457],[39.1189714,48.6600978],[39.1239571,48.6612693],[39.1288494,48.6610425],[39.1371675,48.660438],[39.1380333,48.6628],[39.1375184,48.665521],[39.1383767,48.668412],[39.1418882,48.673419],[39.1463589,48.6769138],[39.1525387,48.6769705],[39.1590543,48.6768196],[39.168589,48.6805409],[39.1712497,48.6822409],[39.1759842,48.6849517],[39.1797608,48.6925443],[39.1837839,48.6979315],[39.1867021,48.7007639],[39.1891837,48.7021992],[39.1914153,48.705088],[39.192367,48.7071081],[39.1936682,48.7076087],[39.1959073,48.7066833],[39.1965053,48.7032323],[39.1999414,48.6995461],[39.2060142,48.6994045],[39.2077307,48.7013871],[39.2106489,48.7035962],[39.2139105,48.7056354],[39.2198329,48.7067682],[39.2237995,48.7100726],[39.2283301,48.7121488],[39.2328148,48.7122773],[39.2360688,48.7104274],[39.2390699,48.7103748],[39.2462612,48.713697],[39.2485551,48.7189657],[39.2493586,48.7243805],[39.2545095,48.7322642],[39.2521052,48.7366091],[39.2505603,48.7400055],[39.2523552,48.7426848],[39.2658307,48.7431376],[39.2670324,48.7455147],[39.2665249,48.7486085],[39.2656666,48.7515512],[39.2690065,48.7545695],[39.2742711,48.7541695],[39.2749577,48.7499819],[39.2806194,48.7501556],[39.285486,48.7517966],[39.2851608,48.7543623],[39.2859408,48.7584173],[39.2881158,48.7608828],[39.2931506,48.762378],[39.2983004,48.7652068],[39.301297,48.7684505],[39.3024203,48.7713165],[39.3043086,48.7735791],[39.3091075,48.7752951],[39.3142648,48.7757286],[39.3193215,48.7767657],[39.3254153,48.7755214],[39.3259378,48.7721084],[39.3259303,48.768507],[39.330916,48.7674697],[39.3377824,48.7671303],[39.3435255,48.7692425],[39.3487687,48.7695063],[39.3530527,48.7666402],[39.3497986,48.76317],[39.3447271,48.7611523],[39.3420739,48.7551355],[39.3455854,48.7504576],[39.3463654,48.7470996],[39.3492837,48.7422322],[39.3546052,48.7403077],[39.3575159,48.7358549],[39.3561501,48.732043],[39.3530602,48.7287594],[39.3534819,48.7260608],[39.3601768,48.7224371],[39.3667857,48.7210781],[39.3713285,48.7197891],[39.3721738,48.7169446],[39.3685024,48.7154719],[39.3630092,48.7157551],[39.3575159,48.7144526],[39.3541492,48.7129804],[39.3486561,48.7132069],[39.3454138,48.7117908],[39.3503061,48.7057871],[39.3525377,48.7006891],[39.3586124,48.696214],[39.367024,48.6913417],[39.3793107,48.6861562],[39.3890158,48.6842587],[39.3879858,48.6805753],[39.3903698,48.6779686],[39.3936313,48.6762684],[39.401032,48.6749646],[39.4058385,48.6735477],[39.411141,48.6696935],[39.4123426,48.666746],[39.4080511,48.662381],[39.4070963,48.6592629],[39.410701,48.6575053],[39.417501,48.6592626],[39.4372385,48.6563204],[39.4460791,48.6573976],[39.4506981,48.6554075],[39.4513148,48.6515576],[39.4481232,48.6473557],[39.4496729,48.6426975],[39.4505741,48.6413647],[39.4542219,48.6396349],[39.4598009,48.6395782],[39.4639317,48.6393083],[39.4656801,48.6379334],[39.4627302,48.6327854],[39.4631482,48.628886],[39.4673109,48.6285457],[39.4731046,48.6289995],[39.4785978,48.6289995],[39.4856788,48.6302759],[39.4892409,48.6314671],[39.4940044,48.6332256],[39.499755,48.6340481],[39.5026304,48.6348138],[39.506933,48.6353947],[39.5101946,48.635338],[39.5128427,48.6344001],[39.5157735,48.6297223],[39.5119844,48.6249834],[39.5116537,48.6217231],[39.5162758,48.617948],[39.5233267,48.6148575],[39.5270173,48.6094098],[39.5236681,48.6060311],[39.5224791,48.6025425],[39.5240115,48.598539],[39.5313928,48.5969496],[39.5321779,48.5933469],[39.5274446,48.5918406],[39.5252131,48.5884343],[39.5312211,48.5841193],[39.5415209,48.5841193],[39.5459841,48.5871852],[39.5458125,48.5921812],[39.5477007,48.5968361],[39.5545672,48.5994472],[39.5617769,48.5984255],[39.5656519,48.593801],[39.5653817,48.5887749],[39.5612745,48.5846606],[39.5681283,48.5818481],[39.5749216,48.5840928],[39.5823032,48.5888052],[39.5931909,48.5935437],[39.6010873,48.5912729],[39.6050355,48.5866175],[39.6000573,48.5853684],[39.5945642,48.5809396],[39.5943193,48.5762567],[39.6024606,48.574466],[39.6094987,48.5749203],[39.6148202,48.5798039],[39.6173778,48.5863139],[39.6221845,48.5868816],[39.6304242,48.5809766],[39.6409128,48.5828701],[39.6505257,48.5852548],[39.6699064,48.5891526],[39.6772879,48.5875629],[39.6880015,48.5869198],[39.6872709,48.5870843],[39.6867984,48.5877484],[39.6866907,48.5895424],[39.6861432,48.5898291],[39.6854832,48.5899583],[39.6839086,48.5907325],[39.6833787,48.5914318],[39.683221,48.5921079],[39.6830348,48.5924033],[39.680002,48.5923098],[39.6794939,48.5919507],[39.6795833,48.5906215],[39.6790701,48.5901982],[39.6786419,48.5901143],[39.6777198,48.5902284],[39.6767651,48.5907822],[39.6763736,48.5913004],[39.6757272,48.5930922],[39.6757257,48.5937894],[39.6762185,48.5944077],[39.6768298,48.5949987],[39.6776343,48.5954477],[39.6779105,48.595784],[39.6781759,48.5958578],[39.6785928,48.5957776],[39.6788764,48.5955955],[39.6792435,48.5955045],[39.6795451,48.5955158],[39.6799642,48.5957272],[39.6803132,48.5960245],[39.6804663,48.5962937],[39.680296,48.5967051],[39.6800822,48.5970137],[39.6799001,48.5971857],[39.6794979,48.5974385],[39.6789588,48.597728],[39.6785766,48.5978657],[39.6781602,48.5978991],[39.6778834,48.5979183],[39.6767071,48.597799],[39.6760225,48.5974414],[39.6753905,48.5967162],[39.6750423,48.5965239],[39.674482,48.5961368],[39.6736869,48.5957233],[39.6728387,48.5954668],[39.6718245,48.5952889],[39.6709098,48.5953135],[39.6701842,48.5954748],[39.6694049,48.5958135],[39.6688258,48.5962879],[39.6683001,48.5970077],[39.6679514,48.5978501],[39.6680131,48.5989383],[39.6681511,48.5997379],[39.66807,48.6007337],[39.6679424,48.6008763],[39.6680079,48.6011749],[39.6684537,48.6016293],[39.6688566,48.6021121],[39.6698389,48.6025027],[39.6707163,48.6030812],[39.6710692,48.6035975],[39.6708034,48.6039253],[39.6704345,48.6043162],[39.6696063,48.6046252],[39.668527,48.6048222],[39.6676762,48.6048852],[39.6664246,48.6048742],[39.6658445,48.6047906],[39.6653313,48.6046517],[39.6649442,48.6045945],[39.6643429,48.6045849],[39.6638865,48.6046215],[39.6636073,48.6046642],[39.6633067,48.6047707],[39.6627593,48.6050722],[39.6625285,48.6052088],[39.6622441,48.6053171],[39.6615273,48.6055384],[39.6612543,48.6056849],[39.6610564,48.6058846],[39.6609189,48.6066732],[39.6608619,48.6067878],[39.6607404,48.6069096],[39.660503,48.6072064],[39.6604357,48.6074381],[39.6604193,48.6077739],[39.6605715,48.6080828],[39.6606539,48.6083633],[39.6606269,48.6085002],[39.6605517,48.6086672],[39.660562,48.6089054],[39.6605673,48.6090177],[39.6606209,48.6090875],[39.6607977,48.6093476],[39.6609385,48.6095939],[39.661106,48.6099358],[39.6612092,48.6104889],[39.6613911,48.6107243],[39.6616696,48.6108816],[39.6622157,48.6113808],[39.662601,48.6117948],[39.6629521,48.6119985],[39.663314,48.6123157],[39.6635915,48.6126685],[39.6637295,48.6129645],[39.663991,48.6138174],[39.664186,48.6146269],[39.6647986,48.6151593],[39.6648313,48.615241],[39.6648181,48.6154539],[39.6648008,48.6156491],[39.6648673,48.6158973],[39.6650748,48.6161279],[39.6651545,48.6163105],[39.6653173,48.6165694],[39.6656414,48.617145],[39.6660621,48.6176532],[39.6661432,48.6178158],[39.666117,48.6181769],[39.6663913,48.6187437],[39.6665069,48.6192825],[39.6669135,48.6198355],[39.6671865,48.6203851],[39.6678672,48.6212822],[39.6681735,48.6214278],[39.6689734,48.6222967],[39.6715329,48.6243287],[39.6745861,48.6263606],[39.6776137,48.6280345],[39.6800075,48.6294245],[39.6843588,48.6315376],[39.6856559,48.6320765],[39.686953,48.6324594],[39.6876815,48.6327288],[39.6884529,48.6331968],[39.6901786,48.6350981],[39.6905727,48.6353325],[39.6910956,48.6354676],[39.6928041,48.6359714],[39.6934808,48.6364057],[39.6939859,48.6368542],[39.6941313,48.6372875],[39.6943125,48.6376262],[39.694365,48.6381068],[39.6943531,48.6386866],[39.694272,48.6390262],[39.6942851,48.6396001],[39.6940449,48.6404683],[39.6938926,48.6411435],[39.69387,48.6417576],[39.6937515,48.6427807],[39.6935527,48.6431434],[39.6930349,48.6434807],[39.6927009,48.643621],[39.6921369,48.6440597],[39.6915974,48.644825],[39.6913261,48.6453279],[39.6911822,48.6456807],[39.6911211,48.646231],[39.6913153,48.6464877],[39.6915953,48.6466805],[39.6918914,48.6468982],[39.6920234,48.6471505],[39.6920894,48.6473618],[39.6920963,48.6476368],[39.6922611,48.6477251],[39.6924642,48.6478756],[39.6927025,48.6481334],[39.6929317,48.6483987],[39.6932018,48.6487901],[39.6934013,48.6489557],[39.6935766,48.6492045],[39.6938843,48.6493985],[39.6942233,48.6494742],[39.6944464,48.6495404],[39.6946358,48.649655],[39.6948485,48.6498558],[39.6949843,48.6499155],[39.6952803,48.6501261],[39.6957769,48.6503501],[39.6965295,48.6506286],[39.6967552,48.6507204],[39.6970131,48.6507874],[39.6972714,48.6509001],[39.6982514,48.6516017],[39.6986292,48.6518515],[39.698979,48.6520898],[39.6994651,48.6523791],[39.7001051,48.6525521],[39.7006826,48.6526563],[39.7011645,48.652797],[39.701679,48.6530126],[39.7018612,48.6530965],[39.7020917,48.6531553],[39.7022197,48.6531967],[39.7022995,48.6532433],[39.7028981,48.6538559],[39.7034609,48.6544378],[39.7039514,48.6547359],[39.7042382,48.6549631],[39.7045811,48.6553608],[39.7046372,48.6555738],[39.7047323,48.6558079],[39.7050696,48.6561659],[39.7051577,48.6563059],[39.7052662,48.6564574],[39.7054707,48.6565545],[39.7057444,48.6565604],[39.7060155,48.6566237],[39.706194,48.6567793],[39.7063324,48.6568165],[39.7065246,48.6568252],[39.7067006,48.6567632],[39.7068745,48.6566577],[39.7070258,48.6565199],[39.7071605,48.6563164],[39.70727,48.656161],[39.7073606,48.6560479],[39.7076504,48.6557544],[39.7080521,48.6554428],[39.7081901,48.655345],[39.7084729,48.6550664],[39.7086056,48.6549235],[39.7088114,48.6547138],[39.7090752,48.6545593],[39.7093547,48.6544768],[39.7095132,48.6544603],[39.7096917,48.6544999],[39.7099767,48.6545215],[39.7101675,48.6545819],[39.7103246,48.6546555],[39.7105399,48.6548341],[39.7106909,48.6550161],[39.7107812,48.6551372],[39.7108827,48.6555273],[39.7109495,48.6560306],[39.7108339,48.6569202],[39.7105344,48.6574582],[39.7099184,48.6584498],[39.7096,48.6592181],[39.7095347,48.6599301],[39.7095258,48.6606526],[39.7096917,48.661929],[39.7096205,48.6623544],[39.7101286,48.6628507],[39.7105939,48.6638926],[39.7107193,48.6642648],[39.710739,48.6648477],[39.7109742,48.6655147],[39.7110592,48.6663801],[39.7110026,48.6665508],[39.71047,48.6670046],[39.7103686,48.6671038],[39.7101921,48.6671605],[39.7097424,48.6673448],[39.7091533,48.6673945],[39.7084724,48.6674193],[39.7075152,48.6672581],[39.7071384,48.6670465],[39.7066875,48.6668412],[39.7062688,48.6667812],[39.7058167,48.6667016],[39.7054183,48.6666326],[39.7049797,48.6666557],[39.7044296,48.6666742],[39.7040159,48.6667314],[39.703581,48.6668044],[39.7032911,48.6668348],[39.7021215,48.6679811],[39.7025396,48.6687306],[39.7030004,48.6704068],[39.7118101,48.6750602],[39.7150311,48.6810023],[39.7221581,48.6839973],[39.7162393,48.6902791],[39.7155113,48.6956862],[39.7199333,48.6979207],[39.7027732,48.7066325],[39.7110139,48.713367],[39.7048355,48.7214608],[39.7227146,48.7341074],[39.7389251,48.7484075],[39.7414097,48.7717615],[39.7652011,48.765006],[39.7843065,48.7973463],[39.7971242,48.8405734],[39.80467,48.843574],[39.8080419,48.8394778],[39.807501,48.8385787],[39.8278294,48.8314627],[39.8304368,48.833552],[39.8862528,48.8209434],[39.9383224,48.7998877],[39.9522719,48.7974751],[39.958216,48.797851],[39.9761754,48.7937025],[40.0788287,48.8698642],[40.0712841,48.8769726],[40.0554925,48.9100958],[40.0484933,48.9101839],[40.0311927,48.9157989],[40.0180607,48.9077888],[40.0039777,48.9007903],[39.9919682,48.868735],[39.9415085,48.8866888],[39.9246772,48.8942476],[39.8532661,48.8910875],[39.8467438,48.9028239],[39.8367868,48.9030496],[39.8244272,48.8906359],[39.818934,48.9077887],[39.7942148,48.9249356],[39.7694958,48.9303492],[39.7887218,48.9474884],[39.7477808,48.9879451],[39.7329741,48.9801996],[39.7294443,48.9778547],[39.7270453,48.9752932],[39.724818,48.9765626],[39.724476,48.9780659],[39.7261598,48.9785086],[39.7264797,48.9786763],[39.7263788,48.9794586],[39.7252246,48.9802334],[39.7233621,48.9805175],[39.7215189,48.9812862],[39.7205544,48.9814663],[39.7189743,48.9816269],[39.7176204,48.982352],[39.7176885,48.9827446],[39.7179212,48.9833749],[39.7176153,48.9843606],[39.7174111,48.9845859],[39.7168955,48.9846986],[39.7167214,48.98491],[39.7164977,48.9856079],[39.7169164,48.9862399],[39.7169168,48.9865476],[39.7167673,48.9870644],[39.7157096,48.9879895],[39.7155438,48.9882232],[39.7154054,48.9885779],[39.7154291,48.9894],[39.7153475,48.9897066],[39.7150558,48.9898974],[39.713503,48.9895829],[39.712101,48.9899574],[39.7118016,48.9901915],[39.7107522,48.9915328],[39.7097347,48.9919487],[39.7076603,48.9924296],[39.7074317,48.9933462],[39.7074231,48.994063],[39.7069211,48.9950622],[39.7048355,48.9973999],[39.7039514,48.9987228],[39.7020651,48.9994149],[39.6999944,49.0004556],[39.6989215,49.0006583],[39.696958,48.9998926],[39.6933423,48.9990394],[39.6911752,48.9967306],[39.6912183,48.9960549],[39.6769283,48.9895361],[39.6634093,49.0008695],[39.6702746,49.0031459],[39.6792023,49.0128842],[39.6736555,49.0149315],[39.6756613,49.0268858],[39.6817337,49.0287303],[39.6835795,49.0369223],[39.6731505,49.0391727],[39.6929349,49.0495248],[39.729675,49.0430052],[39.7681225,49.0402983],[39.7887186,49.0499747],[39.8031412,49.0591995],[39.8203073,49.0582996],[39.8752387,49.0654984],[39.9088872,49.0574038],[39.9377233,49.0560499],[39.9425299,49.0713444],[39.9387357,49.0832597],[39.9727224,49.1252911],[39.9974614,49.1473102],[40.0315729,49.1802382],[40.0761276,49.1868252],[40.0927571,49.2031613],[40.1082875,49.2108803],[40.1217662,49.2307081],[40.1365378,49.2391541],[40.1768242,49.2368702],[40.209671,49.2417753],[40.2143684,49.2448843],[40.2208041,49.2577711],[40.2192618,49.2651691],[40.1859361,49.2840058],[40.1851963,49.3042066],[40.188524,49.3074409],[40.1910582,49.3179433],[40.1968119,49.3452254],[40.1918349,49.3483315],[40.1755684,49.3566161],[40.1701797,49.3563977],[40.1599319,49.3654561],[40.1620428,49.3682539],[40.1445965,49.3776647],[40.1124341,49.3857491],[40.0769068,49.4099548],[40.0593769,49.434088],[40.0480275,49.4443722],[40.029445,49.4537775],[40.041758,49.4991003],[40.037597,49.5198928],[40.1684327,49.5689182],[40.139523,49.5962718],[40.1352564,49.6162513],[40.0635357,49.5992308],[40.0567267,49.606571],[39.9522207,49.5965467],[39.9345988,49.5727807],[39.8902222,49.5583566],[39.8660215,49.5597836],[39.8389118,49.5635154],[39.8080571,49.5580478],[39.7683386,49.5852892],[39.7502298,49.5967168],[39.7127452,49.6059205],[39.6967454,49.6042891],[39.6869239,49.6115557],[39.6599932,49.6148084],[39.6383769,49.6350974],[39.6131314,49.6903603],[39.591959,49.7196306],[39.6083906,49.7339069],[39.5338327,49.7408455],[39.4787588,49.7564723],[39.438199,49.7600039],[39.4120602,49.7531086],[39.3769608,49.7384218],[39.3079217,49.7530412],[39.2855581,49.755664],[39.2799634,49.7609078],[39.2754686,49.7680241],[39.2646369,49.7684778],[39.2503694,49.7777994],[39.2403698,49.7911204],[39.2391442,49.7982241],[39.2289901,49.8084299],[39.2281121,49.8165004],[39.2256545,49.8401819],[39.1883931,49.8862199],[39.1784,49.8879987],[39.1285048,49.8597951],[39.1111368,49.839044],[39.0697611,49.8187284],[39.066231,49.8153466],[39.0335202,49.82237],[39.0216582,49.8209079],[38.9849036,49.8077809],[38.9711357,49.8072184],[38.9648911,49.8038751],[38.9488141,49.796072],[38.946661,49.7978041],[38.9394903,49.8006646],[38.9364393,49.8002009],[38.9334722,49.7997759],[38.9329084,49.7975781],[38.9307509,49.7971714],[38.9278092,49.7985739],[38.9274188,49.8013787],[38.9286977,49.8038859],[38.9259171,49.8041649],[38.9203554,49.804944],[38.9191867,49.8089397],[38.9161611,49.8127213],[38.9190365,49.8138599],[38.9182637,49.8148081],[38.9122526,49.8180335],[38.9098426,49.8182812],[38.9087973,49.8227646],[38.9073906,49.8284099],[38.9135056,49.8286273],[38.9150923,49.8310564],[38.9113965,49.8345865],[38.9143051,49.8369976],[38.9125661,49.8435934],[38.9065326,49.8446545],[38.9042752,49.8488149],[38.9096681,49.850847],[38.9195172,49.8586388],[38.9093357,49.8601006],[38.898465,49.8704141],[38.8764137,49.8694205],[38.8751339,49.8685366],[38.87459,49.8678766],[38.8745611,49.8666358],[38.8693967,49.8644861],[38.8668357,49.864889],[38.8653186,49.8660268],[38.8627136,49.8658678],[38.8571602,49.8680113],[38.8566102,49.8686469],[38.855853,49.8688883],[38.854455,49.868193],[38.8541729,49.8678573],[38.8541605,49.8674272],[38.8538353,49.8671201],[38.8520263,49.8665061],[38.8514124,49.8661631],[38.8506137,49.8658643],[38.8491023,49.8651008],[38.8467233,49.8654823],[38.846128,49.8657198],[38.845667,49.8658073],[38.8439298,49.8651801],[38.8432878,49.8651428],[38.8393432,49.8657594],[38.8389639,49.8660243],[38.8360165,49.8671348],[38.8363444,49.8673642],[38.8348111,49.8690675],[38.8346623,49.8709528],[38.8366818,49.8721511],[38.8356992,49.8738284],[38.8349355,49.8743344],[38.8344381,49.8745717],[38.8329709,49.8747421],[38.827761,49.8771566],[38.8270396,49.8777541],[38.8260257,49.8783681],[38.8244268,49.8789324],[38.8224303,49.878982],[38.7949557,49.8833076],[38.7901479,49.8785076],[38.7834858,49.8811108],[38.777681,49.8853176],[38.7682298,49.8960418],[38.7438449,49.8973048],[38.742281,49.8989189],[38.7338438,49.9050226],[38.7232453,49.927003],[38.6928985,49.9347634],[38.685298,49.9603414],[38.7153131,49.9823814],[38.7151347,49.9877076],[38.6874838,50.0058341],[38.6842822,50.0074883],[38.6797076,50.0025228],[38.6760522,49.9928115],[38.6797293,49.9744915],[38.6669388,49.9721541],[38.6461941,49.9559349],[38.6160761,49.9743876],[38.5815678,49.9774138],[38.5267136,49.9582684],[38.5078966,49.9640277],[38.4877041,49.9635998],[38.4832986,49.9765256],[38.4775179,49.9832689],[38.465912,49.9839589],[38.4680378,49.9952445],[38.4340933,50.0010164],[38.4160059,49.9813358],[38.3975608,49.9905828],[38.3495729,50.0064418],[38.3541621,50.019046],[38.3511987,50.0347384],[38.333974,50.0590905],[38.3290971,50.0852049],[38.3126358,50.0885826],[38.300294,50.0866717],[38.2927791,50.079324],[38.2770672,50.0729966],[38.2463336,50.0731122],[38.1785128,50.0797945],[38.1787134,50.0777809],[38.1790856,50.0774198],[38.1818466,50.0678015],[38.1819184,50.0668677],[38.1850647,50.0556901],[38.1838253,50.0458296],[38.1875578,50.0410481],[38.1880071,50.0393948],[38.1882313,50.0307843],[38.1886702,50.0268599],[38.1883893,50.0244699],[38.1881577,50.0234077],[38.1862524,50.0227729],[38.1853816,50.0220685],[38.1869793,50.0214602],[38.1924386,50.0137928],[38.1971766,50.0082193],[38.2009438,50.0046565],[38.2008054,50.0036314],[38.202641,50.0016684],[38.2050047,50.0007676],[38.2046727,49.9982874],[38.2050272,49.9967451],[38.2077102,49.9915087],[38.2098144,49.9901953],[38.21085,49.9892452],[38.2155322,49.9881847],[38.2164377,49.9871793],[38.2552452,49.9095324],[38.1769678,49.8422717],[38.1879541,49.7394299],[38.1330224,49.5972206],[38.168728,49.5544768],[38.1083031,49.4438818],[38.1440087,49.3884906],[38.2341027,49.3692379],[38.2251763,49.2156332],[38.1839778,49.2021756],[38.1832912,49.1617809],[38.17845,49.1332302],[38.2280542,49.063784],[38.2675244,49.0401423],[38.2615817,49.0244189],[38.2844417,49.0264547],[38.2997041,49.0248792],[38.3698935,48.9817692],[38.4022715,48.9556589],[38.413393,48.9399705],[38.4748205,48.9035945],[38.4952068,48.8707374],[38.5304354,48.8497759],[38.5596882,48.8300656]]]]}}]}
