{"type":"FeatureCollection","features":[{"type":"Feature","geometry":{"type":"Polygon","coordinates":[[[36.5192425,45.2939885,0],[36.5071402,45.2955583,0],[36.5182982,45.288856,0],[36.5333187,45.2797976,0],[36.5377819,45.2739994,0],[36.54585,45.2680798,0],[36.5491116,45.2613139,0],[36.5715991,45.2500758,0],[36.5782939,45.2490485,0],[36.557012,45.2670518,0],[36.5470516,45.2796768,0],[36.5317737,45.2861989,0],[36.5192425,45.2939885,0]]]},"properties":{"name":"Острів Тузла /// Occupied Tuzla Island","styleUrl":"#poly-880E4F-1200-77-nodesc","styleHash":"-6b23f4d9","styleMapHash":{"normal":"#poly-880E4F-1200-77-nodesc-normal","highlight":"#poly-880E4F-1200-77-nodesc-highlight"},"stroke-opacity":1,"stroke":"#880e4f","stroke-width":1.2,"fill-opacity":0.30196078431372547,"fill":"#880e4f"}},{"type":"Feature","geometry":{"type":"GeometryCollection","geometries":[{"type":"Polygon","coordinates":[[[35.3820643,45.3525144,0],[35.3112561,45.411424,0],[35.2014582,45.5233432,0],[35.1098671,45.5990246,0],[35.0500557,45.6672021,0],[34.9770528,45.765285,0],[34.9731806,45.7637409,0],[34.968107,45.7623163,0],[34.9582188,45.7600372,0],[34.9493437,45.7629357,0],[35.0310286,45.652672,0],[35.0747174,45.5981409,0],[35.0944199,45.5841157,0],[35.1082812,45.5825818,0],[35.1121529,45.5771065,0],[35.1180769,45.5670035,0],[35.125202,45.5594218,0],[35.1893449,45.5141155,0],[35.2899647,45.4057169,0],[35.3073882,45.3859899,0],[35.322745,45.3826559,0],[35.3369,45.3640037,0],[35.3549632,45.3483999,0],[35.369352,45.3265774,0],[35.3761844,45.3414385,0],[35.3967558,45.3256452,0],[35.4018709,45.3103418,0],[35.4193214,45.2969629,0],[35.4374817,45.2862265,0],[35.467835,45.3075439,0],[35.3820643,45.3525144,0]]]},{"type":"Polygon","coordinates":[[[35.467835,45.3075439,0],[35.4374817,45.2862265,0],[35.4068082,45.2644178,0],[35.2416821,45.3243264,0],[35.204621,45.3411922,0],[35.1649696,45.3446545,0],[35.1010963,45.349621,0],[35.0729656,45.3689183,0],[35.0393119,45.4152187,0],[35.0255588,45.4426858,0],[35.0873588,45.4650823,0],[35.1134863,45.4855397,0],[35.097133,45.5292483,0],[35.042263,45.5960367,0],[35.0473832,45.6128772,0],[35.0339616,45.6287569,0],[34.9926734,45.657634,0],[34.9821638,45.681297,0],[34.9710323,45.6889463,0],[34.92888,45.6774755,0],[34.9010875,45.6882086,0],[34.8888909,45.7017093,0],[34.875829,45.7134099,0],[34.8644448,45.7321869,0],[34.8780522,45.7473367,0],[34.8045347,45.7343911,0],[34.7282947,45.7309818,0],[34.7484798,45.761843,0],[34.7851745,45.7907793,0],[34.7490748,45.8226286,0],[34.72943,45.8276696,0],[34.7251264,45.8140506,0],[34.6996291,45.8139344,0],[34.7472953,45.8435332,0],[34.7587955,45.8669545,0],[34.796134,45.8920532,0],[34.7873421,45.9046163,0],[34.7595911,45.9032563,0],[34.7333458,45.8844129,0],[34.6968744,45.8788077,0],[34.6456643,45.8607057,0],[34.6008073,45.8373012,0],[34.5728517,45.8083642,0],[34.5286285,45.7881373,0],[34.5168682,45.8017495,0],[34.5243335,45.8191889,0],[34.5520838,45.8422677,0],[34.6238418,45.884452,0],[34.6352267,45.9084632,0],[34.6505463,45.9347968,0],[34.7008834,45.9591791,0],[34.6514148,45.9739079,0],[34.5560425,45.988691,0],[34.4785519,45.9469467,0],[34.3824645,46.0346918,0],[34.2253509,46.0639134,0],[34.1607715,46.0804296,0],[34.1225822,46.1081224,0],[34.0383336,46.1169353,0],[33.82395,46.1870691,0],[33.7548923,46.1408023,0],[33.7495407,46.1375786,0],[33.7475156,46.1379718,0],[33.7408734,46.1442412,0],[33.7356035,46.1472395,0],[33.7350527,46.1500004,0],[33.7281125,46.1552848,0],[33.7265893,46.1580037,0],[33.7262883,46.1617772,0],[33.7253409,46.1650441,0],[33.7261916,46.1668223,0],[33.7292662,46.1691906,0],[33.7299217,46.1710752,0],[33.7405319,46.1851281,0],[33.7386119,46.185275,0],[33.7358617,46.1860384,0],[33.7145537,46.1968941,0],[33.7079213,46.200273,0],[33.6970944,46.2034177,0],[33.6897001,46.204334,0],[33.6066801,46.1468776,0],[33.6134717,46.138416,0],[33.6148453,46.1267095,0],[33.6189643,46.114289,0],[33.6338964,46.0979166,0],[33.6431537,46.0780301,0],[33.6362742,46.0751698,0],[33.6372819,46.0813513,0],[33.6214674,46.0632658,0],[33.6121959,46.0418325,0],[33.6171785,46.014904,0],[33.6228726,46.000837,0],[33.6285431,45.9876045,0],[33.6307578,45.9776967,0],[33.6296884,45.9674259,0],[33.6275439,45.9564319,0],[33.6163934,45.9506791,0],[33.6215537,45.9458541,0],[33.6346116,45.94193,0],[33.640135,45.9493564,0],[33.6594173,45.9565555,0],[33.682856,45.9528033,0],[33.6926578,45.9567519,0],[33.723222,45.951262,0],[33.7427932,45.9517319,0],[33.7513769,45.9493368,0],[33.7557842,45.9392824,0],[33.7579871,45.9344939,0],[33.75607,45.9297057,0],[33.7493777,45.9274994,0],[33.7282669,45.9267258,0],[33.7208017,45.9244272,0],[33.7105903,45.916874,0],[33.7056001,45.9124071,0],[33.6958046,45.9074627,0],[33.6899492,45.9090379,0],[33.691284,45.9112313,0],[33.6877728,45.9127518,0],[33.6800935,45.9085396,0],[33.67557,45.9009372,0],[33.6757155,45.8923565,0],[33.6792256,45.8849596,0],[33.6799532,45.8750482,0],[33.6803219,45.8665067,0],[33.6856604,45.8588878,0],[33.6859296,45.8488623,0],[33.6828542,45.8438353,0],[33.6797799,45.8426347,0],[33.678423,45.8458584,0],[33.6815298,45.8502773,0],[33.6736971,45.8567142,0],[33.6662681,45.8600217,0],[33.6603343,45.8620923,0],[33.6573919,45.8657542,0],[33.6549378,45.8699698,0],[33.6558644,45.8726633,0],[33.6397449,45.8736363,0],[33.6346115,45.8784318,0],[33.6147267,45.8899326,0],[33.5951837,45.8839771,0],[33.5852577,45.8684574,0],[33.5716337,45.870661,0],[33.5586395,45.8617199,0],[33.5535178,45.8515079,0],[33.5482128,45.8435307,0],[33.5421287,45.8376274,0],[33.5363434,45.8451985,0],[33.527171,45.849723,0],[33.5176551,45.846594,0],[33.5076216,45.8410719,0],[33.4971139,45.8483554,0],[33.5242678,45.8630878,0],[33.5441019,45.8803349,0],[33.5405932,45.8849133,0],[33.5184662,45.8658644,0],[33.4920962,45.8565944,0],[33.4856034,45.8525363,0],[33.4818587,45.8532599,0],[33.4729954,45.8484896,0],[33.4339234,45.8379784,0],[33.4170901,45.8302054,0],[33.3748671,45.7965887,0],[33.3151998,45.770008,0],[33.2794116,45.7585976,0],[33.2381446,45.7500492,0],[33.2105469,45.7559314,0],[33.1814278,45.7734227,0],[33.1724861,45.7866032,0],[33.1807104,45.7997837,0],[33.1858308,45.8079522,0],[33.1833681,45.811366,0],[33.1764389,45.8053229,0],[33.1657369,45.7882695,0],[33.1604287,45.7656387,0],[33.1605576,45.7495414,0],[33.1524036,45.730959,0],[33.1387446,45.7183157,0],[33.1250751,45.7196617,0],[33.11481,45.7112164,0],[33.0966485,45.7146636,0],[33.0687571,45.705934,0],[33.0463678,45.692403,0],[33.0171537,45.6870091,0],[33.009427,45.6790235,0],[32.9973336,45.6779092,0],[32.9050861,45.6360774,0],[32.8219076,45.5878182,0],[32.8201285,45.5843929,0],[32.8225004,45.5832806,0],[32.831583,45.5841652,0],[32.8410082,45.582406,0],[32.8426546,45.5772541,0],[32.8431411,45.5705971,0],[32.8406482,45.56511,0],[32.8349486,45.5597237,0],[32.8273042,45.5563081,0],[32.8245397,45.5548513,0],[32.8166262,45.5589238,0],[32.7906892,45.5590224,0],[32.7550732,45.548477,0],[32.727683,45.5330863,0],[32.7105858,45.5239372,0],[32.7144138,45.5169495,0],[32.6909269,45.5081698,0],[32.69637,45.5177228,0],[32.6915269,45.52298,0],[32.5556209,45.4659496,0],[32.5050229,45.4261691,0],[32.4819345,45.4056494,0],[32.4808276,45.3909109,0],[32.4886441,45.3849884,0],[32.5074454,45.3819566,0],[32.5134582,45.3720378,0],[32.5103771,45.3608842,0],[32.495293,45.3482293,0],[32.4964907,45.3449896,0],[32.5355384,45.3390219,0],[32.570503,45.3340943,0],[32.5793963,45.3289693,0],[32.5948271,45.3276111,0],[32.621079,45.3199274,0],[32.6528184,45.3151327,0],[32.6772328,45.32508,0],[32.6829272,45.333912,0],[32.7114726,45.3448058,0],[32.7297279,45.3566612,0],[32.7641899,45.3668516,0],[32.8542627,45.3670736,0],[32.9083924,45.3605221,0],[32.9371025,45.3496162,0],[32.9667646,45.3366935,0],[32.9918481,45.3224993,0],[33.0434832,45.2878656,0],[33.0740304,45.2681259,0],[33.0810275,45.2601885,0],[33.0941264,45.2451025,0],[33.1073491,45.2326281,0],[33.1246878,45.2259538,0],[33.1385684,45.2149264,0],[33.1434036,45.2070898,0],[33.1516576,45.2007522,0],[33.167457,45.1934696,0],[33.1798209,45.1876511,0],[33.1852357,45.1837167,0],[33.1954571,45.183169,0],[33.201555,45.1826203,0],[33.2094089,45.1804086,0],[33.2181404,45.1776076,0],[33.2276534,45.1733016,0],[33.2357548,45.1675171,0],[33.2459386,45.1569381,0],[33.2549343,45.1498013,0],[33.2609256,45.1472646,0],[33.2663625,45.1467791,0],[33.2707971,45.1471418,0],[33.2738722,45.1464757,0],[33.2797012,45.1475952,0],[33.2822718,45.1482765,0],[33.2837288,45.1509173,0],[33.2860912,45.1538121,0],[33.2905346,45.1568327,0],[33.293829,45.158614,0],[33.2956486,45.1618045,0],[33.2957182,45.1663542,0],[33.297504,45.168483,0],[33.300406,45.1716404,0],[33.3050247,45.1734663,0],[33.3097568,45.1746445,0],[33.3186088,45.1750957,0],[33.3255723,45.1744576,0],[33.331162,45.1728513,0],[33.3486851,45.1746675,0],[33.3569698,45.1782214,0],[33.3590753,45.1817757,0],[33.3667193,45.1840434,0],[33.3744548,45.1856753,0],[33.3782219,45.1858486,0],[33.3746126,45.1872667,0],[33.3747801,45.1896522,0],[33.3737318,45.1929034,0],[33.3781579,45.1960177,0],[33.3849501,45.1971655,0],[33.3913248,45.1977683,0],[33.4010281,45.1965493,0],[33.4094482,45.1938671,0],[33.4159888,45.1914041,0],[33.4332529,45.1846374,0],[33.4508543,45.1742382,0],[33.4807573,45.1558915,0],[33.5102954,45.1346317,0],[33.5374075,45.1102177,0],[33.5624345,45.0814365,0],[33.581633,45.0511232,0],[33.596689,45.0120756,0],[33.6025946,44.9979727,0],[33.6043773,44.9804712,0],[33.5976519,44.9765496,0],[33.6109623,44.9257206,0],[33.6105925,44.8993192,0],[33.6064479,44.8717023,0],[33.6052004,44.8663859,0],[33.6008626,44.857663,0],[33.5956232,44.8475171,0],[33.5906429,44.8457225,0],[33.5868637,44.8470001,0],[33.5789642,44.8404874,0],[33.5696937,44.838843,0],[33.5595722,44.8399449,0],[33.552198,44.8395857,0],[33.5485985,44.8328932,0],[33.5502309,44.8222419,0],[33.5477436,44.8120781,0],[33.54552,44.8041697,0],[33.5406327,44.802652,0],[33.535058,44.7923643,0],[33.5407223,44.7617581,0],[33.5398624,44.7387125,0],[33.5475831,44.7244447,0],[33.5467184,44.7060292,0],[33.5463628,44.6779794,0],[33.5418641,44.6589325,0],[33.5356674,44.6459898,0],[33.5311908,44.6411069,0],[33.5256907,44.6383616,0],[33.5153851,44.637082,0],[33.5124742,44.6331489,0],[33.5082713,44.6319164,0],[33.5099459,44.6295904,0],[33.5183353,44.6284265,0],[33.5221859,44.629309,0],[33.5254838,44.6270618,0],[33.5285055,44.6275258,0],[33.5312174,44.6256803,0],[33.5329163,44.6265898,0],[33.5356517,44.625761,0],[33.5349536,44.6237107,0],[33.5393948,44.6237637,0],[33.5420971,44.6233813,0],[33.5468152,44.6240826,0],[33.5483554,44.6259744,0],[33.5504051,44.6258484,0],[33.5527869,44.6236417,0],[33.5606419,44.625336,0],[33.5639904,44.6226167,0],[33.5631343,44.6203556,0],[33.5734385,44.6197403,0],[33.5761949,44.6209549,0],[33.5779291,44.618497,0],[33.5807108,44.6170017,0],[33.5828418,44.6174325,0],[33.5895044,44.6148711,0],[33.5890962,44.6124382,0],[33.5951457,44.6112363,0],[33.5962602,44.6129879,0],[33.5998614,44.6133127,0],[33.6001952,44.610786,0],[33.5988033,44.609644,0],[33.5390757,44.6194771,0],[33.4501548,44.6159461,0],[33.3671252,44.5811213,0],[33.487616,44.4970494,0],[33.5540478,44.4868769,0],[33.6019479,44.4917389,0],[33.6270126,44.4795789,0],[33.6383395,44.4586871,0],[33.6427831,44.423395,0],[33.6891596,44.4152093,0],[33.715168,44.3996416,0],[33.7451087,44.3818594,0],[33.8607911,44.397006,0],[33.9616898,44.3897091,0],[34.1244732,44.4308203,0],[34.1464573,44.4793412,0],[34.249032,44.5065762,0],[34.3055437,44.5501151,0],[34.3552146,44.5459109,0],[34.4321494,44.682765,0],[34.5446135,44.7410058,0],[34.7288112,44.8078253,0],[34.9120951,44.8157703,0],[34.9698329,44.8375086,0],[35.0790016,44.7919526,0],[35.1261054,44.8237102,0],[35.1318378,44.8444582,0],[35.1402067,44.8670023,0],[35.1498931,44.8865457,0],[35.1629818,44.9006932,0],[35.1870623,44.9080271,0],[35.2100892,44.9102209,0],[35.2369585,44.9194658,0],[35.2499966,44.937815,0],[35.2434737,44.9528227,0],[35.2561771,44.9629687,0],[35.2712818,44.9675955,0],[35.2836408,44.9661604,0],[35.2967035,44.9622621,0],[35.3025476,44.9680837,0],[35.3192041,44.9695341,0],[35.3456885,44.9650381,0],[35.3817713,44.9479004,0],[35.3839103,44.9525034,0],[35.3531847,44.9764804,0],[35.3556696,44.9860378,0],[35.3650226,44.9946229,0],[35.3887009,45.0007996,0],[35.4209684,45.0121841,0],[35.4105918,45.0231085,0],[35.3911117,45.0260233,0],[35.3833907,45.0350032,0],[35.3856226,45.0499293,0],[35.4130934,45.0762582,0],[35.4462564,45.0984567,0],[35.4989407,45.1166504,0],[35.5411745,45.1269509,0],[35.5854754,45.131902,0],[35.6297695,45.1223028,0],[35.6936803,45.106322,0],[35.750681,45.0825557,0],[35.775046,45.0689711,0],[35.7891038,45.0563548,0],[35.8048863,45.0455584,0],[35.8144831,45.0333055,0],[35.8106804,45.0223889,0],[35.8219474,45.0192032,0],[35.8297795,45.0140758,0],[35.8344566,45.0077046,0],[35.8293935,45.0046731,0],[35.8357447,44.9990939,0],[35.8683554,45.0054,0],[35.8755659,45.0103718,0],[35.8879269,45.0126725,0],[35.9136661,45.0182611,0],[35.9258506,45.019111,0],[35.9531386,45.0141312,0],[35.9684176,45.0183747,0],[35.9823264,45.024558,0],[36.0046649,45.0451745,0],[36.0266503,45.0498222,0],[36.07129,45.0482523,0],[36.2010446,45.0330226,0],[36.2137506,45.0291009,0],[36.2264566,45.0290601,0],[36.2422657,45.0415901,0],[36.2477796,45.0492633,0],[36.2821366,45.0549895,0],[36.3281966,45.0591511,0],[36.372884,45.0574746,0],[36.3909776,45.0653589,0],[36.4368342,45.0839938,0],[36.4544341,45.1008902,0],[36.4362654,45.1139404,0],[36.4203108,45.1364537,0],[36.4185095,45.1544896,0],[36.4070909,45.1715577,0],[36.4012509,45.2148873,0],[36.4187578,45.2340262,0],[36.4227627,45.2429657,0],[36.4315772,45.2562531,0],[36.4354746,45.2721923,0],[36.4295309,45.2779761,0],[36.4217564,45.2721472,0],[36.4171994,45.286584,0],[36.4293428,45.29622,0],[36.4785752,45.3058437,0],[36.4919049,45.3173694,0],[36.4812201,45.3201835,0],[36.4731298,45.3244878,0],[36.4701147,45.3329161,0],[36.4696374,45.3383374,0],[36.4728335,45.3470807,0],[36.4771785,45.3502458,0],[36.4762621,45.3552063,0],[36.4822127,45.360166,0],[36.4889741,45.3624786,0],[36.498482,45.3628606,0],[36.5186846,45.3565357,0],[36.518973,45.3516596,0],[36.5316201,45.3513652,0],[36.5463246,45.3462433,0],[36.5681277,45.3473558,0],[36.5883899,45.3481292,0],[36.5959534,45.3458156,0],[36.6042184,45.3484248,0],[36.6063332,45.3531615,0],[36.6098796,45.3573254,0],[36.6197211,45.359376,0],[36.6256769,45.363476,0],[36.629355,45.368781,0],[36.6271021,45.3740878,0],[36.6335856,45.3764967,0],[36.6431248,45.3788986,0],[36.6450421,45.382257,0],[36.6405126,45.3886165,0],[36.627261,45.3942082,0],[36.6160671,45.4007628,0],[36.6042456,45.412031,0],[36.6101247,45.4152829,0],[36.6129554,45.4213075,0],[36.6025698,45.4273349,0],[36.5935558,45.4376984,0],[36.5853195,45.4396442,0],[36.5757092,45.440626,0],[36.5661011,45.4353605,0],[36.5671421,45.4277205,0],[36.5548099,45.4230424,0],[36.5452557,45.4242854,0],[36.5309558,45.4262862,0],[36.5229549,45.4298013,0],[36.5117576,45.4358631,0],[36.5051516,45.4412363,0],[36.4960562,45.4442702,0],[36.4874737,45.4503334,0],[36.478543,45.4542658,0],[36.4716643,45.4563464,0],[36.457917,45.4552914,0],[36.4469166,45.4576063,0],[36.4406809,45.4548197,0],[36.4426329,45.4521357,0],[36.4321212,45.4491708,0],[36.4323879,45.4466108,0],[36.4233111,45.444858,0],[36.4140851,45.4447172,0],[36.4038684,45.4482811,0],[36.3923522,45.4534719,0],[36.3830431,45.4580643,0],[36.3754008,45.4629065,0],[36.368345,45.4677681,0],[36.3569717,45.4702571,0],[36.3513832,45.4733024,0],[36.3443128,45.4789052,0],[36.3417584,45.4831634,0],[36.3406179,45.4776989,0],[36.3381048,45.4736789,0],[36.3227817,45.4704542,0],[36.3054011,45.4739692,0],[36.2941983,45.4798892,0],[36.2660312,45.4779036,0],[36.1709049,45.4697122,0],[36.1255871,45.4616911,0],[36.0775394,45.4478719,0],[36.0713455,45.4016019,0],[36.058299,45.3852148,0],[35.99701,45.3714908,0],[35.9401912,45.3784766,0],[35.8847818,45.4066898,0],[35.8465069,45.446506,0],[35.8636895,45.4542195,0],[35.8760595,45.4638555,0],[35.8678308,45.4732506,0],[35.8417749,45.4744726,0],[35.8236493,45.4663203,0],[35.8177466,45.4588693,0],[35.8183678,45.4514182,0],[35.8264752,45.4401288,0],[35.8023584,45.4242928,0],[35.750903,45.3954268,0],[35.7482156,45.3906603,0],[35.7265675,45.3497848,0],[35.7217501,45.3355618,0],[35.6353067,45.3206009,0],[35.5258253,45.2911927,0],[35.4987587,45.3061765,0],[35.467835,45.3075439,0]]]}]},"properties":{"name":"Окупований Крим /// Occupied Crimea","styleUrl":"#poly-880E4F-1200-77-nodesc","styleHash":"-6b23f4d9","styleMapHash":{"normal":"#poly-880E4F-1200-77-nodesc-normal","highlight":"#poly-880E4F-1200-77-nodesc-highlight"},"stroke-opacity":1,"stroke":"#880e4f","stroke-width":1.2,"fill-opacity":0.30196078431372547,"fill":"#880e4f"}},{"type":"Feature","geometry":{"type":"GeometryCollection","geometries":[{"type":"Polygon","coordinates":[[[29.2288658,47.1708802,0],[29.2288847,47.1709093,0],[29.2288497,47.1708984,0],[29.2288658,47.1708802,0]]]},{"type":"Polygon","coordinates":[[[29.179764,47.2066448,0],[29.1737921,47.1949364,0],[29.1695005,47.1895121,0],[29.1648657,47.184554,0],[29.1566089,47.1793196,0],[29.1468164,47.1655582,0],[29.1404606,47.1591442,0],[29.1339146,47.1548895,0],[29.1277461,47.1523662,0],[29.1226933,47.1522363,0],[29.1088106,47.1499911,0],[29.102846,47.1481853,0],[29.0996707,47.1456843,0],[29.0974405,47.1383457,0],[29.0933241,47.1325411,0],[29.0862087,47.1251343,0],[29.0682311,47.1138045,0],[29.065205,47.1094432,0],[29.0660199,47.1059779,0],[29.0688515,47.1038379,0],[29.071422,47.100375,0],[29.0889239,47.0895929,0],[29.0965472,47.0877203,0],[29.110763,47.0882405,0],[29.1149042,47.0876443,0],[29.1159784,47.085576,0],[29.1126342,47.08179,0],[29.1116109,47.07866,0],[29.1186617,47.0749721,0],[29.1240076,47.0749613,0],[29.1269744,47.0766929,0],[29.1289602,47.084597,0],[29.1346493,47.0946752,0],[29.13899,47.0980008,0],[29.1518869,47.1009027,0],[29.1538199,47.1030838,0],[29.1530516,47.1060437,0],[29.1542629,47.1144165,0],[29.1597925,47.1241889,0],[29.164758,47.127029,0],[29.1701397,47.1265187,0],[29.1726795,47.124404,0],[29.1748761,47.1166823,0],[29.1753135,47.1124937,0],[29.1746351,47.1091813,0],[29.1751831,47.1052779,0],[29.1774803,47.1049487,0],[29.1794997,47.1072111,0],[29.1854261,47.1131369,0],[29.1888677,47.1184451,0],[29.1892279,47.1224023,0],[29.1868588,47.1286813,0],[29.185624,47.1358084,0],[29.1797261,47.152279,0],[29.1807163,47.1577822,0],[29.1842418,47.1606169,0],[29.1973009,47.1633104,0],[29.207025,47.1630361,0],[29.218369,47.1587887,0],[29.2235706,47.1538793,0],[29.2254057,47.1454075,0],[29.2269834,47.144349,0],[29.2300099,47.1445234,0],[29.2325868,47.1473969,0],[29.2378264,47.1514795,0],[29.2413617,47.1570106,0],[29.2407939,47.1612433,0],[29.237427,47.163464,0],[29.2286331,47.1655715,0],[29.2276533,47.1682106,0],[29.2292129,47.169579,0],[29.23382,47.1692464,0],[29.2391092,47.1677803,0],[29.2482931,47.1638851,0],[29.2700511,47.151804,0],[29.291423,47.1415882,0],[29.2958004,47.1373846,0],[29.2962295,47.131283,0],[29.2926675,47.1236622,0],[29.2912942,47.1140836,0],[29.2930109,47.111163,0],[29.3011219,47.1056718,0],[29.3083594,47.103346,0],[29.3143676,47.1028786,0],[29.3253539,47.1047189,0],[29.3348595,47.1073772,0],[29.3414043,47.1069973,0],[29.3453095,47.1053031,0],[29.3500732,47.1005416,0],[29.3545363,47.0953999,0],[29.3568111,47.0900528,0],[29.3583987,47.0800301,0],[29.3650077,47.0714375,0],[29.3741057,47.062785,0],[29.3792556,47.0606216,0],[29.3895553,47.060797,0],[29.3911002,47.0598907,0],[29.3913577,47.0580781,0],[29.3893836,47.0567625,0],[29.3847487,47.0562947,0],[29.3802856,47.0524937,0],[29.3790839,47.048283,0],[29.3789123,47.0428438,0],[29.3804572,47.0391588,0],[29.3837188,47.0360001,0],[29.3880103,47.0329582,0],[29.388654,47.0308521,0],[29.3873237,47.02898,0],[29.3837188,47.0260546,0],[29.378054,47.0250893,0],[29.3724321,47.0261424,0],[29.3632053,47.0291847,0],[29.3612311,47.0345961,0],[29.3615745,47.0381059,0],[29.3589995,47.0406796,0],[29.3557809,47.0401239,0],[29.3549226,47.037053,0],[29.3574117,47.0310276,0],[29.3617461,47.0233632,0],[29.3666814,47.0175411,0],[29.3689559,47.0135325,0],[29.3722175,47.0082653,0],[29.3771527,47.0003635,0],[29.3768523,46.9958561,0],[29.3739341,46.9937486,0],[29.3614028,46.9926948,0],[29.3493436,46.9936315,0],[29.3338082,46.9925777,0],[29.3152259,46.9957098,0],[29.3099473,46.9955341,0],[29.308059,46.9932217,0],[29.3083594,46.9904701,0],[29.3081878,46.9849664,0],[29.3062137,46.9832098,0],[29.303038,46.9830634,0],[29.2990897,46.9853177,0],[29.2991326,46.9873377,0],[29.3006347,46.9896504,0],[29.3033813,46.9933973,0],[29.3061278,46.9980806,0],[29.3050121,46.9993392,0],[29.3028233,47.0000709,0],[29.2953132,46.9984318,0],[29.2920516,46.9950365,0],[29.291365,46.988011,0],[29.2922234,46.9830193,0],[29.2947982,46.9799599,0],[29.3014501,46.9750408,0],[29.3054412,46.9714975,0],[29.3100761,46.9662262,0],[29.3165133,46.9601049,0],[29.3224357,46.9524011,0],[29.3305467,46.9485047,0],[29.3364049,46.9460292,0],[29.3402885,46.9430261,0],[29.3489595,46.9385073,0],[29.3608449,46.9340011,0],[29.3722175,46.933415,0],[29.3813585,46.9343235,0],[29.3883107,46.9362575,0],[29.3944257,46.9392023,0],[29.4003699,46.9444324,0],[29.4071505,46.9494129,0],[29.4136307,46.9559748,0],[29.4199393,46.9615401,0],[29.4279216,46.9646154,0],[29.4382213,46.9648497,0],[29.448006,46.9613351,0],[29.4518684,46.9584939,0],[29.4561599,46.953192,0],[29.4636701,46.9507019,0],[29.4673822,46.9510243,0],[29.4705365,46.950204,0],[29.4748281,46.9441102,0],[29.4764159,46.9363454,0],[29.4755576,46.9298984,0],[29.4729827,46.9193469,0],[29.4680045,46.9106698,0],[29.464743,46.9062134,0],[29.4480918,46.9018739,0],[29.4546149,46.8908478,0],[29.4635413,46.8881495,0],[29.4673179,46.8809927,0],[29.4620608,46.8673803,0],[29.4559239,46.8668815,0],[29.4415043,46.8644168,0],[29.4369552,46.8625975,0],[29.4333504,46.8614825,0],[29.4321488,46.8596044,0],[29.4357536,46.8529133,0],[29.4357536,46.8493914,0],[29.4103478,46.8466911,0],[29.4048546,46.8462214,0],[29.4041679,46.8328351,0],[29.4050263,46.8158038,0],[29.3978165,46.8185057,0],[29.3964432,46.8068749,0],[29.3969582,46.8046425,0],[29.4069145,46.8033499,0],[29.4084595,46.7766701,0],[29.4024513,46.774554,0],[29.4014214,46.7584451,0],[29.4120644,46.7590331,0],[29.414296,46.7551521,0],[29.4582413,46.7592683,0],[29.4621895,46.773731,0],[29.4697426,46.7716148,0],[29.4754074,46.7803144,0],[29.4839905,46.7824303,0],[29.4875954,46.781725,0],[29.4891403,46.7781984,0],[29.5059631,46.7799618,0],[29.5081947,46.7846637,0],[29.5104263,46.7883075,0],[29.5123146,46.7888951,0],[29.5148895,46.784076,0],[29.5251892,46.7805495,0],[29.5349739,46.777258,0],[29.5381497,46.7761999,0],[29.5336864,46.7712032,0],[29.5410679,46.767676,0],[29.5499943,46.7669705,0],[29.5586632,46.7557402,0],[29.5598648,46.7420961,0],[29.5567749,46.7353903,0],[29.5586632,46.7242123,0],[29.5562599,46.7173867,0],[29.5629547,46.7142089,0],[29.5825241,46.7138559,0],[29.5742844,46.72433,0],[29.5718811,46.7325666,0],[29.5727394,46.7403315,0],[29.5811508,46.7432724,0],[29.5935104,46.7431548,0],[29.6070717,46.7409197,0],[29.6273277,46.7412726,0],[29.6426056,46.7431548,0],[29.6573685,46.7443311,0],[29.6573685,46.7358609,0],[29.6693848,46.7330373,0],[29.6697281,46.7212703,0],[29.6635483,46.7123258,0],[29.6669815,46.7036151,0],[29.6583126,46.7014373,0],[29.6486137,46.7010841,0],[29.6483563,46.6953741,0],[29.6549652,46.6953152,0],[29.6511887,46.6910764,0],[29.6599434,46.6897812,0],[29.6547936,46.6856597,0],[29.6527336,46.6822446,0],[29.6551369,46.6767093,0],[29.6635483,46.6752959,0],[29.6676682,46.6754137,0],[29.67432,46.6766798,0],[29.6776674,46.6762676,0],[29.6814011,46.673058,0],[29.6858643,46.6717623,0],[29.6910141,46.6722335,0],[29.6943615,46.6741769,0],[29.6942327,46.6772097,0],[29.6952198,46.6790059,0],[29.6993397,46.678417,0],[29.7013996,46.6760615,0],[29.70067,46.6714679,0],[29.6984814,46.666756,0],[29.6996401,46.665519,0],[29.7052191,46.6651362,0],[29.7176645,46.65739,0],[29.722514,46.6589806,0],[29.7268055,46.6613369,0],[29.7268484,46.6635459,0],[29.7229431,46.6666382,0],[29.722353,46.6690531,0],[29.7238228,46.6711144,0],[29.72702,46.6723513,0],[29.7288655,46.6723218,0],[29.7353885,46.6692003,0],[29.7410963,46.6650478,0],[29.7434138,46.6654602,0],[29.7461604,46.6686408,0],[29.7598503,46.6694654,0],[29.7630261,46.6686702,0],[29.7644851,46.6653719,0],[29.7611589,46.6599525,0],[29.7575758,46.6560351,0],[29.7555588,46.6530599,0],[29.7551297,46.6482286,0],[29.7563527,46.6475215,0],[29.7603436,46.649849,0],[29.767618,46.6525002,0],[29.7731754,46.6558878,0],[29.7743986,46.6556816,0],[29.7757076,46.6521908,0],[29.7748277,46.6499372,0],[29.7733042,46.6490462,0],[29.7712657,46.6483907,0],[29.7643993,46.6479045,0],[29.7586486,46.6473743,0],[29.7579191,46.6465199,0],[29.7595928,46.645312,0],[29.7673176,46.6376513,0],[29.7684682,46.6372296,0],[29.7694901,46.6374561,0],[29.7711477,46.639736,0],[29.7739051,46.6409072,0],[29.7757076,46.6405242,0],[29.7787974,46.6365316,0],[29.779173,46.6353382,0],[29.7784542,46.6330249,0],[29.7768341,46.6328115,0],[29.7649358,46.6339532,0],[29.7589706,46.6344836,0],[29.7548935,46.631883,0],[29.7517393,46.6304759,0],[29.7514819,46.6293413,0],[29.7542715,46.6286929,0],[29.7597645,46.6259815,0],[29.7629188,46.6231521,0],[29.763643,46.621391,0],[29.7633586,46.6203962,0],[29.76176,46.6200572,0],[29.7585629,46.6212657,0],[29.7544644,46.6234468,0],[29.7477482,46.6257752,0],[29.7422121,46.6255099,0],[29.7412787,46.6248836,0],[29.7414611,46.6238152,0],[29.7455166,46.6204404,0],[29.7495507,46.6185761,0],[29.7533701,46.6177727,0],[29.7555374,46.6168737,0],[29.7550867,46.6154883,0],[29.7531233,46.6143902,0],[29.7507308,46.6140585,0],[29.7479199,46.614427,0],[29.7476195,46.6135721,0],[29.7500657,46.6125845,0],[29.750924,46.6108305,0],[29.7472332,46.6079413,0],[29.7439824,46.6068358,0],[29.7414611,46.60688,0],[29.7393691,46.6084131,0],[29.7367833,46.6091796,0],[29.7350452,46.6083688,0],[29.7333285,46.6020445,0],[29.7311828,46.6008651,0],[29.728844,46.6004966,0],[29.7263442,46.6013591,0],[29.7238497,46.6027633,0],[29.7226212,46.6023542,0],[29.7220097,46.600843,0],[29.7227071,46.5995382,0],[29.7287581,46.5962356,0],[29.7453235,46.5913993,0],[29.7520612,46.5903523,0],[29.765086,46.589674,0],[29.7668455,46.5889219,0],[29.7668885,46.5853974,0],[29.7679186,46.584756,0],[29.7710512,46.5837752,0],[29.7812225,46.5798744,0],[29.7843766,46.5801362,0],[29.7884105,46.5792622,0],[29.7899876,46.5799333,0],[29.7913555,46.5829825,0],[29.7924686,46.5835927,0],[29.7933672,46.5831706,0],[29.7947834,46.5814745,0],[29.7958777,46.5812976,0],[29.7968326,46.5818801,0],[29.7975729,46.5842471,0],[29.7971009,46.5853605,0],[29.7952126,46.5874509,0],[29.7943113,46.590367,0],[29.7947404,46.5931096,0],[29.7961996,46.5947759,0],[29.7978949,46.595292,0],[29.8046325,46.5914435,0],[29.8062955,46.5890915,0],[29.8074005,46.5870639,0],[29.8090527,46.5872851,0],[29.8097823,46.5888482,0],[29.8092137,46.5906988,0],[29.8063276,46.595174,0],[29.8052762,46.6021772,0],[29.8036347,46.6022289,0],[29.7995739,46.6012817,0],[29.7984527,46.6018382,0],[29.7992358,46.6037694,0],[29.8018644,46.6052289,0],[29.8048471,46.6053321,0],[29.8090313,46.6040495,0],[29.8164128,46.6010567,0],[29.8168418,46.5997667,0],[29.8125074,46.5934341,0],[29.8121642,46.5906766,0],[29.8148678,46.5853826,0],[29.8215197,46.5904555,0],[29.8237942,46.5969728,0],[29.8220346,46.6010126,0],[29.8258541,46.603224,0],[29.8292015,46.6015433,0],[29.8323773,46.5953215,0],[29.8393725,46.5963241,0],[29.8368404,46.5891874,0],[29.828944,46.586356,0],[29.8268411,46.5837899,0],[29.8272274,46.5812238,0],[29.8304031,46.5800735,0],[29.8387717,46.5825511,0],[29.8495434,46.5893349,0],[29.8522685,46.5873736,0],[29.853513,46.5814303,0],[29.8577402,46.5788345,0],[29.8619031,46.5782003,0],[29.8698853,46.5791,0],[29.8711728,46.5819022,0],[29.870765,46.5876243,0],[29.8751638,46.5866215,0],[29.8780392,46.5825806,0],[29.8767517,46.579041,0],[29.8612808,46.5738934,0],[29.8607336,46.5728092,0],[29.8627184,46.5709285,0],[29.8675892,46.5702204,0],[29.8734043,46.5704269,0],[29.8724387,46.5687305,0],[29.8596714,46.5694385,0],[29.8598431,46.5666504,0],[29.8631046,46.564408,0],[29.8695634,46.5622983,0],[29.8792838,46.5621213,0],[29.8839401,46.5636703,0],[29.8947332,46.5565736,0],[29.896085,46.5525084,0],[29.8941539,46.5487086,0],[29.9260165,46.5530801,0],[29.9452634,46.5551922,0],[29.9455168,46.5561097,0],[29.9454611,46.5564578,0],[29.9455218,46.5568384,0],[29.9454073,46.5572371,0],[29.9454385,46.5575268,0],[29.9456146,46.5579531,0],[29.9462166,46.5585454,0],[29.9470385,46.5594403,0],[29.9471803,46.5595479,0],[29.9474157,46.5596268,0],[29.9482619,46.5601681,0],[29.9485074,46.5607979,0],[29.9485249,46.5612525,0],[29.9483721,46.5614572,0],[29.9481951,46.5614574,0],[29.9463235,46.5607745,0],[29.9458038,46.5605269,0],[29.9450856,46.5600009,0],[29.9447376,46.5597736,0],[29.9438926,46.5596206,0],[29.943143,46.5593822,0],[29.942388,46.55907,0],[29.9419079,46.558999,0],[29.9408913,46.5589962,0],[29.9402449,46.5591317,0],[29.9400339,46.5592697,0],[29.940032,46.5594335,0],[29.9402429,46.5597224,0],[29.9405788,46.560053,0],[29.9409449,46.5602641,0],[29.9419226,46.5605472,0],[29.9422324,46.5607436,0],[29.9423691,46.5610368,0],[29.942466,46.561842,0],[29.9426702,46.5628243,0],[29.9426279,46.5630036,0],[29.9425535,46.5638505,0],[29.9425756,46.56469,0],[29.942907,46.5653438,0],[29.9435897,46.5660068,0],[29.9439206,46.5661753,0],[29.944391,46.5663807,0],[29.9447766,46.5664614,0],[29.9452258,46.56649,0],[29.9454713,46.5664089,0],[29.9459581,46.566195,0],[29.9462263,46.5662042,0],[29.946642,46.5663388,0],[29.9475204,46.5670294,0],[29.9482084,46.5679025,0],[29.9483614,46.568476,0],[29.94818,46.5688494,0],[29.9477733,46.5691638,0],[29.9473193,46.5692579,0],[29.9464335,46.5690219,0],[29.9457945,46.5687011,0],[29.9446552,46.5678289,0],[29.9442616,46.5676427,0],[29.9430667,46.5678161,0],[29.9411892,46.5683029,0],[29.9389415,46.5683766,0],[29.9385701,46.5694054,0],[29.9383864,46.5709137,0],[29.9378365,46.571725,0],[29.9377641,46.5725215,0],[29.9372947,46.5741588,0],[29.9368601,46.5744096,0],[29.9365328,46.5755011,0],[29.9363681,46.5762533,0],[29.9364573,46.5769318,0],[29.9363104,46.5773596,0],[29.9356372,46.5781859,0],[29.9355782,46.5788576,0],[29.9350311,46.579884,0],[29.9352671,46.580462,0],[29.9351382,46.5807774,0],[29.9352668,46.5817474,0],[29.9369833,46.5820718,0],[29.9378846,46.5839669,0],[29.935889,46.5889514,0],[29.9375097,46.5898516,0],[29.9406562,46.5889042,0],[29.9395539,46.5869689,0],[29.9450926,46.5853284,0],[29.9462526,46.5872436,0],[29.9534421,46.5851179,0],[29.9549438,46.5848965,0],[29.963312,46.5847633,0],[29.9645991,46.5914873,0],[29.9669164,46.5947145,0],[29.9679035,46.5974994,0],[29.9673887,46.5989702,0],[29.9661873,46.600585,0],[29.9624432,46.6045138,0],[29.9618746,46.6054499,0],[29.9612521,46.6069095,0],[29.9551366,46.6173748,0],[29.9540503,46.6200497,0],[29.9541441,46.621516,0],[29.9550614,46.6264823,0],[29.955437,46.6284277,0],[29.9552653,46.6329879,0],[29.9549434,46.634454,0],[29.954171,46.6356181,0],[29.9483134,46.6419237,0],[29.946575,46.644104,0],[29.9457167,46.6462839,0],[29.9456951,46.6483756,0],[29.9458452,46.6497012,0],[29.9465316,46.6509681,0],[29.9479263,46.6526473,0],[29.9528295,46.656035,0],[29.9539616,46.6572132,0],[29.9547289,46.6583105,0],[29.9553457,46.6594066,0],[29.9560377,46.6611287,0],[29.9569388,46.6641456,0],[29.9577435,46.6669012,0],[29.9577973,46.6703267,0],[29.9574001,46.6747693,0],[29.9590148,46.6775133,0],[29.9605732,46.6791061,0],[29.9627219,46.6806695,0],[29.964272,46.6816116,0],[29.9670212,46.6829144,0],[29.9698336,46.6847434,0],[29.9702903,46.6852457,0],[29.9705539,46.6857333,0],[29.9706425,46.686642,0],[29.9705595,46.6895967,0],[29.9689124,46.7011576,0],[29.9663727,46.7080934,0],[29.9661541,46.7097736,0],[29.9662359,46.7113655,0],[29.9676306,46.7164484,0],[29.967695,46.7183979,0],[29.9680383,46.7206336,0],[29.9681671,46.7300477,0],[29.9691755,46.7331435,0],[29.9707205,46.7377541,0],[29.9735101,46.7461799,0],[29.973931,46.7491477,0],[29.9745665,46.7520861,0],[29.9735796,46.7521817,0],[29.9742663,46.7539349,0],[29.9707365,46.7544881,0],[29.9663589,46.7555998,0],[29.9657421,46.7580548,0],[29.9663268,46.7707102,0],[29.9594003,46.7800135,0],[29.9462797,46.7928043,0],[29.9419759,46.7960156,0],[29.9436286,46.7967499,0],[29.9348948,46.8059304,0],[29.9628113,46.8184131,0],[29.9784217,46.8163499,0],[29.9794034,46.8194079,0],[29.9714211,46.8241577,0],[29.9704396,46.8286905,0],[29.9680362,46.83208,0],[29.9606577,46.8347279,0],[29.9584474,46.8373279,0],[29.9565968,46.8379096,0],[29.9537859,46.8391664,0],[29.9518465,46.838671,0],[29.9495022,46.84188,0],[29.9393036,46.8384459,0],[29.9256037,46.834827,0],[29.9302814,46.8284411,0],[29.9050901,46.8201604,0],[29.8843222,46.849253,0],[29.8835037,46.8514708,0],[29.8920331,46.8535619,0],[29.8840723,46.8860516,0],[29.846972,46.8820369,0],[29.8490856,46.8753705,0],[29.7499083,46.8611405,0],[29.7311193,46.9193799,0],[29.7213696,46.9183311,0],[29.7183506,46.9321667,0],[29.7179134,46.9320764,0],[29.7089599,46.9281331,0],[29.7100653,46.924153,0],[29.7011959,46.9234039,0],[29.7004966,46.9249408,0],[29.6742446,46.9222912,0],[29.6587162,46.9206637,0],[29.648038,46.9197968,0],[29.6400879,46.9553406,0],[29.5714931,46.9401355,0],[29.5561132,46.957889,0],[29.595885,46.9636297,0],[29.6024082,47.0417134,0],[29.6195525,47.0438636,0],[29.628887,47.0446086,0],[29.6120411,47.1003117,0],[29.5812854,47.0971351,0],[29.5475233,47.0938296,0],[29.549889,47.075935,0],[29.5303016,47.0754487,0],[29.5296066,47.0815008,0],[29.5293134,47.0816843,0],[29.5154709,47.1125726,0],[29.499442,47.1092867,0],[29.4972323,47.1206317,0],[29.4955367,47.1319183,0],[29.5054159,47.1285538,0],[29.5801872,47.1355513,0],[29.5519918,47.2514575,0],[29.5875888,47.2556834,0],[29.5988554,47.257487,0],[29.5926088,47.284703,0],[29.5872146,47.3118022,0],[29.5810654,47.3442806,0],[29.5740505,47.3705356,0],[29.5172251,47.3647083,0],[29.4874471,47.3559461,0],[29.4864381,47.3496924,0],[29.4912444,47.3329132,0],[29.4833166,47.3324864,0],[29.4858593,47.3056119,0],[29.4448279,47.2998529,0],[29.4460308,47.2944379,0],[29.4269795,47.2921658,0],[29.4235248,47.3049281,0],[29.3983765,47.3003561,0],[29.3834634,47.3449235,0],[29.3979366,47.3536129,0],[29.3908341,47.3798819,0],[29.3612416,47.3756483,0],[29.3617079,47.3733328,0],[29.3372703,47.3702769,0],[29.3174595,47.4492448,0],[29.2535914,47.4234566,0],[29.2522202,47.4184032,0],[29.2439669,47.415279,0],[29.2424331,47.438624,0],[29.2422718,47.46194,0],[29.1919321,47.4255146,0],[29.1833283,47.4360156,0],[29.187949,47.4391009,0],[29.1819213,47.4490125,0],[29.1934166,47.4599727,0],[29.1900002,47.462724,0],[29.1890978,47.4672071,0],[29.1621167,47.4527417,0],[29.1574147,47.4592561,0],[29.1877585,47.4752776,0],[29.1837346,47.4797797,0],[29.1942067,47.487117,0],[29.182877,47.4971514,0],[29.1860521,47.5051232,0],[29.1850651,47.511776,0],[29.1895716,47.5137907,0],[29.1851086,47.5189148,0],[29.1516561,47.5066301,0],[29.117179,47.5544066,0],[29.1665691,47.5713799,0],[29.1709948,47.5676303,0],[29.1844524,47.5719578,0],[29.1864819,47.5864951,0],[29.2034715,47.5969504,0],[29.2007249,47.6023907,0],[29.2173761,47.6122283,0],[29.2092972,47.6281886,0],[29.2135889,47.6257555,0],[29.2191893,47.6270534,0],[29.2231606,47.6347586,0],[29.2340809,47.6425303,0],[29.2091981,47.6422935,0],[29.2095709,47.6580243,0],[29.219664,47.6581562,0],[29.219436,47.6825271,0],[29.2310339,47.6838633,0],[29.220269,47.6965933,0],[29.2225385,47.6975954,0],[29.2044718,47.7191527,0],[29.2152462,47.7386304,0],[29.2483983,47.7512593,0],[29.2764971,47.8019566,0],[29.2744808,47.8027136,0],[29.2751654,47.8040183,0],[29.2471002,47.8110629,0],[29.2327021,47.7973586,0],[29.2192562,47.7983802,0],[29.1977153,47.8193934,0],[29.2097626,47.8385713,0],[29.2150352,47.8402611,0],[29.2254601,47.8546238,0],[29.236274,47.8584248,0],[29.239193,47.8661413,0],[29.2663551,47.8755096,0],[29.2741028,47.8798469,0],[29.2784185,47.886026,0],[29.2820018,47.8882525,0],[29.2742553,47.890479,0],[29.217907,47.8859453,0],[29.2234977,47.8901741,0],[29.2185195,47.8955839,0],[29.2143997,47.8925913,0],[29.2130263,47.8885913,0],[29.2131766,47.8857278,0],[29.200538,47.8843033,0],[29.1977485,47.8963896,0],[29.1851341,47.964493,0],[29.1804993,47.964335,0],[29.1748987,47.9937808,0],[29.1248058,47.9936228,0],[29.1240016,47.9885676,0],[29.1306106,47.98683,0],[29.1308462,47.9823348,0],[29.1083907,47.9842818,0],[29.1029726,47.9817173,0],[29.0931875,47.9829815,0],[29.084347,47.9776381,0],[29.0849483,47.9750523,0],[29.0885531,47.9770059,0],[29.0917292,47.9732134,0],[29.0969651,47.973558,0],[29.0963858,47.968989,0],[29.0985529,47.9602823,0],[29.0960209,47.9598804,0],[29.0913006,47.9680416,0],[29.0863222,47.9686739,0],[29.081,47.972524,0],[29.0763659,47.9703388,0],[29.0840057,47.9597063,0],[29.0871798,47.9467744,0],[29.0658938,47.9430948,0],[29.0513029,47.9422903,0],[29.0446078,47.9458545,0],[29.0361962,47.9456248,0],[29.0336215,47.9421752,0],[29.026755,47.9458545,0],[29.0109627,47.9568632,0],[29.0013497,47.9589036,0],[28.9968859,47.963674,0],[28.9927661,47.9614901,0],[28.9716522,47.9764314,0],[28.9622103,47.9784998,0],[28.9258181,47.9598807,0],[28.8784396,48.0003284,0],[28.8880526,48.0058415,0],[28.8835894,48.0088276,0],[28.8890826,48.0115838,0],[28.8938891,48.0088276,0],[28.9021289,48.0102057,0],[28.9010989,48.0129618,0],[28.8870226,48.0141101,0],[28.8815295,48.0111244,0],[28.8677966,48.0173253,0],[28.8695132,48.0196218,0],[28.8595568,48.0219182,0],[28.8547503,48.0189329,0],[28.8559519,48.0267402,0],[28.839336,48.0342821,0],[28.8495483,48.0529875,0],[28.8518673,48.060447,0],[28.8434559,48.0653801,0],[28.8498073,48.0705422,0],[28.8415678,48.0749012,0],[28.8365894,48.0712307,0],[28.8333279,48.0726069,0],[28.84062,48.0787416,0],[28.8480441,48.0790567,0],[28.8578755,48.1023061,0],[28.8556456,48.108151,0],[28.846977,48.1152572,0],[28.8417393,48.1255719,0],[28.8372763,48.1237389,0],[28.8343581,48.1285512,0],[28.8283497,48.1278636,0],[28.8144451,48.1244261,0],[28.8070636,48.1342796,0],[28.7997248,48.1294964,0],[28.7944462,48.1297541,0],[28.7948757,48.1263741,0],[28.7723881,48.1246553,0],[28.7553936,48.1363417,0],[28.7355209,48.133079,0],[28.72166,48.1261477,0],[28.7103746,48.1299851,0],[28.7021786,48.1290094,0],[28.7033802,48.1274053,0],[28.6889607,48.1241969,0],[28.6808935,48.1341644,0],[28.678661,48.141153,0],[28.6826091,48.1471092,0],[28.647762,48.1432148,0],[28.6493069,48.1520341,0],[28.6348017,48.1548404,0],[28.6304245,48.1536378,0],[28.6264759,48.1571874,0],[28.6145454,48.1597641,0],[28.6115413,48.1570729,0],[28.5918003,48.1732169,0],[28.5801273,48.1663477,0],[28.5703035,48.1738358,0],[28.5730371,48.1755362,0],[28.5768006,48.1740312,0],[28.5778052,48.1820104,0],[28.5647074,48.1755334,0],[28.5618579,48.1731097,0],[28.5448304,48.1696346,0],[28.5433918,48.1663477,0],[28.5354945,48.1611378,0],[28.5293156,48.1538664,0],[28.5133511,48.1514614,0],[28.5066363,48.1529741,0],[28.5028406,48.151279,0],[28.5200459,48.1379456,0],[28.4987598,48.1272907,0],[28.4997898,48.1209884,0],[28.4956338,48.1191235,0],[28.4946789,48.1195604,0],[28.4945287,48.119367,0],[28.4918894,48.1188442,0],[28.4987773,48.1152413,0],[28.4995311,48.1154671,0],[28.5091442,48.1216554,0],[28.5218471,48.1209679,0],[28.5410732,48.1182175,0],[28.5640758,48.1101949,0],[28.5784954,48.1044636,0],[28.5939449,48.0980439,0],[28.6209832,48.0933447,0],[28.6321395,48.0868075,0],[28.6357448,48.0771742,0],[28.6324829,48.0702922,0],[28.6255306,48.0659905,0],[28.6184928,48.0641263,0],[28.6116264,48.0664493,0],[28.6076777,48.0756258,0],[28.6046308,48.0776043,0],[28.6008972,48.0767154,0],[28.5904258,48.0593939,0],[28.5875076,48.0487227,0],[28.5798686,48.0438455,0],[28.5678524,48.0398284,0],[28.5499137,48.039484,0],[28.5450853,48.0375611,0],[28.5424029,48.0272013,0],[28.5297434,48.0145717,0],[28.5288853,48.0112989,0],[28.5296576,48.0042932,0],[28.5344642,48.0018239,0],[28.5391853,47.9982628,0],[28.5481112,47.9974016,0],[28.5566946,47.9937833,0],[28.5624449,47.9935532,0],[28.5706848,47.9973442,0],[28.5737729,48.0012203,0],[28.5748884,48.0054555,0],[28.5838168,48.0140549,0],[28.5883643,48.020915,0],[28.5913255,48.0330125,0],[28.5937732,48.0351224,0],[28.6049362,48.035181,0],[28.6191792,48.030703,0],[28.6364751,48.0267146,0],[28.646645,48.024963,0],[28.6790032,48.0271441,0],[28.6903758,48.0261413,0],[28.7036365,48.0219204,0],[28.705525,48.0166384,0],[28.7008051,48.0069055,0],[28.7031655,48.0030154,0],[28.7311882,47.9801108,0],[28.7471956,47.9757163,0],[28.7574523,47.976606,0],[28.7750473,47.9849369,0],[28.7800258,47.986258,0],[28.7859481,47.9863729,0],[28.7895103,47.9848218,0],[28.7965912,47.9658027,0],[28.805775,47.9544799,0],[28.8122982,47.9506284,0],[28.8318675,47.9440745,0],[28.8357301,47.9396471,0],[28.8346142,47.9345296,0],[28.8219112,47.9187708,0],[28.8188213,47.9099117,0],[28.8250011,47.9016264,0],[28.8356441,47.8974832,0],[28.8632815,47.8962747,0],[28.8728088,47.8939152,0],[28.8890308,47.890347,0],[28.9065402,47.8861454,0],[28.9317745,47.884246,0],[28.9571804,47.8811376,0],[28.9702266,47.8783744,0],[28.9815563,47.876302,0],[28.9901393,47.8737689,0],[28.9987224,47.8701992,0],[29.0117686,47.8627714,0],[29.0191501,47.8559184,0],[29.0243,47.8483732,0],[29.02327,47.841864,0],[29.0177768,47.8323002,0],[29.0107387,47.8253855,0],[29.0069622,47.8166833,0],[28.99589,47.8034254,0],[28.9891093,47.7905677,0],[28.9878219,47.7822056,0],[28.9834445,47.7688813,0],[28.9800972,47.7455121,0],[28.974604,47.7349492,0],[28.9661067,47.7223634,0],[28.9656781,47.7184361,0],[28.9682103,47.7119683,0],[28.9803546,47.6922142,0],[28.9863628,47.6683481,0],[28.9958042,47.6503692,0],[28.9976923,47.6452226,0],[28.9945155,47.6388898,0],[28.9844745,47.626137,0],[28.9823287,47.6206119,0],[28.9831012,47.6133512,0],[28.9937442,47.6013147,0],[29.0193217,47.5825022,0],[29.0270465,47.5723695,0],[29.0278191,47.563625,0],[29.0178626,47.531066,0],[29.0190218,47.524082,0],[29.0257591,47.5169238,0],[29.0675587,47.4956453,0],[29.0967411,47.4831177,0],[29.1158813,47.4687305,0],[29.1180271,47.4585179,0],[29.1152797,47.4513792,0],[29.0909046,47.4369255,0],[29.0788883,47.4241516,0],[29.076485,47.4136979,0],[29.0839523,47.406263,0],[29.1321033,47.3816271,0],[29.1492694,47.3695374,0],[29.1588825,47.3590729,0],[29.1640323,47.3474433,0],[29.1605991,47.337905,0],[29.1468662,47.3306921,0],[29.1241211,47.327027,0],[29.0914262,47.3585511,0],[29.0707344,47.3533166,0],[29.082064,47.3232454,0],[29.1143363,47.2819205,0],[29.1272109,47.2733022,0],[29.1342541,47.2674838,0],[29.1418072,47.2609602,0],[29.1467854,47.2540863,0],[29.1478153,47.2481437,0],[29.1497036,47.2446478,0],[29.1567417,47.2394034,0],[29.1612049,47.2329929,0],[29.1632648,47.227048,0],[29.1670414,47.2198199,0],[29.1706463,47.2152726,0],[29.1793581,47.2137276,0],[29.1801864,47.2111767,0],[29.179764,47.2066448,0]]]}]},"properties":{"name":"Придністров'я /// Transnistria","styleUrl":"#poly-FF5252-1200-77-nodesc","styleHash":"-53e2fab2","styleMapHash":{"normal":"#poly-FF5252-1200-77-nodesc-normal","highlight":"#poly-FF5252-1200-77-nodesc-highlight"},"stroke-opacity":1,"stroke":"#ff5252","stroke-width":1.2,"fill-opacity":0.30196078431372547,"fill":"#ff5252"}},{"type":"Feature","geometry":{"type":"Polygon","coordinates":[[[39.0828906,47.8516037,0],[39.1093893,47.8517524,0],[39.1095354,47.8427473,0],[39.1496824,47.8425817,0],[39.2362131,47.8539532,0],[39.2417337,47.8670136,0],[39.3904498,47.8661846,0],[39.4125292,47.830898,0],[39.4257838,47.8358944,0],[39.4373545,47.8398339,0],[39.4462501,47.850644,0],[39.4784743,47.8594741,0],[39.5203078,47.825141,0],[39.5344907,47.83253,0],[39.542168,47.8249813,0],[39.5655871,47.836556,0],[39.7379104,47.8277291,0],[39.7631843,47.8465373,0],[39.7625051,47.8701448,0],[39.7949406,47.8668329,0],[39.7939036,47.9158973,0],[39.8065943,47.9336659,0],[39.8058884,47.9505616,0],[39.8273909,47.9508344,0],[39.8198438,47.9677616,0],[39.8154078,47.9708664,0],[39.8151166,47.9736166,0],[39.8175382,47.9766456,0],[39.8198493,47.9774461,0],[39.8227982,47.979535,0],[39.8230314,47.9835403,0],[39.8167173,47.9845419,0],[39.8192697,47.989754,0],[39.8180234,47.9954669,0],[39.8141575,47.9968407,0],[39.8139717,47.9984877,0],[39.8165185,48.0001159,0],[39.8171489,48.001477,0],[39.8109753,48.0048562,0],[39.8045408,48.0064594,0],[39.8029984,48.0079476,0],[39.7976869,48.0093062,0],[39.7952175,48.0107026,0],[39.7853113,48.0230784,0],[39.7867767,48.0250342,0],[39.7796623,48.0393364,0],[39.8772075,48.0413783,0],[39.8858862,48.0478658,0],[39.8322015,48.0664997,0],[39.8685845,48.0794444,0],[39.8799506,48.1151645,0],[39.9102753,48.1384164,0],[39.9091838,48.1693296,0],[39.9138857,48.178015,0],[39.9409345,48.1808104,0],[39.9421938,48.2307436,0],[39.9533041,48.2294084,0],[39.9722759,48.2270247,0],[40.0008684,48.2252447,0],[40.0033787,48.2236859,0],[40.0075402,48.2233125,0],[40.0083965,48.2251387,0],[40.0082215,48.2281045,0],[40.007443,48.2300907,0],[40.0043418,48.2323477,0],[40.0039768,48.2360612,0],[40.0027322,48.2375353,0],[40.0030757,48.2394758,0],[40.0073233,48.2420581,0],[40.0195095,48.2525075,0],[40.0188624,48.2531159,0],[40.0189201,48.2541039,0],[40.018671,48.2550513,0],[40.0189886,48.2570604,0],[40.0155045,48.2626787,0],[40.0167773,48.2694579,0],[40.0138295,48.2715898,0],[40.0089633,48.2726545,0],[39.9997448,48.28929,0],[40.0005341,48.2917165,0],[39.9966002,48.2979383,0],[39.9950166,48.3008469,0],[39.994253,48.303181,0],[39.9926583,48.3056192,0],[39.9919216,48.3060016,0],[39.9920796,48.3097349,0],[39.9939839,48.3120065,0],[39.9941876,48.3126963,0],[39.9935222,48.3128773,0],[39.9932215,48.3135961,0],[39.9909894,48.3160613,0],[39.9910744,48.3165824,0],[39.9908152,48.3170825,0],[39.9869491,48.3175119,0],[39.9853108,48.317001,0],[39.9841797,48.3162073,0],[39.9825182,48.3157045,0],[39.9803108,48.3157835,0],[39.9788999,48.315713,0],[39.9776231,48.3151726,0],[39.9754983,48.31432,0],[39.9744246,48.3134708,0],[39.9724916,48.3129711,0],[39.9710288,48.3116291,0],[39.9718799,48.3097157,0],[39.9707928,48.3089713,0],[39.9712364,48.3077965,0],[39.9712653,48.3073022,0],[39.9708083,48.3070844,0],[39.9687353,48.3071341,0],[39.9676365,48.3068053,0],[39.9663829,48.3067758,0],[39.9656782,48.3064027,0],[39.9658139,48.3056564,0],[39.9654414,48.3046777,0],[39.9648377,48.3044577,0],[39.9638819,48.3034631,0],[39.9632084,48.3032599,0],[39.9630632,48.3025965,0],[39.9635452,48.3021261,0],[39.9644662,48.3020989,0],[39.9657931,48.3027154,0],[39.9669698,48.3028323,0],[39.9680178,48.3028349,0],[39.9694631,48.3031312,0],[39.9710106,48.3027963,0],[39.9710313,48.3014874,0],[39.9706155,48.3011791,0],[39.9702131,48.3003911,0],[39.9706103,48.2989864,0],[39.9702238,48.2987467,0],[39.9695797,48.2986384,0],[39.9674541,48.2991473,0],[39.9667219,48.2996514,0],[39.9661587,48.2998029,0],[39.9649464,48.2996493,0],[39.9633373,48.2990852,0],[39.9606769,48.2994413,0],[39.9596904,48.2992401,0],[39.9593054,48.2988376,0],[39.9582829,48.2980501,0],[39.9559754,48.2992555,0],[39.9557481,48.299894,0],[39.9559284,48.3003326,0],[39.9563748,48.3005247,0],[39.9568814,48.3011087,0],[39.9567444,48.3021637,0],[39.9568219,48.3026192,0],[39.9566599,48.3031852,0],[39.9556063,48.3037463,0],[39.954057,48.304012,0],[39.9529753,48.3039154,0],[39.9519708,48.303551,0],[39.9517212,48.3030504,0],[39.9519946,48.3023918,0],[39.9517688,48.3021309,0],[39.9522186,48.3010381,0],[39.9519575,48.3000927,0],[39.9498477,48.2994008,0],[39.949619,48.2988449,0],[39.9508356,48.2977331,0],[39.9507366,48.2972225,0],[39.9490366,48.2967152,0],[39.9484261,48.2961002,0],[39.9484112,48.2942947,0],[39.947227,48.2941626,0],[39.9465323,48.293784,0],[39.9459582,48.2927414,0],[39.9448101,48.2920266,0],[39.9437155,48.2919104,0],[39.9416121,48.2928487,0],[39.9385209,48.2921268,0],[39.9377029,48.292225,0],[39.9368823,48.2915646,0],[39.9366146,48.2899582,0],[39.9370235,48.288116,0],[39.9366398,48.2868873,0],[39.9362154,48.2850583,0],[39.9350232,48.2837704,0],[39.9340979,48.2834791,0],[39.9332772,48.2837532,0],[39.9321079,48.2837303,0],[39.9305846,48.2832846,0],[39.9301559,48.2827643,0],[39.9302856,48.2823805,0],[39.932176,48.2812133,0],[39.9341115,48.2807351,0],[39.9349784,48.2797503,0],[39.9346951,48.2790658,0],[39.9328753,48.2792411,0],[39.9315961,48.2779922,0],[39.9296385,48.2777793,0],[39.927869,48.2765821,0],[39.9272912,48.2753873,0],[39.9258355,48.2739687,0],[39.9256277,48.2735879,0],[39.9258988,48.2729692,0],[39.9259687,48.2721603,0],[39.9249068,48.2714851,0],[39.9229547,48.2713059,0],[39.9210688,48.2716602,0],[39.9196571,48.2712977,0],[39.9189796,48.2706011,0],[39.9174956,48.2700935,0],[39.9148291,48.2696779,0],[39.9142596,48.2698466,0],[39.9145799,48.2707552,0],[39.915049,48.2713442,0],[39.9147533,48.2718867,0],[39.9140654,48.2719578,0],[39.9130755,48.2711929,0],[39.9111386,48.2710199,0],[39.9102688,48.2716453,0],[39.9105891,48.2721534,0],[39.9118308,48.2727698,0],[39.9122543,48.2737457,0],[39.9113847,48.275269,0],[39.9104178,48.2760308,0],[39.9096855,48.2760119,0],[39.9095085,48.276717,0],[39.9082201,48.277008,0],[39.9084339,48.2781327,0],[39.9100639,48.2790105,0],[39.9093774,48.2807664,0],[39.910753,48.282907,0],[39.911103,48.2850178,0],[39.9097451,48.2875265,0],[39.9126952,48.2882023,0],[39.9101881,48.2929821,0],[39.9031174,48.2988902,0],[39.8869156,48.3040891,0],[39.8879682,48.3073167,0],[39.8871988,48.3087771,0],[39.8410685,48.3100513,0],[39.8421021,48.3183104,0],[39.8403939,48.3291167,0],[39.8452167,48.3294989,0],[39.8455931,48.3327736,0],[39.8597034,48.3345658,0],[39.8779341,48.3340733,0],[39.9185813,48.3416921,0],[39.9186034,48.3472072,0],[39.9307271,48.348957,0],[39.9436441,48.3481202,0],[39.9475073,48.3552302,0],[39.9425304,48.3549629,0],[39.944422,48.3571657,0],[39.939451,48.3607734,0],[39.9406678,48.365023,0],[39.9367499,48.3671357,0],[39.9347511,48.3722742,0],[39.9432775,48.3837913,0],[39.9415351,48.3870715,0],[39.9383089,48.3875623,0],[39.9352706,48.384697,0],[39.9318897,48.3769292,0],[39.9268452,48.3750751,0],[39.9212199,48.3759275,0],[39.9175221,48.3792278,0],[39.9163055,48.3842314,0],[39.9145583,48.3868273,0],[39.9078019,48.3887123,0],[39.9059615,48.3903159,0],[39.9067434,48.3922694,0],[39.9174051,48.3948097,0],[39.9186437,48.3976109,0],[39.9160499,48.4006103,0],[39.9084587,48.4020517,0],[39.906312,48.403562,0],[39.9064839,48.4074937,0],[39.9127632,48.4155801,0],[39.9102969,48.4219558,0],[39.8959257,48.4292418,0],[39.8888169,48.4419929,0],[39.8898644,48.4435709,0],[39.8967662,48.4442197,0],[39.8985547,48.4459723,0],[39.8973265,48.4481115,0],[39.8577522,48.4633633,0],[39.8463375,48.4737119,0],[39.847753,48.4856779,0],[39.8478837,48.4951083,0],[39.8464694,48.4993057,0],[39.84871,48.5028401,0],[39.8531911,48.5034246,0],[39.8566588,48.5016359,0],[39.861877,48.5019244,0],[39.8661347,48.5047748,0],[39.8667561,48.5088826,0],[39.8574855,48.5374008,0],[39.8580446,48.5453656,0],[39.8545326,48.5529988,0],[39.8576295,48.5614133,0],[39.846829,48.5729337,0],[39.8216849,48.5783323,0],[39.8206043,48.5792853,0],[39.8254818,48.5816452,0],[39.8263109,48.5842074,0],[39.8250511,48.5861523,0],[39.8223596,48.5866356,0],[39.8128554,48.5838551,0],[39.8086096,48.5839718,0],[39.8044954,48.5854536,0],[39.8002156,48.5895529,0],[39.796119,48.5918468,0],[39.7899853,48.5933692,0],[39.7734252,48.5923258,0],[39.7720625,48.5916013,0],[39.7703675,48.5879945,0],[39.754759,48.5829996,0],[39.7512953,48.5820902,0],[39.7505496,48.5833377,0],[39.7510542,48.5888356,0],[39.7490377,48.5902429,0],[39.7467209,48.5906731,0],[39.7443186,48.5900574,0],[39.7387429,48.5868384,0],[39.7346291,48.5858506,0],[39.7301775,48.585919,0],[39.726252,48.5866238,0],[39.7233788,48.5862164,0],[39.7212371,48.5848336,0],[39.714893,48.5852475,0],[39.7025463,48.5877777,0],[39.697765,48.5871601,0],[39.6916351,48.586378,0],[39.6872709,48.5870843,0],[39.6772879,48.5875629,0],[39.6765155,48.5881875,0],[39.6722238,48.5884145,0],[39.6675887,48.5867682,0],[39.6587483,48.5856325,0],[39.6575468,48.5846673,0],[39.6353165,48.5800397,0],[39.6319692,48.5806927,0],[39.6236436,48.5860867,0],[39.6228281,48.5863707,0],[39.6219268,48.5858029,0],[39.6212402,48.5819417,0],[39.6175495,48.5771153,0],[39.6137299,48.5749004,0],[39.6124855,48.5729129,0],[39.6080223,48.5727141,0],[39.6036449,48.5741055,0],[39.5963128,48.5750293,0],[39.5949886,48.5766912,0],[39.5948044,48.5793299,0],[39.6006408,48.5857461,0],[39.604074,48.5862571,0],[39.6050182,48.5867681,0],[39.6045891,48.5888119,0],[39.6017566,48.591537,0],[39.5963493,48.5923886,0],[39.5925357,48.5912967,0],[39.5817707,48.5850383,0],[39.5777793,48.5828806,0],[39.576535,48.581234,0],[39.5733466,48.5805224,0],[39.5680714,48.5818502,0],[39.5629675,48.5836321,0],[39.5631454,48.5862306,0],[39.5660509,48.588301,0],[39.5672772,48.5902388,0],[39.5673018,48.5921198,0],[39.5656345,48.5939516,0],[39.5633045,48.5974408,0],[39.5617595,48.5980085,0],[39.5586696,48.5980085,0],[39.5512023,48.5955676,0],[39.5494857,48.5932401,0],[39.5505587,48.5885848,0],[39.549314,48.5859732,0],[39.5450225,48.5839292,0],[39.5373836,48.58339,0],[39.5312037,48.5842699,0],[39.5287147,48.5859448,0],[39.5269121,48.58955,0],[39.5281312,48.5918406,0],[39.5332079,48.5936307,0],[39.5335878,48.5954605,0],[39.5324228,48.5964387,0],[39.5280455,48.5971767,0],[39.5253848,48.5981984,0],[39.5226333,48.6029769,0],[39.5234788,48.6051034,0],[39.5272799,48.6082749,0],[39.5278196,48.6094601,0],[39.5271823,48.6112629,0],[39.5257232,48.613022,0],[39.5167841,48.6180986,0],[39.5116469,48.6218737,0],[39.5119776,48.6235455,0],[39.5154235,48.6261855,0],[39.5162691,48.6279705,0],[39.5167109,48.6299864,0],[39.5160243,48.6321987,0],[39.5140876,48.6338368,0],[39.5104342,48.6344539,0],[39.5004348,48.6325537,0],[39.4955426,48.6321283,0],[39.4930106,48.6304265,0],[39.4862727,48.6288949,0],[39.4841484,48.6282,0],[39.4761018,48.628753,0],[39.4685916,48.6274483,0],[39.4656304,48.6281857,0],[39.4640108,48.6310641,0],[39.4642683,48.6340137,0],[39.4673899,48.6372332,0],[39.4658132,48.6386649,0],[39.4575623,48.6386512,0],[39.4542149,48.6397855,0],[39.45164,48.6410333,0],[39.4495753,48.6445574,0],[39.4497978,48.6504011,0],[39.4513078,48.6517082,0],[39.4533852,48.6528124,0],[39.4523728,48.6547104,0],[39.4501761,48.6556715,0],[39.4465013,48.6563009,0],[39.4389481,48.6549401,0],[39.4323232,48.6567488,0],[39.4207457,48.6582229,0],[39.4142323,48.6566918,0],[39.4106939,48.6576559,0],[39.4080332,48.6598104,0],[39.4082049,48.6614545,0],[39.4135262,48.6668399,0],[39.4138697,48.6684271,0],[39.4117239,48.6705243,0],[39.4058209,48.6738115,0],[39.4026452,48.6744349,0],[39.3979909,48.6746052,0],[39.3905237,48.6787991,0],[39.3891696,48.6803857,0],[39.3909291,48.6837575,0],[39.3895988,48.6847492,0],[39.3817025,48.6855142,0],[39.3795566,48.6862791,0],[39.3779859,48.6862368,0],[39.3673165,48.6919737,0],[39.3658902,48.6922287,0],[39.3603112,48.695798,0],[39.3559531,48.697214,0],[39.3505029,48.7076367,0],[39.3486574,48.708713,0],[39.346855,48.7122245,0],[39.3486382,48.7134707,0],[39.3541314,48.7132442,0],[39.3601589,48.7156791,0],[39.3652658,48.7168401,0],[39.3704585,48.7159622,0],[39.3720796,48.7159341,0],[39.3737867,48.7174915,0],[39.3741826,48.7186523,0],[39.3726043,48.7198696,0],[39.3691283,48.7200679,0],[39.3615322,48.7223045,0],[39.3552238,48.7252488,0],[39.3537216,48.7268908,0],[39.3540724,48.729646,0],[39.3588751,48.7339014,0],[39.3588714,48.7361753,0],[39.3581923,48.7370054,0],[39.3492658,48.742496,0],[39.3472058,48.7457787,0],[39.3470266,48.7502121,0],[39.3461759,48.751042,0],[39.3431385,48.7573608,0],[39.3433628,48.7592092,0],[39.3455281,48.7616611,0],[39.3491724,48.7621516,0],[39.3513257,48.7630943,0],[39.3538932,48.7654897,0],[39.3545015,48.7668284,0],[39.3527812,48.7679412,0],[39.3510607,48.7685446,0],[39.3472429,48.7683845,0],[39.3403355,48.7663007,0],[39.3361337,48.7659798,0],[39.3316705,48.766602,0],[39.3266028,48.7683087,0],[39.326084,48.7700153,0],[39.3274828,48.7721084,0],[39.3279722,48.7736923,0],[39.3262557,48.7755589,0],[39.3245465,48.776049,0],[39.3145901,48.7748045,0],[39.3118435,48.7740692,0],[39.3088319,48.7719953,0],[39.3030887,48.765414,0],[39.2999129,48.7630378,0],[39.2926174,48.760605,0],[39.2914941,48.7594358,0],[39.2906433,48.756248,0],[39.2892807,48.7536832,0],[39.28952,48.7515136,0],[39.2864338,48.7489009,0],[39.2820603,48.7486084,0],[39.2788874,48.749339,0],[39.2766585,48.7523332,0],[39.2747755,48.753681,0],[39.2723828,48.7538866,0],[39.2708089,48.7527587,0],[39.2703015,48.7512117,0],[39.2716747,48.7477596,0],[39.270809,48.7439866,0],[39.2686631,48.741949,0],[39.264468,48.7412523,0],[39.258535,48.7427414,0],[39.256311,48.7422696,0],[39.2550234,48.7406847,0],[39.255282,48.7387742,0],[39.2592291,48.7338353,0],[39.2561392,48.7268717,0],[39.2539624,48.7244016,0],[39.2533069,48.7220589,0],[39.2539001,48.7201527,0],[39.2497802,48.7125643,0],[39.2435147,48.7096192,0],[39.2395879,48.7091247,0],[39.2359905,48.711088,0],[39.2323641,48.7114125,0],[39.2267852,48.7089771,0],[39.2248968,48.7067682,0],[39.2194036,48.7051822,0],[39.2071728,48.6982998,0],[39.2031818,48.6986114,0],[39.2003706,48.6999993,0],[39.1991476,48.702265,0],[39.1983536,48.705777,0],[39.1975167,48.706485,0],[39.1965081,48.7065134,0],[39.1951061,48.7038985,0],[39.1909003,48.6998199,0],[39.1854146,48.6933991,0],[39.1816381,48.6857501,0],[39.1742491,48.680329,0],[39.1633486,48.6757386,0],[39.1574337,48.6753794,0],[39.1519406,48.6762862,0],[39.1486715,48.6752851,0],[39.1445122,48.6709112,0],[39.1418984,48.6666505,0],[39.141641,48.6650633,0],[39.1426709,48.6635326,0],[39.1419842,48.6608682,0],[39.1394876,48.65964,0],[39.1273071,48.6604713,0],[39.1231872,48.6600178,0],[39.1168282,48.6567485,0],[39.1119359,48.6533466,0],[39.1036178,48.6498687,0],[39.0985539,48.6508893,0],[39.0849068,48.6506625,0],[39.0758944,48.6516264,0],[39.0743495,48.6504357,0],[39.0548659,48.6470333,0],[39.042678,48.6464662,0],[39.0380823,48.6471847,0],[39.0355464,48.6482432,0],[39.0334474,48.6519761,0],[39.0322065,48.6528738,0],[39.0285083,48.6530064,0],[39.0191528,48.6569753,0],[39.0123721,48.658336,0],[39.010316,48.660084,0],[39.009633,48.6626256,0],[39.0129804,48.6640429,0],[39.0185594,48.6640995,0],[39.0216493,48.6623989,0],[39.0254258,48.6619737,0],[39.0274858,48.6632492,0],[39.0262842,48.667274,0],[39.0238809,48.6698815,0],[39.0205336,48.6722621,0],[39.0202761,48.6756061,0],[39.0195819,48.6791389,0],[39.0163671,48.6809428,0],[39.0143537,48.6834267,0],[39.015727,48.6886399,0],[39.0155478,48.6948913,0],[39.0048265,48.6963452,0],[39.0018149,48.6980072,0],[38.9998483,48.7001975,0],[38.999505,48.7039927,0],[38.9982176,48.7076745,0],[38.9989862,48.7111956,0],[38.9969225,48.7116016,0],[38.9919227,48.7100017,0],[38.9869231,48.7101575,0],[38.9843054,48.7118281,0],[38.9847421,48.7136213,0],[38.9888619,48.715207,0],[38.9939184,48.7161888,0],[38.9980459,48.7174722,0],[38.9993333,48.7196241,0],[38.9983893,48.7242672,0],[38.9914368,48.7306084,0],[38.9895411,48.7349866,0],[38.9844561,48.7375798,0],[38.9822031,48.7402861,0],[38.9823319,48.7421893,0],[38.981216,48.7438449,0],[38.9788122,48.7448922,0],[38.9749968,48.7447632,0],[38.9725628,48.7435836,0],[38.9698324,48.7437464,0],[38.9669464,48.7452039,0],[38.9640925,48.7461943,0],[38.9611311,48.7461373,0],[38.9599296,48.7429109,0],[38.961217,48.739911,0],[38.9610453,48.736515,0],[38.9569464,48.7340668,0],[38.9460674,48.7344489,0],[38.9437074,48.7338543,0],[38.9340086,48.7357792,0],[38.9324635,48.736798,0],[38.9343519,48.7429112,0],[38.9379568,48.7440714,0],[38.9388581,48.7458118,0],[38.9382788,48.746682,0],[38.9369591,48.7471171,0],[38.9350546,48.7468536,0],[38.9336652,48.7460241,0],[38.9306501,48.7452743,0],[38.9227216,48.7450054,0],[38.9213055,48.7446091,0],[38.9199671,48.7434206,0],[38.9180279,48.7429113,0],[38.9143212,48.7443829,0],[38.9125725,48.7468732,0],[38.9111349,48.7480051,0],[38.9087746,48.7492502,0],[38.9047401,48.7506082,0],[38.9010923,48.7509054,0],[38.8988178,48.750184,0],[38.8920372,48.7504385,0],[38.8813299,48.7501841,0],[38.8802356,48.7506085,0],[38.8790769,48.752476,0],[38.8776176,48.7525889,0],[38.8716924,48.7513053,0],[38.863879,48.7513796,0],[38.8609553,48.7507359,0],[38.8606013,48.749788,0],[38.8593783,48.7495899,0],[38.8553874,48.7496462,0],[38.8471476,48.7429112,0],[38.8360755,48.7232671,0],[38.8300673,48.7170382,0],[38.8084379,48.7134138,0],[38.7670674,48.71432,0],[38.7535137,48.7184915,0],[38.6917155,48.7293629,0],[38.6745492,48.7293629,0],[38.6784116,48.723701,0],[38.6301672,48.721172,0],[38.5832177,48.7198696,0],[38.5784187,48.7094303,0],[38.577732,48.6967418,0],[38.5722313,48.6890556,0],[38.5594455,48.6866947,0],[38.5489783,48.6752945,0],[38.5394514,48.6735091,0],[38.5272842,48.6746424,0],[38.5161483,48.6705617,0],[38.5152472,48.6663671,0],[38.4967076,48.6631925,0],[38.4802281,48.6591107,0],[38.4644278,48.6564083,0],[38.4452016,48.6550476,0],[38.4314762,48.6504924,0],[38.4198032,48.6450485,0],[38.4143025,48.6382619,0],[38.4088093,48.62964,0],[38.4046894,48.6169314,0],[38.4048036,48.6090985,0],[38.4060702,48.6019302,0],[38.402637,48.5919397,0],[38.402637,48.5478669,0],[38.4143026,48.5206053,0],[38.4115634,48.5105796,0],[38.4053767,48.4733655,0],[38.3930237,48.436606,0],[38.3892474,48.4322779,0],[38.390964,48.4158739,0],[38.3672748,48.3996925,0],[38.3542284,48.390346,0],[38.3435779,48.3844372,0],[38.3217544,48.3710529,0],[38.2907061,48.361631,0],[38.2736891,48.3591918,0],[38.2591203,48.359806,0],[38.2276837,48.3671755,0],[38.2149807,48.3690002,0],[38.2074276,48.371509,0],[38.1847683,48.3749299,0],[38.1500926,48.3854193,0],[38.1544451,48.395536,0],[38.1630936,48.4021166,0],[38.1484618,48.4144818,0],[38.135158,48.4190391,0],[38.1174769,48.420805,0],[38.1137059,48.4080126,0],[38.0685038,48.4086727,0],[38.0421228,48.4090856,0],[38.0048018,48.3939537,0],[37.9569342,48.3914893,0],[37.9470402,48.3751555,0],[37.9210683,48.3760438,0],[37.9096311,48.3518021,0],[37.8901968,48.2991598,0],[37.8881602,48.2836394,0],[37.8953466,48.268546,0],[37.89157,48.2550609,0],[37.8929432,48.2335689,0],[37.8965706,48.2154292,0],[37.8833302,48.1997121,0],[37.8562077,48.1928465,0],[37.8285927,48.1751503,0],[37.824622,48.1578177,0],[37.8198549,48.1438969,0],[37.8061045,48.1173377,0],[37.7920214,48.1045282,0],[37.7892831,48.1001774,0],[37.7730529,48.0920319,0],[37.7564355,48.0866703,0],[37.7543362,48.0840036,0],[37.7463065,48.0734746,0],[37.7427884,48.0727514,0],[37.6997015,48.0722042,0],[37.6930492,48.0693073,0],[37.6877494,48.0618935,0],[37.6942941,48.0565448,0],[37.6911989,48.0534065,0],[37.6878504,48.0547535,0],[37.6699861,48.0433634,0],[37.6478104,48.0289444,0],[37.6226618,48.0194438,0],[37.6164821,48.0180947,0],[37.575455,48.0139608,0],[37.5733939,48.0068986,0],[37.556143,48.0098553,0],[37.5496206,47.9973638,0],[37.5585462,47.986451,0],[37.5394871,47.9726323,0],[37.5251581,47.9572022,0],[37.5218536,47.94582,0],[37.5285901,47.9414985,0],[37.5428393,47.9324766,0],[37.5380764,47.9241494,0],[37.5350286,47.917986,0],[37.5685999,47.9077685,0],[37.5759066,47.9077328,0],[37.6440338,47.8866264,0],[37.6342622,47.838423,0],[37.6345486,47.8025384,0],[37.623169,47.7731102,0],[37.6375888,47.7519939,0],[37.6467557,47.7456551,0],[37.6726795,47.7247168,0],[37.7644947,47.6847015,0],[37.8039769,47.6601962,0],[37.801917,47.6423879,0],[37.7686147,47.6354478,0],[37.7823477,47.5859162,0],[37.8194267,47.5463034,0],[37.8925547,47.4697729,0],[37.8784784,47.4416839,0],[37.8637154,47.4265885,0],[37.855819,47.403124,0],[37.856849,47.3928985,0],[37.8503258,47.3842983,0],[37.8383096,47.3780216,0],[37.841643,47.3690218,0],[37.8515994,47.3655338,0],[37.8417428,47.3584893,0],[37.8376229,47.3524422,0],[37.8486092,47.3501161,0],[37.8591525,47.3543707,0],[37.8612124,47.3478578,0],[37.856849,47.3436027,0],[37.8444894,47.3419742,0],[37.8292834,47.3425074,0],[37.8273232,47.3284792,0],[37.8245766,47.3214977,0],[37.8317864,47.3149807,0],[37.8348763,47.3082302,0],[37.8276665,47.3026429,0],[37.8338464,47.2854117,0],[37.833503,47.249301,0],[37.8513558,47.198938,0],[37.8499825,47.1742053,0],[37.8180535,47.1190987,0],[37.8292834,47.1127418,0],[37.8383095,47.0997045,0],[37.8621706,47.1062479,0],[37.8795803,47.1066666,0],[37.8953012,47.1123232,0],[37.9123677,47.1081854,0],[37.9275737,47.1034436,0],[37.9459416,47.0970167,0],[37.9715191,47.0875502,0],[37.9845653,47.0860308,0],[37.9881702,47.0894203,0],[37.9790722,47.0928096,0],[37.9758825,47.0956826,0],[37.9883419,47.0983022,0],[37.9993283,47.0994707,0],[38.0146781,47.0936958,0],[38.0278241,47.0898878,0],[38.0374371,47.0897709,0],[38.044132,47.0985359,0],[38.054332,47.1083022,0],[38.0614698,47.1120896,0],[38.0920257,47.1053132,0],[38.112625,47.089654,0],[38.1228691,47.0806216,0],[38.1287612,47.0723535,0],[38.1328256,47.0640197,0],[38.1317956,47.0537286,0],[38.1194359,47.0485824,0],[38.1225814,47.0438187,0],[38.1360872,47.049752,0],[38.1569138,47.064052,0],[38.1721916,47.0759777,0],[38.1865557,47.0937123,0],[38.1970826,47.1015741,0],[38.2084123,47.1069489,0],[38.2301175,47.119406,0],[38.2284514,47.1226729,0],[38.2292468,47.1270853,0],[38.2319091,47.129692,0],[38.2340685,47.1355459,0],[38.2363121,47.1395266,0],[38.2355903,47.1961289,0],[38.2359666,47.1965918,0],[38.2354243,47.1998353,0],[38.234781,47.2025886,0],[38.2370779,47.2075891,0],[38.2391299,47.2084879,0],[38.2402025,47.2091611,0],[38.2410554,47.2101138,0],[38.2411519,47.2105429,0],[38.2408246,47.2108546,0],[38.2412215,47.2117534,0],[38.2418471,47.2121661,0],[38.2415415,47.2125292,0],[38.2418929,47.2148436,0],[38.2422759,47.2153019,0],[38.2422804,47.2162117,0],[38.2427899,47.217117,0],[38.2425054,47.2178107,0],[38.2412876,47.2184817,0],[38.240507,47.2183364,0],[38.2400496,47.2184367,0],[38.2398263,47.218731,0],[38.2398971,47.2199239,0],[38.2400827,47.2201486,0],[38.2400467,47.2213613,0],[38.2397605,47.2216179,0],[38.2387591,47.2217389,0],[38.2383227,47.2219524,0],[38.2382548,47.2224089,0],[38.2387143,47.2232165,0],[38.2387188,47.2234891,0],[38.2385172,47.22364,0],[38.2364423,47.2242619,0],[38.2362738,47.2244999,0],[38.2364096,47.2254132,0],[38.2361448,47.2256075,0],[38.2346481,47.2254071,0],[38.2338694,47.2258012,0],[38.2340111,47.227113,0],[38.2336742,47.2280166,0],[38.2328621,47.2284101,0],[38.2329066,47.2291897,0],[38.2343344,47.2309856,0],[38.2351234,47.2310967,0],[38.2362475,47.2308171,0],[38.237346,47.2312165,0],[38.2378094,47.2320427,0],[38.2398865,47.2324121,0],[38.2405773,47.2321475,0],[38.2409443,47.23219,0],[38.2412565,47.2326921,0],[38.2420348,47.232812,0],[38.2427674,47.2326826,0],[38.2460906,47.2341102,0],[38.2477027,47.2334227,0],[38.2535413,47.2336156,0],[38.2605024,47.2383163,0],[38.288189,47.2385598,0],[38.288043,47.2564998,0],[38.3244906,47.2568209,0],[38.3307851,47.2634492,0],[38.3309967,47.2645747,0],[38.3287569,47.2658623,0],[38.3287371,47.2662912,0],[38.3337354,47.2689381,0],[38.3332725,47.270252,0],[38.3332862,47.2725191,0],[38.3316897,47.2752191,0],[38.3276326,47.27668,0],[38.3260824,47.2767594,0],[38.3255863,47.277134,0],[38.3256173,47.2776124,0],[38.3266414,47.2786087,0],[38.3271856,47.2795435,0],[38.3233941,47.2811323,0],[38.3257662,47.2846011,0],[38.3284365,47.2848084,0],[38.3290073,47.2868501,0],[38.3296901,47.2896121,0],[38.3333538,47.2921318,0],[38.3337391,47.2962532,0],[38.3332879,47.2969749,0],[38.3296611,47.297438,0],[38.3275474,47.2975272,0],[38.3270914,47.2990089,0],[38.3282045,47.3000189,0],[38.3345111,47.3014077,0],[38.336361,47.3055727,0],[38.3363045,47.3064075,0],[38.2209779,47.3053796,0],[38.2214722,47.3273446,0],[38.2272145,47.3297102,0],[38.2257943,47.3321154,0],[38.2220794,47.3328526,0],[38.230493,47.3389025,0],[38.2306932,47.3431686,0],[38.2402401,47.346223,0],[38.246788,47.3514449,0],[38.2504613,47.357713,0],[38.2473631,47.3617371,0],[38.2455592,47.3631933,0],[38.2587325,47.3733532,0],[38.2864922,47.3735598,0],[38.2864155,47.3914768,0],[38.3004094,47.391514,0],[38.3020854,47.3928698,0],[38.3020221,47.4751206,0],[38.2894022,47.4767537,0],[38.2940999,47.4907448,0],[38.2950717,47.5080641,0],[38.2849085,47.5083765,0],[38.2848038,47.5444646,0],[38.3051136,47.5448513,0],[38.3111495,47.5536189,0],[38.3109696,47.5760278,0],[38.3507371,47.5762058,0],[38.3501205,47.6166892,0],[38.4566884,47.6170037,0],[38.4562749,47.6442531,0],[38.620087,47.6448705,0],[38.6295892,47.6533363,0],[38.6292745,47.6692783,0],[38.6658873,47.6694185,0],[38.6656155,47.6971765,0],[38.6591995,47.7000572,0],[38.6707962,47.6989544,0],[38.7291235,47.6988072,0],[38.7303052,47.680361,0],[38.7540691,47.6848875,0],[38.7731639,47.6857642,0],[38.7708688,47.7206292,0],[38.7889429,47.7370148,0],[38.7981571,47.7784404,0],[38.7886773,47.8159738,0],[38.8351025,47.816059,0],[38.8421825,47.8631185,0],[39.0827779,47.8699273,0],[39.0828906,47.8516037,0]]]},"properties":{"name":"ОРДЛО /// CADR and CALR\n","styleUrl":"#poly-880E4F-1200-77-nodesc","styleHash":"-6b23f4d9","styleMapHash":{"normal":"#poly-880E4F-1200-77-nodesc-normal","highlight":"#poly-880E4F-1200-77-nodesc-highlight"},"stroke-opacity":1,"stroke":"#880e4f","stroke-width":1.2,"fill-opacity":0.30196078431372547,"fill":"#880e4f"}},{"type":"Feature","geometry":{"type":"Polygon","coordinates":[[[37.7730529,48.0920319,0],[37.7892831,48.1001774,0],[37.7920214,48.1045282,0],[37.7885882,48.1034965,0],[37.7819793,48.1035538,0],[37.7696197,48.104127,0],[37.7665297,48.1010318,0],[37.7730529,48.0920319,0]]]},"properties":{"name":"Окуповано /// Occupied\n","styleUrl":"#poly-A52714-1200-77-nodesc","styleHash":"5f0393c8","styleMapHash":{"normal":"#poly-A52714-1200-77-nodesc-normal","highlight":"#poly-A52714-1200-77-nodesc-highlight"},"stroke-opacity":1,"stroke":"#a52714","stroke-width":1.2,"fill-opacity":0.30196078431372547,"fill":"#a52714"}},{"type":"Feature","geometry":{"type":"Polygon","coordinates":[[[38.402637,48.5919397,0],[38.4060702,48.6019302,0],[38.4048036,48.6090985,0],[38.4046894,48.6169314,0],[38.4088093,48.62964,0],[38.4143025,48.6382619,0],[38.4198032,48.6450485,0],[38.4314762,48.6504924,0],[38.4452016,48.6550476,0],[38.4644278,48.6564083,0],[38.4802281,48.6591107,0],[38.4967076,48.6631925,0],[38.5152472,48.6663671,0],[38.5161483,48.6705617,0],[38.5272842,48.6746424,0],[38.5394514,48.6735091,0],[38.5489783,48.6752945,0],[38.5594455,48.6866947,0],[38.5722313,48.6890556,0],[38.577732,48.6967418,0],[38.5784187,48.7094303,0],[38.5832177,48.7198696,0],[38.6301672,48.721172,0],[38.6784116,48.723701,0],[38.6745492,48.7293629,0],[38.6917155,48.7293629,0],[38.7055541,48.7754591,0],[38.5596882,48.8300656,0],[38.5304354,48.8497759,0],[38.4952068,48.8707374,0],[38.4748205,48.9035945,0],[38.413393,48.9399705,0],[38.4022715,48.9556589,0],[38.3698935,48.9817692,0],[38.2997041,49.0248792,0],[38.2844417,49.0264547,0],[38.2626116,49.0244189,0],[38.2409757,49.005535,0],[38.2587717,48.9692683,0],[38.23705,48.956746,0],[38.2340555,48.9418302,0],[38.2116937,48.9313209,0],[38.2062636,48.9229316,0],[38.1999876,48.89987,0],[38.2214635,48.8641847,0],[38.2249316,48.8593081,0],[38.3028583,48.8355909,0],[38.2892873,48.7862097,0],[38.2247224,48.7716926,0],[38.21732,48.7460305,0],[38.2088754,48.7431207,0],[38.1941429,48.7291851,0],[38.1706768,48.7107277,0],[38.161815,48.701557,0],[38.1260101,48.6942159,0],[38.1081932,48.6721276,0],[38.1024185,48.6738344,0],[38.0973644,48.6681695,0],[38.1080601,48.6644033,0],[38.1019115,48.6532773,0],[38.0505253,48.6255409,0],[38.0602614,48.6127701,0],[38.0639254,48.6026629,0],[38.0910651,48.5795849,0],[38.0933811,48.5631316,0],[38.093967,48.5393604,0],[38.1069069,48.5210443,0],[38.0775899,48.4989222,0],[38.0506091,48.4882378,0],[38.0479153,48.4652533,0],[38.0390929,48.4467484,0],[38.0325403,48.4403878,0],[38.0421228,48.4090856,0],[38.1137059,48.4080126,0],[38.1174769,48.420805,0],[38.135158,48.4190391,0],[38.1484618,48.4144818,0],[38.1630936,48.4021166,0],[38.1544451,48.395536,0],[38.1500926,48.3854193,0],[38.1847683,48.3749299,0],[38.2074276,48.371509,0],[38.2149807,48.3690002,0],[38.2276837,48.3671755,0],[38.2591203,48.359806,0],[38.2736891,48.3591918,0],[38.2907061,48.361631,0],[38.3217544,48.3710529,0],[38.3435779,48.3844372,0],[38.3542284,48.390346,0],[38.3672748,48.3996925,0],[38.3799702,48.4086007,0],[38.390964,48.4158739,0],[38.3892474,48.4322779,0],[38.3930237,48.436606,0],[38.4053767,48.4733655,0],[38.4115634,48.5105796,0],[38.4143026,48.5206053,0],[38.402637,48.5478669,0],[38.402637,48.5919397,0]]]},"properties":{"name":"Окуповано /// Occupied","styleUrl":"#poly-A52714-1200-77-nodesc","styleHash":"5f0393c8","styleMapHash":{"normal":"#poly-A52714-1200-77-nodesc-normal","highlight":"#poly-A52714-1200-77-nodesc-highlight"},"stroke-opacity":1,"stroke":"#a52714","stroke-width":1.2,"fill-opacity":0.30196078431372547,"fill":"#a52714"}},{"type":"Feature","geometry":{"type":"Polygon","coordinates":[[[37.8562077,48.1928465,0],[37.8833302,48.1997121,0],[37.8965706,48.2154292,0],[37.8929432,48.2335689,0],[37.89157,48.2550609,0],[37.8953466,48.268546,0],[37.8881602,48.2836394,0],[37.8901968,48.2991598,0],[37.8696933,48.2818506,0],[37.8423308,48.2832692,0],[37.8217294,48.2899051,0],[37.8082985,48.2875112,0],[37.784159,48.2832303,0],[37.7783907,48.2719789,0],[37.8006261,48.272697,0],[37.8048352,48.2662158,0],[37.8012386,48.2582824,0],[37.7834469,48.2548452,0],[37.7761512,48.2501586,0],[37.7849065,48.2446757,0],[37.7712588,48.2370691,0],[37.7478328,48.2181878,0],[37.76948,48.2044644,0],[37.7843355,48.1941874,0],[37.7938695,48.1889643,0],[37.80971,48.1649436,0],[37.8103277,48.1553785,0],[37.8094909,48.1524009,0],[37.8198549,48.1438969,0],[37.824622,48.1578177,0],[37.8285927,48.1751503,0],[37.8562077,48.1928465,0]]]},"properties":{"name":"Окуповано /// Occupied","styleUrl":"#poly-A52714-1200-77-nodesc","styleHash":"5f0393c8","styleMapHash":{"normal":"#poly-A52714-1200-77-nodesc-normal","highlight":"#poly-A52714-1200-77-nodesc-highlight"},"stroke-opacity":1,"stroke":"#a52714","stroke-width":1.2,"fill-opacity":0.30196078431372547,"fill":"#a52714"}},{"type":"Feature","geometry":{"type":"Polygon","coordinates":[[[38.5596882,48.8300656,0],[38.7055541,48.7754591,0],[38.6917155,48.7293629,0],[38.7535137,48.7184915,0],[38.7670674,48.71432,0],[38.8084379,48.7134138,0],[38.8300673,48.7170382,0],[38.8360755,48.7232671,0],[38.8471476,48.7429112,0],[38.8553874,48.7496462,0],[38.8593783,48.7495899,0],[38.8606013,48.749788,0],[38.8609553,48.7507359,0],[38.863879,48.7513796,0],[38.8716924,48.7513053,0],[38.8776176,48.7525889,0],[38.8790769,48.752476,0],[38.8802356,48.7506085,0],[38.8813299,48.7501841,0],[38.8920372,48.7504385,0],[38.8988178,48.750184,0],[38.9010923,48.7509054,0],[38.9047401,48.7506082,0],[38.9087746,48.7492502,0],[38.9111349,48.7480051,0],[38.9125725,48.7468732,0],[38.9143212,48.7443829,0],[38.9180279,48.7429113,0],[38.9199671,48.7434206,0],[38.9213055,48.7446091,0],[38.9227216,48.7450054,0],[38.9246312,48.7450338,0],[38.9306501,48.7452743,0],[38.9336652,48.7460241,0],[38.9350546,48.7468536,0],[38.9369591,48.7471171,0],[38.9382788,48.746682,0],[38.9388581,48.7458118,0],[38.9379568,48.7440714,0],[38.9343519,48.7429112,0],[38.9324635,48.736798,0],[38.9340086,48.7357792,0],[38.9437074,48.7338543,0],[38.9460674,48.7344489,0],[38.9569464,48.7340668,0],[38.9610453,48.736515,0],[38.961217,48.739911,0],[38.9599296,48.7429109,0],[38.9611311,48.7461373,0],[38.9640925,48.7461943,0],[38.9669464,48.7452039,0],[38.9698324,48.7437464,0],[38.9725628,48.7435836,0],[38.9749968,48.7447632,0],[38.9788122,48.7448922,0],[38.981216,48.7438449,0],[38.9823319,48.7421893,0],[38.9822031,48.7402861,0],[38.9844561,48.7375798,0],[38.9895411,48.7349866,0],[38.9914368,48.7306084,0],[38.9983893,48.7242672,0],[38.9993333,48.7196241,0],[38.9980459,48.7174722,0],[38.9939184,48.7161888,0],[38.9888619,48.715207,0],[38.9847421,48.7136213,0],[38.9843054,48.7118281,0],[38.9869231,48.7101575,0],[38.9919227,48.7100017,0],[38.9969225,48.7116016,0],[38.9989862,48.7111956,0],[38.9982176,48.7076745,0],[38.999505,48.7039927,0],[38.9998483,48.7001975,0],[39.0018149,48.6980072,0],[39.0048265,48.6963452,0],[39.0155478,48.6948913,0],[39.015727,48.6886399,0],[39.0143537,48.6834267,0],[39.0163671,48.6809428,0],[39.0195819,48.6791389,0],[39.0202761,48.6756061,0],[39.0205336,48.6722621,0],[39.0238809,48.6698815,0],[39.0262842,48.667274,0],[39.0274858,48.6632492,0],[39.0254258,48.6619737,0],[39.0216493,48.6623989,0],[39.0185594,48.6640995,0],[39.0129804,48.6640429,0],[39.009633,48.6626256,0],[39.010316,48.660084,0],[39.0123721,48.658336,0],[39.0191528,48.6569753,0],[39.0285083,48.6530064,0],[39.0322065,48.6528738,0],[39.0334474,48.6519761,0],[39.0355464,48.6482432,0],[39.0380823,48.6471847,0],[39.042678,48.6464662,0],[39.0548659,48.6470333,0],[39.0743495,48.6504357,0],[39.0758944,48.6516264,0],[39.0849068,48.6506625,0],[39.0985539,48.6508893,0],[39.1036178,48.6498687,0],[39.1119359,48.6533466,0],[39.1168282,48.6567485,0],[39.1231872,48.6600178,0],[39.1273071,48.6604713,0],[39.1394876,48.65964,0],[39.1419842,48.6608682,0],[39.1426709,48.6635326,0],[39.141641,48.6650633,0],[39.1418984,48.6666505,0],[39.1445122,48.6709112,0],[39.1486715,48.6752851,0],[39.1519406,48.6762862,0],[39.1574337,48.6753794,0],[39.1633486,48.6757386,0],[39.1742491,48.680329,0],[39.1816381,48.6857501,0],[39.1854146,48.6933991,0],[39.1909003,48.6998199,0],[39.1951061,48.7038985,0],[39.1965081,48.7065134,0],[39.1975167,48.706485,0],[39.1983536,48.705777,0],[39.1991476,48.702265,0],[39.2003706,48.6999993,0],[39.2031818,48.6986114,0],[39.2071728,48.6982998,0],[39.2125372,48.7012172,0],[39.2194036,48.7051822,0],[39.2248968,48.7067682,0],[39.2267852,48.7089771,0],[39.2323641,48.7114125,0],[39.2359905,48.711088,0],[39.2395879,48.7091247,0],[39.2435147,48.7096192,0],[39.2497802,48.7125643,0],[39.2539001,48.7201527,0],[39.2533069,48.7220589,0],[39.2539624,48.7244016,0],[39.2561392,48.7268717,0],[39.2592291,48.7338353,0],[39.255282,48.7387742,0],[39.2550234,48.7406847,0],[39.256311,48.7422696,0],[39.258535,48.7427414,0],[39.264468,48.7412523,0],[39.2686631,48.741949,0],[39.270809,48.7439866,0],[39.2716747,48.7477596,0],[39.2703015,48.7512117,0],[39.2708089,48.7527587,0],[39.2723828,48.7538866,0],[39.2747755,48.753681,0],[39.2766585,48.7523332,0],[39.2788874,48.749339,0],[39.2820603,48.7486084,0],[39.2864338,48.7489009,0],[39.28952,48.7515136,0],[39.2892807,48.7536832,0],[39.2906433,48.756248,0],[39.2914941,48.7594358,0],[39.2926174,48.760605,0],[39.2999129,48.7630378,0],[39.3030887,48.765414,0],[39.3088319,48.7719953,0],[39.3118435,48.7740692,0],[39.3145901,48.7748045,0],[39.3228224,48.7758983,0],[39.3245465,48.776049,0],[39.3262557,48.7755589,0],[39.3279722,48.7736923,0],[39.3274828,48.7721084,0],[39.326084,48.7700153,0],[39.3266028,48.7683087,0],[39.3316705,48.766602,0],[39.3361337,48.7659798,0],[39.3403355,48.7663007,0],[39.3472429,48.7683845,0],[39.3510607,48.7685446,0],[39.3527812,48.7679412,0],[39.3545015,48.7668284,0],[39.3538932,48.7654897,0],[39.3513257,48.7630943,0],[39.3491724,48.7621516,0],[39.3455281,48.7616611,0],[39.3433628,48.7592092,0],[39.3431385,48.7573608,0],[39.3461759,48.751042,0],[39.3470266,48.7502121,0],[39.3472058,48.7457787,0],[39.3492658,48.742496,0],[39.3581923,48.7370054,0],[39.3588714,48.7361753,0],[39.3588751,48.7339014,0],[39.3570764,48.7323068,0],[39.3540724,48.729646,0],[39.3537216,48.7268908,0],[39.3552238,48.7252488,0],[39.3615322,48.7223045,0],[39.3691283,48.7200679,0],[39.3726043,48.7198696,0],[39.3741826,48.7186523,0],[39.3737867,48.7174915,0],[39.3720796,48.7159341,0],[39.3704585,48.7159622,0],[39.3652658,48.7168401,0],[39.3601589,48.7156791,0],[39.3541314,48.7132442,0],[39.3486382,48.7134707,0],[39.346855,48.7122245,0],[39.3486574,48.708713,0],[39.3505029,48.7076367,0],[39.3559531,48.697214,0],[39.3603112,48.695798,0],[39.3658902,48.6922287,0],[39.3673165,48.6919737,0],[39.3779859,48.6862368,0],[39.3795566,48.6862791,0],[39.3817025,48.6855142,0],[39.3895988,48.6847492,0],[39.3909291,48.6837575,0],[39.3891696,48.6803857,0],[39.3905237,48.6787991,0],[39.3979909,48.6746052,0],[39.4026452,48.6744349,0],[39.4058209,48.6738115,0],[39.4117239,48.6705243,0],[39.4138697,48.6684271,0],[39.4135262,48.6668399,0],[39.4082049,48.6614545,0],[39.4080332,48.6598104,0],[39.4106939,48.6576559,0],[39.4142323,48.6566918,0],[39.4207457,48.6582229,0],[39.4323232,48.6567488,0],[39.4389481,48.6549401,0],[39.4465013,48.6563009,0],[39.4501761,48.6556715,0],[39.4523728,48.6547104,0],[39.4533852,48.6528124,0],[39.4513078,48.6517082,0],[39.4497978,48.6504011,0],[39.4495753,48.6445574,0],[39.45164,48.6410333,0],[39.4542149,48.6397855,0],[39.4575623,48.6386512,0],[39.4658132,48.6386649,0],[39.4673899,48.6372332,0],[39.4642683,48.6340137,0],[39.4640108,48.6310641,0],[39.4656304,48.6281857,0],[39.4685916,48.6274483,0],[39.4761018,48.628753,0],[39.4841484,48.6282,0],[39.4862727,48.6288949,0],[39.4930106,48.6304265,0],[39.4955426,48.6321283,0],[39.5004348,48.6325537,0],[39.5104342,48.6344539,0],[39.5140876,48.6338368,0],[39.5160243,48.6321987,0],[39.5167109,48.6299864,0],[39.5162691,48.6279705,0],[39.5154235,48.6261855,0],[39.5119776,48.6235455,0],[39.5116469,48.6218737,0],[39.5167841,48.6180986,0],[39.5257232,48.613022,0],[39.5271823,48.6112629,0],[39.5278196,48.6094601,0],[39.5272799,48.6082749,0],[39.5234788,48.6051034,0],[39.5226333,48.6029769,0],[39.5253848,48.5981984,0],[39.5280455,48.5971767,0],[39.5324228,48.5964387,0],[39.5335878,48.5954605,0],[39.5332079,48.5936307,0],[39.5281312,48.5918406,0],[39.5269121,48.58955,0],[39.5287147,48.5859448,0],[39.5312037,48.5842699,0],[39.5373836,48.58339,0],[39.5450225,48.5839292,0],[39.549314,48.5859732,0],[39.5505587,48.5885848,0],[39.5494857,48.5932401,0],[39.5512023,48.5955676,0],[39.5586696,48.5980085,0],[39.5617595,48.5980085,0],[39.5633045,48.5974408,0],[39.5656345,48.5939516,0],[39.5673018,48.5921198,0],[39.5672772,48.5902388,0],[39.5660509,48.588301,0],[39.5631454,48.5862306,0],[39.5629675,48.5836321,0],[39.5680714,48.5818502,0],[39.5733466,48.5805224,0],[39.576535,48.581234,0],[39.5777793,48.5828806,0],[39.5817707,48.5850383,0],[39.5925357,48.5912967,0],[39.5963493,48.5923886,0],[39.6017566,48.591537,0],[39.6045891,48.5888119,0],[39.6050182,48.5867681,0],[39.604074,48.5862571,0],[39.6006408,48.5857461,0],[39.5948044,48.5793299,0],[39.5949886,48.5766912,0],[39.5963128,48.5750293,0],[39.6036449,48.5741055,0],[39.6080223,48.5727141,0],[39.6124855,48.5729129,0],[39.6137299,48.5749004,0],[39.6175495,48.5771153,0],[39.6212402,48.5819417,0],[39.6219268,48.5858029,0],[39.6228281,48.5863707,0],[39.6236436,48.5860867,0],[39.6319692,48.5806927,0],[39.6353165,48.5800397,0],[39.6575468,48.5846673,0],[39.6587483,48.5856325,0],[39.6675887,48.5867682,0],[39.6722238,48.5884145,0],[39.6765155,48.5881875,0],[39.6772879,48.5875629,0],[39.6872709,48.5870843,0],[39.6867984,48.5877484,0],[39.6866907,48.5895424,0],[39.6861432,48.5898291,0],[39.6854832,48.5899583,0],[39.6839086,48.5907325,0],[39.6833787,48.5914318,0],[39.683221,48.5921079,0],[39.6830348,48.5924033,0],[39.680002,48.5923098,0],[39.6794939,48.5919507,0],[39.6795833,48.5906215,0],[39.6790701,48.5901982,0],[39.6786419,48.5901143,0],[39.6777198,48.5902284,0],[39.6767651,48.5907822,0],[39.6763736,48.5913004,0],[39.6757272,48.5930922,0],[39.6757257,48.5937894,0],[39.6762185,48.5944077,0],[39.6768298,48.5949987,0],[39.6776343,48.5954477,0],[39.6779105,48.595784,0],[39.6781759,48.5958578,0],[39.6785928,48.5957776,0],[39.6788764,48.5955955,0],[39.6792435,48.5955045,0],[39.6795451,48.5955158,0],[39.6799642,48.5957272,0],[39.6803132,48.5960245,0],[39.6804663,48.5962937,0],[39.680296,48.5967051,0],[39.6800822,48.5970137,0],[39.6799001,48.5971857,0],[39.6794979,48.5974385,0],[39.6789588,48.597728,0],[39.6785766,48.5978657,0],[39.6781602,48.5978991,0],[39.6778834,48.5979183,0],[39.6767071,48.597799,0],[39.6760225,48.5974414,0],[39.6753905,48.5967162,0],[39.6750423,48.5965239,0],[39.674482,48.5961368,0],[39.6736869,48.5957233,0],[39.6728387,48.5954668,0],[39.6718245,48.5952889,0],[39.6709098,48.5953135,0],[39.6701842,48.5954748,0],[39.6694049,48.5958135,0],[39.6688258,48.5962879,0],[39.6683001,48.5970077,0],[39.6679514,48.5978501,0],[39.6680131,48.5989383,0],[39.6681511,48.5997379,0],[39.66807,48.6007337,0],[39.6679424,48.6008763,0],[39.6680079,48.6011749,0],[39.6684537,48.6016293,0],[39.6688566,48.6021121,0],[39.6698389,48.6025027,0],[39.6707163,48.6030812,0],[39.6710692,48.6035975,0],[39.6708034,48.6039253,0],[39.6704345,48.6043162,0],[39.6696063,48.6046252,0],[39.668527,48.6048222,0],[39.6676762,48.6048852,0],[39.6664246,48.6048742,0],[39.6658445,48.6047906,0],[39.6653313,48.6046517,0],[39.6649442,48.6045945,0],[39.6643429,48.6045849,0],[39.6638865,48.6046215,0],[39.6636073,48.6046642,0],[39.6633067,48.6047707,0],[39.6627593,48.6050722,0],[39.6625285,48.6052088,0],[39.6622441,48.6053171,0],[39.6615273,48.6055384,0],[39.6612543,48.6056849,0],[39.6610564,48.6058846,0],[39.6609189,48.6066732,0],[39.6608619,48.6067878,0],[39.6607404,48.6069096,0],[39.660503,48.6072064,0],[39.6604357,48.6074381,0],[39.6604193,48.6077739,0],[39.6605715,48.6080828,0],[39.6606539,48.6083633,0],[39.6606269,48.6085002,0],[39.6605517,48.6086672,0],[39.660562,48.6089054,0],[39.6605673,48.6090177,0],[39.6606209,48.6090875,0],[39.6607977,48.6093476,0],[39.6609385,48.6095939,0],[39.661106,48.6099358,0],[39.6612092,48.6104889,0],[39.6613911,48.6107243,0],[39.6616696,48.6108816,0],[39.6622157,48.6113808,0],[39.662601,48.6117948,0],[39.6629521,48.6119985,0],[39.663314,48.6123157,0],[39.6635915,48.6126685,0],[39.6637295,48.6129645,0],[39.663991,48.6138174,0],[39.664186,48.6146269,0],[39.6647986,48.6151593,0],[39.6648313,48.615241,0],[39.6648181,48.6154539,0],[39.6648008,48.6156491,0],[39.6648673,48.6158973,0],[39.6650748,48.6161279,0],[39.6651545,48.6163105,0],[39.6653173,48.6165694,0],[39.6656414,48.617145,0],[39.6660621,48.6176532,0],[39.6661432,48.6178158,0],[39.666117,48.6181769,0],[39.6663913,48.6187437,0],[39.6665069,48.6192825,0],[39.6669135,48.6198355,0],[39.6671865,48.6203851,0],[39.6678672,48.6212822,0],[39.6681735,48.6214278,0],[39.6689734,48.6222967,0],[39.6715329,48.6243287,0],[39.6745861,48.6263606,0],[39.6776137,48.6280345,0],[39.6800075,48.6294245,0],[39.6843588,48.6315376,0],[39.6856559,48.6320765,0],[39.686953,48.6324594,0],[39.6876815,48.6327288,0],[39.6884529,48.6331968,0],[39.6901786,48.6350981,0],[39.6905727,48.6353325,0],[39.6910956,48.6354676,0],[39.6928041,48.6359714,0],[39.6934808,48.6364057,0],[39.6939859,48.6368542,0],[39.6941313,48.6372875,0],[39.6943125,48.6376262,0],[39.694365,48.6381068,0],[39.6943531,48.6386866,0],[39.694272,48.6390262,0],[39.6942851,48.6396001,0],[39.6940449,48.6404683,0],[39.6938926,48.6411435,0],[39.69387,48.6417576,0],[39.6937515,48.6427807,0],[39.6935527,48.6431434,0],[39.6930349,48.6434807,0],[39.6927009,48.643621,0],[39.6921369,48.6440597,0],[39.6915974,48.644825,0],[39.6913261,48.6453279,0],[39.6911822,48.6456807,0],[39.6911211,48.646231,0],[39.6913153,48.6464877,0],[39.6915953,48.6466805,0],[39.6918914,48.6468982,0],[39.6920234,48.6471505,0],[39.6920894,48.6473618,0],[39.6920963,48.6476368,0],[39.6922611,48.6477251,0],[39.6924642,48.6478756,0],[39.6927025,48.6481334,0],[39.6929317,48.6483987,0],[39.6932018,48.6487901,0],[39.6934013,48.6489557,0],[39.6935766,48.6492045,0],[39.6938843,48.6493985,0],[39.6942233,48.6494742,0],[39.6944464,48.6495404,0],[39.6946358,48.649655,0],[39.6948485,48.6498558,0],[39.6949843,48.6499155,0],[39.6952803,48.6501261,0],[39.6957769,48.6503501,0],[39.6965295,48.6506286,0],[39.6967552,48.6507204,0],[39.6970131,48.6507874,0],[39.6972714,48.6509001,0],[39.6982514,48.6516017,0],[39.6986292,48.6518515,0],[39.698979,48.6520898,0],[39.6994651,48.6523791,0],[39.7001051,48.6525521,0],[39.7006826,48.6526563,0],[39.7011645,48.652797,0],[39.701679,48.6530126,0],[39.7018612,48.6530965,0],[39.7020917,48.6531553,0],[39.7022197,48.6531967,0],[39.7022995,48.6532433,0],[39.7028981,48.6538559,0],[39.7034609,48.6544378,0],[39.7039514,48.6547359,0],[39.7042382,48.6549631,0],[39.7045811,48.6553608,0],[39.7046372,48.6555738,0],[39.7047323,48.6558079,0],[39.7050696,48.6561659,0],[39.7051577,48.6563059,0],[39.7052662,48.6564574,0],[39.7054707,48.6565545,0],[39.7057444,48.6565604,0],[39.7060155,48.6566237,0],[39.706194,48.6567793,0],[39.7063324,48.6568165,0],[39.7065246,48.6568252,0],[39.7067006,48.6567632,0],[39.7068745,48.6566577,0],[39.7070258,48.6565199,0],[39.7071605,48.6563164,0],[39.70727,48.656161,0],[39.7073606,48.6560479,0],[39.7076504,48.6557544,0],[39.7080521,48.6554428,0],[39.7081901,48.655345,0],[39.7084729,48.6550664,0],[39.7086056,48.6549235,0],[39.7088114,48.6547138,0],[39.7090752,48.6545593,0],[39.7093547,48.6544768,0],[39.7095132,48.6544603,0],[39.7096917,48.6544999,0],[39.7099767,48.6545215,0],[39.7101675,48.6545819,0],[39.7103246,48.6546555,0],[39.7105399,48.6548341,0],[39.7106909,48.6550161,0],[39.7107812,48.6551372,0],[39.7108827,48.6555273,0],[39.7109495,48.6560306,0],[39.7108339,48.6569202,0],[39.7105344,48.6574582,0],[39.7099184,48.6584498,0],[39.7096,48.6592181,0],[39.7095347,48.6599301,0],[39.7095258,48.6606526,0],[39.7096917,48.661929,0],[39.7096205,48.6623544,0],[39.7101286,48.6628507,0],[39.7105939,48.6638926,0],[39.7107193,48.6642648,0],[39.710739,48.6648477,0],[39.7109742,48.6655147,0],[39.7110592,48.6663801,0],[39.7110026,48.6665508,0],[39.71047,48.6670046,0],[39.7103686,48.6671038,0],[39.7101921,48.6671605,0],[39.7097424,48.6673448,0],[39.7091533,48.6673945,0],[39.7084724,48.6674193,0],[39.7075152,48.6672581,0],[39.7071384,48.6670465,0],[39.7066875,48.6668412,0],[39.7062688,48.6667812,0],[39.7058167,48.6667016,0],[39.7054183,48.6666326,0],[39.7049797,48.6666557,0],[39.7044296,48.6666742,0],[39.7040159,48.6667314,0],[39.703581,48.6668044,0],[39.7032911,48.6668348,0],[39.7021215,48.6679811,0],[39.7025396,48.6687306,0],[39.7030004,48.6704068,0],[39.7118101,48.6750602,0],[39.7150311,48.6810023,0],[39.7221581,48.6839973,0],[39.7162393,48.6902791,0],[39.7155113,48.6956862,0],[39.7199333,48.6979207,0],[39.7027732,48.7066325,0],[39.7110139,48.713367,0],[39.7048355,48.7214608,0],[39.7227146,48.7341074,0],[39.7389251,48.7484075,0],[39.7414097,48.7717615,0],[39.7652011,48.765006,0],[39.7843065,48.7973463,0],[39.7971242,48.8405734,0],[39.80467,48.843574,0],[39.8080419,48.8394778,0],[39.807501,48.8385787,0],[39.8278294,48.8314627,0],[39.8304368,48.833552,0],[39.8862528,48.8209434,0],[39.9383224,48.7998877,0],[39.9522719,48.7974751,0],[39.958216,48.797851,0],[39.9761754,48.7937025,0],[40.0788287,48.8698642,0],[40.0712841,48.8769726,0],[40.0554925,48.9100958,0],[40.0484933,48.9101839,0],[40.0311927,48.9157989,0],[40.0180607,48.9077888,0],[40.0039777,48.9007903,0],[39.9919682,48.868735,0],[39.9415085,48.8866888,0],[39.9246772,48.8942476,0],[39.8532661,48.8910875,0],[39.8467438,48.9028239,0],[39.8367868,48.9030496,0],[39.8244272,48.8906359,0],[39.818934,48.9077887,0],[39.7942148,48.9249356,0],[39.7694958,48.9303492,0],[39.7887218,48.9474884,0],[39.7477808,48.9879451,0],[39.7329741,48.9801996,0],[39.7294443,48.9778547,0],[39.7270453,48.9752932,0],[39.724818,48.9765626,0],[39.724476,48.9780659,0],[39.7261598,48.9785086,0],[39.7264797,48.9786763,0],[39.7263788,48.9794586,0],[39.7252246,48.9802334,0],[39.7233621,48.9805175,0],[39.7215189,48.9812862,0],[39.7205544,48.9814663,0],[39.7189743,48.9816269,0],[39.7176204,48.982352,0],[39.7176885,48.9827446,0],[39.7179212,48.9833749,0],[39.7176153,48.9843606,0],[39.7174111,48.9845859,0],[39.7168955,48.9846986,0],[39.7167214,48.98491,0],[39.7164977,48.9856079,0],[39.7169164,48.9862399,0],[39.7169168,48.9865476,0],[39.7167673,48.9870644,0],[39.7157096,48.9879895,0],[39.7155438,48.9882232,0],[39.7154054,48.9885779,0],[39.7154291,48.9894,0],[39.7153475,48.9897066,0],[39.7150558,48.9898974,0],[39.713503,48.9895829,0],[39.712101,48.9899574,0],[39.7118016,48.9901915,0],[39.7107522,48.9915328,0],[39.7097347,48.9919487,0],[39.7076603,48.9924296,0],[39.7074317,48.9933462,0],[39.7074231,48.994063,0],[39.7069211,48.9950622,0],[39.7048355,48.9973999,0],[39.7039514,48.9987228,0],[39.7020651,48.9994149,0],[39.6999944,49.0004556,0],[39.6989215,49.0006583,0],[39.696958,48.9998926,0],[39.6933423,48.9990394,0],[39.6911752,48.9967306,0],[39.6912183,48.9960549,0],[39.6769283,48.9895361,0],[39.6634093,49.0008695,0],[39.6702746,49.0031459,0],[39.6792023,49.0128842,0],[39.6736555,49.0149315,0],[39.6756613,49.0268858,0],[39.6817337,49.0287303,0],[39.6835795,49.0369223,0],[39.6731505,49.0391727,0],[39.6929349,49.0495248,0],[39.729675,49.0430052,0],[39.7681225,49.0402983,0],[39.7887186,49.0499747,0],[39.8031412,49.0591995,0],[39.8203073,49.0582996,0],[39.8752387,49.0654984,0],[39.9088872,49.0574038,0],[39.9377233,49.0560499,0],[39.9425299,49.0713444,0],[39.9387357,49.0832597,0],[39.9727224,49.1252911,0],[39.9974614,49.1473102,0],[40.0315729,49.1802382,0],[40.0761276,49.1868252,0],[40.0927571,49.2031613,0],[40.1082875,49.2108803,0],[40.1217662,49.2307081,0],[40.1365378,49.2391541,0],[40.1768242,49.2368702,0],[40.209671,49.2417753,0],[40.2143684,49.2448843,0],[40.2208041,49.2577711,0],[40.2192618,49.2651691,0],[40.1859361,49.2840058,0],[40.1851963,49.3042066,0],[40.188524,49.3074409,0],[40.1910582,49.3179433,0],[40.1968119,49.3452254,0],[40.1918349,49.3483315,0],[40.1755684,49.3566161,0],[40.1701797,49.3563977,0],[40.1599319,49.3654561,0],[40.1620428,49.3682539,0],[40.1445965,49.3776647,0],[40.1124341,49.3857491,0],[40.0769068,49.4099548,0],[40.0593769,49.434088,0],[40.0480275,49.4443722,0],[40.029445,49.4537775,0],[40.041758,49.4991003,0],[40.037597,49.5198928,0],[40.1684327,49.5689182,0],[40.139523,49.5962718,0],[40.1352564,49.6162513,0],[40.0635357,49.5992308,0],[40.0567267,49.606571,0],[39.9522207,49.5965467,0],[39.9345988,49.5727807,0],[39.8902222,49.5583566,0],[39.8660215,49.5597836,0],[39.8389118,49.5635154,0],[39.8080571,49.5580478,0],[39.7683386,49.5852892,0],[39.7502298,49.5967168,0],[39.7127452,49.6059205,0],[39.6967454,49.6042891,0],[39.6869239,49.6115557,0],[39.6599932,49.6148084,0],[39.6383769,49.6350974,0],[39.6131314,49.6903603,0],[39.591959,49.7196306,0],[39.6083906,49.7339069,0],[39.5338327,49.7408455,0],[39.4787588,49.7564723,0],[39.438199,49.7600039,0],[39.4120602,49.7531086,0],[39.3769608,49.7384218,0],[39.3079217,49.7530412,0],[39.2855581,49.755664,0],[39.2799634,49.7609078,0],[39.2754686,49.7680241,0],[39.2646369,49.7684778,0],[39.2503694,49.7777994,0],[39.2403698,49.7911204,0],[39.2391442,49.7982241,0],[39.2289901,49.8084299,0],[39.2281121,49.8165004,0],[39.2256545,49.8401819,0],[39.1883931,49.8862199,0],[39.1784,49.8879987,0],[39.1285048,49.8597951,0],[39.1111368,49.839044,0],[39.0697611,49.8187284,0],[39.066231,49.8153466,0],[39.0335202,49.82237,0],[39.0216582,49.8209079,0],[38.9849036,49.8077809,0],[38.9711357,49.8072184,0],[38.9648911,49.8038751,0],[38.9488141,49.796072,0],[38.946661,49.7978041,0],[38.9394903,49.8006646,0],[38.9364393,49.8002009,0],[38.9334722,49.7997759,0],[38.9329084,49.7975781,0],[38.9307509,49.7971714,0],[38.9278092,49.7985739,0],[38.9274188,49.8013787,0],[38.9286977,49.8038859,0],[38.9259171,49.8041649,0],[38.9203554,49.804944,0],[38.9191867,49.8089397,0],[38.9161611,49.8127213,0],[38.9190365,49.8138599,0],[38.9182637,49.8148081,0],[38.9122526,49.8180335,0],[38.9098426,49.8182812,0],[38.9087973,49.8227646,0],[38.9073906,49.8284099,0],[38.9135056,49.8286273,0],[38.9150923,49.8310564,0],[38.9113965,49.8345865,0],[38.9143051,49.8369976,0],[38.9125661,49.8435934,0],[38.9065326,49.8446545,0],[38.9042752,49.8488149,0],[38.9096681,49.850847,0],[38.9195172,49.8586388,0],[38.9093357,49.8601006,0],[38.898465,49.8704141,0],[38.8764137,49.8694205,0],[38.8751339,49.8685366,0],[38.87459,49.8678766,0],[38.8745611,49.8666358,0],[38.8693967,49.8644861,0],[38.8668357,49.864889,0],[38.8653186,49.8660268,0],[38.8627136,49.8658678,0],[38.8571602,49.8680113,0],[38.8566102,49.8686469,0],[38.855853,49.8688883,0],[38.854455,49.868193,0],[38.8541729,49.8678573,0],[38.8541605,49.8674272,0],[38.8538353,49.8671201,0],[38.8520263,49.8665061,0],[38.8514124,49.8661631,0],[38.8506137,49.8658643,0],[38.8491023,49.8651008,0],[38.8467233,49.8654823,0],[38.846128,49.8657198,0],[38.845667,49.8658073,0],[38.8439298,49.8651801,0],[38.8432878,49.8651428,0],[38.8393432,49.8657594,0],[38.8389639,49.8660243,0],[38.8360165,49.8671348,0],[38.8363444,49.8673642,0],[38.8348111,49.8690675,0],[38.8346623,49.8709528,0],[38.8366818,49.8721511,0],[38.8356992,49.8738284,0],[38.8349355,49.8743344,0],[38.8344381,49.8745717,0],[38.8329709,49.8747421,0],[38.827761,49.8771566,0],[38.8270396,49.8777541,0],[38.8260257,49.8783681,0],[38.8244268,49.8789324,0],[38.8224303,49.878982,0],[38.7949557,49.8833076,0],[38.7901479,49.8785076,0],[38.7834858,49.8811108,0],[38.777681,49.8853176,0],[38.7682298,49.8960418,0],[38.7438449,49.8973048,0],[38.742281,49.8989189,0],[38.7338438,49.9050226,0],[38.7232453,49.927003,0],[38.6928985,49.9347634,0],[38.685298,49.9603414,0],[38.7153131,49.9823814,0],[38.7151347,49.9877076,0],[38.6874838,50.0058341,0],[38.6842822,50.0074883,0],[38.6797076,50.0025228,0],[38.6760522,49.9928115,0],[38.6797293,49.9744915,0],[38.6669388,49.9721541,0],[38.6461941,49.9559349,0],[38.6160761,49.9743876,0],[38.5815678,49.9774138,0],[38.5267136,49.9582684,0],[38.5078966,49.9640277,0],[38.4877041,49.9635998,0],[38.4832986,49.9765256,0],[38.4775179,49.9832689,0],[38.465912,49.9839589,0],[38.4680378,49.9952445,0],[38.4340933,50.0010164,0],[38.4160059,49.9813358,0],[38.3975608,49.9905828,0],[38.3495729,50.0064418,0],[38.3541621,50.019046,0],[38.3511987,50.0347384,0],[38.333974,50.0590905,0],[38.3290971,50.0852049,0],[38.3126358,50.0885826,0],[38.300294,50.0866717,0],[38.2927791,50.079324,0],[38.2770672,50.0729966,0],[38.2463336,50.0731122,0],[38.1785128,50.0797945,0],[38.1787134,50.0777809,0],[38.1790856,50.0774198,0],[38.1818466,50.0678015,0],[38.1819184,50.0668677,0],[38.1850647,50.0556901,0],[38.1838253,50.0458296,0],[38.1875578,50.0410481,0],[38.1880071,50.0393948,0],[38.1882313,50.0307843,0],[38.1886702,50.0268599,0],[38.1883893,50.0244699,0],[38.1881577,50.0234077,0],[38.1862524,50.0227729,0],[38.1853816,50.0220685,0],[38.1869793,50.0214602,0],[38.1924386,50.0137928,0],[38.1971766,50.0082193,0],[38.2009438,50.0046565,0],[38.2008054,50.0036314,0],[38.202641,50.0016684,0],[38.2050047,50.0007676,0],[38.2046727,49.9982874,0],[38.2050272,49.9967451,0],[38.2077102,49.9915087,0],[38.2098144,49.9901953,0],[38.21085,49.9892452,0],[38.2155322,49.9881847,0],[38.2171243,49.9871793,0],[38.256068,49.9099877,0],[38.1776544,49.8422717,0],[38.1887762,49.7398852,0],[38.133844,49.5976759,0],[38.16955,49.5549321,0],[38.1091244,49.4443371,0],[38.1448304,49.3889459,0],[38.2349252,49.3696932,0],[38.2259986,49.2160885,0],[38.1846644,49.2021756,0],[38.1792719,49.1336855,0],[38.2287408,49.063784,0],[38.268211,49.0401423,0],[38.2626116,49.0244189,0],[38.2844417,49.0264547,0],[38.2997041,49.0248792,0],[38.3698935,48.9817692,0],[38.4022715,48.9556589,0],[38.413393,48.9399705,0],[38.4748205,48.9035945,0],[38.4952068,48.8707374,0],[38.5304354,48.8497759,0],[38.5596882,48.8300656,0]]]},"properties":{"name":"Окуповано /// Occupied","styleUrl":"#poly-A52714-1200-77-nodesc","styleHash":"5f0393c8","styleMapHash":{"normal":"#poly-A52714-1200-77-nodesc-normal","highlight":"#poly-A52714-1200-77-nodesc-highlight"},"stroke-opacity":1,"stroke":"#a52714","stroke-width":1.2,"fill-opacity":0.30196078431372547,"fill":"#a52714"}},{"type":"Feature","geometry":{"type":"Polygon","coordinates":[[[37.6878504,48.0547535,0],[37.6911989,48.0534065,0],[37.6942941,48.0565448,0],[37.6877494,48.0618935,0],[37.6930492,48.0693073,0],[37.6997015,48.0722042,0],[37.6637782,48.0724502,0],[37.664269,48.0643654,0],[37.6417223,48.0576579,0],[37.6274865,48.0485314,0],[37.6226618,48.0194438,0],[37.6478104,48.0289444,0],[37.6699861,48.0433634,0],[37.6794605,48.049407,0],[37.6878504,48.0547535,0]]]},"properties":{"name":"Окуповано /// Occupied\n","styleUrl":"#poly-A52714-1200-77-nodesc","styleHash":"5f0393c8","styleMapHash":{"normal":"#poly-A52714-1200-77-nodesc-normal","highlight":"#poly-A52714-1200-77-nodesc-highlight"},"stroke-opacity":1,"stroke":"#a52714","stroke-width":1.2,"fill-opacity":0.30196078431372547,"fill":"#a52714"}},{"type":"Feature","geometry":{"type":"GeometryCollection","geometries":[{"type":"Polygon","coordinates":[[[35.3438006,46.3501144,0],[35.3436987,46.3481223,0],[35.3334567,46.3355704,0],[35.3174416,46.3170382,0],[35.3036091,46.3163639,0],[35.2988051,46.314937,0],[35.2986341,46.310015,0],[35.2953734,46.3077017,0],[35.2933153,46.308174,0],[35.2940066,46.3024786,0],[35.2989871,46.2989783,0],[35.2893769,46.2856338,0],[35.255264,46.2511051,0],[35.2210679,46.2268989,0],[35.2090233,46.1903722,0],[35.1356323,46.166403,0],[35.0331236,46.1499828,0],[35.0184665,46.1303093,0],[34.9894068,46.1101551,0],[34.980618,46.0891656,0],[34.976986,46.0710333,0],[35.0708827,46.0957873,0],[35.1518034,46.1216585,0],[35.1954968,46.1473924,0],[35.2282445,46.202113,0],[35.275482,46.2556112,0],[35.3475895,46.340409,0],[35.357291,46.3528435,0],[35.3695722,46.3644475,0],[35.3787653,46.373385,0],[35.3825519,46.3790648,0],[35.3767598,46.3752871,0],[35.3712937,46.3711146,0],[35.3438006,46.3501144,0]]]},{"type":"Polygon","coordinates":[[[35.3333724,46.358338,0],[35.341784,46.3611505,0],[35.3482807,46.3635152,0],[35.3533621,46.364429,0],[35.3569327,46.3635236,0],[35.358615,46.3619073,0],[35.3712937,46.3711146,0],[35.3767598,46.3752871,0],[35.3825519,46.3790648,0],[35.4348268,46.4154379,0],[35.6146531,46.4998176,0],[35.7703355,46.6019115,0],[35.9364232,46.6585947,0],[36.0834475,46.6584942,0],[36.1898849,46.6670306,0],[36.2290436,46.6505061,0],[36.2598962,46.6186212,0],[36.2481044,46.5922106,0],[36.2191665,46.5648526,0],[36.1908498,46.5346757,0],[36.1665138,46.5276778,0],[36.1583491,46.5401217,0],[36.1530068,46.5432758,0],[36.1496652,46.5147368,0],[36.1154399,46.4989522,0],[36.0923227,46.4891196,0],[36.1187934,46.4850717,0],[36.1672409,46.4951943,0],[36.2695302,46.6056823,0],[36.3871346,46.7170348,0],[36.4958143,46.7476084,0],[36.6156003,46.7733631,0],[36.6471917,46.7806732,0],[36.7055683,46.7776224,0],[36.7464254,46.7656208,0],[36.7810826,46.7489031,0],[36.8105349,46.7279896,0],[36.8221156,46.7018948,0],[36.8013424,46.7071432,0],[36.7906962,46.6747997,0],[36.7783436,46.6636496,0],[36.7610148,46.6658088,0],[36.742359,46.6373607,0],[36.7592809,46.6186557,0],[36.8027555,46.6608015,0],[36.8380534,46.7057614,0],[36.8458418,46.7241601,0],[36.855689,46.7420834,0],[36.8685198,46.765691,0],[36.8859531,46.7893837,0],[36.9043569,46.805735,0],[36.9295332,46.8285604,0],[36.9589013,46.8476259,0],[36.9930792,46.8624588,0],[37.0193507,46.8668666,0],[37.235645,46.951068,0],[37.2972107,46.9273264,0],[37.3189188,46.8962982,0],[37.2925487,46.8746537,0],[37.2886386,46.870639,0],[37.3077307,46.8659203,0],[37.481465,47.032329,0],[37.5122278,47.0646199,0],[37.5376449,47.0819428,0],[37.5836822,47.0875223,0],[37.5805494,47.0818671,0],[37.586171,47.0786666,0],[37.5993159,47.0831463,0],[37.6082681,47.0841581,0],[37.6195177,47.0872745,0],[37.6243271,47.0910824,0],[37.6269053,47.0945396,0],[37.6295939,47.0949238,0],[37.6321966,47.0947236,0],[37.6336907,47.0932812,0],[37.634523,47.0932612,0],[37.6352395,47.0941275,0],[37.6664542,47.0864085,0],[37.6709432,47.0853219,0],[37.6705267,47.0818853,0],[37.6758112,47.0778874,0],[37.6821437,47.077174,0],[37.6850953,47.0782199,0],[37.687215,47.0811684,0],[37.6983471,47.0799666,0],[37.7138365,47.080388,0],[37.7394778,47.0835189,0],[37.767699,47.0887184,0],[37.7939977,47.0848302,0],[37.8148639,47.0894884,0],[37.8383095,47.0997045,0],[37.8292834,47.1127418,0],[37.8180535,47.1190987,0],[37.8499825,47.1742053,0],[37.8513558,47.198938,0],[37.833503,47.249301,0],[37.8338464,47.2854117,0],[37.8276665,47.3026429,0],[37.8348763,47.3082302,0],[37.8317864,47.3149807,0],[37.8245766,47.3214977,0],[37.8273232,47.3284792,0],[37.8292834,47.3425074,0],[37.8444894,47.3419742,0],[37.856849,47.3436027,0],[37.8612124,47.3478578,0],[37.8591525,47.3543707,0],[37.8486092,47.3501161,0],[37.8376229,47.3524422,0],[37.8417428,47.3584893,0],[37.8515994,47.3655338,0],[37.841643,47.3690218,0],[37.8383096,47.3780216,0],[37.8503258,47.3842983,0],[37.856849,47.3928985,0],[37.855819,47.403124,0],[37.8637154,47.4265885,0],[37.8784784,47.4416839,0],[37.8925547,47.4697729,0],[37.8194267,47.5463034,0],[37.7823477,47.5859162,0],[37.7686147,47.6354478,0],[37.801917,47.6423879,0],[37.8039769,47.6601962,0],[37.7644947,47.6847015,0],[37.6726795,47.7247168,0],[37.6467557,47.7456551,0],[37.6375888,47.7519939,0],[37.623169,47.7731102,0],[37.6345486,47.8025384,0],[37.6342622,47.838423,0],[37.6440338,47.8866264,0],[37.5759066,47.9077328,0],[37.5774368,47.864179,0],[37.5280859,47.8554011,0],[37.5058702,47.845921,0],[37.5329934,47.818262,0],[37.4841197,47.7934297,0],[37.4696463,47.7807851,0],[37.4377864,47.773467,0],[37.4251051,47.7510839,0],[37.4108784,47.7412695,0],[37.398621,47.7366362,0],[37.3920715,47.7401991,0],[37.3876407,47.738956,0],[37.3790374,47.7433381,0],[37.3683547,47.7428091,0],[37.3678462,47.7418087,0],[37.3568995,47.7442315,0],[37.3544172,47.7445792,0],[37.3465338,47.7473523,0],[37.3319098,47.7490964,0],[37.3308037,47.7516756,0],[37.3323669,47.7561416,0],[37.3248494,47.7573979,0],[37.3171094,47.7580051,0],[37.3039992,47.7586027,0],[37.2962932,47.7633797,0],[37.2910934,47.7623834,0],[37.2868848,47.7586953,0],[37.2806592,47.7593923,0],[37.2797556,47.7573485,0],[37.2833064,47.7554815,0],[37.286342,47.7530951,0],[37.2841424,47.7510841,0],[37.2684675,47.7519574,0],[37.2639388,47.7305232,0],[37.2536497,47.7149239,0],[37.2440583,47.7166472,0],[37.2213503,47.7115098,0],[37.2025681,47.7171854,0],[37.1667805,47.7171958,0],[37.1039627,47.7140795,0],[37.1020021,47.7446641,0],[37.0535419,47.7436656,0],[36.964522,47.7635413,0],[36.931931,47.7748372,0],[36.903955,47.7868254,0],[36.8879868,47.7953492,0],[36.8735563,47.805457,0],[36.8360852,47.8152793,0],[36.8202493,47.8216769,0],[36.8008516,47.8216192,0],[36.7870329,47.8083914,0],[36.7906163,47.7989076,0],[36.787934,47.7966593,0],[36.7811671,47.7931944,0],[36.7695932,47.7804734,0],[36.7325091,47.7804865,0],[36.7220327,47.7891402,0],[36.7079481,47.7921414,0],[36.6945468,47.7924877,0],[36.660036,47.7841794,0],[36.6581247,47.7764101,0],[36.6065339,47.7738529,0],[36.5375529,47.7167429,0],[36.5552546,47.6730363,0],[36.538214,47.6689171,0],[36.4448402,47.6502396,0],[36.3683277,47.6315602,0],[36.3052024,47.5967757,0],[36.2676334,47.5759913,0],[36.2255515,47.5633106,0],[36.1872538,47.5405371,0],[36.0787899,47.5254084,0],[36.0333717,47.5164133,0],[36.0139186,47.5103296,0],[35.9953037,47.499107,0],[35.9589323,47.4809483,0],[35.8082162,47.4970101,0],[35.7132434,47.4921281,0],[35.7104288,47.5001207,0],[35.7022113,47.5000623,0],[35.6986295,47.4956547,0],[35.691872,47.4978572,0],[35.6851135,47.5028427,0],[35.6654653,47.4972684,0],[35.6546633,47.5009618,0],[35.5593185,47.5212867,0],[35.5074074,47.5136924,0],[35.4549898,47.5104016,0],[35.4345108,47.5141379,0],[35.4443467,47.5277912,0],[35.3950278,47.5209199,0],[35.395015,47.5209279,0],[35.3351085,47.525197,0],[35.324817,47.5161493,0],[35.2997674,47.5108088,0],[35.2878203,47.5072123,0],[35.278965,47.5012958,0],[35.2742981,47.494214,0],[35.2839712,47.4712358,0],[35.2732173,47.4559165,0],[35.2649168,47.4544999,0],[35.2711192,47.471978,0],[35.2663324,47.4732687,0],[35.2492289,47.4675939,0],[35.2026425,47.4449743,0],[35.1486619,47.445657,0],[35.0775092,47.4532726,0],[35.0589987,47.4473587,0],[35.044613,47.4377275,0],[35.0165468,47.4114939,0],[34.9686931,47.3892045,0],[34.9284064,47.3927069,0],[34.880882,47.4088772,0],[34.8619132,47.4208554,0],[34.8723386,47.4365999,0],[34.8717802,47.4495574,0],[34.8599235,47.4512248,0],[34.8252023,47.4647735,0],[34.7923046,47.467718,0],[34.7472225,47.4930939,0],[34.7356732,47.4909335,0],[34.708982,47.4905527,0],[34.6864098,47.4929504,0],[34.6801991,47.5107016,0],[34.6594825,47.5267139,0],[34.6440887,47.5420432,0],[34.6283781,47.5458007,0],[34.6180346,47.5444616,0],[34.6059976,47.5375327,0],[34.5990399,47.5346411,0],[34.5862489,47.5217799,0],[34.5445304,47.5326781,0],[34.5331376,47.5304299,0],[34.5013959,47.4986586,0],[34.4358396,47.4968841,0],[34.3869488,47.5138458,0],[34.3727587,47.5106463,0],[34.3637994,47.4938613,0],[34.3395738,47.4681381,0],[34.3349123,47.4469725,0],[34.2961027,47.4286586,0],[34.2696797,47.4395195,0],[34.19929,47.4120751,0],[34.1457254,47.4244375,0],[34.1183461,47.4205374,0],[34.0648743,47.4242885,0],[34.0466778,47.4176252,0],[34.039918,47.4025579,0],[34.0196507,47.3580093,0],[33.9826473,47.2283016,0],[33.9098134,47.1702169,0],[33.8532138,47.1398666,0],[33.8407881,47.0984953,0],[33.8023184,47.0589876,0],[33.7227502,47.0173544,0],[33.6976692,46.9951021,0],[33.6973272,46.9623034,0],[33.689791,46.9215339,0],[33.6784469,46.9008966,0],[33.6576756,46.9035938,0],[33.6338234,46.8994853,0],[33.6341722,46.8823598,0],[33.6340293,46.8662278,0],[33.6022749,46.8278306,0],[33.5234834,46.8232138,0],[33.4642591,46.8183475,0],[33.377036,46.7749545,0],[33.3691524,46.7822006,0],[33.359021,46.7856416,0],[33.3566199,46.782589,0],[33.3566788,46.782027,0],[33.3689582,46.7708781,0],[33.3592099,46.7656871,0],[33.3248985,46.754623,0],[33.2866502,46.7489573,0],[33.2571296,46.7556612,0],[33.2238349,46.7675089,0],[33.1987729,46.7690015,0],[33.1457652,46.7819482,0],[33.1197127,46.7756086,0],[33.0015047,46.7182684,0],[32.9214063,46.7120972,0],[32.8621856,46.6985771,0],[32.8451243,46.6890472,0],[32.8259943,46.6801262,0],[32.8153649,46.6769739,0],[32.8027755,46.6760847,0],[32.7864417,46.6702986,0],[32.7728632,46.667364,0],[32.7588567,46.6656057,0],[32.7318311,46.6648554,0],[32.7211245,46.6655909,0],[32.7198636,46.6658863,0],[32.7140488,46.6655195,0],[32.7017971,46.6630314,0],[32.6593408,46.6503611,0],[32.6158918,46.6173811,0],[32.5917838,46.594635,0],[32.5558893,46.5966452,0],[32.5076916,46.5894803,0],[32.4784548,46.5719115,0],[32.4542467,46.5605294,0],[32.4853405,46.5249416,0],[32.4182718,46.4856886,0],[32.4116418,46.4830042,0],[32.3994017,46.474687,0],[32.3586744,46.4651814,0],[32.3272462,46.4659372,0],[32.2593625,46.4778177,0],[32.1866978,46.4861634,0],[32.1565911,46.4928421,0],[32.1216244,46.4984958,0],[32.0784128,46.4998821,0],[32.0439937,46.4915104,0],[32.002714,46.491635,0],[31.9108582,46.5166866,0],[31.8777017,46.5192436,0],[31.8610534,46.5159396,0],[31.8043262,46.5290811,0],[31.7544342,46.5478666,0],[31.6976527,46.5450053,0],[31.6690382,46.5363758,0],[31.6315001,46.5404893,0],[31.6003732,46.5378419,0],[31.5810734,46.5363334,0],[31.5540849,46.5454363,0],[31.5305196,46.5576033,0],[31.5129891,46.5806523,0],[31.5112983,46.5766614,0],[31.5216224,46.561578,0],[31.5538186,46.5362231,0],[31.6085151,46.5058215,0],[31.6559413,46.4718525,0],[31.691592,46.4414349,0],[31.7005543,46.4341696,0],[31.7095155,46.4351847,0],[31.7086949,46.4406947,0],[31.6971262,46.4472352,0],[31.6972279,46.4651296,0],[31.7052712,46.4743976,0],[31.7413541,46.4892095,0],[31.7987367,46.4797645,0],[31.8969265,46.4577466,0],[31.9528254,46.4374539,0],[31.9748459,46.4392025,0],[32.0022447,46.453429,0],[32.0290404,46.4375397,0],[32.0355703,46.4165629,0],[32.058461,46.3937231,0],[32.049656,46.3835551,0],[32.0255314,46.3854782,0],[32.0219162,46.382457,0],[32.0090507,46.3641139,0],[31.9757788,46.3481227,0],[31.9439245,46.3429025,0],[31.905239,46.3395834,0],[31.8655305,46.3334066,0],[31.8386419,46.3357385,0],[31.7727115,46.3224026,0],[31.7473078,46.3006251,0],[31.7477398,46.2981388,0],[31.7564087,46.2956546,0],[31.7573207,46.2951961,0],[31.7680176,46.2965165,0],[31.7745083,46.2939227,0],[31.7712141,46.288838,0],[31.7755462,46.2854607,0],[31.775112,46.282265,0],[31.78213,46.2768377,0],[31.7832894,46.2725096,0],[31.7771981,46.2681276,0],[31.7796043,46.2644672,0],[31.784366,46.2656769,0],[31.7845155,46.2688628,0],[31.7917038,46.2738877,0],[31.7963809,46.2735839,0],[31.8097262,46.2720936,0],[31.8143596,46.2694483,0],[31.8132429,46.2647435,0],[31.8183057,46.2643109,0],[31.8346957,46.266138,0],[31.8331443,46.2697922,0],[31.8351926,46.2728282,0],[31.8476993,46.2683372,0],[31.8507402,46.268254,0],[31.8520165,46.2705796,0],[31.862982,46.2721427,0],[31.8708329,46.2657735,0],[31.8740032,46.2652566,0],[31.8832899,46.2734161,0],[31.8950685,46.2807445,0],[31.904104,46.2964305,0],[31.9364344,46.2908668,0],[31.9437442,46.2855591,0],[31.9565426,46.2655395,0],[31.9591361,46.2653669,0],[31.9695132,46.2572078,0],[32.0286297,46.24524,0],[32.0514181,46.2497849,0],[32.077753,46.2389204,0],[32.0878278,46.2214609,0],[32.1264736,46.203145,0],[32.1659652,46.196893,0],[32.1870241,46.175666,0],[32.2061324,46.1721801,0],[32.2067609,46.1754285,0],[32.2081053,46.1867989,0],[32.2218112,46.18771,0],[32.2398791,46.1785152,0],[32.225887,46.1701135,0],[32.2287997,46.1666233,0],[32.2366721,46.1501329,0],[32.2304404,46.1395103,0],[32.2262152,46.1325411,0],[32.2477907,46.1246094,0],[32.5346945,46.0653849,0],[32.7101943,46.1028118,0],[32.9126433,46.102317,0],[33.1775496,46.1204739,0],[33.2991922,46.0701686,0],[33.4288627,46.0273475,0],[33.5148167,46.0272313,0],[33.4967004,46.0702854,0],[33.5637495,46.0747405,0],[33.5247998,46.1156966,0],[33.5573389,46.1222518,0],[33.573746,46.1257086,0],[33.6066801,46.1468776,0],[33.6897001,46.204334,0],[33.6970944,46.2034177,0],[33.7079213,46.200273,0],[33.7145537,46.1968941,0],[33.7248006,46.1917179,0],[33.7358617,46.1860384,0],[33.7386119,46.185275,0],[33.7405319,46.1851281,0],[33.7299217,46.1710752,0],[33.7292662,46.1691906,0],[33.7261916,46.1668223,0],[33.7253409,46.1650441,0],[33.7262883,46.1617772,0],[33.7265893,46.1580037,0],[33.7281125,46.1552848,0],[33.7350527,46.1500004,0],[33.7356035,46.1472395,0],[33.7408734,46.1442412,0],[33.7475156,46.1379718,0],[33.7495407,46.1375786,0],[33.7548923,46.1408023,0],[33.82395,46.1870691,0],[34.0383336,46.1169353,0],[34.1225822,46.1081224,0],[34.1607715,46.0804296,0],[34.2253509,46.0639134,0],[34.3824645,46.0346918,0],[34.4785519,45.9469467,0],[34.5560425,45.988691,0],[34.6514148,45.9739079,0],[34.7008834,45.9591791,0],[34.84002,45.873859,0],[34.8158713,45.8358401,0],[34.8250886,45.8113301,0],[34.8674115,45.8292986,0],[34.8707261,45.8468811,0],[34.8751355,45.8556675,0],[34.8862317,45.8605136,0],[34.9004183,45.8581853,0],[34.9353089,45.8055526,0],[34.9403705,45.7873712,0],[34.9456473,45.7804344,0],[34.9554943,45.7675069,0],[34.9493437,45.7629357,0],[34.9582188,45.7600372,0],[34.968107,45.7623163,0],[34.9731806,45.7637409,0],[34.9770528,45.765285,0],[34.8921877,45.8988106,0],[34.8524739,46.0092176,0],[34.8346407,46.1155296,0],[34.8293198,46.2041729,0],[34.8995709,46.2382894,0],[35.0215523,46.2585594,0],[35.0521723,46.2670622,0],[35.0767731,46.2786536,0],[35.1021402,46.3005696,0],[35.1124487,46.3103305,0],[35.1176139,46.3223204,0],[35.1274178,46.3420617,0],[35.1395474,46.3516888,0],[35.1620994,46.3588658,0],[35.1754386,46.3633927,0],[35.1851998,46.3696785,0],[35.1900829,46.371396,0],[35.1997346,46.3814907,0],[35.2574363,46.3758749,0],[35.263101,46.3657588,0],[35.2663605,46.3536289,0],[35.2695281,46.3560717,0],[35.2747197,46.3560763,0],[35.2903186,46.3573518,0],[35.3018946,46.3556784,0],[35.3054021,46.3543601,0],[35.3080145,46.3496215,0],[35.3087962,46.3484962,0],[35.3140408,46.3451194,0],[35.3179978,46.3403797,0],[35.3185209,46.3351659,0],[35.3175029,46.3315886,0],[35.3218423,46.3333256,0],[35.3333724,46.358338,0]]]}]},"properties":{"name":"Окуповано /// Occupied","styleUrl":"#poly-A52714-1200-77-nodesc","styleHash":"5f0393c8","styleMapHash":{"normal":"#poly-A52714-1200-77-nodesc-normal","highlight":"#poly-A52714-1200-77-nodesc-highlight"},"stroke-opacity":1,"stroke":"#a52714","stroke-width":1.2,"fill-opacity":0.30196078431372547,"fill":"#a52714"}},{"type":"Feature","geometry":{"type":"Polygon","coordinates":[[[37.5078854,47.9299295,0],[37.5063169,47.9264247,0],[37.5350286,47.917986,0],[37.5380764,47.9241494,0],[37.5428393,47.9324766,0],[37.5285901,47.9414985,0],[37.5266259,47.9355163,0],[37.5182679,47.9336454,0],[37.5137189,47.9330128,0],[37.5078854,47.9299295,0]]]},"properties":{"name":"Окуповано /// Occupied\n","styleUrl":"#poly-A52714-1200-77-nodesc","styleHash":"5f0393c8","styleMapHash":{"normal":"#poly-A52714-1200-77-nodesc-normal","highlight":"#poly-A52714-1200-77-nodesc-highlight"},"stroke-opacity":1,"stroke":"#a52714","stroke-width":1.2,"fill-opacity":0.30196078431372547,"fill":"#a52714"}},{"type":"Feature","geometry":{"type":"GeometryCollection","geometries":[{"type":"Polygon","coordinates":[[[32.4242935,46.5677694,0],[32.4242868,46.5677629,0],[32.4242876,46.5677564,0],[32.4242935,46.5677694,0]]]},{"type":"Polygon","coordinates":[[[33.902891,47.2324757,0],[33.9139764,47.2449577,0],[33.918726,47.27225,0],[33.9664246,47.3030694,0],[33.9759094,47.3560771,0],[33.9749812,47.3872984,0],[33.9572192,47.4182864,0],[33.90958,47.4217531,0],[33.8766914,47.4342646,0],[33.8356275,47.4341851,0],[33.8300045,47.4278393,0],[33.7311625,47.4153283,0],[33.6729078,47.4073129,0],[33.6615721,47.4204488,0],[33.6224839,47.4109757,0],[33.5904527,47.4096195,0],[33.5674138,47.4210864,0],[33.5184649,47.4544486,0],[33.4910885,47.4535319,0],[33.4622298,47.4451763,0],[33.4356333,47.4290364,0],[33.4076738,47.4254313,0],[33.407277,47.4234556,0],[33.4025031,47.4213057,0],[33.396842,47.417637,0],[33.3878594,47.4163996,0],[33.3788771,47.4163231,0],[33.3766184,47.4171562,0],[33.3736934,47.418526,0],[33.3697384,47.4194311,0],[33.3687874,47.4187681,0],[33.3671962,47.4173912,0],[33.3667438,47.4165867,0],[33.365831,47.4132223,0],[33.3662328,47.4120046,0],[33.3655754,47.4105245,0],[33.365478,47.4077718,0],[33.3654292,47.4056985,0],[33.3661772,47.4015249,0],[33.3671519,47.3993219,0],[33.3672957,47.3976974,0],[33.3684475,47.395955,0],[33.3697708,47.3940963,0],[33.3699783,47.3923537,0],[33.3703394,47.3909013,0],[33.3738486,47.3882826,0],[33.3762897,47.3869735,0],[33.3764802,47.385796,0],[33.3756313,47.3818366,0],[33.3718597,47.379392,0],[33.37006,47.3793902,0],[33.3691601,47.37875,0],[33.369826,47.3767444,0],[33.3689471,47.3757268,0],[33.3685391,47.372892,0],[33.3619131,47.3690442,0],[33.3584291,47.367876,0],[33.3548849,47.3650828,0],[33.3501089,47.3643256,0],[33.3481501,47.3644703,0],[33.3468363,47.3650042,0],[33.3459499,47.3655156,0],[33.3455786,47.3651549,0],[33.3458658,47.3640265,0],[33.3464578,47.361879,0],[33.3456247,47.3606185,0],[33.3425411,47.3601145,0],[33.3391143,47.360308,0],[33.3378333,47.3625652,0],[33.335476,47.3629961,0],[33.3322375,47.3643161,0],[33.3299316,47.3639295,0],[33.3260321,47.3644338,0],[33.321765,47.3649185,0],[33.3152542,47.3674861,0],[33.3107116,47.3702232,0],[33.3056083,47.3689176,0],[33.2997952,47.3681488,0],[33.2992063,47.3663695,0],[33.2974149,47.3653411,0],[33.2953177,47.3654082,0],[33.2935825,47.3642208,0],[33.292105,47.3603882,0],[33.2902107,47.3573371,0],[33.2892875,47.3546881,0],[33.289727,47.3539159,0],[33.2914917,47.3529629,0],[33.2920119,47.3522424,0],[33.2921821,47.3510437,0],[33.2915371,47.3495107,0],[33.2906568,47.3488023,0],[33.2882855,47.3476921,0],[33.2852974,47.3460321,0],[33.2846189,47.3454928,0],[33.284627,47.3450116,0],[33.2851887,47.3440973,0],[33.2861562,47.3434366,0],[33.2865541,47.342321,0],[33.287783,47.3397567,0],[33.2890134,47.3386477,0],[33.2909159,47.3375697,0],[33.2951715,47.3354311,0],[33.2969558,47.3342454,0],[33.2981913,47.3336526,0],[33.2996673,47.3330072,0],[33.3010061,47.331521,0],[33.3009716,47.3305293,0],[33.3010632,47.3296915,0],[33.3002936,47.3285745,0],[33.299524,47.3285337,0],[33.2990634,47.3281961,0],[33.2979077,47.3279509,0],[33.2969882,47.327444,0],[33.2976994,47.3265006,0],[33.2990424,47.325272,0],[33.299055,47.3239851,0],[33.2981954,47.3235012,0],[33.2975081,47.3227356,0],[33.2962204,47.3219746,0],[33.293817,47.3215068,0],[33.2915854,47.3217965,0],[33.290255,47.3221741,0],[33.2893323,47.322101,0],[33.2869505,47.3210389,0],[33.2853725,47.3210714,0],[33.2793478,47.3223677,0],[33.2766785,47.3233648,0],[33.2668424,47.3272418,0],[33.2649416,47.3281319,0],[33.2623112,47.3295455,0],[33.2607404,47.3308085,0],[33.2567659,47.3342239,0],[33.2561561,47.3345975,0],[33.25495,47.3348716,0],[33.2537438,47.3348257,0],[33.2520679,47.3341682,0],[33.2508438,47.3336067,0],[33.2488903,47.3321436,0],[33.2468292,47.3301352,0],[33.2454554,47.3281129,0],[33.2424941,47.3259673,0],[33.2406487,47.3246943,0],[33.2377085,47.3231949,0],[33.2343395,47.3221898,0],[33.2334787,47.3216467,0],[33.2331342,47.3204733,0],[33.2343345,47.3167981,0],[33.2353159,47.3152473,0],[33.235549,47.3143846,0],[33.236438,47.3128186,0],[33.2381269,47.3114973,0],[33.2418466,47.3094399,0],[33.2449654,47.3086628,0],[33.2465828,47.3076708,0],[33.2505173,47.3067951,0],[33.2557053,47.3062096,0],[33.2583611,47.3055656,0],[33.2623259,47.3058237,0],[33.2672266,47.3077569,0],[33.2698529,47.307653,0],[33.2707659,47.3074413,0],[33.2740977,47.30719,0],[33.2746907,47.3065405,0],[33.2757167,47.3058665,0],[33.275584,47.3041741,0],[33.2752216,47.3030255,0],[33.2749546,47.3011416,0],[33.2750786,47.300549,0],[33.2757415,47.2991176,0],[33.275515,47.2973833,0],[33.2746019,47.2959981,0],[33.2738294,47.2950488,0],[33.2718124,47.2930314,0],[33.2698599,47.2922556,0],[33.2689266,47.2916639,0],[33.2677305,47.2906694,0],[33.2639996,47.2879307,0],[33.2630583,47.2878992,0],[33.2617076,47.2881863,0],[33.2611181,47.287602,0],[33.2598792,47.287077,0],[33.2567091,47.2866102,0],[33.2497823,47.2863742,0],[33.2492219,47.286574,0],[33.2472251,47.286179,0],[33.2428793,47.2868548,0],[33.2399767,47.2886772,0],[33.2388686,47.2888606,0],[33.2327394,47.2888402,0],[33.2318987,47.2895484,0],[33.2316929,47.29031,0],[33.2309892,47.292088,0],[33.2298219,47.2923657,0],[33.228955,47.2920612,0],[33.2282363,47.291344,0],[33.2267182,47.2913929,0],[33.2247711,47.2909177,0],[33.2202302,47.289504,0],[33.2162865,47.2877782,0],[33.2144866,47.2866823,0],[33.2136297,47.2858142,0],[33.2119139,47.285089,0],[33.2110132,47.2846391,0],[33.2099512,47.2840899,0],[33.2091467,47.2834243,0],[33.2095439,47.2830789,0],[33.2096138,47.2819455,0],[33.2088334,47.280651,0],[33.2076707,47.2792759,0],[33.2050921,47.2773475,0],[33.204157,47.2763649,0],[33.2022708,47.2733239,0],[33.2010704,47.2721237,0],[33.1984968,47.2682445,0],[33.1981564,47.2665139,0],[33.1981579,47.2646294,0],[33.1976866,47.264124,0],[33.195949,47.2633033,0],[33.1941256,47.262075,0],[33.1937706,47.261183,0],[33.1939365,47.2576788,0],[33.1939994,47.2574145,0],[33.1944486,47.2572667,0],[33.1955199,47.2565946,0],[33.1964418,47.2555596,0],[33.1969886,47.254576,0],[33.197734,47.253793,0],[33.1999091,47.2523238,0],[33.2001383,47.2515309,0],[33.1996092,47.2508141,0],[33.1979285,47.2499022,0],[33.1958436,47.2496502,0],[33.1932992,47.2500194,0],[33.192027,47.2500875,0],[33.1914768,47.2497719,0],[33.191545,47.2491481,0],[33.192137,47.24837,0],[33.1938921,47.247311,0],[33.1949842,47.246461,0],[33.1953467,47.2455527,0],[33.1952531,47.2448346,0],[33.1929319,47.2425526,0],[33.1916859,47.2420817,0],[33.1896039,47.2419918,0],[33.1873184,47.2427334,0],[33.1868195,47.2433371,0],[33.1867845,47.2439594,0],[33.1864235,47.2441831,0],[33.1860285,47.2437705,0],[33.1856594,47.2432437,0],[33.1850887,47.242689,0],[33.1846747,47.2416832,0],[33.1846394,47.238966,0],[33.184193,47.2380154,0],[33.1821674,47.2370155,0],[33.1799102,47.2366613,0],[33.1787817,47.2369211,0],[33.1777024,47.2375463,0],[33.1763474,47.2378006,0],[33.1751549,47.2368787,0],[33.1730138,47.2336204,0],[33.1679523,47.2333899,0],[33.166752,47.2341779,0],[33.1661947,47.2341056,0],[33.1638561,47.2316217,0],[33.1601872,47.2313524,0],[33.1584635,47.2326383,0],[33.1593182,47.2344469,0],[33.1626209,47.2355843,0],[33.162899,47.2359781,0],[33.1617506,47.236379,0],[33.1591001,47.2356144,0],[33.1564319,47.2356179,0],[33.1526946,47.2346578,0],[33.1514699,47.2342068,0],[33.1507717,47.233544,0],[33.1503369,47.232659,0],[33.1488751,47.2309925,0],[33.147801,47.2305089,0],[33.1422859,47.2301213,0],[33.1409875,47.2305393,0],[33.1388362,47.2314476,0],[33.1329539,47.2330091,0],[33.1273722,47.2309567,0],[33.1267233,47.2298521,0],[33.1266993,47.2288044,0],[33.1271164,47.2257743,0],[33.1277112,47.2224231,0],[33.1285236,47.22066,0],[33.1294018,47.219283,0],[33.1340566,47.2132711,0],[33.1354159,47.2127188,0],[33.1367392,47.2124427,0],[33.1424648,47.2111385,0],[33.1428385,47.2107779,0],[33.1429547,47.2098051,0],[33.1474748,47.2086621,0],[33.1599918,47.202726,0],[33.1585254,47.2013905,0],[33.1533076,47.1990024,0],[33.1484243,47.197925,0],[33.1421093,47.1964545,0],[33.1398367,47.1941627,0],[33.1494112,47.1710621,0],[33.1500023,47.1429662,0],[33.1327492,47.1268252,0],[33.0841661,47.1045385,0],[33.0083,47.1366992,0],[33.0056691,47.1348407,0],[33.0028008,47.1316446,0],[33.0019681,47.129874,0],[33.0010797,47.1296895,0],[32.9999918,47.127933,0],[32.9989759,47.1267043,0],[32.996408,47.12536,0],[32.9943946,47.1240747,0],[32.9926468,47.1227361,0],[32.9876531,47.1206943,0],[32.9819731,47.1196744,0],[32.9764548,47.1183564,0],[32.9727088,47.1170839,0],[32.9701921,47.1160972,0],[32.9662593,47.1157529,0],[32.9628247,47.11586,0],[32.9596475,47.1163175,0],[32.9521788,47.1173589,0],[32.950676,47.1170619,0],[32.9503748,47.1157426,0],[32.9509647,47.1141743,0],[32.9520967,47.1127771,0],[32.9538294,47.1117303,0],[32.9566509,47.1104545,0],[32.9594615,47.1095978,0],[32.9636348,47.1087021,0],[32.966365,47.1083417,0],[32.9700047,47.108366,0],[32.9716528,47.108086,0],[32.9723997,47.1077183,0],[32.9728821,47.1072413,0],[32.9738793,47.1050117,0],[32.9738896,47.1033516,0],[32.9736423,47.101341,0],[32.9730401,47.1004263,0],[32.9726961,47.0994724,0],[32.9700347,47.0975251,0],[32.9672015,47.0970484,0],[32.9643683,47.0970975,0],[32.961578,47.097614,0],[32.9593026,47.0985687,0],[32.9553943,47.1008234,0],[32.9510796,47.1054268,0],[32.950112,47.105999,0],[32.9487321,47.1062429,0],[32.9446057,47.1060193,0],[32.9422606,47.1053721,0],[32.9396582,47.1040238,0],[32.9390882,47.1031382,0],[32.9385527,47.1016892,0],[32.9376412,47.1002636,0],[32.9358123,47.0942045,0],[32.9344689,47.0878441,0],[32.933469,47.0864508,0],[32.9303407,47.0845755,0],[32.9262684,47.0835182,0],[32.9249216,47.0835416,0],[32.9237464,47.0839741,0],[32.9166323,47.0851019,0],[32.9153862,47.0857051,0],[32.9136903,47.087234,0],[32.9134001,47.0879692,0],[32.9108354,47.0906329,0],[32.9096067,47.091896,0],[32.9089495,47.0936378,0],[32.9087213,47.0970158,0],[32.910595,47.1006227,0],[32.9133345,47.103507,0],[32.9136279,47.1043757,0],[32.9131902,47.1052925,0],[32.9107396,47.1077081,0],[32.9057997,47.1103572,0],[32.9020051,47.112247,0],[32.899979,47.1129582,0],[32.8950177,47.1136351,0],[32.8939187,47.1133188,0],[32.8932417,47.1127459,0],[32.892045,47.1111451,0],[32.8912106,47.1091472,0],[32.8907506,47.1065125,0],[32.8909772,47.1034104,0],[32.8948015,47.0966294,0],[32.89534,47.095021,0],[32.8973259,47.0919379,0],[32.8983674,47.089147,0],[32.897724,47.0881152,0],[32.8943983,47.0868104,0],[32.8845939,47.0823491,0],[32.8752944,47.0787176,0],[32.8715892,47.0769585,0],[32.8702517,47.0768382,0],[32.8646047,47.0788821,0],[32.8624668,47.0792606,0],[32.8527287,47.0787482,0],[32.8489747,47.0800107,0],[32.8479554,47.0827458,0],[32.8463295,47.0846394,0],[32.8439711,47.08582,0],[32.845624,47.0887186,0],[32.8136276,47.098335,0],[32.7796722,47.0987641,0],[32.7616162,47.0823217,0],[32.7181719,47.068209,0],[32.6951738,47.067834,0],[32.6857417,47.0678986,0],[32.6695862,47.0668958,0],[32.6530984,47.0665583,0],[32.6389928,47.0657219,0],[32.6234199,47.0632442,0],[32.6103217,47.0605085,0],[32.6057322,47.0595403,0],[32.5971626,47.0582136,0],[32.5649619,47.0524187,0],[32.5199405,47.044387,0],[32.5159312,47.0272845,0],[32.5150734,47.0206741,0],[32.5070862,47.0057721,0],[32.4872602,46.998126,0],[32.4765316,46.9847777,0],[32.4226403,46.9590115,0],[32.4524722,46.9225078,0],[32.4791439,46.8698601,0],[32.4622457,46.8402638,0],[32.3928777,46.8568149,0],[32.3612837,46.8562256,0],[32.3638323,46.8319394,0],[32.3042471,46.7773434,0],[32.2449914,46.7704835,0],[32.2175168,46.7496435,0],[32.1873582,46.7472184,0],[32.170577,46.7457602,0],[32.165821,46.7021817,0],[32.1462516,46.7063019,0],[32.1440085,46.6327955,0],[32.1182709,46.6310297,0],[32.0949749,46.6340632,0],[32.0881623,46.6168188,0],[32.1043262,46.6124726,0],[32.1134364,46.6046382,0],[32.1197977,46.5968033,0],[32.1386804,46.5569205,0],[32.1846856,46.5753316,0],[32.2090614,46.5762756,0],[32.2464834,46.5923209,0],[32.2595297,46.5904335,0],[32.2786795,46.581041,0],[32.3206199,46.5534494,0],[32.4242935,46.5677694,0],[32.4303018,46.5602747,0],[32.4488358,46.5632811,0],[32.4680601,46.5712413,0],[32.4721751,46.5722328,0],[32.4777076,46.5746303,0],[32.4800453,46.5777168,0],[32.4842186,46.5818558,0],[32.4971481,46.587292,0],[32.5032441,46.5930209,0],[32.5110577,46.5954464,0],[32.5205905,46.5963276,0],[32.5440279,46.5956731,0],[32.557449,46.5995523,0],[32.5607425,46.5981231,0],[32.5791743,46.5971497,0],[32.5806125,46.5982397,0],[32.579615,46.6015564,0],[32.5897759,46.602514,0],[32.6373263,46.6383563,0],[32.6544878,46.6530576,0],[32.6618742,46.656681,0],[32.6715212,46.6599256,0],[32.6724399,46.659854,0],[32.6759891,46.6610846,0],[32.6798667,46.662127,0],[32.6842594,46.662963,0],[32.6950256,46.6665731,0],[32.7002817,46.6681307,0],[32.7057097,46.6693641,0],[32.7074045,46.6703027,0],[32.7090673,46.6706101,0],[32.7098493,46.6705071,0],[32.7112068,46.6709704,0],[32.714474,46.6723613,0],[32.7177472,46.6736999,0],[32.7191966,46.6740184,0],[32.7199489,46.6659446,0],[32.7212098,46.6656492,0],[32.7204453,46.6741235,0],[32.7213564,46.6747251,0],[32.7238723,46.674953,0],[32.726474,46.6753576,0],[32.7295263,46.675114,0],[32.7299259,46.6755883,0],[32.7314239,46.6755089,0],[32.7352842,46.675366,0],[32.7365277,46.6755153,0],[32.7374985,46.6751364,0],[32.7385981,46.6749342,0],[32.738909,46.6745592,0],[32.7407218,46.6745375,0],[32.7413278,46.6748947,0],[32.7502997,46.6733654,0],[32.7581556,46.6726159,0],[32.7680261,46.6727857,0],[32.7777251,46.6733963,0],[32.7832635,46.6740364,0],[32.7933287,46.6766528,0],[32.8026964,46.6803456,0],[32.8121512,46.6844796,0],[32.813693,46.6834649,0],[32.818262,46.6842714,0],[32.8345483,46.6906998,0],[32.8380673,46.6942137,0],[32.8697868,46.7075855,0],[32.9422712,46.7397114,0],[33.0136828,46.7420641,0],[33.0459553,46.7467694,0],[33.0949717,46.7690037,0],[33.1560835,46.7885182,0],[33.2298983,46.7866375,0],[33.3092061,46.7741769,0],[33.3293765,46.7799961,0],[33.351202,46.7791429,0],[33.3535113,46.7796149,0],[33.3567648,46.7820853,0],[33.3567059,46.7826473,0],[33.359107,46.7856999,0],[33.3591636,46.7869666,0],[33.3621309,46.7892882,0],[33.3654935,46.7914446,0],[33.3806177,46.8052055,0],[33.4122593,46.8297139,0],[33.4419126,46.8417875,0],[33.4698584,46.8468084,0],[33.5086542,46.8581315,0],[33.5905495,46.853824,0],[33.5991266,46.8942143,0],[33.5953476,46.9346045,0],[33.6551155,46.985062,0],[33.6620523,46.9999038,0],[33.6574147,47.0484602,0],[33.7500191,47.0920738,0],[33.7640135,47.0980348,0],[33.7872912,47.1308668,0],[33.7817432,47.1787464,0],[33.7897571,47.1836802,0],[33.8249933,47.1960445,0],[33.8549139,47.2072308,0],[33.8656744,47.2096815,0],[33.8847869,47.220094,0],[33.902891,47.2324757,0]]]}]},"properties":{"name":"Окуповано /// Occupied","styleUrl":"#poly-A52714-1200-77-nodesc","styleHash":"5f0393c8","styleMapHash":{"normal":"#poly-A52714-1200-77-nodesc-normal","highlight":"#poly-A52714-1200-77-nodesc-highlight"},"stroke-opacity":1,"stroke":"#a52714","stroke-width":1.2,"fill-opacity":0.30196078431372547,"fill":"#a52714"}},{"type":"Feature","geometry":{"type":"GeometryCollection","geometries":[{"type":"Polygon","coordinates":[[[36.2812026,50.2286187,0],[36.2932618,50.2449716,0],[36.306877,50.247144,0],[36.3200389,50.2822468,0],[36.3295969,50.2898094,0],[36.298141,50.2921045,0],[36.3000067,50.2990622,0],[36.2867653,50.2990016,0],[36.2865937,50.3034971,0],[36.2853921,50.3064576,0],[36.2768089,50.3174201,0],[36.2795554,50.3233388,0],[36.2744056,50.3242156,0],[36.2850487,50.3349548,0],[36.2778389,50.3404331,0],[36.2563921,50.3552215,0],[36.2419742,50.3585062,0],[36.2339479,50.3647203,0],[36.2317568,50.3715912,0],[36.214461,50.3837698,0],[36.2036811,50.3961656,0],[36.1842805,50.4056319,0],[36.1782678,50.4021858,0],[36.1707356,50.4109105,0],[36.161825,50.4314486,0],[36.1365977,50.4377749,0],[36.117806,50.4383144,0],[36.1038193,50.4419129,0],[36.0899949,50.4244097,0],[36.0641666,50.4121524,0],[36.0765366,50.396836,0],[36.0902591,50.3905971,0],[36.1060651,50.395084,0],[36.1364635,50.3845705,0],[36.1272333,50.3248327,0],[36.1548,50.3322039,0],[36.1706767,50.3472125,0],[36.20922,50.3538938,0],[36.2169474,50.3291296,0],[36.1925762,50.3225481,0],[36.2351593,50.2854105,0],[36.2376573,50.2855599,0],[36.2490341,50.2781756,0],[36.2197308,50.2661829,0],[36.2256169,50.252947,0],[36.2376492,50.2455451,0],[36.2469184,50.2441238,0],[36.2490632,50.2421778,0],[36.2640381,50.2352085,0],[36.2739365,50.2274479,0],[36.2812026,50.2286187,0]]]},{"type":"Polygon","coordinates":[[[36.3295969,50.2898094,0],[36.3200389,50.2822468,0],[36.306877,50.247144,0],[36.342163,50.2517483,0],[36.3727117,50.2525783,0],[36.4034256,50.2303281,0],[36.4482253,50.208078,0],[36.4347595,50.1704993,0],[36.5360594,50.1683658,0],[36.5600357,50.1678059,0],[36.6073518,50.1604745,0],[36.6495489,50.1756785,0],[36.6797425,50.1795928,0],[36.7048488,50.1783521,0],[36.752136,50.1542719,0],[36.7718978,50.1607468,0],[36.8045352,50.1611711,0],[36.8195426,50.1536676,0],[36.8339238,50.1596947,0],[36.8434342,50.1782266,0],[36.8369847,50.2336462,0],[36.8036711,50.2324883,0],[36.6946388,50.2690885,0],[36.6897054,50.2666486,0],[36.6820731,50.2388939,0],[36.6648394,50.2216773,0],[36.6494468,50.2179886,0],[36.6422939,50.222207,0],[36.6163122,50.227564,0],[36.6151626,50.2233415,0],[36.5963783,50.2307066,0],[36.5610578,50.2505013,0],[36.5696906,50.2577129,0],[36.5752955,50.2552273,0],[36.579128,50.2585664,0],[36.5761091,50.2606201,0],[36.5816735,50.2628383,0],[36.5786399,50.268268,0],[36.5765498,50.2744108,0],[36.5745496,50.2753467,0],[36.5947496,50.2758146,0],[36.594465,50.2780517,0],[36.5922194,50.278567,0],[36.5906244,50.2792907,0],[36.5892688,50.2811334,0],[36.5890199,50.2817804,0],[36.5897107,50.2839138,0],[36.5877384,50.2851999,0],[36.584735,50.2862541,0],[36.5709591,50.2857503,0],[36.5633634,50.2848067,0],[36.5607892,50.2842356,0],[36.5574156,50.2816126,0],[36.5267282,50.2864243,0],[36.5283273,50.292686,0],[36.5251782,50.2936236,0],[36.5221102,50.2931423,0],[36.519718,50.2938886,0],[36.5175831,50.293922,0],[36.5176286,50.2953104,0],[36.5167735,50.296065,0],[36.5143768,50.2959291,0],[36.5127589,50.2957669,0],[36.5016459,50.2997418,0],[36.4984813,50.3027089,0],[36.4927119,50.306137,0],[36.4910621,50.3082491,0],[36.4908523,50.3101711,0],[36.4886402,50.3125969,0],[36.4412615,50.3121584,0],[36.435425,50.3294759,0],[36.4345667,50.3309005,0],[36.4292452,50.3296951,0],[36.4261012,50.3281882,0],[36.4257039,50.3273388,0],[36.4241909,50.3266264,0],[36.4226781,50.3241056,0],[36.4169276,50.3185706,0],[36.4144174,50.316351,0],[36.4096854,50.3122541,0],[36.400835,50.3071702,0],[36.3767164,50.3007561,0],[36.3752574,50.3005367,0],[36.3798922,50.2939025,0],[36.3675748,50.2882545,0],[36.3624684,50.2874317,0],[36.3554319,50.289054,0],[36.3295969,50.2898094,0]]]},{"type":"Polygon","coordinates":[[[37.4107837,49.1100787,0],[37.4317502,49.0975788,0],[37.4568485,49.0913609,0],[37.4705879,49.0800637,0],[37.4863925,49.0563345,0],[37.4876699,49.0489691,0],[37.4898338,49.0366462,0],[37.4959938,49.0320466,0],[37.5073878,49.0273334,0],[37.5131798,49.0238716,0],[37.5365181,49.0220194,0],[37.5564749,49.0262376,0],[37.572488,49.0325003,0],[37.5752484,49.0353449,0],[37.585855,49.0403066,0],[37.5998974,49.0450425,0],[37.6042419,49.045727,0],[37.6087436,49.0455963,0],[37.6114652,49.0451658,0],[37.6199589,49.045804,0],[37.6232778,49.0448579,0],[37.6252869,49.0435646,0],[37.6264804,49.0393745,0],[37.6274848,49.0381937,0],[37.6288753,49.0376741,0],[37.6361697,49.0374954,0],[37.6493975,49.0352181,0],[37.6590839,49.0331087,0],[37.6628501,49.0314199,0],[37.6633893,49.0290558,0],[37.6615776,49.0273602,0],[37.6561183,49.0244264,0],[37.6551345,49.023047,0],[37.65517,49.0218438,0],[37.6564538,49.020623,0],[37.6590678,49.0205561,0],[37.6625992,49.0208445,0],[37.665315,49.0202463,0],[37.6666912,49.0189233,0],[37.6673164,49.0178677,0],[37.6663908,49.0160171,0],[37.6645335,49.0150355,0],[37.6616308,49.0144603,0],[37.6561455,49.0122022,0],[37.6501457,49.0107602,0],[37.6471398,49.0045385,0],[37.6431169,49.004165,0],[37.6399736,49.00648,0],[37.6240333,48.9956812,0],[37.6245143,48.9937297,0],[37.6266261,48.9922851,0],[37.6329004,48.9935015,0],[37.634776,48.9920849,0],[37.6321882,48.988331,0],[37.6272188,48.9861541,0],[37.6275369,48.9854473,0],[37.6310049,48.984456,0],[37.6337432,48.9824366,0],[37.6342308,48.9812576,0],[37.6301831,48.9744713,0],[37.6293117,48.9695441,0],[37.6278331,48.9674785,0],[37.6247239,48.9667652,0],[37.6208872,48.9671274,0],[37.6173125,48.9670066,0],[37.6148968,48.9632372,0],[37.6160002,48.9616796,0],[37.6276632,48.9552256,0],[37.6320555,48.9547034,0],[37.6335861,48.9522299,0],[37.6374197,48.949119,0],[37.6490631,48.9469658,0],[37.6598814,48.944854,0],[37.6638743,48.9450236,0],[37.6659996,48.9435863,0],[37.6746797,48.9435299,0],[37.6836392,48.9477999,0],[37.6907047,48.9492219,0],[37.693603,48.9527443,0],[37.6963299,48.9542376,0],[37.6950757,48.9561677,0],[37.6957097,48.9575906,0],[37.6993908,48.9588726,0],[37.7081573,48.9563362,0],[37.7187469,48.9575284,0],[37.721185,48.953814,0],[37.7257255,48.951734,0],[37.725909,48.949499,0],[37.72452,48.9479307,0],[37.7236109,48.9464563,0],[37.7263134,48.9426642,0],[37.7284149,48.9413666,0],[37.7391583,48.9378923,0],[37.7671236,48.9205692,0],[37.7707361,48.9096578,0],[37.7689409,48.9034846,0],[37.7650458,48.8911491,0],[37.758105,48.889761,0],[37.7608287,48.8883121,0],[37.7658166,48.8825505,0],[37.7687013,48.8817554,0],[37.7763137,48.8840939,0],[37.779721,48.8875187,0],[37.7896916,48.8926885,0],[37.8071583,48.893973,0],[37.8229733,48.8947189,0],[37.841407,48.8915586,0],[37.8441914,48.8889129,0],[37.8523826,48.886154,0],[37.8579498,48.8858281,0],[37.8600508,48.8871071,0],[37.8628504,48.8872816,0],[37.8646629,48.8864262,0],[37.8651763,48.884052,0],[37.8612836,48.8819841,0],[37.8617438,48.8814048,0],[37.8671155,48.8803034,0],[37.8695258,48.8786797,0],[37.8721147,48.8777466,0],[37.8748892,48.8773055,0],[37.8763612,48.8783564,0],[37.8792707,48.87849,0],[37.8800774,48.8780167,0],[37.8838251,48.8789566,0],[37.8846974,48.880983,0],[37.882644,48.8824959,0],[37.8823139,48.8854794,0],[37.8847454,48.8864845,0],[37.8896142,48.8866995,0],[37.8931862,48.8886131,0],[37.8949647,48.8887316,0],[37.8894059,48.8923886,0],[37.8862498,48.8962711,0],[37.8851276,48.8987094,0],[37.8868327,48.9017091,0],[37.890598,48.9035803,0],[37.8974427,48.9064198,0],[37.9071317,48.9060994,0],[37.9135208,48.9054308,0],[37.9228092,48.9003286,0],[37.9322336,48.8983758,0],[37.9337293,48.9001326,0],[37.9364851,48.9038435,0],[37.9376676,48.9051255,0],[37.9414037,48.9077263,0],[37.9441467,48.9093006,0],[37.9453788,48.9104262,0],[37.9478984,48.9114954,0],[37.9519347,48.9124173,0],[37.9540612,48.9121826,0],[37.9569186,48.9093156,0],[37.9564101,48.9074507,0],[37.9526501,48.9036791,0],[37.9528871,48.9025886,0],[37.9542827,48.9020623,0],[37.9595412,48.9012776,0],[37.9615489,48.9016002,0],[37.9641252,48.9013936,0],[37.969094,48.9024139,0],[37.9734483,48.9037734,0],[37.9747513,48.9069637,0],[37.978812,48.9108943,0],[37.9870603,48.9115275,0],[37.9892167,48.9109579,0],[37.9908688,48.9094152,0],[37.9923385,48.9065678,0],[37.9930196,48.9061806,0],[37.9939395,48.9061879,0],[37.9948105,48.9075314,0],[37.9945657,48.9094953,0],[37.9954047,48.910479,0],[37.9966074,48.9110696,0],[37.9980998,48.9113007,0],[37.9999863,48.9112353,0],[38.0036868,48.9093375,0],[38.0053277,48.9076059,0],[38.0053807,48.9057331,0],[38.0052665,48.9053897,0],[38.00556,48.9049547,0],[38.0064336,48.9048905,0],[38.0074467,48.905877,0],[38.0080445,48.9084805,0],[38.0092754,48.9092082,0],[38.0104529,48.909513,0],[38.0116318,48.9094362,0],[38.0134659,48.908259,0],[38.0141685,48.9080959,0],[38.0149141,48.908229,0],[38.0156007,48.9086151,0],[38.0158796,48.9091418,0],[38.0161586,48.9113749,0],[38.017489,48.9121813,0],[38.0196242,48.9127412,0],[38.0204129,48.9133983,0],[38.0207737,48.9146342,0],[38.0203586,48.9169761,0],[38.0218354,48.9173309,0],[38.0235447,48.9174447,0],[38.0260623,48.9170873,0],[38.0273168,48.9161958,0],[38.0284967,48.9139098,0],[38.0291615,48.9136826,0],[38.0295518,48.9143124,0],[38.0300601,48.914512,0],[38.0315276,48.9175764,0],[38.0361478,48.924403,0],[38.0377456,48.9254206,0],[38.0395793,48.9278619,0],[38.0413159,48.9290088,0],[38.0420227,48.932672,0],[38.0442316,48.9356303,0],[38.0518875,48.9394843,0],[38.0551794,48.9400369,0],[38.0566688,48.9400257,0],[38.0639347,48.9374468,0],[38.0808174,48.9401104,0],[38.0889677,48.9404188,0],[38.092534,48.9399611,0],[38.0941476,48.9386578,0],[38.0952715,48.9356707,0],[38.096136,48.9351871,0],[38.11378,48.9330678,0],[38.116383,48.9315353,0],[38.1172479,48.9297771,0],[38.1174048,48.9281457,0],[38.1184628,48.9273321,0],[38.1197633,48.9270301,0],[38.1209136,48.9268548,0],[38.1260894,48.927223,0],[38.1281753,48.9269989,0],[38.1303038,48.9261403,0],[38.1328058,48.9242588,0],[38.1368401,48.9261725,0],[38.1394947,48.9312066,0],[38.1395317,48.9320962,0],[38.1407856,48.9325219,0],[38.1425975,48.9334692,0],[38.1448981,48.9332691,0],[38.1483144,48.9328717,0],[38.1537906,48.9314451,0],[38.1582796,48.9312306,0],[38.1633094,48.9311821,0],[38.1683822,48.9318383,0],[38.1824308,48.929756,0],[38.1856644,48.9298441,0],[38.1951352,48.9284968,0],[38.199743,48.9288467,0],[38.2116937,48.9313209,0],[38.2340555,48.9418302,0],[38.23705,48.956746,0],[38.2587717,48.9692683,0],[38.2409757,49.005535,0],[38.2626116,49.0244189,0],[38.268211,49.0401423,0],[38.2287408,49.063784,0],[38.1792719,49.1336855,0],[38.1846644,49.2021756,0],[38.2259986,49.2160885,0],[38.2349252,49.3696932,0],[38.1448304,49.3889459,0],[38.1091244,49.4443371,0],[38.16955,49.5549321,0],[38.133844,49.5976759,0],[38.1887762,49.7398852,0],[38.1776544,49.8422717,0],[38.256068,49.9099877,0],[38.2171243,49.9871793,0],[38.2166371,49.9778143,0],[38.1970246,49.9697825,0],[38.1971962,49.966249,0],[38.1990846,49.9626052,0],[38.1638938,49.9518925,0],[38.1726485,49.9423926,0],[38.135565,49.9284719,0],[38.1280164,49.9225031,0],[38.1300769,49.930459,0],[38.1259564,49.9423926,0],[38.0593514,49.9247134,0],[38.0470753,49.9155391,0],[38.0371211,49.9043743,0],[38.0274877,49.9064199,0],[38.0207711,49.9124449,0],[38.0136252,49.9188002,0],[38.0210815,49.9212595,0],[38.0180666,49.9248239,0],[38.0451034,49.9330013,0],[38.0341171,49.9441602,0],[38.0251941,49.9520022,0],[38.0102591,49.9629359,0],[38.0100001,49.964979,0],[38.0063078,49.9676846,0],[38.0002995,49.9642616,0],[37.9800454,49.9772907,0],[37.9659671,49.9794977,0],[37.9565256,49.9948394,0],[37.9261414,50.0353224,0],[37.893188,50.0512016,0],[37.862631,50.0557202,0],[37.8512965,50.0593534,0],[37.8197176,50.0722472,0],[37.7984246,50.0842535,0],[37.7558522,50.0783052,0],[37.7477913,50.0921813,0],[37.7369798,50.0985675,0],[37.7119067,50.1236707,0],[37.6908406,50.1430233,0],[37.6778922,50.14962,0],[37.6724231,50.1513791,0],[37.655964,50.1663355,0],[37.646532,50.1752416,0],[37.6421583,50.1759566,0],[37.6405308,50.1815087,0],[37.643634,50.1909652,0],[37.6144024,50.2195455,0],[37.6283012,50.2423769,0],[37.62641,50.2450055,0],[37.6281244,50.2643172,0],[37.6281277,50.2928447,0],[37.6296735,50.2961382,0],[37.6394604,50.3029405,0],[37.6377486,50.3104045,0],[37.6352602,50.3126525,0],[37.6307117,50.3146811,0],[37.6013562,50.3165433,0],[37.5867637,50.3147897,0],[37.5783534,50.3064577,0],[37.5559692,50.3305717,0],[37.5219339,50.3367092,0],[37.5069717,50.3502926,0],[37.5074567,50.3527022,0],[37.4864625,50.3568208,0],[37.484179,50.3594058,0],[37.4837313,50.3621663,0],[37.4725335,50.370534,0],[37.472148,50.3755075,0],[37.4688651,50.3788701,0],[37.4662682,50.384422,0],[37.4671269,50.3883334,0],[37.4674683,50.39791,0],[37.4676357,50.4073776,0],[37.4662578,50.4133435,0],[37.4670729,50.4181555,0],[37.4659999,50.4212178,0],[37.4647555,50.4248274,0],[37.4672877,50.4301868,0],[37.4705919,50.4312533,0],[37.4824791,50.4316633,0],[37.4868573,50.4357634,0],[37.4859553,50.4452731,0],[37.4917502,50.4579543,0],[37.4786175,50.4599212,0],[37.4745779,50.455825,0],[37.4688224,50.4532587,0],[37.4440988,50.4476858,0],[37.4336276,50.4439138,0],[37.4221293,50.4353306,0],[37.3974212,50.4312803,0],[37.3768525,50.4329954,0],[37.3534343,50.4376761,0],[37.3336206,50.4371074,0],[37.3213173,50.4330814,0],[37.3169691,50.4302759,0],[37.3099937,50.4257559,0],[37.3111516,50.4230588,0],[37.3059221,50.4152569,0],[37.303864,50.4118936,0],[37.301075,50.4065468,0],[37.2989082,50.4052956,0],[37.2937371,50.401692,0],[37.2583581,50.3914822,0],[37.2573148,50.3928697,0],[37.2228838,50.3793899,0],[37.2243877,50.3781199,0],[37.1836692,50.363709,0],[37.1608704,50.3588355,0],[37.1498845,50.3557691,0],[37.1433607,50.3616829,0],[37.1043934,50.3577404,0],[37.1049085,50.3529213,0],[37.0720325,50.3472837,0],[37.0597588,50.3468997,0],[37.0465432,50.3450344,0],[37.0379634,50.3486626,0],[36.9390826,50.3507306,0],[36.9184695,50.3475604,0],[36.8889366,50.337812,0],[36.8744298,50.3368543,0],[36.8558054,50.3306348,0],[36.8522041,50.3269614,0],[36.8340251,50.3139125,0],[36.8071566,50.3107914,0],[36.8002037,50.3063524,0],[36.7684502,50.3027299,0],[36.7652316,50.2908592,0],[36.758943,50.2896258,0],[36.7547145,50.2896261,0],[36.7489617,50.287515,0],[36.7516188,50.2859527,0],[36.7519187,50.2833032,0],[36.7498154,50.2806537,0],[36.7400213,50.2829073,0],[36.7299777,50.2774529,0],[36.7208365,50.2775807,0],[36.6946388,50.2690885,0],[36.8036711,50.2324883,0],[36.8369847,50.2336462,0],[36.843434,50.1782546,0],[36.8339238,50.1596947,0],[36.8200209,50.1464667,0],[36.8125958,50.0986154,0],[36.8187737,50.0826131,0],[36.9243394,50.1106638,0],[36.9885341,50.1979392,0],[37.3084283,50.1485053,0],[37.3433587,50.0545164,0],[37.4295664,49.9639917,0],[37.5798006,49.9178048,0],[37.6786211,49.8456379,0],[37.6466154,49.7400988,0],[37.6655398,49.7406857,0],[37.6844375,49.7286644,0],[37.6825536,49.7135565,0],[37.6818944,49.6829046,0],[37.759855,49.6619495,0],[37.7586696,49.6544155,0],[37.7348165,49.6269191,0],[37.7509639,49.6004936,0],[37.6673818,49.5853879,0],[37.688272,49.5287217,0],[37.619047,49.4492774,0],[37.556825,49.4269188,0],[37.5354933,49.3670375,0],[37.6231401,49.3040075,0],[37.5165525,49.1886708,0],[37.4190165,49.16297,0],[37.4107837,49.1100787,0]]]}]},"properties":{"name":"Окуповано /// Occupied","styleUrl":"#poly-A52714-1200-77-nodesc","styleHash":"5f0393c8","styleMapHash":{"normal":"#poly-A52714-1200-77-nodesc-normal","highlight":"#poly-A52714-1200-77-nodesc-highlight"},"stroke-opacity":1,"stroke":"#a52714","stroke-width":1.2,"fill-opacity":0.30196078431372547,"fill":"#a52714"}}]}