{"type":"FeatureCollection","features":[{"type":"Feature","geometry":{"type":"Polygon","coordinates":[[[29.9455168,46.5561097,0],[29.9454611,46.5564578,0],[29.9455218,46.5568384,0],[29.9454073,46.5572371,0],[29.9454385,46.5575268,0],[29.9456146,46.5579531,0],[29.9462166,46.5585454,0],[29.9470385,46.5594403,0],[29.9471803,46.5595479,0],[29.9474157,46.5596268,0],[29.9482619,46.5601681,0],[29.9485074,46.5607979,0],[29.9485249,46.5612525,0],[29.9483721,46.5614572,0],[29.9481951,46.5614574,0],[29.9463235,46.5607745,0],[29.9458038,46.5605269,0],[29.9447376,46.5597736,0],[29.9438926,46.5596206,0],[29.943143,46.5593822,0],[29.942388,46.55907,0],[29.9419079,46.558999,0],[29.9408913,46.5589962,0],[29.9402449,46.5591317,0],[29.9400339,46.5592697,0],[29.940032,46.5594335,0],[29.9402429,46.5597224,0],[29.9405788,46.560053,0],[29.9409449,46.5602641,0],[29.9419226,46.5605472,0],[29.9422324,46.5607436,0],[29.9423691,46.5610368,0],[29.942466,46.561842,0],[29.9426702,46.5628243,0],[29.9425535,46.5638505,0],[29.9425756,46.56469,0],[29.942907,46.5653438,0],[29.9435897,46.5660068,0],[29.9439206,46.5661753,0],[29.944391,46.5663807,0],[29.9447766,46.5664614,0],[29.9452258,46.56649,0],[29.9454713,46.5664089,0],[29.9459581,46.566195,0],[29.9462263,46.5662042,0],[29.946642,46.5663388,0],[29.9475204,46.5670294,0],[29.9482084,46.5679246,0],[29.9483614,46.568476,0],[29.94818,46.5688494,0],[29.947776,46.5691638,0],[29.9473193,46.5692579,0],[29.9464335,46.5690219,0],[29.9457945,46.5687011,0],[29.9446552,46.5678289,0],[29.9442616,46.5676427,0],[29.9430667,46.5678161,0],[29.9411892,46.5683029,0],[29.9389415,46.5683766,0],[29.9385701,46.5694054,0],[29.9383864,46.5709137,0],[29.9378633,46.5717305,0],[29.9377641,46.5725215,0],[29.9372974,46.5741736,0],[29.9369111,46.5743783,0],[29.9365838,46.5752835,0],[29.9363681,46.5762533,0],[29.9364573,46.5769318,0],[29.9363104,46.5773596,0],[29.9356372,46.5781859,0],[29.9355782,46.5788576,0],[29.9350311,46.579884,0],[29.9352671,46.580462,0],[29.9351382,46.5807774,0],[29.9352668,46.5817474,0],[29.9369833,46.5820718,0],[29.9378846,46.5839669,0],[29.9360177,46.589003,0],[29.9375446,46.5898774,0],[29.9406562,46.5889042,0],[29.9395539,46.5869689,0],[29.9450926,46.5853284,0],[29.9462526,46.5872436,0],[29.9534421,46.5851179,0],[29.9549438,46.5848965,0],[29.963312,46.5847633,0],[29.9645991,46.5914873,0],[29.9669164,46.5947145,0],[29.9679035,46.5974994,0],[29.9673887,46.5989702,0],[29.9661873,46.600585,0],[29.9624432,46.6045138,0],[29.9618746,46.6054499,0],[29.9612521,46.6069095,0],[29.9551366,46.6173748,0],[29.9540503,46.6200497,0],[29.9541441,46.621516,0],[29.955437,46.6284277,0],[29.9552653,46.6329879,0],[29.9549434,46.634454,0],[29.954171,46.6356181,0],[29.9473478,46.642896,0],[29.946575,46.644104,0],[29.9457167,46.6462839,0],[29.9456951,46.6483756,0],[29.9458452,46.6497012,0],[29.9465316,46.6509681,0],[29.9479263,46.6526473,0],[29.9528295,46.656035,0],[29.9539616,46.6572132,0],[29.9553457,46.6594066,0],[29.9577435,46.6669012,0],[29.9577973,46.6703267,0],[29.9574001,46.6747693,0],[29.9590148,46.6775133,0],[29.9605732,46.6791061,0],[29.9627219,46.6806695,0],[29.964272,46.6816116,0],[29.9670212,46.6829144,0],[29.9698336,46.6847434,0],[29.9702903,46.6852457,0],[29.9705539,46.6857333,0],[29.9706425,46.686642,0],[29.9705595,46.6895967,0],[29.9689124,46.7011576,0],[29.9663727,46.7080934,0],[29.9661541,46.7097736,0],[29.9662359,46.7113655,0],[29.9676306,46.7164484,0],[29.967695,46.7183979,0],[29.9680383,46.7206336,0],[29.9681671,46.7300477,0],[29.9691755,46.7331435,0],[29.9707205,46.7377541,0],[29.9735101,46.7461799,0],[29.973931,46.7491477,0],[29.9745665,46.7520861,0],[29.9735796,46.7521817,0],[29.9742663,46.7539349,0],[29.9707365,46.7544881,0],[29.9663589,46.7555998,0],[29.9657421,46.7580548,0],[29.9663268,46.7707102,0],[29.9594003,46.7800135,0],[29.9462797,46.7928043,0],[29.9419759,46.7960156,0],[29.9436286,46.7967499,0],[29.9348948,46.8059304,0],[29.9628113,46.8184131,0],[29.9784217,46.8163499,0],[29.9794034,46.8194079,0],[29.9714211,46.8241577,0],[29.9704396,46.8286905,0],[29.9680362,46.83208,0],[29.9606577,46.8347279,0],[29.9584474,46.8373279,0],[29.9565968,46.8379096,0],[29.9537859,46.8391664,0],[29.9518465,46.838671,0],[29.9495022,46.84188,0],[29.9393036,46.8384459,0],[29.9256037,46.834827,0],[29.9302814,46.8284411,0],[29.9050901,46.8201604,0],[29.8843222,46.849253,0],[29.8835037,46.8514708,0],[29.8920331,46.8535619,0],[29.8840723,46.8860516,0],[29.846972,46.8820369,0],[29.8490856,46.8753705,0],[29.7499083,46.8611405,0],[29.7311193,46.9193799,0],[29.7213696,46.9183311,0],[29.7183506,46.9321667,0],[29.7089599,46.9281331,0],[29.7100653,46.924153,0],[29.7011959,46.9234039,0],[29.7004966,46.9249408,0],[29.648038,46.9197968,0],[29.6400879,46.9553406,0],[29.5714931,46.9401355,0],[29.5561132,46.957889,0],[29.595885,46.9636297,0],[29.6024082,47.0417134,0],[29.628887,47.0446086,0],[29.6120411,47.1003117,0],[29.5475233,47.0938296,0],[29.549889,47.075935,0],[29.5303016,47.0754487,0],[29.5296066,47.0815008,0],[29.5293134,47.0816843,0],[29.5154709,47.1125726,0],[29.499442,47.1092867,0],[29.4972323,47.1206317,0],[29.4955367,47.1319183,0],[29.5054159,47.1285538,0],[29.5801872,47.1355513,0],[29.5519918,47.2514575,0],[29.5988554,47.257487,0],[29.5926088,47.284703,0],[29.5872146,47.3118022,0],[29.5810654,47.3442806,0],[29.5740505,47.3705356,0],[29.5172251,47.3647083,0],[29.4874471,47.3559461,0],[29.4864381,47.3496924,0],[29.4912444,47.3329132,0],[29.4833166,47.3324864,0],[29.4858593,47.3056119,0],[29.4448279,47.2998529,0],[29.4460308,47.2944379,0],[29.4269795,47.2921658,0],[29.4235248,47.3049281,0],[29.3983765,47.3003561,0],[29.3834634,47.3449235,0],[29.3979366,47.3536129,0],[29.3908341,47.3798819,0],[29.3612416,47.3756483,0],[29.3617079,47.3733328,0],[29.3372703,47.3702769,0],[29.3174595,47.4492448,0],[29.2535914,47.4234566,0],[29.2522202,47.4184032,0],[29.2439669,47.415279,0],[29.2424331,47.438624,0],[29.2422718,47.46194,0],[29.1919321,47.4255146,0],[29.1833283,47.4360156,0],[29.187949,47.4391009,0],[29.1819213,47.4490125,0],[29.1934166,47.4599727,0],[29.1900002,47.462724,0],[29.1890978,47.4672071,0],[29.1621167,47.4527417,0],[29.1574147,47.4592561,0],[29.1877585,47.4752776,0],[29.1837346,47.4797797,0],[29.1942067,47.487117,0],[29.182877,47.4971514,0],[29.1860521,47.5051232,0],[29.1850651,47.511776,0],[29.1895716,47.5137907,0],[29.1851086,47.5189148,0],[29.1516561,47.5066301,0],[29.117179,47.5544066,0],[29.1665691,47.5713799,0],[29.1709948,47.5676303,0],[29.1844524,47.5719578,0],[29.1864819,47.5864951,0],[29.2034715,47.5969504,0],[29.2007249,47.6023907,0],[29.2173761,47.6122283,0],[29.2092972,47.6281886,0],[29.2135889,47.6257555,0],[29.2191893,47.6270534,0],[29.2231606,47.6347586,0],[29.2340809,47.6425303,0],[29.2091981,47.6422935,0],[29.2095709,47.6580243,0],[29.219664,47.6581562,0],[29.219436,47.6825271,0],[29.2310339,47.6838633,0],[29.220269,47.6965933,0],[29.2225385,47.6975954,0],[29.2044718,47.7191527,0],[29.2152462,47.7386304,0],[29.2483983,47.7512593,0],[29.2764971,47.8019566,0],[29.2744808,47.8027136,0],[29.2751654,47.8040183,0],[29.2471002,47.8110629,0],[29.2327021,47.7973586,0],[29.2192562,47.7983802,0],[29.1977153,47.8193934,0],[29.2097626,47.8385713,0],[29.2150352,47.8402611,0],[29.2254601,47.8546238,0],[29.2358878,47.8590007,0],[29.2397509,47.8657094,0],[29.2663551,47.8755096,0],[29.2741028,47.8798469,0],[29.2784185,47.886026,0],[29.2820018,47.8882525,0],[29.2742553,47.890479,0],[29.2157398,47.8858805,0],[29.2235835,47.8909511,0],[29.2205794,47.8940301,0],[29.2162021,47.8960443,0],[29.2130263,47.8885913,0],[29.2131766,47.8857278,0],[29.200538,47.8843033,0],[29.1977485,47.8963896,0],[29.1851341,47.964493,0],[29.1804993,47.964335,0],[29.1748987,47.9937808,0],[29.1248058,47.9936228,0],[29.1240016,47.9885676,0],[29.1306106,47.98683,0],[29.1308462,47.9823348,0],[29.1083907,47.9842818,0],[29.1029726,47.9817173,0],[29.0931875,47.9829815,0],[29.084347,47.9776381,0],[29.0853131,47.9752821,0],[29.0878665,47.9766612,0],[29.0914717,47.9731847,0],[29.0960853,47.9734934,0],[29.0962356,47.9688453,0],[29.097995,47.9600344,0],[29.0957044,47.9596864,0],[29.0913006,47.9680416,0],[29.0863222,47.9686739,0],[29.081,47.972524,0],[29.0777392,47.970425,0],[29.0842417,47.9598644,0],[29.0865468,47.9466235,0],[29.0658938,47.9430948,0],[29.0513029,47.9422903,0],[29.0410673,47.9466738,0],[29.0361962,47.9456248,0],[29.0336215,47.9421752,0],[29.0260684,47.9458832,0],[29.0109627,47.9568632,0],[29.0013497,47.9589036,0],[28.9968859,47.963674,0],[28.9927661,47.9614901,0],[28.9716522,47.9764314,0],[28.9622103,47.9784998,0],[28.9259576,47.9600154,0],[28.8776591,48.000734,0],[28.8873204,48.0060874,0],[28.8843511,48.0080955,0],[28.8902225,48.0117614,0],[28.8938676,48.0093229,0],[28.9010238,48.0103923,0],[28.9018285,48.0125312,0],[28.8895117,48.0141962,0],[28.8826346,48.0104461,0],[28.867861,48.0180788,0],[28.8687836,48.0189831,0],[28.8640683,48.0209853,0],[28.8557159,48.0200524,0],[28.85574,48.0269178,0],[28.8395506,48.0346767,0],[28.8498165,48.0532242,0],[28.8519907,48.0607482,0],[28.843472,48.0656597,0],[28.8495176,48.0705207,0],[28.8420613,48.0752238,0],[28.8367611,48.0711877,0],[28.8331777,48.0727825,0],[28.8403625,48.0789853,0],[28.8479502,48.0790818,0],[28.8575912,48.1025103,0],[28.8552379,48.1082226,0],[28.846977,48.1152572,0],[28.8410097,48.1256005,0],[28.8372763,48.1237389,0],[28.8336715,48.1285548,0],[28.8140374,48.1241289,0],[28.8063796,48.1344944,0],[28.7998535,48.1298688,0],[28.7948539,48.1295966,0],[28.7950259,48.1255434,0],[28.7718946,48.1247699,0],[28.7660269,48.1281787,0],[28.7550074,48.1363131,0],[28.7348986,48.1332079,0],[28.722057,48.1260832,0],[28.7087009,48.1300567,0],[28.7029082,48.12868,0],[28.7020069,48.1276631,0],[28.6880917,48.124469,0],[28.6803785,48.134594,0],[28.678661,48.141153,0],[28.6823838,48.14683,0],[28.6475796,48.1431862,0],[28.6489636,48.1519482,0],[28.6352309,48.1548833,0],[28.6305532,48.1541245,0],[28.620854,48.1579747,0],[28.6146339,48.1595888,0],[28.6114984,48.1569369,0],[28.5919344,48.1733528,0],[28.5794621,48.1665624,0],[28.5692955,48.1747517,0],[28.5706576,48.1741506,0],[28.5732088,48.1756292,0],[28.5760067,48.1742458,0],[28.5773331,48.1822107,0],[28.5702435,48.1765923,0],[28.5618579,48.1731097,0],[28.5448304,48.1696346,0],[28.5433918,48.1663477,0],[28.5354945,48.1611378,0],[28.5293156,48.1538664,0],[28.5133511,48.1514614,0],[28.5066363,48.1529741,0],[28.5028299,48.1511788,0],[28.5207111,48.1381031,0],[28.5173518,48.1373909,0],[28.5045144,48.1309055,0],[28.4989744,48.1273408,0],[28.5001331,48.1213322,0],[28.4956338,48.1191235,0],[28.4946789,48.1195604,0],[28.4945287,48.119367,0],[28.4918894,48.1188442,0],[28.4987773,48.1152413,0],[28.5091442,48.1216554,0],[28.5218471,48.1209679,0],[28.5410732,48.1182175,0],[28.5640758,48.1101949,0],[28.5784954,48.1044636,0],[28.5939449,48.0980439,0],[28.6209832,48.0933447,0],[28.6321395,48.0868075,0],[28.6357448,48.0771742,0],[28.6324829,48.0702922,0],[28.6255306,48.0659905,0],[28.6184928,48.0641263,0],[28.6116264,48.0664493,0],[28.6076777,48.0756258,0],[28.6046308,48.0776043,0],[28.6008972,48.0767154,0],[28.5904258,48.0593939,0],[28.5875076,48.0487227,0],[28.5798686,48.0438455,0],[28.5678524,48.0398284,0],[28.5499137,48.039484,0],[28.5450853,48.0375611,0],[28.5424029,48.0272013,0],[28.5297434,48.0145717,0],[28.5288853,48.0112989,0],[28.5296576,48.0042932,0],[28.5344642,48.0018239,0],[28.5391853,47.9982628,0],[28.5481112,47.9974016,0],[28.5566946,47.9937833,0],[28.5624449,47.9935532,0],[28.5706848,47.9973442,0],[28.5737729,48.0012203,0],[28.5748884,48.0054555,0],[28.5838168,48.0140549,0],[28.5883643,48.020915,0],[28.5913255,48.0330125,0],[28.5937732,48.0351224,0],[28.6049362,48.035181,0],[28.6191792,48.030703,0],[28.6364751,48.0267146,0],[28.646645,48.024963,0],[28.6790032,48.0271441,0],[28.6903758,48.0261413,0],[28.7036365,48.0219204,0],[28.705525,48.0166384,0],[28.7008051,48.0069055,0],[28.7031655,48.0030154,0],[28.7311882,47.9801108,0],[28.7471956,47.9757163,0],[28.7574523,47.976606,0],[28.7750473,47.9849369,0],[28.7800258,47.986258,0],[28.7859481,47.9863729,0],[28.7895103,47.9848218,0],[28.7965912,47.9658027,0],[28.805775,47.9544799,0],[28.8122982,47.9506284,0],[28.8318675,47.9440745,0],[28.8357301,47.9396471,0],[28.8346142,47.9345296,0],[28.8219112,47.9187708,0],[28.8188213,47.9099117,0],[28.8250011,47.9016264,0],[28.8356441,47.8974832,0],[28.8632815,47.8962747,0],[28.8728088,47.8939152,0],[28.8890308,47.890347,0],[28.9065402,47.8861454,0],[28.9317745,47.884246,0],[28.9571804,47.8811376,0],[28.9815563,47.876302,0],[28.9901393,47.8737689,0],[28.9987224,47.8701992,0],[29.0117686,47.8627714,0],[29.0191501,47.8559184,0],[29.0243,47.8483732,0],[29.02327,47.841864,0],[29.0177768,47.8323002,0],[29.0107387,47.8253855,0],[29.0069622,47.8166833,0],[28.99589,47.8034254,0],[28.9891093,47.7905677,0],[28.9878219,47.7822056,0],[28.9834445,47.7688813,0],[28.9800972,47.7455121,0],[28.974604,47.7349492,0],[28.9661067,47.7223634,0],[28.9656781,47.7184361,0],[28.9682103,47.7119683,0],[28.9803546,47.6922142,0],[28.9863628,47.6683481,0],[28.9976923,47.6452226,0],[28.9945155,47.6388898,0],[28.9844745,47.626137,0],[28.9823287,47.6206119,0],[28.9831012,47.6133512,0],[28.9937442,47.6013147,0],[29.0193217,47.5825022,0],[29.0270465,47.5723695,0],[29.0278191,47.563625,0],[29.0178626,47.531066,0],[29.0190218,47.524082,0],[29.0257591,47.5169238,0],[29.0675587,47.4956453,0],[29.0967411,47.4831177,0],[29.1158813,47.4687305,0],[29.1180271,47.4585179,0],[29.1152797,47.4513792,0],[29.0909046,47.4369255,0],[29.0788883,47.4241516,0],[29.076485,47.4136979,0],[29.0839523,47.406263,0],[29.1321033,47.3816271,0],[29.1492694,47.3695374,0],[29.1588825,47.3590729,0],[29.1640323,47.3474433,0],[29.1605991,47.337905,0],[29.1468662,47.3306921,0],[29.1241211,47.327027,0],[29.0914262,47.3585511,0],[29.0707344,47.3533166,0],[29.082064,47.3232454,0],[29.1143363,47.2819205,0],[29.1272109,47.2733022,0],[29.1342541,47.2674838,0],[29.1418072,47.2609602,0],[29.1467854,47.2540863,0],[29.1478153,47.2481437,0],[29.1497036,47.2446478,0],[29.1567417,47.2394034,0],[29.1612049,47.2329929,0],[29.1632648,47.227048,0],[29.1670414,47.2198199,0],[29.1706463,47.2152726,0],[29.1793581,47.2137276,0],[29.1801864,47.2111767,0],[29.179764,47.2066448,0],[29.1737921,47.1949364,0],[29.1695005,47.1895121,0],[29.1648657,47.184554,0],[29.1566089,47.1793196,0],[29.1468164,47.1655582,0],[29.1404606,47.1591442,0],[29.1339146,47.1548895,0],[29.1277461,47.1523662,0],[29.1226933,47.1522363,0],[29.1088106,47.1499911,0],[29.102846,47.1481853,0],[29.0996707,47.1456843,0],[29.0974405,47.1383457,0],[29.0933241,47.1325411,0],[29.0862087,47.1251343,0],[29.0682311,47.1138045,0],[29.065205,47.1094432,0],[29.0660199,47.1059779,0],[29.0688515,47.1038379,0],[29.071422,47.100375,0],[29.0889239,47.0895929,0],[29.0965472,47.0877203,0],[29.110763,47.0882405,0],[29.1149042,47.0876443,0],[29.1159784,47.085576,0],[29.1126342,47.08179,0],[29.1116109,47.07866,0],[29.1186617,47.0749721,0],[29.1240076,47.0749613,0],[29.1269744,47.0766929,0],[29.1289602,47.084597,0],[29.1346493,47.0946752,0],[29.13899,47.0980008,0],[29.1518869,47.1009027,0],[29.1538199,47.1030838,0],[29.1530516,47.1060437,0],[29.1542629,47.1144165,0],[29.1597925,47.1241889,0],[29.164758,47.127029,0],[29.1701397,47.1265187,0],[29.1726795,47.124404,0],[29.1748761,47.1166823,0],[29.1753135,47.1124937,0],[29.1746351,47.1091813,0],[29.1751831,47.1052779,0],[29.1774803,47.1049487,0],[29.1854261,47.1131369,0],[29.1888677,47.1184451,0],[29.1892279,47.1224023,0],[29.1868588,47.1286813,0],[29.185624,47.1358084,0],[29.1797261,47.152279,0],[29.1807163,47.1577822,0],[29.1842418,47.1606169,0],[29.1973009,47.1633104,0],[29.207025,47.1630361,0],[29.218369,47.1587887,0],[29.2235706,47.1538793,0],[29.2254057,47.1454075,0],[29.2269834,47.144349,0],[29.2300099,47.1445234,0],[29.2325868,47.1473969,0],[29.2378264,47.1514795,0],[29.2413617,47.1570106,0],[29.2407939,47.1612433,0],[29.237427,47.163464,0],[29.2286331,47.1655715,0],[29.2276533,47.1682106,0],[29.2292129,47.169579,0],[29.23382,47.1692464,0],[29.2391092,47.1677803,0],[29.2482931,47.1638851,0],[29.2700511,47.151804,0],[29.291423,47.1415882,0],[29.2958004,47.1373846,0],[29.2962295,47.131283,0],[29.2926675,47.1236622,0],[29.2912942,47.1140836,0],[29.2930109,47.111163,0],[29.3011219,47.1056718,0],[29.3083594,47.103346,0],[29.3143676,47.1028786,0],[29.3253539,47.1047189,0],[29.3348595,47.1073772,0],[29.3414043,47.1069973,0],[29.3453095,47.1053031,0],[29.3500732,47.1005416,0],[29.3545363,47.0953999,0],[29.3568111,47.0900528,0],[29.3583987,47.0800301,0],[29.3650077,47.0714375,0],[29.3741057,47.062785,0],[29.3792556,47.0606216,0],[29.3895553,47.060797,0],[29.3911002,47.0598907,0],[29.3913577,47.0580781,0],[29.3893836,47.0567625,0],[29.3847487,47.0562947,0],[29.3802856,47.0524937,0],[29.3790839,47.048283,0],[29.3789123,47.0428438,0],[29.3804572,47.0391588,0],[29.3837188,47.0360001,0],[29.3880103,47.0329582,0],[29.388654,47.0308521,0],[29.3873237,47.02898,0],[29.3837188,47.0260546,0],[29.378054,47.0250893,0],[29.3724321,47.0261424,0],[29.3632053,47.0291847,0],[29.3612311,47.0345961,0],[29.3615745,47.0381059,0],[29.3589995,47.0406796,0],[29.3557809,47.0401239,0],[29.3549226,47.037053,0],[29.3574117,47.0310276,0],[29.3617461,47.0233632,0],[29.3666814,47.0175411,0],[29.3771527,47.0003635,0],[29.3768523,46.9958561,0],[29.3739341,46.9937486,0],[29.3614028,46.9926948,0],[29.3493436,46.9936315,0],[29.3338082,46.9925777,0],[29.3152259,46.9957098,0],[29.3099473,46.9955341,0],[29.308059,46.9932217,0],[29.3083594,46.9904701,0],[29.3081878,46.9849664,0],[29.3062137,46.9832098,0],[29.303038,46.9830634,0],[29.2990897,46.9853177,0],[29.2991326,46.9873377,0],[29.3033813,46.9933973,0],[29.3061278,46.9980806,0],[29.3050121,46.9993392,0],[29.3028233,47.0000709,0],[29.2953132,46.9984318,0],[29.2920516,46.9950365,0],[29.291365,46.988011,0],[29.2922234,46.9830193,0],[29.2947982,46.9799599,0],[29.3014501,46.9750408,0],[29.3054412,46.9714975,0],[29.3100761,46.9662262,0],[29.3165133,46.9601049,0],[29.3224357,46.9524011,0],[29.3305467,46.9485047,0],[29.3364049,46.9460292,0],[29.3402885,46.9430261,0],[29.3489595,46.9385073,0],[29.3608449,46.9340011,0],[29.3722175,46.933415,0],[29.3813585,46.9343235,0],[29.3883107,46.9362575,0],[29.3944257,46.9392023,0],[29.4003699,46.9444324,0],[29.4071505,46.9494129,0],[29.4136307,46.9559748,0],[29.4199393,46.9615401,0],[29.4279216,46.9646154,0],[29.4382213,46.9648497,0],[29.448006,46.9613351,0],[29.4518684,46.9584939,0],[29.4561599,46.953192,0],[29.4636701,46.9507019,0],[29.4673822,46.9510243,0],[29.4705365,46.950204,0],[29.4748281,46.9441102,0],[29.4764159,46.9363454,0],[29.4755576,46.9298984,0],[29.4729827,46.9193469,0],[29.4680045,46.9106698,0],[29.464743,46.9062134,0],[29.4645713,46.9014634,0],[29.4678328,46.8964198,0],[29.4715236,46.8944256,0],[29.4812221,46.8920494,0],[29.4849977,46.8811532,0],[29.4832813,46.8707176,0],[29.4790008,46.8697211,0],[29.4752138,46.8697661,0],[29.4757075,46.8725468,0],[29.4748279,46.8748582,0],[29.4671462,46.8754191,0],[29.4620608,46.8673803,0],[29.4559239,46.8668815,0],[29.4415043,46.8644168,0],[29.4369552,46.8625975,0],[29.4333504,46.8614825,0],[29.4321488,46.8596044,0],[29.4357536,46.8529133,0],[29.4357536,46.8493914,0],[29.4048546,46.8462214,0],[29.4041679,46.8328351,0],[29.4050263,46.8158038,0],[29.3978165,46.8185057,0],[29.3964432,46.8068749,0],[29.3969582,46.8046425,0],[29.4069145,46.8033499,0],[29.4084595,46.7766701,0],[29.4024513,46.774554,0],[29.4014214,46.7584451,0],[29.4120644,46.7590331,0],[29.414296,46.7551521,0],[29.4582413,46.7592683,0],[29.4621895,46.773731,0],[29.4697426,46.7716148,0],[29.4754074,46.7803144,0],[29.4839905,46.7824303,0],[29.4875954,46.781725,0],[29.4891403,46.7781984,0],[29.5059631,46.7799618,0],[29.5081947,46.7846637,0],[29.5104263,46.7883075,0],[29.5123146,46.7888951,0],[29.5148895,46.784076,0],[29.5381497,46.7761999,0],[29.5336864,46.7712032,0],[29.5410679,46.767676,0],[29.5499943,46.7669705,0],[29.5586632,46.7557402,0],[29.5598648,46.7420961,0],[29.5567749,46.7353903,0],[29.5586632,46.7242123,0],[29.5562599,46.7173867,0],[29.5511101,46.708618,0],[29.5701645,46.7084415,0],[29.5742844,46.72433,0],[29.5718811,46.7325666,0],[29.5727394,46.7403315,0],[29.5811508,46.7432724,0],[29.5935104,46.7431548,0],[29.6070717,46.7409197,0],[29.6273277,46.7412726,0],[29.6426056,46.7431548,0],[29.6573685,46.7443311,0],[29.6573685,46.7358609,0],[29.6693848,46.7330373,0],[29.6697281,46.7212703,0],[29.6635483,46.7123258,0],[29.6669815,46.7036151,0],[29.6583126,46.7014373,0],[29.6486137,46.7010841,0],[29.6483563,46.6953741,0],[29.6549652,46.6953152,0],[29.6511887,46.6910764,0],[29.6599434,46.6897812,0],[29.6547936,46.6856597,0],[29.6527336,46.6822446,0],[29.6551369,46.6767093,0],[29.6635483,46.6752959,0],[29.6676682,46.6754137,0],[29.67432,46.6766798,0],[29.6776674,46.6762676,0],[29.6814011,46.673058,0],[29.6858643,46.6717623,0],[29.6910141,46.6722335,0],[29.6943615,46.6741769,0],[29.6942327,46.6772097,0],[29.6952198,46.6790059,0],[29.6993397,46.678417,0],[29.7013996,46.6760615,0],[29.70067,46.6714679,0],[29.6984814,46.666756,0],[29.6996401,46.665519,0],[29.7052191,46.6651362,0],[29.7176645,46.65739,0],[29.722514,46.6589806,0],[29.7268055,46.6613369,0],[29.7268484,46.6635459,0],[29.7229431,46.6666382,0],[29.722353,46.6690531,0],[29.7238228,46.6711144,0],[29.72702,46.6723513,0],[29.7288655,46.6723218,0],[29.7353885,46.6692003,0],[29.7410963,46.6650478,0],[29.7434138,46.6654602,0],[29.7461604,46.6686408,0],[29.7598503,46.6694654,0],[29.7630261,46.6686702,0],[29.7644851,46.6653719,0],[29.7611589,46.6599525,0],[29.7575758,46.6560351,0],[29.7555588,46.6530599,0],[29.7551297,46.6482286,0],[29.7563527,46.6475215,0],[29.7603436,46.649849,0],[29.767618,46.6525002,0],[29.7731754,46.6558878,0],[29.7743986,46.6556816,0],[29.7757076,46.6521908,0],[29.7748277,46.6499372,0],[29.7733042,46.6490462,0],[29.7712657,46.6483907,0],[29.7586486,46.6473743,0],[29.7579191,46.6465199,0],[29.7595928,46.645312,0],[29.7673176,46.6376513,0],[29.7684682,46.6372296,0],[29.7694901,46.6374561,0],[29.7711477,46.639736,0],[29.7739051,46.6409072,0],[29.7757076,46.6405242,0],[29.7787974,46.6365316,0],[29.779173,46.6353382,0],[29.7784542,46.6330249,0],[29.7768341,46.6328115,0],[29.7589706,46.6344836,0],[29.7548935,46.631883,0],[29.7517393,46.6304759,0],[29.7514819,46.6293413,0],[29.7542715,46.6286929,0],[29.7597645,46.6259815,0],[29.7629188,46.6231521,0],[29.763643,46.621391,0],[29.7633586,46.6203962,0],[29.76176,46.6200572,0],[29.7585629,46.6212657,0],[29.7544644,46.6234468,0],[29.7477482,46.6257752,0],[29.7422121,46.6255099,0],[29.7412787,46.6248836,0],[29.7414611,46.6238152,0],[29.7455166,46.6204404,0],[29.7495507,46.6185761,0],[29.7533701,46.6177727,0],[29.7555374,46.6168737,0],[29.7550867,46.6154883,0],[29.7531233,46.6143902,0],[29.7507308,46.6140585,0],[29.7479199,46.614427,0],[29.7476195,46.6135721,0],[29.7500657,46.6125845,0],[29.750924,46.6108305,0],[29.7472332,46.6079413,0],[29.7439824,46.6068358,0],[29.7414611,46.60688,0],[29.7393691,46.6084131,0],[29.7367833,46.6091796,0],[29.7350452,46.6083688,0],[29.7333285,46.6020445,0],[29.7311828,46.6008651,0],[29.728844,46.6004966,0],[29.7263442,46.6013591,0],[29.7238497,46.6027633,0],[29.7226212,46.6023542,0],[29.7220097,46.600843,0],[29.7227071,46.5995382,0],[29.7287581,46.5962356,0],[29.7453235,46.5913993,0],[29.7520612,46.5903523,0],[29.765086,46.589674,0],[29.7668455,46.5889219,0],[29.7668885,46.5853974,0],[29.7679186,46.584756,0],[29.7710512,46.5837752,0],[29.7812225,46.5798744,0],[29.7843766,46.5801362,0],[29.7884105,46.5792622,0],[29.7899876,46.5799333,0],[29.7913555,46.5829825,0],[29.7924686,46.5835927,0],[29.7933672,46.5831706,0],[29.7947834,46.5814745,0],[29.7958777,46.5812976,0],[29.7968326,46.5818801,0],[29.7975729,46.5842471,0],[29.7971009,46.5853605,0],[29.7952126,46.5874509,0],[29.7943113,46.590367,0],[29.7947404,46.5931096,0],[29.7961996,46.5947759,0],[29.7978949,46.595292,0],[29.8046325,46.5914435,0],[29.8062955,46.5890915,0],[29.8074005,46.5870639,0],[29.8090527,46.5872851,0],[29.8097823,46.5888482,0],[29.8092137,46.5906988,0],[29.8063276,46.595174,0],[29.8052762,46.6021772,0],[29.8036347,46.6022289,0],[29.7995739,46.6012817,0],[29.7984527,46.6018382,0],[29.7992358,46.6037694,0],[29.8018644,46.6052289,0],[29.8048471,46.6053321,0],[29.8090313,46.6040495,0],[29.8164128,46.6010567,0],[29.8168418,46.5997667,0],[29.8125074,46.5934341,0],[29.8121642,46.5906766,0],[29.8148678,46.5853826,0],[29.8215197,46.5904555,0],[29.8237942,46.5969728,0],[29.8220346,46.6010126,0],[29.8258541,46.603224,0],[29.8292015,46.6015433,0],[29.8323773,46.5953215,0],[29.8393725,46.5963241,0],[29.8368404,46.5891874,0],[29.828944,46.586356,0],[29.8268411,46.5837899,0],[29.8272274,46.5812238,0],[29.8304031,46.5800735,0],[29.8387717,46.5825511,0],[29.8495434,46.5893349,0],[29.8522685,46.5873736,0],[29.853513,46.5814303,0],[29.8577402,46.5788345,0],[29.8619031,46.5782003,0],[29.8698853,46.5791,0],[29.8711728,46.5819022,0],[29.869896,46.5863265,0],[29.870765,46.5876243,0],[29.8751638,46.5866215,0],[29.8780392,46.5825806,0],[29.8767517,46.579041,0],[29.8612808,46.5738934,0],[29.8607336,46.5728092,0],[29.8627184,46.5709285,0],[29.8675892,46.5702204,0],[29.8734043,46.5704269,0],[29.8724387,46.5687305,0],[29.8596714,46.5694385,0],[29.8598431,46.5666504,0],[29.8631046,46.564408,0],[29.8695634,46.5622983,0],[29.8792838,46.5621213,0],[29.8839401,46.5636703,0],[29.8947332,46.5565736,0],[29.896085,46.5525084,0],[29.8941539,46.5487086,0],[29.9247282,46.5528681,0],[29.9452634,46.5551922,0],[29.9455168,46.5561097,0]]]},"properties":{"name":"Придністров'я /// Transnistria","styleUrl":"#poly-FF5252-1200-77-nodesc","styleHash":"-53e2fab2","styleMapHash":{"normal":"#poly-FF5252-1200-77-nodesc-normal","highlight":"#poly-FF5252-1200-77-nodesc-highlight"},"stroke-opacity":1,"stroke":"#ff5252","stroke-width":1.2,"fill-opacity":0.30196078431372547,"fill":"#ff5252"}},{"type":"Feature","geometry":{"type":"Polygon","coordinates":[[[36.5192425,45.2939885,0],[36.5071402,45.2955583,0],[36.5182982,45.288856,0],[36.5333187,45.2797976,0],[36.5377819,45.2739994,0],[36.54585,45.2680798,0],[36.5491116,45.2613139,0],[36.5715991,45.2500758,0],[36.5782939,45.2490485,0],[36.557012,45.2670518,0],[36.5470516,45.2796768,0],[36.5317737,45.2861989,0],[36.5192425,45.2939885,0]]]},"properties":{"name":"Острів Тузла /// Occupied Tuzla Island","styleUrl":"#poly-880E4F-1200-77-nodesc","styleHash":"-6b23f4d9","styleMapHash":{"normal":"#poly-880E4F-1200-77-nodesc-normal","highlight":"#poly-880E4F-1200-77-nodesc-highlight"},"stroke-opacity":1,"stroke":"#880e4f","stroke-width":1.2,"fill-opacity":0.30196078431372547,"fill":"#880e4f"}},{"type":"Feature","geometry":{"type":"Polygon","coordinates":[[[39.0828906,47.8516037,0],[39.1093893,47.8517524,0],[39.1095354,47.8427473,0],[39.1496824,47.8425817,0],[39.2362131,47.8539532,0],[39.2417337,47.8670136,0],[39.3904498,47.8661846,0],[39.4125292,47.830898,0],[39.4257838,47.8358944,0],[39.4373545,47.8398339,0],[39.4462501,47.850644,0],[39.4784743,47.8594741,0],[39.5203078,47.825141,0],[39.5344907,47.83253,0],[39.542168,47.8249813,0],[39.5655871,47.836556,0],[39.7379104,47.8277291,0],[39.7631843,47.8465373,0],[39.7625051,47.8701448,0],[39.7949406,47.8668329,0],[39.7939036,47.9158973,0],[39.8065943,47.9336659,0],[39.8058884,47.9505616,0],[39.8273909,47.9508344,0],[39.8198438,47.9677616,0],[39.8154078,47.9708664,0],[39.8151166,47.9736166,0],[39.8175382,47.9766456,0],[39.8198493,47.9774461,0],[39.8227982,47.979535,0],[39.8230314,47.9835403,0],[39.8167173,47.9845419,0],[39.8192697,47.989754,0],[39.8180234,47.9954669,0],[39.8141575,47.9968407,0],[39.8139717,47.9984877,0],[39.8165185,48.0001159,0],[39.8171489,48.001477,0],[39.8109753,48.0048562,0],[39.8045408,48.0064594,0],[39.8029984,48.0079476,0],[39.7976869,48.0093062,0],[39.7952175,48.0107026,0],[39.7853113,48.0230784,0],[39.7867767,48.0250342,0],[39.7796623,48.0393364,0],[39.8772075,48.0413783,0],[39.8858862,48.0478658,0],[39.8322015,48.0664997,0],[39.8685845,48.0794444,0],[39.8799506,48.1151645,0],[39.9102753,48.1384164,0],[39.9091838,48.1693296,0],[39.9138857,48.178015,0],[39.9409345,48.1808104,0],[39.9421938,48.2307436,0],[39.9533041,48.2294084,0],[39.9722759,48.2270247,0],[40.0008684,48.2252447,0],[40.0033787,48.2236859,0],[40.0075402,48.2233125,0],[40.0083965,48.2251387,0],[40.0082215,48.2281045,0],[40.007443,48.2300907,0],[40.0043418,48.2323477,0],[40.0039768,48.2360612,0],[40.0027322,48.2375353,0],[40.0030757,48.2394758,0],[40.0073233,48.2420581,0],[40.0195095,48.2525075,0],[40.0188624,48.2531159,0],[40.0189201,48.2541039,0],[40.018671,48.2550513,0],[40.0189886,48.2570604,0],[40.0155045,48.2626787,0],[40.0167773,48.2694579,0],[40.0138295,48.2715898,0],[40.0089633,48.2726545,0],[39.9997448,48.28929,0],[40.0005341,48.2917165,0],[39.9966002,48.2979383,0],[39.9950166,48.3008469,0],[39.994253,48.303181,0],[39.9926583,48.3056192,0],[39.9919216,48.3060016,0],[39.9920796,48.3097349,0],[39.9939839,48.3120065,0],[39.9941876,48.3126963,0],[39.9935222,48.3128773,0],[39.9932215,48.3135961,0],[39.9909894,48.3160613,0],[39.9910744,48.3165824,0],[39.9908152,48.3170825,0],[39.9869491,48.3175119,0],[39.9853108,48.317001,0],[39.9841797,48.3162073,0],[39.9825182,48.3157045,0],[39.9803108,48.3157835,0],[39.9788999,48.315713,0],[39.9776231,48.3151726,0],[39.9754983,48.31432,0],[39.9744246,48.3134708,0],[39.9724916,48.3129711,0],[39.9710288,48.3116291,0],[39.9718799,48.3097157,0],[39.9707928,48.3089713,0],[39.9712364,48.3077965,0],[39.9712653,48.3073022,0],[39.9708083,48.3070844,0],[39.9687353,48.3071341,0],[39.9676365,48.3068053,0],[39.9663829,48.3067758,0],[39.9656782,48.3064027,0],[39.9658139,48.3056564,0],[39.9654414,48.3046777,0],[39.9648377,48.3044577,0],[39.9638819,48.3034631,0],[39.9632084,48.3032599,0],[39.9630632,48.3025965,0],[39.9635452,48.3021261,0],[39.9644662,48.3020989,0],[39.9657931,48.3027154,0],[39.9669698,48.3028323,0],[39.9680178,48.3028349,0],[39.9694631,48.3031312,0],[39.9710106,48.3027963,0],[39.9710313,48.3014874,0],[39.9706155,48.3011791,0],[39.9702131,48.3003911,0],[39.9706103,48.2989864,0],[39.9702238,48.2987467,0],[39.9695797,48.2986384,0],[39.9674541,48.2991473,0],[39.9667219,48.2996514,0],[39.9661587,48.2998029,0],[39.9649464,48.2996493,0],[39.9633373,48.2990852,0],[39.9606769,48.2994413,0],[39.9596904,48.2992401,0],[39.9593054,48.2988376,0],[39.9582829,48.2980501,0],[39.9559754,48.2992555,0],[39.9557481,48.299894,0],[39.9559284,48.3003326,0],[39.9563748,48.3005247,0],[39.9568814,48.3011087,0],[39.9567444,48.3021637,0],[39.9568219,48.3026192,0],[39.9566599,48.3031852,0],[39.9556063,48.3037463,0],[39.954057,48.304012,0],[39.9529753,48.3039154,0],[39.9519708,48.303551,0],[39.9517212,48.3030504,0],[39.9519946,48.3023918,0],[39.9517688,48.3021309,0],[39.9522186,48.3010381,0],[39.9519575,48.3000927,0],[39.9498477,48.2994008,0],[39.949619,48.2988449,0],[39.9508356,48.2977331,0],[39.9507366,48.2972225,0],[39.9490366,48.2967152,0],[39.9484261,48.2961002,0],[39.9484112,48.2942947,0],[39.947227,48.2941626,0],[39.9465323,48.293784,0],[39.9459582,48.2927414,0],[39.9448101,48.2920266,0],[39.9437155,48.2919104,0],[39.9416121,48.2928487,0],[39.9385209,48.2921268,0],[39.9377029,48.292225,0],[39.9368823,48.2915646,0],[39.9366146,48.2899582,0],[39.9370235,48.288116,0],[39.9366398,48.2868873,0],[39.9362154,48.2850583,0],[39.9350232,48.2837704,0],[39.9340979,48.2834791,0],[39.9332772,48.2837532,0],[39.9321079,48.2837303,0],[39.9305846,48.2832846,0],[39.9301559,48.2827643,0],[39.9302856,48.2823805,0],[39.932176,48.2812133,0],[39.9341115,48.2807351,0],[39.9349784,48.2797503,0],[39.9346951,48.2790658,0],[39.9328753,48.2792411,0],[39.9315961,48.2779922,0],[39.9296385,48.2777793,0],[39.927869,48.2765821,0],[39.9272912,48.2753873,0],[39.9258355,48.2739687,0],[39.9256277,48.2735879,0],[39.9258988,48.2729692,0],[39.9259687,48.2721603,0],[39.9249068,48.2714851,0],[39.9229547,48.2713059,0],[39.9210688,48.2716602,0],[39.9196571,48.2712977,0],[39.9189796,48.2706011,0],[39.9174956,48.2700935,0],[39.9148291,48.2696779,0],[39.9142596,48.2698466,0],[39.9145799,48.2707552,0],[39.915049,48.2713442,0],[39.9147533,48.2718867,0],[39.9140654,48.2719578,0],[39.9130755,48.2711929,0],[39.9111386,48.2710199,0],[39.9102688,48.2716453,0],[39.9105891,48.2721534,0],[39.9118308,48.2727698,0],[39.9122543,48.2737457,0],[39.9113847,48.275269,0],[39.9104178,48.2760308,0],[39.9096855,48.2760119,0],[39.9095085,48.276717,0],[39.9082201,48.277008,0],[39.9084339,48.2781327,0],[39.9100639,48.2790105,0],[39.9093774,48.2807664,0],[39.910753,48.282907,0],[39.911103,48.2850178,0],[39.9097451,48.2875265,0],[39.9126952,48.2882023,0],[39.9101881,48.2929821,0],[39.9031174,48.2988902,0],[39.8869156,48.3040891,0],[39.8879682,48.3073167,0],[39.8871988,48.3087771,0],[39.8410685,48.3100513,0],[39.8421021,48.3183104,0],[39.8403939,48.3291167,0],[39.8452167,48.3294989,0],[39.8455931,48.3327736,0],[39.8597034,48.3345658,0],[39.8779341,48.3340733,0],[39.9185813,48.3416921,0],[39.9186034,48.3472072,0],[39.9307271,48.348957,0],[39.9436441,48.3481202,0],[39.9475073,48.3552302,0],[39.9425304,48.3549629,0],[39.944422,48.3571657,0],[39.939451,48.3607734,0],[39.9406678,48.365023,0],[39.9367499,48.3671357,0],[39.9347511,48.3722742,0],[39.9432775,48.3837913,0],[39.9415351,48.3870715,0],[39.9383089,48.3875623,0],[39.9352706,48.384697,0],[39.9318897,48.3769292,0],[39.9268452,48.3750751,0],[39.9212199,48.3759275,0],[39.9175221,48.3792278,0],[39.9163055,48.3842314,0],[39.9145583,48.3868273,0],[39.9078019,48.3887123,0],[39.9059615,48.3903159,0],[39.9067434,48.3922694,0],[39.9174051,48.3948097,0],[39.9186437,48.3976109,0],[39.9160499,48.4006103,0],[39.9084587,48.4020517,0],[39.906312,48.403562,0],[39.9064839,48.4074937,0],[39.9127632,48.4155801,0],[39.9102969,48.4219558,0],[39.8959257,48.4292418,0],[39.8888169,48.4419929,0],[39.8898644,48.4435709,0],[39.8967662,48.4442197,0],[39.8985547,48.4459723,0],[39.8973265,48.4481115,0],[39.8577522,48.4633633,0],[39.8463375,48.4737119,0],[39.847753,48.4856779,0],[39.8478837,48.4951083,0],[39.8464694,48.4993057,0],[39.84871,48.5028401,0],[39.8531911,48.5034246,0],[39.8566588,48.5016359,0],[39.861877,48.5019244,0],[39.8661347,48.5047748,0],[39.8667561,48.5088826,0],[39.8574855,48.5374008,0],[39.8580446,48.5453656,0],[39.8545326,48.5529988,0],[39.8576295,48.5614133,0],[39.846829,48.5729337,0],[39.8216849,48.5783323,0],[39.8206043,48.5792853,0],[39.8254818,48.5816452,0],[39.8263109,48.5842074,0],[39.8250511,48.5861523,0],[39.8223596,48.5866356,0],[39.8128554,48.5838551,0],[39.8086096,48.5839718,0],[39.8044954,48.5854536,0],[39.8002156,48.5895529,0],[39.796119,48.5918468,0],[39.7899853,48.5933692,0],[39.7734252,48.5923258,0],[39.7720625,48.5916013,0],[39.7703675,48.5879945,0],[39.754759,48.5829996,0],[39.7512953,48.5820902,0],[39.7505496,48.5833377,0],[39.7510542,48.5888356,0],[39.7490377,48.5902429,0],[39.7467209,48.5906731,0],[39.7443186,48.5900574,0],[39.7387429,48.5868384,0],[39.7346291,48.5858506,0],[39.7301775,48.585919,0],[39.726252,48.5866238,0],[39.7233788,48.5862164,0],[39.7212371,48.5848336,0],[39.714893,48.5852475,0],[39.7025463,48.5877777,0],[39.697765,48.5871601,0],[39.6916351,48.586378,0],[39.6872709,48.5870843,0],[39.6772879,48.5875629,0],[39.6765155,48.5881875,0],[39.6722238,48.5884145,0],[39.6675887,48.5867682,0],[39.6587483,48.5856325,0],[39.6575468,48.5846673,0],[39.6353165,48.5800397,0],[39.6319692,48.5806927,0],[39.6236436,48.5860867,0],[39.6228281,48.5863707,0],[39.6219268,48.5858029,0],[39.6212402,48.5819417,0],[39.6175495,48.5771153,0],[39.6137299,48.5749004,0],[39.6124855,48.5729129,0],[39.6080223,48.5727141,0],[39.6036449,48.5741055,0],[39.5963128,48.5750293,0],[39.5949886,48.5766912,0],[39.5948044,48.5793299,0],[39.6006408,48.5857461,0],[39.604074,48.5862571,0],[39.6050182,48.5867681,0],[39.6045891,48.5888119,0],[39.6017566,48.591537,0],[39.5963493,48.5923886,0],[39.5925357,48.5912967,0],[39.5817707,48.5850383,0],[39.5777793,48.5828806,0],[39.576535,48.581234,0],[39.5733466,48.5805224,0],[39.5680714,48.5818502,0],[39.5629675,48.5836321,0],[39.5631454,48.5862306,0],[39.5660509,48.588301,0],[39.5672772,48.5902388,0],[39.5673018,48.5921198,0],[39.5656345,48.5939516,0],[39.5633045,48.5974408,0],[39.5617595,48.5980085,0],[39.5586696,48.5980085,0],[39.5512023,48.5955676,0],[39.5494857,48.5932401,0],[39.5505587,48.5885848,0],[39.549314,48.5859732,0],[39.5450225,48.5839292,0],[39.5373836,48.58339,0],[39.5312037,48.5842699,0],[39.5287147,48.5859448,0],[39.5269121,48.58955,0],[39.5281312,48.5918406,0],[39.5332079,48.5936307,0],[39.5335878,48.5954605,0],[39.5324228,48.5964387,0],[39.5280455,48.5971767,0],[39.5253848,48.5981984,0],[39.5226333,48.6029769,0],[39.5234788,48.6051034,0],[39.5272799,48.6082749,0],[39.5278196,48.6094601,0],[39.5271823,48.6112629,0],[39.5257232,48.613022,0],[39.5167841,48.6180986,0],[39.5116469,48.6218737,0],[39.5119776,48.6235455,0],[39.5154235,48.6261855,0],[39.5162691,48.6279705,0],[39.5167109,48.6299864,0],[39.5160243,48.6321987,0],[39.5140876,48.6338368,0],[39.5104342,48.6344539,0],[39.5004348,48.6325537,0],[39.4955426,48.6321283,0],[39.4930106,48.6304265,0],[39.4862727,48.6288949,0],[39.4841484,48.6282,0],[39.4761018,48.628753,0],[39.4685916,48.6274483,0],[39.4656304,48.6281857,0],[39.4640108,48.6310641,0],[39.4642683,48.6340137,0],[39.4673899,48.6372332,0],[39.4658132,48.6386649,0],[39.4575623,48.6386512,0],[39.4542149,48.6397855,0],[39.45164,48.6410333,0],[39.4495753,48.6445574,0],[39.4497978,48.6504011,0],[39.4513078,48.6517082,0],[39.4533852,48.6528124,0],[39.4523728,48.6547104,0],[39.4501761,48.6556715,0],[39.4465013,48.6563009,0],[39.4389481,48.6549401,0],[39.4323232,48.6567488,0],[39.4207457,48.6582229,0],[39.4142323,48.6566918,0],[39.4106939,48.6576559,0],[39.4080332,48.6598104,0],[39.4082049,48.6614545,0],[39.4135262,48.6668399,0],[39.4138697,48.6684271,0],[39.4117239,48.6705243,0],[39.4058209,48.6738115,0],[39.4026452,48.6744349,0],[39.3979909,48.6746052,0],[39.3905237,48.6787991,0],[39.3891696,48.6803857,0],[39.3909291,48.6837575,0],[39.3895988,48.6847492,0],[39.3817025,48.6855142,0],[39.3795566,48.6862791,0],[39.3779859,48.6862368,0],[39.3673165,48.6919737,0],[39.3658902,48.6922287,0],[39.3603112,48.695798,0],[39.3559531,48.697214,0],[39.3505029,48.7076367,0],[39.3486574,48.708713,0],[39.346855,48.7122245,0],[39.3486382,48.7134707,0],[39.3541314,48.7132442,0],[39.3601589,48.7156791,0],[39.3652658,48.7168401,0],[39.3704585,48.7159622,0],[39.3720796,48.7159341,0],[39.3737867,48.7174915,0],[39.3741826,48.7186523,0],[39.3726043,48.7198696,0],[39.3691283,48.7200679,0],[39.3615322,48.7223045,0],[39.3552238,48.7252488,0],[39.3537216,48.7268908,0],[39.3540724,48.729646,0],[39.3588751,48.7339014,0],[39.3588714,48.7361753,0],[39.3581923,48.7370054,0],[39.3492658,48.742496,0],[39.3472058,48.7457787,0],[39.3470266,48.7502121,0],[39.3461759,48.751042,0],[39.3431385,48.7573608,0],[39.3433628,48.7592092,0],[39.3455281,48.7616611,0],[39.3491724,48.7621516,0],[39.3513257,48.7630943,0],[39.3538932,48.7654897,0],[39.3545015,48.7668284,0],[39.3527812,48.7679412,0],[39.3510607,48.7685446,0],[39.3472429,48.7683845,0],[39.3403355,48.7663007,0],[39.3361337,48.7659798,0],[39.3316705,48.766602,0],[39.3266028,48.7683087,0],[39.326084,48.7700153,0],[39.3274828,48.7721084,0],[39.3279722,48.7736923,0],[39.3262557,48.7755589,0],[39.3245465,48.776049,0],[39.3145901,48.7748045,0],[39.3118435,48.7740692,0],[39.3088319,48.7719953,0],[39.3030887,48.765414,0],[39.2999129,48.7630378,0],[39.2926174,48.760605,0],[39.2914941,48.7594358,0],[39.2906433,48.756248,0],[39.2892807,48.7536832,0],[39.28952,48.7515136,0],[39.2864338,48.7489009,0],[39.2820603,48.7486084,0],[39.2788874,48.749339,0],[39.2766585,48.7523332,0],[39.2747755,48.753681,0],[39.2723828,48.7538866,0],[39.2708089,48.7527587,0],[39.2703015,48.7512117,0],[39.2716747,48.7477596,0],[39.270809,48.7439866,0],[39.2686631,48.741949,0],[39.264468,48.7412523,0],[39.258535,48.7427414,0],[39.256311,48.7422696,0],[39.2550234,48.7406847,0],[39.255282,48.7387742,0],[39.2592291,48.7338353,0],[39.2561392,48.7268717,0],[39.2539624,48.7244016,0],[39.2533069,48.7220589,0],[39.2539001,48.7201527,0],[39.2497802,48.7125643,0],[39.2435147,48.7096192,0],[39.2395879,48.7091247,0],[39.2359905,48.711088,0],[39.2323641,48.7114125,0],[39.2267852,48.7089771,0],[39.2248968,48.7067682,0],[39.2194036,48.7051822,0],[39.2071728,48.6982998,0],[39.2031818,48.6986114,0],[39.2003706,48.6999993,0],[39.1991476,48.702265,0],[39.1983536,48.705777,0],[39.1975167,48.706485,0],[39.1965081,48.7065134,0],[39.1951061,48.7038985,0],[39.1909003,48.6998199,0],[39.1854146,48.6933991,0],[39.1816381,48.6857501,0],[39.1742491,48.680329,0],[39.1633486,48.6757386,0],[39.1574337,48.6753794,0],[39.1519406,48.6762862,0],[39.1486715,48.6752851,0],[39.1445122,48.6709112,0],[39.1418984,48.6666505,0],[39.141641,48.6650633,0],[39.1426709,48.6635326,0],[39.1419842,48.6608682,0],[39.1394876,48.65964,0],[39.1273071,48.6604713,0],[39.1231872,48.6600178,0],[39.1168282,48.6567485,0],[39.1119359,48.6533466,0],[39.1036178,48.6498687,0],[39.0985539,48.6508893,0],[39.0849068,48.6506625,0],[39.0758944,48.6516264,0],[39.0743495,48.6504357,0],[39.0548659,48.6470333,0],[39.042678,48.6464662,0],[39.0380823,48.6471847,0],[39.0355464,48.6482432,0],[39.0334474,48.6519761,0],[39.0322065,48.6528738,0],[39.0285083,48.6530064,0],[39.0191528,48.6569753,0],[39.0123721,48.658336,0],[39.010316,48.660084,0],[39.009633,48.6626256,0],[39.0129804,48.6640429,0],[39.0185594,48.6640995,0],[39.0216493,48.6623989,0],[39.0254258,48.6619737,0],[39.0274858,48.6632492,0],[39.0262842,48.667274,0],[39.0238809,48.6698815,0],[39.0205336,48.6722621,0],[39.0202761,48.6756061,0],[39.0195819,48.6791389,0],[39.0163671,48.6809428,0],[39.0143537,48.6834267,0],[39.015727,48.6886399,0],[39.0155478,48.6948913,0],[39.0048265,48.6963452,0],[39.0018149,48.6980072,0],[38.9998483,48.7001975,0],[38.999505,48.7039927,0],[38.9982176,48.7076745,0],[38.9989862,48.7111956,0],[38.9969225,48.7116016,0],[38.9919227,48.7100017,0],[38.9869231,48.7101575,0],[38.9843054,48.7118281,0],[38.9847421,48.7136213,0],[38.9888619,48.715207,0],[38.9939184,48.7161888,0],[38.9980459,48.7174722,0],[38.9993333,48.7196241,0],[38.9983893,48.7242672,0],[38.9914368,48.7306084,0],[38.9895411,48.7349866,0],[38.9844561,48.7375798,0],[38.9822031,48.7402861,0],[38.9823319,48.7421893,0],[38.981216,48.7438449,0],[38.9788122,48.7448922,0],[38.9749968,48.7447632,0],[38.9725628,48.7435836,0],[38.9698324,48.7437464,0],[38.9669464,48.7452039,0],[38.9640925,48.7461943,0],[38.9611311,48.7461373,0],[38.9599296,48.7429109,0],[38.961217,48.739911,0],[38.9610453,48.736515,0],[38.9569464,48.7340668,0],[38.9460674,48.7344489,0],[38.9437074,48.7338543,0],[38.9340086,48.7357792,0],[38.9324635,48.736798,0],[38.9343519,48.7429112,0],[38.9379568,48.7440714,0],[38.9388581,48.7458118,0],[38.9382788,48.746682,0],[38.9369591,48.7471171,0],[38.9350546,48.7468536,0],[38.9336652,48.7460241,0],[38.9306501,48.7452743,0],[38.9227216,48.7450054,0],[38.9213055,48.7446091,0],[38.9199671,48.7434206,0],[38.9180279,48.7429113,0],[38.9143212,48.7443829,0],[38.9125725,48.7468732,0],[38.9111349,48.7480051,0],[38.9087746,48.7492502,0],[38.9047401,48.7506082,0],[38.9010923,48.7509054,0],[38.8988178,48.750184,0],[38.8920372,48.7504385,0],[38.8813299,48.7501841,0],[38.8802356,48.7506085,0],[38.8790769,48.752476,0],[38.8776176,48.7525889,0],[38.8716924,48.7513053,0],[38.863879,48.7513796,0],[38.8609553,48.7507359,0],[38.8606013,48.749788,0],[38.8593783,48.7495899,0],[38.8553874,48.7496462,0],[38.8471476,48.7429112,0],[38.8360755,48.7232671,0],[38.8300673,48.7170382,0],[38.8084379,48.7134138,0],[38.7670674,48.71432,0],[38.7535137,48.7184915,0],[38.6917155,48.7293629,0],[38.6745492,48.7293629,0],[38.6784116,48.723701,0],[38.6301672,48.721172,0],[38.5832177,48.7198696,0],[38.5784187,48.7094303,0],[38.577732,48.6967418,0],[38.5722313,48.6890556,0],[38.5594455,48.6866947,0],[38.5489783,48.6752945,0],[38.5394514,48.6735091,0],[38.5272842,48.6746424,0],[38.5161483,48.6705617,0],[38.5152472,48.6663671,0],[38.4967076,48.6631925,0],[38.4802281,48.6591107,0],[38.4644278,48.6564083,0],[38.4452016,48.6550476,0],[38.4314762,48.6504924,0],[38.4198032,48.6450485,0],[38.4143025,48.6382619,0],[38.4088093,48.62964,0],[38.4046894,48.6169314,0],[38.4048036,48.6090985,0],[38.4060702,48.6019302,0],[38.402637,48.5919397,0],[38.402637,48.5478669,0],[38.4143026,48.5206053,0],[38.4115634,48.5105796,0],[38.4053767,48.4733655,0],[38.3930237,48.436606,0],[38.3892474,48.4322779,0],[38.390964,48.4158739,0],[38.3672748,48.3996925,0],[38.3542284,48.390346,0],[38.3435779,48.3844372,0],[38.3217544,48.3710529,0],[38.2907061,48.361631,0],[38.2736891,48.3591918,0],[38.2591203,48.359806,0],[38.2276837,48.3671755,0],[38.2149807,48.3690002,0],[38.2074276,48.371509,0],[38.1847683,48.3749299,0],[38.1500926,48.3854193,0],[38.1544451,48.395536,0],[38.1630936,48.4021166,0],[38.1484618,48.4144818,0],[38.135158,48.4190391,0],[38.1174769,48.420805,0],[38.1137059,48.4080126,0],[38.0685038,48.4086727,0],[38.0421228,48.4090856,0],[38.0048018,48.3939537,0],[37.9569342,48.3914893,0],[37.9470402,48.3751555,0],[37.9210683,48.3760438,0],[37.9096311,48.3518021,0],[37.8901968,48.2991598,0],[37.8881602,48.2836394,0],[37.8953466,48.268546,0],[37.89157,48.2550609,0],[37.8929432,48.2335689,0],[37.8965706,48.2154292,0],[37.8833302,48.1997121,0],[37.8562077,48.1928465,0],[37.8285927,48.1751503,0],[37.824622,48.1578177,0],[37.8198549,48.1438969,0],[37.8061045,48.1173377,0],[37.7920214,48.1045282,0],[37.7892831,48.1001774,0],[37.7730529,48.0920319,0],[37.7564355,48.0866703,0],[37.7543362,48.0840036,0],[37.7463065,48.0734746,0],[37.7427884,48.0727514,0],[37.6997015,48.0722042,0],[37.6930492,48.0693073,0],[37.6877494,48.0618935,0],[37.6942941,48.0565448,0],[37.6911989,48.0534065,0],[37.6878504,48.0547535,0],[37.6699861,48.0433634,0],[37.6478104,48.0289444,0],[37.6226618,48.0194438,0],[37.6164821,48.0180947,0],[37.575455,48.0139608,0],[37.5733939,48.0068986,0],[37.556143,48.0098553,0],[37.5496206,47.9973638,0],[37.5585462,47.986451,0],[37.548504,47.9792696,0],[37.5394871,47.9726323,0],[37.5251581,47.9572022,0],[37.5218536,47.94582,0],[37.5285901,47.9414985,0],[37.5428393,47.9324766,0],[37.5380764,47.9241494,0],[37.5350286,47.917986,0],[37.5685999,47.9077685,0],[37.5759066,47.9077328,0],[37.6440338,47.8866264,0],[37.6342622,47.838423,0],[37.6345486,47.8025384,0],[37.623169,47.7731102,0],[37.6375888,47.7519939,0],[37.6467557,47.7456551,0],[37.6726795,47.7247168,0],[37.7644947,47.6847015,0],[37.8039769,47.6601962,0],[37.801917,47.6423879,0],[37.7686147,47.6354478,0],[37.7823477,47.5859162,0],[37.8194267,47.5463034,0],[37.8925547,47.4697729,0],[37.8784784,47.4416839,0],[37.8637154,47.4265885,0],[37.855819,47.403124,0],[37.856849,47.3928985,0],[37.8503258,47.3842983,0],[37.8383096,47.3780216,0],[37.841643,47.3690218,0],[37.8515994,47.3655338,0],[37.8417428,47.3584893,0],[37.8376229,47.3524422,0],[37.8486092,47.3501161,0],[37.8591525,47.3543707,0],[37.8612124,47.3478578,0],[37.856849,47.3436027,0],[37.8444894,47.3419742,0],[37.8292834,47.3425074,0],[37.8273232,47.3284792,0],[37.8245766,47.3214977,0],[37.8317864,47.3149807,0],[37.8348763,47.3082302,0],[37.8276665,47.3026429,0],[37.8338464,47.2854117,0],[37.833503,47.249301,0],[37.8513558,47.198938,0],[37.8499825,47.1742053,0],[37.8180535,47.1190987,0],[37.8292834,47.1127418,0],[37.8383095,47.0997045,0],[37.8621706,47.1062479,0],[37.8795803,47.1066666,0],[37.8954729,47.1109213,0],[37.9839645,47.0835761,0],[37.9902301,47.0914656,0],[37.9790722,47.0928096,0],[37.9758825,47.0956826,0],[37.9930627,47.0990033,0],[38.0325448,47.0890697,0],[38.040012,47.0918746,0],[38.0407846,47.0962571,0],[38.054332,47.1083022,0],[38.0626714,47.1108045,0],[38.08885,47.1059558,0],[38.1046619,47.0956273,0],[38.1228691,47.0806216,0],[38.1328256,47.0640197,0],[38.1317956,47.0537286,0],[38.1060463,47.0471788,0],[38.0804081,47.0265446,0],[38.0849876,47.0204182,0],[38.1632652,47.0654551,0],[38.1865557,47.0937123,0],[38.2115022,47.1071826,0],[38.2301175,47.119406,0],[38.2284514,47.1226729,0],[38.2292468,47.1270853,0],[38.2319091,47.129692,0],[38.2340685,47.1355459,0],[38.2363121,47.1395266,0],[38.2355903,47.1961289,0],[38.2359666,47.1965918,0],[38.2354243,47.1998353,0],[38.234781,47.2025886,0],[38.2370779,47.2075891,0],[38.2391299,47.2084879,0],[38.2402025,47.2091611,0],[38.2410554,47.2101138,0],[38.2411519,47.2105429,0],[38.2408246,47.2108546,0],[38.2412215,47.2117534,0],[38.2418471,47.2121661,0],[38.2415415,47.2125292,0],[38.2418929,47.2148436,0],[38.2422759,47.2153019,0],[38.2422804,47.2162117,0],[38.2427899,47.217117,0],[38.2425054,47.2178107,0],[38.2412876,47.2184817,0],[38.240507,47.2183364,0],[38.2400496,47.2184367,0],[38.2398263,47.218731,0],[38.2398971,47.2199239,0],[38.2400827,47.2201486,0],[38.2400467,47.2213613,0],[38.2397605,47.2216179,0],[38.2387591,47.2217389,0],[38.2383227,47.2219524,0],[38.2382548,47.2224089,0],[38.2387143,47.2232165,0],[38.2387188,47.2234891,0],[38.2385172,47.22364,0],[38.2364423,47.2242619,0],[38.2362738,47.2244999,0],[38.2364096,47.2254132,0],[38.2361448,47.2256075,0],[38.2346481,47.2254071,0],[38.2338694,47.2258012,0],[38.2340111,47.227113,0],[38.2336742,47.2280166,0],[38.2328621,47.2284101,0],[38.2329066,47.2291897,0],[38.2343344,47.2309856,0],[38.2351234,47.2310967,0],[38.2362475,47.2308171,0],[38.237346,47.2312165,0],[38.2378094,47.2320427,0],[38.2398865,47.2324121,0],[38.2405773,47.2321475,0],[38.2409443,47.23219,0],[38.2412565,47.2326921,0],[38.2420348,47.232812,0],[38.2427674,47.2326826,0],[38.2460906,47.2341102,0],[38.2477027,47.2334227,0],[38.2535413,47.2336156,0],[38.2605024,47.2383163,0],[38.288189,47.2385598,0],[38.288043,47.2564998,0],[38.3244906,47.2568209,0],[38.3307851,47.2634492,0],[38.3309967,47.2645747,0],[38.3287569,47.2658623,0],[38.3287371,47.2662912,0],[38.3337354,47.2689381,0],[38.3332725,47.270252,0],[38.3332862,47.2725191,0],[38.3316897,47.2752191,0],[38.3276326,47.27668,0],[38.3260824,47.2767594,0],[38.3255863,47.277134,0],[38.3256173,47.2776124,0],[38.3266414,47.2786087,0],[38.3271856,47.2795435,0],[38.3233941,47.2811323,0],[38.3257662,47.2846011,0],[38.3284365,47.2848084,0],[38.3290073,47.2868501,0],[38.3296901,47.2896121,0],[38.3333538,47.2921318,0],[38.3337391,47.2962532,0],[38.3332879,47.2969749,0],[38.3296611,47.297438,0],[38.3275474,47.2975272,0],[38.3270914,47.2990089,0],[38.3282045,47.3000189,0],[38.3345111,47.3014077,0],[38.336361,47.3055727,0],[38.3363045,47.3064075,0],[38.2209779,47.3053796,0],[38.2214722,47.3273446,0],[38.2272145,47.3297102,0],[38.2257943,47.3321154,0],[38.2220794,47.3328526,0],[38.230493,47.3389025,0],[38.2306932,47.3431686,0],[38.2402401,47.346223,0],[38.246788,47.3514449,0],[38.2504613,47.357713,0],[38.2473631,47.3617371,0],[38.2455592,47.3631933,0],[38.2587325,47.3733532,0],[38.2864922,47.3735598,0],[38.2864155,47.3914768,0],[38.3004094,47.391514,0],[38.3020854,47.3928698,0],[38.3020221,47.4751206,0],[38.2894022,47.4767537,0],[38.2940999,47.4907448,0],[38.2950717,47.5080641,0],[38.2849085,47.5083765,0],[38.2848038,47.5444646,0],[38.3051136,47.5448513,0],[38.3111495,47.5536189,0],[38.3109696,47.5760278,0],[38.3507371,47.5762058,0],[38.3501205,47.6166892,0],[38.4566884,47.6170037,0],[38.4562749,47.6442531,0],[38.620087,47.6448705,0],[38.6295892,47.6533363,0],[38.6292745,47.6692783,0],[38.6658873,47.6694185,0],[38.6656155,47.6971765,0],[38.6591995,47.7000572,0],[38.6707962,47.6989544,0],[38.7291235,47.6988072,0],[38.7303052,47.680361,0],[38.7540691,47.6848875,0],[38.7731639,47.6857642,0],[38.7708688,47.7206292,0],[38.7889429,47.7370148,0],[38.7981571,47.7784404,0],[38.7886773,47.8159738,0],[38.8351025,47.816059,0],[38.8421825,47.8631185,0],[39.0827779,47.8699273,0],[39.0828906,47.8516037,0]]]},"properties":{"name":"ОРДЛО /// CADR and CALR\n","styleUrl":"#poly-880E4F-1200-77-nodesc","styleHash":"-6b23f4d9","styleMapHash":{"normal":"#poly-880E4F-1200-77-nodesc-normal","highlight":"#poly-880E4F-1200-77-nodesc-highlight"},"stroke-opacity":1,"stroke":"#880e4f","stroke-width":1.2,"fill-opacity":0.30196078431372547,"fill":"#880e4f"}},{"type":"Feature","geometry":{"type":"Polygon","coordinates":[[[37.7730529,48.0920319,0],[37.7892831,48.1001774,0],[37.7920214,48.1045282,0],[37.7885882,48.1034965,0],[37.7696197,48.104127,0],[37.7665297,48.1010318,0],[37.7730529,48.0920319,0]]]},"properties":{"name":"Окуповано /// Occupied\n","styleUrl":"#poly-A52714-1200-77-nodesc","styleHash":"5f0393c8","styleMapHash":{"normal":"#poly-A52714-1200-77-nodesc-normal","highlight":"#poly-A52714-1200-77-nodesc-highlight"},"stroke-opacity":1,"stroke":"#a52714","stroke-width":1.2,"fill-opacity":0.30196078431372547,"fill":"#a52714"}},{"type":"Feature","geometry":{"type":"Polygon","coordinates":[[[38.402637,48.5919397,0],[38.4060702,48.6019302,0],[38.4048036,48.6090985,0],[38.4046894,48.6169314,0],[38.4088093,48.62964,0],[38.4143025,48.6382619,0],[38.4198032,48.6450485,0],[38.4314762,48.6504924,0],[38.4452016,48.6550476,0],[38.4644278,48.6564083,0],[38.4802281,48.6591107,0],[38.4967076,48.6631925,0],[38.5152472,48.6663671,0],[38.5161483,48.6705617,0],[38.5272842,48.6746424,0],[38.5394514,48.6735091,0],[38.5489783,48.6752945,0],[38.5594455,48.6866947,0],[38.5722313,48.6890556,0],[38.577732,48.6967418,0],[38.5784187,48.7094303,0],[38.5832177,48.7198696,0],[38.6301672,48.721172,0],[38.6784116,48.723701,0],[38.6745492,48.7293629,0],[38.6917155,48.7293629,0],[38.7055541,48.7754591,0],[38.5596882,48.8300656,0],[38.5304354,48.8497759,0],[38.4952068,48.8707374,0],[38.4748205,48.9035945,0],[38.413393,48.9399705,0],[38.4022715,48.9556589,0],[38.3698935,48.9817692,0],[38.2997041,49.0248792,0],[38.2844417,49.0264547,0],[38.2626116,49.0244189,0],[38.2409757,49.005535,0],[38.2587717,48.9692683,0],[38.2370485,48.9565212,0],[38.2986174,48.9494312,0],[38.32215,48.9356883,0],[38.3114278,48.9081755,0],[38.3362868,48.8612617,0],[38.3302969,48.8373009,0],[38.3028583,48.8355909,0],[38.2892873,48.7862097,0],[38.2247224,48.7716926,0],[38.2255597,48.7383328,0],[38.2088754,48.7295349,0],[38.1941429,48.7291851,0],[38.1706768,48.7107277,0],[38.161815,48.701557,0],[38.1260101,48.6942159,0],[38.110503,48.6837927,0],[38.108817,48.6799986,0],[38.1046741,48.6740547,0],[38.1032339,48.6736077,0],[38.1006689,48.6684954,0],[38.1080601,48.6644033,0],[38.1019115,48.6532773,0],[38.0505253,48.6255409,0],[38.0602614,48.6127701,0],[38.0639254,48.6026629,0],[38.0910651,48.5795849,0],[38.0794765,48.5715944,0],[38.0742142,48.5646874,0],[38.0852627,48.5445413,0],[38.093967,48.5393604,0],[38.1069069,48.5210443,0],[38.0775899,48.4989222,0],[38.0517389,48.5072894,0],[38.0366187,48.4951206,0],[38.0376156,48.4736756,0],[38.0115723,48.4693209,0],[37.9948042,48.4403715,0],[38.0239572,48.4348073,0],[38.0421228,48.4090856,0],[38.1137059,48.4080126,0],[38.1174769,48.420805,0],[38.135158,48.4190391,0],[38.1484618,48.4144818,0],[38.1630936,48.4021166,0],[38.1544451,48.395536,0],[38.1500926,48.3854193,0],[38.1847683,48.3749299,0],[38.2074276,48.371509,0],[38.2149807,48.3690002,0],[38.2276837,48.3671755,0],[38.2591203,48.359806,0],[38.2736891,48.3591918,0],[38.2907061,48.361631,0],[38.3217544,48.3710529,0],[38.3435779,48.3844372,0],[38.3542284,48.390346,0],[38.3672748,48.3996925,0],[38.3799702,48.4086007,0],[38.390964,48.4158739,0],[38.3892474,48.4322779,0],[38.3930237,48.436606,0],[38.4053767,48.4733655,0],[38.4115634,48.5105796,0],[38.4143026,48.5206053,0],[38.402637,48.5478669,0],[38.402637,48.5919397,0]]]},"properties":{"name":"Окуповано /// Occupied","styleUrl":"#poly-A52714-1200-77-nodesc","styleHash":"5f0393c8","styleMapHash":{"normal":"#poly-A52714-1200-77-nodesc-normal","highlight":"#poly-A52714-1200-77-nodesc-highlight"},"stroke-opacity":1,"stroke":"#a52714","stroke-width":1.2,"fill-opacity":0.30196078431372547,"fill":"#a52714"}},{"type":"Feature","geometry":{"type":"Polygon","coordinates":[[[37.8562077,48.1928465,0],[37.8833302,48.1997121,0],[37.8965706,48.2154292,0],[37.8929432,48.2335689,0],[37.89157,48.2550609,0],[37.8953466,48.268546,0],[37.8881602,48.2836394,0],[37.8901968,48.2991598,0],[37.8696933,48.2818506,0],[37.8423308,48.2832692,0],[37.8217294,48.2899051,0],[37.8082985,48.2875112,0],[37.784159,48.2832303,0],[37.7783907,48.2719789,0],[37.8006261,48.272697,0],[37.8048352,48.2662158,0],[37.8012386,48.2582824,0],[37.7834469,48.2548452,0],[37.7761512,48.2501586,0],[37.7849065,48.2446757,0],[37.7712588,48.2370691,0],[37.7478328,48.2181878,0],[37.76948,48.2044644,0],[37.7843355,48.1941874,0],[37.7938695,48.1889643,0],[37.80971,48.1649436,0],[37.8103277,48.1553785,0],[37.8094909,48.1524009,0],[37.8198549,48.1438969,0],[37.824622,48.1578177,0],[37.8285927,48.1751503,0],[37.8562077,48.1928465,0]]]},"properties":{"name":"Окуповано /// Occupied","styleUrl":"#poly-A52714-1200-77-nodesc","styleHash":"5f0393c8","styleMapHash":{"normal":"#poly-A52714-1200-77-nodesc-normal","highlight":"#poly-A52714-1200-77-nodesc-highlight"},"stroke-opacity":1,"stroke":"#a52714","stroke-width":1.2,"fill-opacity":0.30196078431372547,"fill":"#a52714"}},{"type":"Feature","geometry":{"type":"Polygon","coordinates":[[[38.5596903,48.8300678,0],[38.7055563,48.7754613,0],[38.6917176,48.7293651,0],[38.7535158,48.7184937,0],[38.7670695,48.7143222,0],[38.8084401,48.713416,0],[38.8300695,48.7170404,0],[38.8360776,48.7232693,0],[38.8471497,48.7429134,0],[38.8553895,48.7496484,0],[38.8593804,48.7495921,0],[38.8606035,48.7497902,0],[38.8609575,48.7507381,0],[38.8638811,48.7513818,0],[38.8716946,48.7513075,0],[38.8776197,48.7525911,0],[38.879079,48.7524782,0],[38.8802377,48.7506107,0],[38.881332,48.7501863,0],[38.8920393,48.7504407,0],[38.8988199,48.7501862,0],[38.9010944,48.7509076,0],[38.9047423,48.7506104,0],[38.9087767,48.7492524,0],[38.911137,48.7480073,0],[38.9125746,48.7468754,0],[38.9143233,48.7443851,0],[38.9180301,48.7429135,0],[38.9199692,48.7434228,0],[38.9213076,48.7446113,0],[38.9227237,48.7450076,0],[38.9246333,48.745036,0],[38.9306522,48.7452765,0],[38.9336673,48.7460263,0],[38.9350567,48.7468558,0],[38.9369612,48.7471193,0],[38.938281,48.7466842,0],[38.9388603,48.745814,0],[38.937959,48.7440736,0],[38.934354,48.7429134,0],[38.9324656,48.7368002,0],[38.9340107,48.7357814,0],[38.9437095,48.7338565,0],[38.9460695,48.7344511,0],[38.9569485,48.734069,0],[38.9610475,48.7365172,0],[38.9612192,48.7399132,0],[38.9599318,48.7429131,0],[38.9611333,48.7461395,0],[38.9640946,48.7461965,0],[38.9669485,48.7452061,0],[38.9698345,48.7437486,0],[38.972565,48.7435858,0],[38.974999,48.7447654,0],[38.9788143,48.7448944,0],[38.9812181,48.7438471,0],[38.9823341,48.7421915,0],[38.9822053,48.7402883,0],[38.9844583,48.737582,0],[38.9895432,48.7349888,0],[38.9914389,48.7306106,0],[38.9983914,48.7242694,0],[38.9993354,48.7196263,0],[38.9980481,48.7174744,0],[38.9939206,48.716191,0],[38.988864,48.7152092,0],[38.9847443,48.7136235,0],[38.9843076,48.7118303,0],[38.9869253,48.7101597,0],[38.9919248,48.7100039,0],[38.9969247,48.7116038,0],[38.9989883,48.7111978,0],[38.9982198,48.7076767,0],[38.9995071,48.7039949,0],[38.9998504,48.7001997,0],[39.001817,48.6980094,0],[39.0048287,48.6963474,0],[39.01555,48.6948935,0],[39.0157292,48.6886421,0],[39.0143558,48.6834289,0],[39.0163693,48.680945,0],[39.0195841,48.6791411,0],[39.0202783,48.6756083,0],[39.0205358,48.6722643,0],[39.023883,48.6698837,0],[39.0262863,48.6672762,0],[39.027488,48.6632514,0],[39.0254279,48.6619759,0],[39.0216515,48.6624011,0],[39.0185616,48.6641017,0],[39.0129825,48.6640451,0],[39.0096352,48.6626278,0],[39.0103182,48.6600862,0],[39.0123742,48.6583382,0],[39.019155,48.6569775,0],[39.0285105,48.6530086,0],[39.0322087,48.652876,0],[39.0334496,48.6519783,0],[39.0355485,48.6482454,0],[39.0380844,48.6471869,0],[39.0426802,48.6464684,0],[39.0548681,48.6470355,0],[39.0743517,48.6504379,0],[39.0758966,48.6516286,0],[39.084909,48.6506647,0],[39.0985561,48.6508915,0],[39.1036199,48.6498709,0],[39.1119381,48.6533489,0],[39.1168304,48.6567508,0],[39.1231894,48.6600201,0],[39.1273093,48.6604736,0],[39.1394898,48.6596423,0],[39.1419864,48.6608705,0],[39.1426731,48.6635349,0],[39.1416432,48.6650656,0],[39.1419006,48.6666528,0],[39.1445144,48.6709135,0],[39.1486736,48.6752874,0],[39.1519428,48.6762885,0],[39.1574358,48.6753817,0],[39.1633508,48.6757409,0],[39.1742513,48.6803313,0],[39.1816402,48.6857524,0],[39.1854168,48.6934014,0],[39.1909024,48.6998222,0],[39.1951083,48.7039008,0],[39.1965103,48.7065157,0],[39.1975189,48.7064873,0],[39.1983558,48.7057793,0],[39.1991498,48.7022673,0],[39.2003727,48.7000016,0],[39.2031839,48.6986137,0],[39.207175,48.6983021,0],[39.2125393,48.7012195,0],[39.2194058,48.7051845,0],[39.2248989,48.7067705,0],[39.2267874,48.7089794,0],[39.2323663,48.7114148,0],[39.2359926,48.7110903,0],[39.2395901,48.709127,0],[39.2435169,48.7096215,0],[39.2497824,48.7125666,0],[39.2539023,48.720155,0],[39.2533091,48.7220612,0],[39.2539646,48.7244039,0],[39.2561413,48.726874,0],[39.2592313,48.7338376,0],[39.2552841,48.7387765,0],[39.2550255,48.740687,0],[39.2563131,48.7422719,0],[39.2585371,48.7427437,0],[39.2644702,48.7412546,0],[39.2686652,48.7419513,0],[39.2708112,48.7439889,0],[39.2716769,48.7477619,0],[39.2703037,48.751214,0],[39.2708111,48.752761,0],[39.272385,48.7538889,0],[39.2747777,48.7536833,0],[39.2766606,48.7523355,0],[39.2788895,48.7493413,0],[39.2820625,48.7486107,0],[39.286436,48.7489032,0],[39.2895221,48.7515159,0],[39.2892828,48.7536855,0],[39.2906454,48.7562503,0],[39.2914962,48.7594381,0],[39.2926196,48.7606073,0],[39.299915,48.7630401,0],[39.3030909,48.7654163,0],[39.308834,48.7719976,0],[39.3118456,48.7740715,0],[39.3145923,48.7748068,0],[39.3228245,48.7759006,0],[39.3245486,48.7760513,0],[39.3262579,48.7755612,0],[39.3279744,48.7736946,0],[39.327485,48.7721107,0],[39.3260862,48.7700176,0],[39.326605,48.768311,0],[39.3316726,48.7666043,0],[39.3361358,48.7659821,0],[39.3403377,48.766303,0],[39.3472451,48.7683868,0],[39.3510629,48.7685469,0],[39.3527834,48.7679435,0],[39.3545036,48.7668307,0],[39.3538953,48.765492,0],[39.3513279,48.7630966,0],[39.3491746,48.7621539,0],[39.3455302,48.7616634,0],[39.3433649,48.7592115,0],[39.3431406,48.7573631,0],[39.346178,48.7510443,0],[39.3470287,48.7502144,0],[39.3472079,48.745781,0],[39.349268,48.7424983,0],[39.3581944,48.7370077,0],[39.3588735,48.7361776,0],[39.3588772,48.7339037,0],[39.3570785,48.7323091,0],[39.3540746,48.7296483,0],[39.3537238,48.7268931,0],[39.355226,48.7252511,0],[39.3615344,48.7223068,0],[39.3691304,48.7200702,0],[39.3726065,48.7198719,0],[39.3741848,48.7186546,0],[39.3737889,48.7174938,0],[39.3720818,48.7159364,0],[39.3704606,48.7159645,0],[39.365268,48.7168424,0],[39.3601611,48.7156814,0],[39.3541336,48.7132465,0],[39.3486404,48.713473,0],[39.3468571,48.7122268,0],[39.3486596,48.7087153,0],[39.3505051,48.707639,0],[39.3559553,48.6972163,0],[39.3603134,48.6958003,0],[39.3658924,48.692231,0],[39.3673187,48.691976,0],[39.3779881,48.6862391,0],[39.3795588,48.6862814,0],[39.3817046,48.6855165,0],[39.389601,48.6847515,0],[39.3909313,48.6837598,0],[39.3891718,48.680388,0],[39.3905259,48.6788014,0],[39.3979931,48.6746075,0],[39.4026474,48.6744372,0],[39.4058231,48.6738138,0],[39.4117261,48.6705266,0],[39.4138719,48.6684294,0],[39.4135284,48.6668422,0],[39.4082071,48.6614568,0],[39.4080354,48.6598127,0],[39.4106961,48.6576582,0],[39.4142345,48.6566941,0],[39.4207479,48.6582252,0],[39.4323254,48.6567511,0],[39.4389503,48.6549424,0],[39.4465035,48.6563032,0],[39.4501783,48.6556738,0],[39.452375,48.6547127,0],[39.4533874,48.6528147,0],[39.45131,48.6517105,0],[39.4497999,48.6504034,0],[39.4495774,48.6445597,0],[39.4516422,48.6410356,0],[39.4542171,48.6397878,0],[39.4575645,48.6386535,0],[39.4658154,48.6386672,0],[39.4673921,48.6372355,0],[39.4642705,48.634016,0],[39.464013,48.6310664,0],[39.4656326,48.628188,0],[39.4685938,48.6274506,0],[39.476104,48.6287553,0],[39.4841506,48.6282023,0],[39.4862749,48.6288972,0],[39.4930128,48.6304288,0],[39.4955448,48.6321306,0],[39.500437,48.632556,0],[39.5104364,48.6344562,0],[39.5140898,48.6338391,0],[39.5160265,48.632201,0],[39.5167131,48.6299887,0],[39.5162713,48.6279728,0],[39.5154257,48.6261878,0],[39.5119798,48.6235478,0],[39.5116491,48.621876,0],[39.5167863,48.6181009,0],[39.5257254,48.6130243,0],[39.5271845,48.6112652,0],[39.5278218,48.6094624,0],[39.5272821,48.6082772,0],[39.523481,48.6051057,0],[39.5226355,48.6029792,0],[39.525387,48.5982007,0],[39.5280477,48.597179,0],[39.532425,48.596441,0],[39.53359,48.5954628,0],[39.5332101,48.593633,0],[39.5281334,48.5918429,0],[39.5269143,48.5895523,0],[39.5287169,48.5859471,0],[39.5312059,48.5842722,0],[39.5373858,48.5833923,0],[39.5450247,48.5839315,0],[39.5493162,48.5859755,0],[39.5505609,48.5885871,0],[39.5494879,48.5932424,0],[39.5512045,48.5955699,0],[39.5586718,48.5980108,0],[39.5617617,48.5980108,0],[39.5633068,48.5974431,0],[39.5656367,48.5939539,0],[39.567304,48.5921221,0],[39.5672794,48.5902411,0],[39.5660531,48.5883033,0],[39.5631476,48.5862329,0],[39.5629697,48.5836344,0],[39.5680736,48.5818525,0],[39.5733488,48.5805247,0],[39.5765372,48.5812363,0],[39.5777815,48.5828829,0],[39.5817729,48.5850406,0],[39.5925379,48.591299,0],[39.5963515,48.5923909,0],[39.6017588,48.5915393,0],[39.6045913,48.5888143,0],[39.6050204,48.5867705,0],[39.6040762,48.5862595,0],[39.600643,48.5857484,0],[39.5948066,48.5793322,0],[39.5949908,48.5766935,0],[39.596315,48.5750316,0],[39.6036471,48.5741079,0],[39.6080245,48.5727165,0],[39.6124877,48.5729153,0],[39.6137321,48.5749028,0],[39.6175517,48.5771177,0],[39.6212424,48.5819441,0],[39.621929,48.5858053,0],[39.6228303,48.5863731,0],[39.6236458,48.5860891,0],[39.6319715,48.5806951,0],[39.6353187,48.5800421,0],[39.657549,48.5846696,0],[39.6587505,48.5856348,0],[39.6675909,48.5867705,0],[39.672226,48.5884168,0],[39.6765177,48.5881898,0],[39.6772901,48.5875652,0],[39.6872709,48.5870843,0],[39.6871009,48.5892083,0],[39.6826722,48.5926894,0],[39.6809519,48.5926356,0],[39.6793619,48.5918075,0],[39.6794674,48.5906025,0],[39.6787987,48.5900941,0],[39.6764776,48.5908626,0],[39.6758393,48.5917852,0],[39.6754183,48.5935416,0],[39.6760176,48.5947213,0],[39.6781781,48.5958601,0],[39.6796545,48.5954755,0],[39.6806079,48.5964024,0],[39.6800407,48.5973815,0],[39.6786713,48.5981205,0],[39.6770487,48.5983108,0],[39.6760012,48.5979503,0],[39.6752736,48.5969399,0],[39.6735293,48.5959049,0],[39.6714269,48.5954506,0],[39.6700615,48.5957732,0],[39.6688065,48.5965669,0],[39.6681762,48.5981814,0],[39.668158,48.6013107,0],[39.6709438,48.6032183,0],[39.6711894,48.6039545,0],[39.6705761,48.6045881,0],[39.6689122,48.6050365,0],[39.6671134,48.6052312,0],[39.6633738,48.6049218,0],[39.661023,48.6065514,0],[39.6606231,48.6090898,0],[39.6614469,48.6109039,0],[39.6637976,48.6130042,0],[39.6661695,48.6177206,0],[39.6668727,48.6200648,0],[39.6715351,48.624331,0],[39.6800633,48.6294977,0],[39.6877685,48.6328233,0],[39.6906421,48.6354833,0],[39.6931611,48.6362378,0],[39.6937843,48.6367714,0],[39.6942396,48.6376143,0],[39.6943624,48.6396733,0],[39.6937698,48.6432083,0],[39.6915299,48.644962,0],[39.6912413,48.6463219,0],[39.6937148,48.6494079,0],[39.6973541,48.65103,0],[39.6999035,48.652604,0],[39.7022695,48.6533094,0],[39.7032914,48.6543409,0],[39.7043634,48.6551469,0],[39.7050109,48.6563498,0],[39.7064356,48.6569728,0],[39.7089808,48.6546183,0],[39.709877,48.6545451,0],[39.7106868,48.6550367,0],[39.7109802,48.6555171,0],[39.7113809,48.6568763,0],[39.7104079,48.6580629,0],[39.7096549,48.6600033,0],[39.7097211,48.6608817,0],[39.7095261,48.6622539,0],[39.7107302,48.6639445,0],[39.7113082,48.6672185,0],[39.7109443,48.6676942,0],[39.7102909,48.6680627,0],[39.7088219,48.6677581,0],[39.707323,48.6669638,0],[39.7050127,48.6669183,0],[39.7042601,48.6666234,0],[39.7032933,48.6668371,0],[39.7029015,48.6672252,0],[39.7024774,48.6684353,0],[39.7017208,48.6694045,0],[39.702434,48.6705154,0],[39.704033,48.6714854,0],[39.707944,48.6727922,0],[39.7121127,48.6746516,0],[39.7134978,48.6761279,0],[39.7141965,48.6802254,0],[39.7170839,48.6814396,0],[39.7203409,48.681944,0],[39.7216153,48.6824264,0],[39.7226817,48.6833759,0],[39.7230648,48.6834469,0],[39.7232026,48.6840774,0],[39.7226753,48.685055,0],[39.7207782,48.6863296,0],[39.7206021,48.6867579,0],[39.718497,48.6874289,0],[39.7166814,48.6899344,0],[39.7188272,48.6933173,0],[39.7159652,48.695208,0],[39.7202113,48.6972033,0],[39.7178755,48.7033612,0],[39.7131581,48.7008348,0],[39.7044919,48.7068047,0],[39.7125611,48.7116703,0],[39.7122616,48.7159156,0],[39.7048377,48.7214631,0],[39.7254634,48.7270896,0],[39.7266149,48.7293715,0],[39.7227063,48.7318855,0],[39.7240625,48.734598,0],[39.7255989,48.7376807,0],[39.7250112,48.7404521,0],[39.7288815,48.7410904,0],[39.7316469,48.7420964,0],[39.7321916,48.7443334,0],[39.733671,48.7451619,0],[39.7344966,48.7449323,0],[39.7350167,48.7444426,0],[39.7354377,48.7437944,0],[39.7361846,48.7433996,0],[39.7373091,48.743188,0],[39.7384079,48.7432237,0],[39.7393649,48.7436306,0],[39.7395753,48.7444779,0],[39.7387363,48.7474767,0],[39.736921,48.7488979,0],[39.7363764,48.7521826,0],[39.7400815,48.7664179,0],[39.7553033,48.7679767,0],[39.7609401,48.7638619,0],[39.7662045,48.7642371,0],[39.7685507,48.7663095,0],[39.7686596,48.7693288,0],[39.766036,48.7710309,0],[39.7636297,48.7710335,0],[39.7627706,48.7716989,0],[39.7624264,48.7725623,0],[39.7639706,48.7745995,0],[39.7656442,48.7754979,0],[39.7658051,48.7765126,0],[39.7654511,48.7780788,0],[39.7662131,48.7791678,0],[39.7697056,48.780787,0],[39.7715164,48.7834911,0],[39.7734948,48.7844189,0],[39.7776384,48.7848687,0],[39.7801942,48.7860818,0],[39.7858537,48.7991578,0],[39.7971263,48.8405757,0],[39.8046722,48.8435763,0],[39.808044,48.8394801,0],[39.8075031,48.838581,0],[39.8278316,48.831465,0],[39.8304389,48.8335543,0],[39.8862549,48.8209457,0],[39.9367367,48.8007946,0],[39.9764028,48.7939027,0],[40.0788309,48.8698666,0],[40.0712862,48.876975,0],[40.0554947,48.9100982,0],[40.0484954,48.9101863,0],[40.0311949,48.9158013,0],[40.0180629,48.9077912,0],[40.0039798,48.9007927,0],[39.9934295,48.8682857,0],[39.9506521,48.8754591,0],[39.9403091,48.8866911,0],[39.924336,48.895717,0],[39.853161,48.8907371,0],[39.8458018,48.9029108,0],[39.8367889,48.9030519,0],[39.8337412,48.9008231,0],[39.8189362,48.907791,0],[39.805377,48.9148422,0],[39.7823723,48.9157447,0],[39.7900973,48.9384708,0],[39.7768793,48.9460251,0],[39.7520804,48.9865922,0],[39.7472679,48.9874123,0],[39.7360446,48.9824833,0],[39.7333677,48.9807476,0],[39.7328018,48.9794291,0],[39.7298327,48.9780683,0],[39.730221,48.9767382,0],[39.7270045,48.9755913,0],[39.7248201,48.9765649,0],[39.7244781,48.9780682,0],[39.7264818,48.9786786,0],[39.7263809,48.9794609,0],[39.7252267,48.9802357,0],[39.7233642,48.9805198,0],[39.721521,48.9812885,0],[39.7189764,48.9816292,0],[39.7176226,48.9823543,0],[39.7179234,48.9833772,0],[39.7176175,48.9843629,0],[39.7174133,48.9845882,0],[39.7167236,48.9849123,0],[39.7164999,48.9856102,0],[39.7169186,48.9862422,0],[39.7167695,48.9870667,0],[39.7157117,48.9879918,0],[39.7154075,48.9885802,0],[39.7153496,48.9897089,0],[39.7146073,48.9901109,0],[39.7126395,48.9901287,0],[39.7118037,48.9908274,0],[39.7115482,48.9918026,0],[39.7097153,48.9926127,0],[39.7083276,48.992446,0],[39.7077047,48.9927417,0],[39.7076186,48.9935901,0],[39.7084981,48.9944314,0],[39.7076098,48.9955432,0],[39.7063954,48.9961067,0],[39.7056744,48.9976415,0],[39.7038248,48.9993304,0],[39.6992884,49.0009703,0],[39.6981028,49.0008268,0],[39.6970379,49.000206,0],[39.6963807,48.9993881,0],[39.6952703,48.999046,0],[39.6932693,48.9993021,0],[39.6911344,48.9969722,0],[39.6911238,48.9962895,0],[39.6769304,48.9895384,0],[39.6634114,49.0008718,0],[39.6702767,49.0031482,0],[39.6792044,49.0128865,0],[39.6736576,49.0149338,0],[39.6756634,49.0268881,0],[39.6817358,49.0287326,0],[39.6835816,49.0369246,0],[39.673217,49.0393297,0],[39.6820889,49.0457791,0],[39.6933662,49.0505397,0],[39.7403201,49.0422198,0],[39.7666226,49.0401318,0],[39.7871328,49.0493582,0],[39.8031433,49.0592018,0],[39.8203094,49.0583019,0],[39.8803048,49.0643197,0],[39.9102626,49.0574623,0],[39.9379507,49.0562772,0],[39.942532,49.0713467,0],[39.9381691,49.0827982,0],[39.9455145,49.0897976,0],[39.958701,49.1055643,0],[39.9727245,49.1252934,0],[40.031575,49.1802406,0],[40.0761297,49.1868276,0],[40.0927592,49.2031637,0],[40.1082896,49.2108827,0],[40.1229698,49.2309907,0],[40.1372265,49.239885,0],[40.1770838,49.2374891,0],[40.1882278,49.2386257,0],[40.2088148,49.242226,0],[40.2143705,49.2448867,0],[40.2208062,49.2577735,0],[40.2192639,49.2651715,0],[40.1857451,49.2842881,0],[40.1840397,49.3039851,0],[40.1885261,49.3074433,0],[40.196814,49.3452278,0],[40.1764287,49.3566185,0],[40.1701818,49.3564001,0],[40.1598053,49.3660175,0],[40.1626028,49.3678371,0],[40.156906,49.3726686,0],[40.1445985,49.3776671,0],[40.1295486,49.3823809,0],[40.1134017,49.3856956,0],[40.1056311,49.3912919,0],[40.0769088,49.4099572,0],[40.0595506,49.4352626,0],[40.0472045,49.4448782,0],[40.0291895,49.4535986,0],[40.04176,49.4991027,0],[40.037599,49.5198952,0],[40.1684346,49.5689206,0],[40.139525,49.5962742,0],[40.1352584,49.6162537,0],[40.0635377,49.5992332,0],[40.0567287,49.6065734,0],[39.9522226,49.596549,0],[39.9346008,49.572783,0],[39.8902242,49.5583589,0],[39.8389138,49.5635177,0],[39.8053125,49.5580501,0],[39.7502318,49.5967191,0],[39.7127471,49.6059228,0],[39.6967474,49.6042914,0],[39.6869259,49.611558,0],[39.6599951,49.6148107,0],[39.6383788,49.6350998,0],[39.613305,49.6913621,0],[39.5913601,49.7191335,0],[39.6101091,49.7337983,0],[39.5338346,49.7408478,0],[39.4787607,49.7564746,0],[39.4382009,49.7600062,0],[39.4120621,49.7531109,0],[39.3769627,49.7384241,0],[39.3079236,49.7530435,0],[39.28556,49.7556663,0],[39.2754705,49.7680264,0],[39.2646388,49.7684801,0],[39.2503713,49.7778017,0],[39.2403717,49.7911227,0],[39.2391461,49.7982264,0],[39.228992,49.8084322,0],[39.228114,49.8165027,0],[39.2256563,49.8401842,0],[39.188395,49.8862222,0],[39.1784018,49.888001,0],[39.1307382,49.861568,0],[39.1103662,49.8377731,0],[39.069763,49.8187306,0],[39.0662328,49.8153488,0],[39.033522,49.8223722,0],[39.02166,49.8209101,0],[38.9849055,49.8077831,0],[38.9711376,49.8072206,0],[38.9490948,49.7961019,0],[38.9466628,49.7978063,0],[38.9403505,49.8008884,0],[38.9334741,49.7997781,0],[38.9329103,49.7975803,0],[38.9307528,49.7971736,0],[38.927811,49.7985761,0],[38.9274206,49.8013809,0],[38.9286996,49.8038881,0],[38.9203573,49.8049462,0],[38.9191886,49.8089419,0],[38.9161629,49.8127235,0],[38.9191242,49.8146652,0],[38.9093724,49.8191695,0],[38.9073925,49.8284121,0],[38.9135074,49.8286295,0],[38.9150941,49.8310586,0],[38.9113984,49.8345887,0],[38.9138777,49.8361141,0],[38.9122246,49.8443151,0],[38.9067062,49.8450441,0],[38.9050495,49.8491492,0],[38.90967,49.8508492,0],[38.9186475,49.8578998,0],[38.9164883,49.8599253,0],[38.9093376,49.8601028,0],[38.8984669,49.8704163,0],[38.8764156,49.8694227,0],[38.874563,49.866638,0],[38.8693985,49.8644883,0],[38.8567132,49.8691394,0],[38.8491041,49.865103,0],[38.8456689,49.8658095,0],[38.8432897,49.865145,0],[38.839345,49.8657616,0],[38.8363462,49.8673664,0],[38.8353709,49.8709644,0],[38.8373917,49.8722224,0],[38.8364145,49.8738963,0],[38.8355794,49.8744587,0],[38.8348623,49.8746547,0],[38.8336541,49.8748065,0],[38.8285842,49.8771719,0],[38.8267328,49.8784448,0],[38.8251048,49.8789649,0],[38.8224322,49.8789842,0],[38.7949575,49.8833098,0],[38.7901498,49.8785098,0],[38.7834876,49.881113,0],[38.7776828,49.8853198,0],[38.7682317,49.896044,0],[38.7438467,49.897307,0],[38.7338456,49.9050248,0],[38.7232471,49.9270052,0],[38.6929003,49.9347656,0],[38.6852998,49.9603436,0],[38.7153149,49.9823836,0],[38.7151365,49.9877098,0],[38.6875456,50.0081524,0],[38.6790523,50.0054483,0],[38.676054,49.9928137,0],[38.6797311,49.9744937,0],[38.6669406,49.9721563,0],[38.6461959,49.9559371,0],[38.6160779,49.9743898,0],[38.5815696,49.977416,0],[38.5267154,49.9582706,0],[38.5078984,49.9640299,0],[38.4877059,49.963602,0],[38.4833004,49.9765278,0],[38.4775197,49.9832711,0],[38.4659138,49.9839611,0],[38.4680396,49.9952467,0],[38.4340951,50.0010186,0],[38.4160076,49.981338,0],[38.3975626,49.990585,0],[38.3495747,50.006444,0],[38.3541639,50.0190482,0],[38.3512004,50.0347406,0],[38.3339758,50.0590927,0],[38.3294421,50.08551,0],[38.3131955,50.088337,0],[38.301154,50.087142,0],[38.2914934,50.0794364,0],[38.2757814,50.0734395,0],[38.2540601,50.0725084,0],[38.1785682,50.0799688,0],[38.1850665,50.0556923,0],[38.183827,50.0458318,0],[38.1879231,50.04072,0],[38.1882453,50.0236029,0],[38.1861491,50.0229471,0],[38.1854156,50.0222224,0],[38.1868309,50.0216899,0],[38.1920541,50.0145947,0],[38.1972857,50.008256,0],[38.2011173,50.0047277,0],[38.2007857,50.0037784,0],[38.2027285,50.0018361,0],[38.2051352,50.0010043,0],[38.2045784,49.9976439,0],[38.207712,49.9915109,0],[38.2108518,49.9892474,0],[38.2171261,49.9871815,0],[38.1963316,49.9697594,0],[38.1624019,49.9514961,0],[38.1715654,49.9419009,0],[38.1266822,49.9221503,0],[38.1249937,49.942552,0],[38.0564641,49.9232466,0],[38.0339211,49.9047607,0],[38.0123668,49.9184972,0],[38.0436866,49.932897,0],[38.0072611,49.9661411,0],[37.9620412,49.9829178,0],[37.940048,50.0151423,0],[37.9247364,50.012396,0],[37.9130761,50.0030781,0],[37.9017572,50.0036588,0],[37.8928326,49.9890988,0],[37.8875152,49.9877814,0],[37.8866634,49.9801715,0],[37.8749089,49.9800635,0],[37.8546974,49.9702386,0],[37.831706,49.9716469,0],[37.8198726,49.9562244,0],[37.8036648,49.9419956,0],[37.7854396,49.9323385,0],[37.7737493,49.9070916,0],[37.7667561,49.8996539,0],[37.7548533,49.8975943,0],[37.7351733,49.8714553,0],[37.7334131,49.8608183,0],[37.7572439,49.8285898,0],[37.7070269,49.7740827,0],[37.716509,49.7599249,0],[37.6944111,49.7302407,0],[37.7081378,49.7070341,0],[37.8386538,49.6798491,0],[37.8921256,49.6330402,0],[37.8715574,49.6161442,0],[37.8372371,49.5992244,0],[37.7801653,49.592067,0],[37.7576614,49.5575863,0],[37.7145728,49.5453634,0],[37.6956554,49.5267181,0],[37.7008533,49.5133115,0],[37.6687783,49.4881039,0],[37.6518343,49.4597668,0],[37.6354479,49.4112872,0],[37.5985122,49.3917341,0],[37.609653,49.3677103,0],[37.6976479,49.3429879,0],[37.7755056,49.2881998,0],[37.9005958,49.2644913,0],[37.9164862,49.2295878,0],[37.962772,49.1950904,0],[37.9534245,49.1303855,0],[37.9539444,49.1102703,0],[37.9458817,49.0971197,0],[37.9428124,49.0810494,0],[37.9771217,49.0766686,0],[37.9750324,49.0614901,0],[37.9463411,49.0251344,0],[37.8069185,49.0222177,0],[37.7963772,49.0107122,0],[37.7731473,48.9923258,0],[37.8255047,48.9588061,0],[37.8416032,48.9601035,0],[37.8714201,48.957143,0],[37.8798146,48.9689245,0],[37.9103357,48.9796177,0],[37.9798199,48.9872254,0],[37.9973196,48.9971053,0],[37.9987488,49.0278438,0],[38.1376537,49.0299947,0],[38.1920833,49.0104582,0],[38.2587717,48.9692683,0],[38.2587737,48.9692705,0],[38.2409777,49.0055372,0],[38.2626136,49.0244211,0],[38.2844437,49.0264569,0],[38.2997062,49.0248814,0],[38.3698955,48.9817714,0],[38.4022736,48.9556611,0],[38.4133951,48.9399727,0],[38.4748226,48.9035967,0],[38.4952089,48.8707396,0],[38.5304375,48.8497781,0],[38.5596903,48.8300678,0]]]},"properties":{"name":"Окуповано /// Occupied","styleUrl":"#poly-A52714-1200-77-nodesc","styleHash":"5f0393c8","styleMapHash":{"normal":"#poly-A52714-1200-77-nodesc-normal","highlight":"#poly-A52714-1200-77-nodesc-highlight"},"stroke-opacity":1,"stroke":"#a52714","stroke-width":1.2,"fill-opacity":0.30196078431372547,"fill":"#a52714"}},{"type":"Feature","geometry":{"type":"Polygon","coordinates":[[[37.6878504,48.0547535,0],[37.6911989,48.0534065,0],[37.6942941,48.0565448,0],[37.6877494,48.0618935,0],[37.6930492,48.0693073,0],[37.6997015,48.0722042,0],[37.6637782,48.0724502,0],[37.664269,48.0643654,0],[37.6417223,48.0576579,0],[37.6095479,48.0588584,0],[37.6226618,48.0194438,0],[37.6478104,48.0289444,0],[37.6699861,48.0433634,0],[37.6794605,48.049407,0],[37.6878504,48.0547535,0]]]},"properties":{"name":"Окуповано /// Occupied\n","styleUrl":"#poly-A52714-1200-77-nodesc","styleHash":"5f0393c8","styleMapHash":{"normal":"#poly-A52714-1200-77-nodesc-normal","highlight":"#poly-A52714-1200-77-nodesc-highlight"},"stroke-opacity":1,"stroke":"#a52714","stroke-width":1.2,"fill-opacity":0.30196078431372547,"fill":"#a52714"}},{"type":"Feature","geometry":{"type":"Polygon","coordinates":[[[37.5078854,47.9299295,0],[37.5063169,47.9264247,0],[37.5350286,47.917986,0],[37.5380764,47.9241494,0],[37.5428393,47.9324766,0],[37.5285901,47.9414985,0],[37.5266259,47.9355163,0],[37.5182679,47.9336454,0],[37.5137189,47.9330128,0],[37.5078854,47.9299295,0]]]},"properties":{"name":"Окуповано /// Occupied\n","styleUrl":"#poly-A52714-1200-77-nodesc","styleHash":"5f0393c8","styleMapHash":{"normal":"#poly-A52714-1200-77-nodesc-normal","highlight":"#poly-A52714-1200-77-nodesc-highlight"},"stroke-opacity":1,"stroke":"#a52714","stroke-width":1.2,"fill-opacity":0.30196078431372547,"fill":"#a52714"}},{"type":"Feature","geometry":{"type":"Polygon","coordinates":[[[37.5585462,47.986451,0],[37.5496206,47.9973638,0],[37.556143,48.0098553,0],[37.5483099,48.0072067,0],[37.5432675,47.9983549,0],[37.5431833,47.9954397,0],[37.5482479,47.9864508,0],[37.548504,47.9792696,0],[37.5585462,47.986451,0]]]},"properties":{"name":"Окуповано /// Occupied\n","styleUrl":"#poly-A52714-1200-77-nodesc","styleHash":"5f0393c8","styleMapHash":{"normal":"#poly-A52714-1200-77-nodesc-normal","highlight":"#poly-A52714-1200-77-nodesc-highlight"},"stroke-opacity":1,"stroke":"#a52714","stroke-width":1.2,"fill-opacity":0.30196078431372547,"fill":"#a52714"}},{"type":"Feature","geometry":{"type":"Polygon","coordinates":[[[35.2014582,45.5233432,0],[35.1098671,45.5990246,0],[35.0500557,45.6672021,0],[34.9770528,45.765285,0],[34.9582188,45.7600372,0],[34.9493437,45.7629357,0],[34.8008812,45.8047349,0],[34.796134,45.8920532,0],[34.7828789,45.9049747,0],[34.7527159,45.9102311,0],[34.7008834,45.9591791,0],[34.6514148,45.9739079,0],[34.5560425,45.988691,0],[34.4785519,45.9469467,0],[34.4367261,45.9681642,0],[34.3824645,46.0346918,0],[34.2277542,46.0608165,0],[34.1607715,46.0804296,0],[34.1225822,46.1081224,0],[34.0383336,46.1169353,0],[33.82395,46.1870691,0],[33.7405319,46.1851281,0],[33.7145537,46.1968941,0],[33.6897001,46.204334,0],[33.6066801,46.1468776,0],[33.6125276,46.1382376,0],[33.612957,46.1291484,0],[33.616561,46.11536,0],[33.6330381,46.0973809,0],[33.6372819,46.0813513,0],[33.623699,46.0717219,0],[33.6113376,46.054819,0],[33.6187235,46.0125197,0],[33.6228726,45.9976173,0],[33.6285431,45.9876045,0],[33.6293845,45.9774581,0],[33.6296884,45.9674259,0],[33.6277585,45.9588485,0],[33.6164792,45.9490678,0],[33.6176055,45.9442427,0],[33.6244967,45.942516,0],[33.6349923,45.9413261,0],[33.6420789,45.942885,0],[33.6475011,45.9451658,0],[33.640135,45.9493564,0],[33.6597606,45.9545864,0],[33.682856,45.9528033,0],[33.6923145,45.9552601,0],[33.7229645,45.950158,0],[33.744939,45.9503295,0],[33.7472783,45.9466852,0],[33.7510765,45.9487997,0],[33.7557842,45.9392824,0],[33.7579871,45.9344939,0],[33.7560271,45.9311086,0],[33.7495064,45.9282755,0],[33.7309277,45.9301884,0],[33.7202438,45.9246362,0],[33.7019952,45.9110037,0],[33.6975452,45.911367,0],[33.6919706,45.9134707,0],[33.6877728,45.9127518,0],[33.6800935,45.9085396,0],[33.6762137,45.9039535,0],[33.6751147,45.8988677,0],[33.6783673,45.8851388,0],[33.6799532,45.8750482,0],[33.6790774,45.8673135,0],[33.6847163,45.8588878,0],[33.6841906,45.8500979,0],[33.6741263,45.8574315,0],[33.6615976,45.86426,0],[33.6622334,45.8715236,0],[33.6546628,45.8752329,0],[33.642234,45.8763254,0],[33.6340965,45.8826144,0],[33.6162717,45.892143,0],[33.5937246,45.8852915,0],[33.5816528,45.8712065,0],[33.5687155,45.8740076,0],[33.5586395,45.8617199,0],[33.5517154,45.8516275,0],[33.5482128,45.8435307,0],[33.5421287,45.8402584,0],[33.5371159,45.8457964,0],[33.527171,45.849723,0],[33.5176551,45.846594,0],[33.5076216,45.8410719,0],[33.5008905,45.8483554,0],[33.5200621,45.8577082,0],[33.5441019,45.8803349,0],[33.5405932,45.8849133,0],[33.5179512,45.8677769,0],[33.4829745,45.8543957,0],[33.4322068,45.8385764,0],[33.4170901,45.8302054,0],[33.3734938,45.7971871,0],[33.3224096,45.7750369,0],[33.2806132,45.7626695,0],[33.2386596,45.7528042,0],[33.2119202,45.7577279,0],[33.1821144,45.7739016,0],[33.1724861,45.7866032,0],[33.1806246,45.7972106,0],[33.1858308,45.8079522,0],[33.1823381,45.8099302,0],[33.1758381,45.8057417,0],[33.1657369,45.7882695,0],[33.1591843,45.749182,0],[33.1529186,45.7333554,0],[33.1378005,45.7198138,0],[33.1279075,45.7198415,0],[33.1146383,45.7127746,0],[33.0957044,45.7155026,0],[33.0776807,45.7073927,0],[33.0691004,45.7068331,0],[33.0501444,45.6969593,0],[33.0171537,45.6870091,0],[33.0063371,45.6793833,0],[32.9993935,45.6811474,0],[32.908691,45.6403382,0],[32.8250404,45.5906112,0],[32.8201811,45.5868413,0],[32.8201285,45.5843929,0],[32.8212988,45.5830103,0],[32.8292518,45.583603,0],[32.8372907,45.5833543,0],[32.8410082,45.582406,0],[32.8435558,45.5768336,0],[32.8431411,45.5705971,0],[32.8406482,45.56511,0],[32.8339615,45.5602345,0],[32.8259738,45.5573298,0],[32.8203169,45.5598252,0],[32.7931783,45.56389,0],[32.7721049,45.5578694,0],[32.7368771,45.5430069,0],[32.7232198,45.5330262,0],[32.6917844,45.523882,0],[32.5905805,45.4855798,0],[32.562144,45.4702233,0],[32.5382082,45.4548835,0],[32.5242712,45.4388715,0],[32.500388,45.4246631,0],[32.4880695,45.4079563,0],[32.4797029,45.4042634,0],[32.4789393,45.3891629,0],[32.4886441,45.3849884,0],[32.5074454,45.3819566,0],[32.5134582,45.3720378,0],[32.5103771,45.3608842,0],[32.4894526,45.3461358,0],[32.5518462,45.3323851,0],[32.5698164,45.3328876,0],[32.578538,45.3276418,0],[32.599462,45.325318,0],[32.622109,45.317634,0],[32.6529901,45.313322,0],[32.6756878,45.3206142,0],[32.6855021,45.3321019,0],[32.7121592,45.3413068,0],[32.7353927,45.3549724,0],[32.7652199,45.3638364,0],[32.8467096,45.3652645,0],[32.9070191,45.3594365,0],[32.9667646,45.3366935,0],[32.9918481,45.3224993,0],[33.0352435,45.2901602,0],[33.0627764,45.2756598,0],[33.0812306,45.2584206,0],[33.0931987,45.2488335,0],[33.107907,45.2315099,0],[33.124087,45.225712,0],[33.1389117,45.216317,0],[33.1434036,45.2070898,0],[33.1488252,45.2021432,0],[33.1573263,45.1987744,0],[33.1658262,45.1934696,0],[33.1798209,45.1876511,0],[33.1852357,45.1837167,0],[33.2019842,45.1832253,0],[33.2252923,45.1746946,0],[33.2343482,45.1682187,0],[33.2459386,45.1569381,0],[33.2572946,45.1478037,0],[33.2680362,45.1456289,0],[33.2751597,45.1459006,0],[33.2842888,45.1482765,0],[33.2882929,45.1541048,0],[33.2960348,45.1577192,0],[33.3001384,45.1620272,0],[33.29792,45.1656334,0],[33.2989631,45.1677871,0],[33.3012214,45.170642,0],[33.3052393,45.1727705,0],[33.3100572,45.1740999,0],[33.3183942,45.1745814,0],[33.3251431,45.1741248,0],[33.3315483,45.1718832,0],[33.3500155,45.1736994,0],[33.3584289,45.1782517,0],[33.3749698,45.1836789,0],[33.3802818,45.1859091,0],[33.3762863,45.1876599,0],[33.3764355,45.1918448,0],[33.3827498,45.1964713,0],[33.3911961,45.1973752,0],[33.4007706,45.1960654,0],[33.408547,45.1934437,0],[33.4159888,45.1914041,0],[33.4326521,45.1840929,0],[33.4508543,45.1742382,0],[33.4807573,45.1558915,0],[33.5092654,45.1344501,0],[33.5363775,45.1095514,0],[33.5614904,45.0810729,0],[33.5808605,45.0508807,0],[33.6025946,44.9979727,0],[33.6043773,44.9804712,0],[33.5976519,44.9765496,0],[33.6109623,44.9257206,0],[33.6105925,44.8993192,0],[33.6064479,44.8717023,0],[33.6052004,44.8663859,0],[33.6008626,44.857663,0],[33.5946361,44.847578,0],[33.5906429,44.8457225,0],[33.5868637,44.8470001,0],[33.5789642,44.8404874,0],[33.5696937,44.838843,0],[33.5610313,44.8423184,0],[33.556915,44.840587,0],[33.5529705,44.8416549,0],[33.5485127,44.8345975,0],[33.5502309,44.8222419,0],[33.549545,44.8108275,0],[33.5471428,44.8101296,0],[33.54552,44.8041697,0],[33.5406327,44.802652,0],[33.533513,44.7926079,0],[33.5407223,44.7617581,0],[33.5397766,44.7443212,0],[33.5475831,44.7244447,0],[33.5457743,44.7077982,0],[33.5474419,44.698563,0],[33.5463628,44.6779794,0],[33.5418641,44.6589325,0],[33.5356674,44.6459898,0],[33.5311908,44.6411069,0],[33.5256907,44.6383616,0],[33.5210499,44.6402578,0],[33.5124742,44.6331489,0],[33.5082713,44.6319164,0],[33.4946154,44.6177665,0],[33.4501548,44.6159461,0],[33.373305,44.5840556,0],[33.4036944,44.5532389,0],[33.4601297,44.522891,0],[33.4727333,44.5111351,0],[33.4862427,44.4949678,0],[33.5060714,44.5008455,0],[33.5540478,44.4868769,0],[33.6019479,44.4917389,0],[33.6270126,44.4795789,0],[33.6383395,44.4586871,0],[33.6455297,44.4219238,0],[33.673869,44.4128073,0],[33.7028925,44.4169259,0],[33.7330924,44.3833316,0],[33.7590046,44.3869324,0],[33.7787368,44.3814524,0],[33.8460272,44.4011421,0],[33.8824227,44.4002681,0],[33.939412,44.3896463,0],[33.9634064,44.3888504,0],[34.0349861,44.4036735,0],[34.0572323,44.4165212,0],[34.1289364,44.4278782,0],[34.1719835,44.4910109,0],[34.2603617,44.5075556,0],[34.3089458,44.5520875,0],[34.3201349,44.5510937,0],[34.334843,44.5455071,0],[34.3490348,44.5467673,0],[34.349805,44.5718498,0],[34.3543535,44.5856814,0],[34.3758165,44.5917031,0],[34.3778919,44.612309,0],[34.3834201,44.6158768,0],[34.3896775,44.6288837,0],[34.4039237,44.6397506,0],[34.4121761,44.6588071,0],[34.4321494,44.682765,0],[34.4749636,44.7150709,0],[34.5446135,44.7410058,0],[34.6256282,44.773956,0],[34.6778578,44.7878556,0],[34.7288112,44.8078253,0],[34.7479866,44.8070582,0],[34.763731,44.815057,0],[34.8309312,44.8169077,0],[34.8451661,44.8132958,0],[34.9120951,44.8157703,0],[34.9203178,44.8215301,0],[34.9209884,44.8287508,0],[34.9350343,44.8300421,0],[34.9425288,44.8338415,0],[34.9678234,44.8380274,0],[34.9809909,44.8344654,0],[34.9887006,44.8280748,0],[35.0007004,44.8320303,0],[35.0295032,44.8282486,0],[35.0472737,44.8148367,0],[35.0436659,44.7994591,0],[35.0644251,44.7971082,0],[35.0810615,44.7906125,0],[35.0939798,44.8013751,0],[35.1110222,44.8070199,0],[35.1184551,44.81723,0],[35.1331009,44.8228116,0],[35.1305686,44.8293107,0],[35.1393909,44.861252,0],[35.1441549,44.8670023,0],[35.1562446,44.8869106,0],[35.1693108,44.9002472,0],[35.177573,44.9009364,0],[35.1905563,44.9078868,0],[35.2056017,44.9102155,0],[35.2166123,44.9090052,0],[35.2436533,44.9167916,0],[35.2565197,44.9384226,0],[35.2498252,44.9528227,0],[35.2584087,44.9609038,0],[35.2712818,44.9675955,0],[35.2836408,44.9661604,0],[35.2949869,44.9597113,0],[35.3015176,44.9657761,0],[35.3228067,44.9664406,0],[35.3224657,44.9592101,0],[35.3443152,44.9641879,0],[35.3518029,44.954952,0],[35.3829729,44.943891,0],[35.3940383,44.954933,0],[35.3561029,44.9773304,0],[35.3584162,44.9855521,0],[35.3667392,44.9925592,0],[35.395224,44.999343,0],[35.4286932,45.0129122,0],[35.4126517,45.0257778,0],[35.3859656,45.0352458,0],[35.3893992,45.0494442,0],[35.4146384,45.0754096,0],[35.4510629,45.0973661,0],[35.5413462,45.1258609,0],[35.5849604,45.1293588,0],[35.6297695,45.1223028,0],[35.6921353,45.1046258,0],[35.7487927,45.0814648,0],[35.7778784,45.0663038,0],[35.7853272,45.0576281,0],[35.8048863,45.0455584,0],[35.8144831,45.0333055,0],[35.8101654,45.0214182,0],[35.8219474,45.0192032,0],[35.8297795,45.0140758,0],[35.8341133,45.0091003,0],[35.8282777,45.0045517,0],[35.834801,44.9992133,0],[35.8420962,44.9983656,0],[35.870587,45.0041863,0],[35.8793425,45.009765,0],[35.9002865,45.0141894,0],[35.907658,45.0180791,0],[35.9258506,45.019111,0],[35.9540827,45.0112187,0],[35.9842147,45.0228593,0],[35.994952,45.0351096,0],[36.0125613,45.0449319,0],[36.035405,45.0492158,0],[36.07129,45.0482523,0],[36.1600369,45.035925,0],[36.2010446,45.0330226,0],[36.2134931,45.0280697,0],[36.2256841,45.0268156,0],[36.2479305,45.0406804,0],[36.2491529,45.0476867,0],[36.2821366,45.0549895,0],[36.3093286,45.0579225,0],[36.3377238,45.0583023,0],[36.372884,45.0574746,0],[36.3909776,45.0653589,0],[36.4400958,45.0833272,0],[36.456018,45.095623,0],[36.4546058,45.105555,0],[36.4396986,45.1167266,0],[36.4331798,45.1176913,0],[36.4256283,45.1288927,0],[36.4258005,45.1344018,0],[36.4225424,45.1369381,0],[36.4214277,45.1529159,0],[36.4177792,45.1642945,0],[36.4077775,45.1728889,0],[36.4077336,45.1934044,0],[36.4039117,45.2141617,0],[36.4120194,45.2258774,0],[36.4230493,45.2372296,0],[36.4237068,45.2452621,0],[36.4357829,45.2580657,0],[36.4396195,45.2716223,0],[36.4363329,45.2762391,0],[36.4260118,45.2786405,0],[36.4216626,45.286584,0],[36.4351793,45.2950728,0],[36.4844376,45.3054783,0],[36.499502,45.3186747,0],[36.4888368,45.3246085,0],[36.4732904,45.3307439,0],[36.4720407,45.3412333,0],[36.4778117,45.3491316,0],[36.4836435,45.3508635,0],[36.5182864,45.351539,0],[36.535225,45.3499175,0],[36.5349814,45.3456374,0],[36.5443505,45.3447352,0],[36.564437,45.3471145,0],[36.5923381,45.3465005,0],[36.5965542,45.3450314,0],[36.6059899,45.3477328,0],[36.6120254,45.3559382,0],[36.6256434,45.3607631,0],[36.6305692,45.360521,0],[36.6332174,45.362811,0],[36.6301062,45.3737863,0],[36.6334998,45.3756526,0],[36.6432106,45.3778134,0],[36.6487328,45.3829201,0],[36.6411992,45.3906659,0],[36.6346424,45.391737,0],[36.6112727,45.407542,0],[36.607593,45.4125733,0],[36.611498,45.4149214,0],[36.6155303,45.4222714,0],[36.6063464,45.4287203,0],[36.5982765,45.438662,0],[36.5870361,45.4412702,0],[36.57528,45.442252,0],[36.5656719,45.4366253,0],[36.5659405,45.4284433,0],[36.5544666,45.4243677,0],[36.5478306,45.4256107,0],[36.5326724,45.4271898,0],[36.5188279,45.433521,0],[36.506954,45.4422601,0],[36.4997463,45.4454839,0],[36.495456,45.450514,0],[36.4820621,45.455771,0],[36.4705485,45.4585138,0],[36.4610927,45.4564353,0],[36.4471741,45.4601348,0],[36.4415354,45.4554057,0],[36.4420638,45.4532818,0],[36.4340095,45.4506761,0],[36.4324737,45.4478753,0],[36.4214228,45.4460021,0],[36.4154584,45.4468248,0],[36.40184,45.450177,0],[36.3766024,45.4636891,0],[36.372894,45.4713796,0],[36.357563,45.4716171,0],[36.3455144,45.4808912,0],[36.3448483,45.4843068,0],[36.3393304,45.4825134,0],[36.3400479,45.4775846,0],[36.3363024,45.4742206,0],[36.3228675,45.4712969,0],[36.307976,45.4754137,0],[36.2936833,45.483861,0],[36.2653446,45.4785656,0],[36.1703899,45.4723606,0],[36.1238705,45.4636175,0],[36.0687847,45.4454632,0],[36.0689422,45.404374,0],[36.0428495,45.3840091,0],[35.99701,45.3714908,0],[35.9412212,45.3800441,0],[35.8868417,45.4077745,0],[35.8465069,45.446506,0],[35.8636895,45.4542195,0],[35.8760595,45.4638555,0],[35.8678308,45.4732506,0],[35.8417749,45.4744726,0],[35.8236493,45.4663203,0],[35.8177466,45.4588693,0],[35.8183678,45.4514182,0],[35.8264752,45.4401288,0],[35.8023584,45.4242928,0],[35.7489289,45.3963309,0],[35.7457265,45.3906603,0],[35.7488888,45.3846329,0],[35.7609848,45.3812582,0],[35.7537278,45.3665483,0],[35.7248509,45.3515944,0],[35.7155703,45.3384578,0],[35.6329034,45.3245839,0],[35.5258253,45.2911927,0],[35.4987587,45.3061765,0],[35.467835,45.3075439,0],[35.3820643,45.3525144,0],[35.3112561,45.411424,0],[35.2014582,45.5233432,0]]]},"properties":{"name":"Окупований Крим /// Occupied Crimea","styleUrl":"#poly-880E4F-1200-77-nodesc","styleHash":"-6b23f4d9","styleMapHash":{"normal":"#poly-880E4F-1200-77-nodesc-normal","highlight":"#poly-880E4F-1200-77-nodesc-highlight"},"stroke-opacity":1,"stroke":"#880e4f","stroke-width":1.2,"fill-opacity":0.30196078431372547,"fill":"#880e4f"}},{"type":"Feature","geometry":{"type":"Polygon","coordinates":[[[35.2525174,46.2505709,0],[35.2210679,46.2268989,0],[35.2090233,46.1903722,0],[35.1330574,46.1634307,0],[35.0290037,46.14808,0],[35.0256763,46.127811,0],[34.9871752,46.1052755,0],[34.9733811,46.0721051,0],[35.0708827,46.0957873,0],[35.1518034,46.1216585,0],[35.1858838,46.1469167,0],[35.275482,46.2556112,0],[35.3602359,46.3546635,0],[35.4578294,46.4412316,0],[35.6043534,46.4804352,0],[35.7360032,46.5839813,0],[35.9364232,46.6585947,0],[36.1170931,46.6514246,0],[36.1898849,46.6670306,0],[36.2290436,46.6505061,0],[36.2598962,46.6186212,0],[36.1908498,46.5346757,0],[36.1665138,46.5276778,0],[36.1516335,46.5468178,0],[36.1472619,46.508948,0],[36.0911211,46.4924288,0],[36.1167335,46.4871992,0],[36.1840637,46.4980304,0],[36.3170968,46.6501447,0],[36.3768491,46.7055039,0],[36.5871045,46.7646623,0],[36.7055683,46.7776224,0],[36.8012652,46.7277543,0],[36.7906962,46.6747997,0],[36.7783436,46.6636496,0],[36.7610148,46.6658088,0],[36.742359,46.6373607,0],[36.7589376,46.6217212,0],[36.8049871,46.6591521,0],[36.8380534,46.7057614,0],[36.8685198,46.765691,0],[36.9019536,46.8087899,0],[36.9930792,46.8624588,0],[37.0368602,46.8654582,0],[37.2380483,46.9398175,0],[37.2972107,46.9273264,0],[37.3189188,46.8962982,0],[37.2805705,46.8736902,0],[37.2872851,46.863351,0],[37.3214636,46.8692065,0],[37.526304,47.0495337,0],[37.5264869,47.0697845,0],[37.5878876,47.0772638,0],[37.6204618,47.0865732,0],[37.6273774,47.0941014,0],[37.6758112,47.0778874,0],[37.684032,47.0766772,0],[37.6858846,47.0804963,0],[37.7138794,47.0798327,0],[37.7743938,47.0875496,0],[37.7940835,47.0837782,0],[37.8219878,47.0908909,0],[37.8383095,47.0997045,0],[37.8292834,47.1127418,0],[37.8180535,47.1190987,0],[37.8499825,47.1742053,0],[37.8513558,47.198938,0],[37.833503,47.249301,0],[37.8338464,47.2854117,0],[37.8276665,47.3026429,0],[37.8348763,47.3082302,0],[37.8317864,47.3149807,0],[37.8245766,47.3214977,0],[37.8273232,47.3284792,0],[37.8292834,47.3425074,0],[37.8444894,47.3419742,0],[37.856849,47.3436027,0],[37.8612124,47.3478578,0],[37.8591525,47.3543707,0],[37.8486092,47.3501161,0],[37.8376229,47.3524422,0],[37.8417428,47.3584893,0],[37.8515994,47.3655338,0],[37.841643,47.3690218,0],[37.8383096,47.3780216,0],[37.8503258,47.3842983,0],[37.856849,47.3928985,0],[37.855819,47.403124,0],[37.8637154,47.4265885,0],[37.8784784,47.4416839,0],[37.8925547,47.4697729,0],[37.7823477,47.5859162,0],[37.7686147,47.6354478,0],[37.801917,47.6423879,0],[37.8039769,47.6601962,0],[37.7644947,47.6847015,0],[37.6726795,47.7247168,0],[37.6375888,47.7519939,0],[37.623169,47.7731102,0],[37.6345486,47.8025384,0],[37.6342622,47.838423,0],[37.6440338,47.8866264,0],[37.5759066,47.9077328,0],[37.5685999,47.9077685,0],[37.5350286,47.917986,0],[37.5407013,47.8815661,0],[37.5280859,47.8554011,0],[37.5058702,47.845921,0],[37.4953996,47.809155,0],[37.4841197,47.7934297,0],[37.4696463,47.7807851,0],[37.4377864,47.773467,0],[37.4251051,47.7510839,0],[37.4108784,47.7412695,0],[37.398621,47.7366362,0],[37.3920715,47.7401991,0],[37.3876407,47.738956,0],[37.3790374,47.7433381,0],[37.3683547,47.7428091,0],[37.3678462,47.7418087,0],[37.3568995,47.7442315,0],[37.3544172,47.7445792,0],[37.3465338,47.7473523,0],[37.3319098,47.7490964,0],[37.3308037,47.7516756,0],[37.3323669,47.7561416,0],[37.3248494,47.7573979,0],[37.3171094,47.7580051,0],[37.3039992,47.7586027,0],[37.2962932,47.7633797,0],[37.2910934,47.7623834,0],[37.2868848,47.7586953,0],[37.2806592,47.7593923,0],[37.2797556,47.7573485,0],[37.2833064,47.7554815,0],[37.286342,47.7530951,0],[37.2841424,47.7510841,0],[37.2684675,47.7519574,0],[37.2639388,47.7305232,0],[37.2536497,47.7149239,0],[37.2440583,47.7166472,0],[37.2213503,47.7115098,0],[37.2025681,47.7171854,0],[37.1667805,47.7171958,0],[37.1039627,47.7140795,0],[37.1020021,47.7446641,0],[37.0535419,47.7436656,0],[36.964522,47.7635413,0],[36.931931,47.7748372,0],[36.903955,47.7868254,0],[36.8879868,47.7953492,0],[36.8735563,47.805457,0],[36.8360852,47.8152793,0],[36.8202493,47.8216769,0],[36.8008516,47.8216192,0],[36.7870329,47.8083914,0],[36.7906163,47.7989076,0],[36.787934,47.7966593,0],[36.7811671,47.7931944,0],[36.7695932,47.7804734,0],[36.7325091,47.7804865,0],[36.7220327,47.7891402,0],[36.7079481,47.7921414,0],[36.6945468,47.7924877,0],[36.660036,47.7841794,0],[36.6581247,47.7764101,0],[36.6065339,47.7738529,0],[36.5375529,47.7167429,0],[36.5552546,47.6730363,0],[36.538214,47.6689171,0],[36.4448402,47.6502396,0],[36.3683277,47.6315602,0],[36.3052024,47.5967757,0],[36.2676334,47.5759913,0],[36.2255515,47.5633106,0],[36.1872538,47.5405371,0],[36.0787899,47.5254084,0],[36.0304002,47.516142,0],[36.0139186,47.5103296,0],[35.9953037,47.499107,0],[35.9589323,47.4809483,0],[35.8082162,47.4970101,0],[35.7132434,47.4921281,0],[35.7104288,47.5001207,0],[35.7022113,47.5000623,0],[35.6986295,47.4956547,0],[35.691872,47.4978572,0],[35.6851135,47.5028427,0],[35.6654653,47.4972684,0],[35.6546633,47.5009618,0],[35.5593185,47.5212867,0],[35.5065103,47.5136471,0],[35.4549898,47.5104016,0],[35.4345108,47.5141379,0],[35.4443467,47.5277912,0],[35.3950278,47.5209199,0],[35.3347223,47.525255,0],[35.3228214,47.5155116,0],[35.2993812,47.5109537,0],[35.2878203,47.5072123,0],[35.2808962,47.5033687,0],[35.2746786,47.4968778,0],[35.2736544,47.4936921,0],[35.2807955,47.4721641,0],[35.2644227,47.4738779,0],[35.2026425,47.4449743,0],[35.1486619,47.445657,0],[35.1190963,47.4510955,0],[35.0702994,47.4507769,0],[35.0624319,47.4486647,0],[35.046158,47.4377275,0],[35.0288206,47.4181151,0],[34.9686931,47.3892045,0],[34.9354445,47.3916029,0],[34.8837144,47.406089,0],[34.8633723,47.4208554,0],[34.8747419,47.4375288,0],[34.8741835,47.4494994,0],[34.8599235,47.4512248,0],[34.8252023,47.4647735,0],[34.7923046,47.467718,0],[34.7491537,47.492572,0],[34.7193654,47.4920934,0],[34.708982,47.4905527,0],[34.6894139,47.4948642,0],[34.6801991,47.5107016,0],[34.6420717,47.5443897,0],[34.6283781,47.5458007,0],[34.6180346,47.5444616,0],[34.5990399,47.5346411,0],[34.5862489,47.5217799,0],[34.5445304,47.5326781,0],[34.5331376,47.5304299,0],[34.5006234,47.4996444,0],[34.4358396,47.4968841,0],[34.3869488,47.5138458,0],[34.3727587,47.5106463,0],[34.3383722,47.4677319,0],[34.3349123,47.4469725,0],[34.2961027,47.4286586,0],[34.2696797,47.4395195,0],[34.19929,47.4120751,0],[34.1457254,47.4244375,0],[34.1183461,47.4205374,0],[34.0648743,47.4242885,0],[34.0466778,47.4176252,0],[34.0422354,47.4104,0],[34.0196507,47.3580093,0],[33.9826473,47.2283016,0],[33.9271512,47.1814188,0],[33.8499522,47.1377648,0],[33.8407881,47.0984953,0],[33.8023184,47.0589876,0],[33.7227502,47.0173544,0],[33.6976692,46.9951021,0],[33.6956106,46.9553908,0],[33.689791,46.9215339,0],[33.6784469,46.9008966,0],[33.6568173,46.9046493,0],[33.6338234,46.8994853,0],[33.6340293,46.8662278,0],[33.6202993,46.8290051,0],[33.4702672,46.8209318,0],[33.375491,46.7765416,0],[33.3691524,46.7822006,0],[33.359107,46.7856999,0],[33.3569043,46.7818208,0],[33.3662116,46.7732883,0],[33.3248985,46.754623,0],[33.2866502,46.7489573,0],[33.2557563,46.7540735,0],[33.2422885,46.7633934,0],[33.1919064,46.7692367,0],[33.1516875,46.7819188,0],[33.1455765,46.7821922,0],[33.1364617,46.7810842,0],[33.1287897,46.7792791,0],[33.1145381,46.7729614,0],[33.0972858,46.7658777,0],[33.0839853,46.7597036,0],[33.0621012,46.7470944,0],[33.0441353,46.7405882,0],[33.0257169,46.7379188,0],[33.0097302,46.7369916,0],[32.9870616,46.7390543,0],[32.9353109,46.732044,0],[32.9146024,46.7277705,0],[32.9039352,46.7231427,0],[32.8621856,46.6985771,0],[32.836024,46.6847162,0],[32.8153649,46.6769739,0],[32.8027755,46.6760847,0],[32.7971616,46.6741048,0],[32.7864417,46.6702986,0],[32.7588567,46.6656057,0],[32.7318311,46.6648554,0],[32.7211245,46.6655909,0],[32.7198636,46.6658863,0],[32.713963,46.6658582,0],[32.6977201,46.6620595,0],[32.6593408,46.6503611,0],[32.6149477,46.6173221,0],[32.5885651,46.5925707,0],[32.5578634,46.5970285,0],[32.5396214,46.5925785,0],[32.5123265,46.5917217,0],[32.4896464,46.5796492,0],[32.4788171,46.5717038,0],[32.4614565,46.5648964,0],[32.3066919,46.4956161,0],[32.2527452,46.5056506,0],[32.2504361,46.4820732,0],[32.1945942,46.4882908,0],[32.1486947,46.5145828,0],[32.1166462,46.517163,0],[32.0439937,46.4915104,0],[31.9941309,46.4928168,0],[31.9665383,46.5082456,0],[31.879015,46.5354656,0],[31.8815641,46.5182691,0],[31.8649158,46.5175934,0],[31.8070728,46.5294354,0],[31.7569233,46.5479256,0],[31.6976527,46.5450053,0],[31.6690382,46.5387374,0],[31.6315001,46.5404893,0],[31.5816742,46.537219,0],[31.5540849,46.5454363,0],[31.5305196,46.5576033,0],[31.5134183,46.5807998,0],[31.5112983,46.5766614,0],[31.5216224,46.561578,0],[31.5469521,46.5387028,0],[31.6567519,46.4688867,0],[31.7263209,46.4086438,0],[31.7460697,46.3764563,0],[31.7738399,46.3585737,0],[31.7892493,46.3733802,0],[31.737668,46.4261928,0],[31.7083516,46.446609,0],[31.6971262,46.4472352,0],[31.704266,46.4665485,0],[31.7420407,46.4853092,0],[31.7970201,46.4781096,0],[31.89212,46.4568005,0],[31.9528254,46.4374539,0],[31.9748459,46.4392025,0],[32.0022447,46.453429,0],[32.0290404,46.4375397,0],[32.0355703,46.4165629,0],[32.0090507,46.3641139,0],[31.9697707,46.3483597,0],[31.8682771,46.3343548,0],[31.8234499,46.3371015,0],[31.7725398,46.3271444,0],[31.7455912,46.306021,0],[31.7477398,46.2981388,0],[31.7580932,46.2948403,0],[31.7680176,46.2965165,0],[31.7745083,46.2939227,0],[31.7712141,46.288838,0],[31.7755462,46.2854607,0],[31.775112,46.282265,0],[31.78213,46.2768377,0],[31.7832894,46.2725096,0],[31.7771981,46.2681276,0],[31.7796043,46.2644672,0],[31.7844089,46.2650835,0],[31.7845155,46.2688628,0],[31.7917038,46.2738877,0],[31.8097262,46.2720936,0],[31.8143596,46.2694483,0],[31.8132429,46.2647435,0],[31.8183057,46.2643109,0],[31.8346957,46.266138,0],[31.8331443,46.2697922,0],[31.8351926,46.2728282,0],[31.8476993,46.2679219,0],[31.8507402,46.268254,0],[31.8612225,46.2721427,0],[31.8708329,46.2657735,0],[31.8740032,46.2652566,0],[31.8832899,46.2734161,0],[31.8950685,46.2807445,0],[31.9044902,46.2974386,0],[31.9368206,46.2921419,0],[31.9437442,46.2855591,0],[31.9555985,46.2658955,0],[31.9695132,46.2572078,0],[32.0285439,46.2455961,0],[32.0514181,46.2497849,0],[32.077753,46.2389204,0],[32.0878278,46.2214609,0],[32.1211521,46.2043925,0],[32.1659652,46.196893,0],[32.1870241,46.175666,0],[32.2061324,46.1721801,0],[32.2081053,46.1867989,0],[32.2218112,46.18771,0],[32.2398791,46.1785152,0],[32.2279414,46.1683471,0],[32.2366721,46.1501329,0],[32.2195204,46.1279609,0],[32.5431059,46.0616925,0],[32.7101943,46.1028118,0],[32.9365042,46.1016028,0],[33.1679366,46.119522,0],[33.2823694,46.0723123,0],[33.429206,46.0254405,0],[33.5256314,46.0267545,0],[33.4967004,46.0702854,0],[33.5721609,46.0737878,0],[33.5309796,46.1101035,0],[33.6066801,46.1468776,0],[33.6897001,46.204334,0],[33.7145537,46.1968941,0],[33.7405319,46.1851281,0],[33.82395,46.1870691,0],[34.0383336,46.1169353,0],[34.1225822,46.1081224,0],[34.1607715,46.0804296,0],[34.2277542,46.0608165,0],[34.3824645,46.0346918,0],[34.4367261,45.9681642,0],[34.4785519,45.9469467,0],[34.5560425,45.988691,0],[34.6514148,45.9739079,0],[34.7008834,45.9591791,0],[34.7527159,45.9102311,0],[34.7828789,45.9049747,0],[34.796134,45.8920532,0],[34.8008812,45.8047349,0],[34.9582188,45.7600372,0],[34.9770528,45.765285,0],[34.8959643,45.8988106,0],[34.8524739,46.0092176,0],[34.8346407,46.1155296,0],[34.833783,46.2001334,0],[34.9030041,46.2363897,0],[35.0248139,46.2563043,0],[35.079863,46.2766366,0],[35.1177702,46.3142433,0],[35.1380024,46.3482526,0],[35.1783568,46.3629189,0],[35.1931728,46.3709222,0],[35.2017945,46.3797144,0],[35.2567497,46.3752827,0],[35.2614702,46.3658773,0],[35.2654164,46.3523256,0],[35.2690989,46.3553905,0],[35.2898036,46.3565521,0],[35.3041691,46.3538716,0],[35.307895,46.3482888,0],[35.3142642,46.3437571,0],[35.3179201,46.3378326,0],[35.3165158,46.3307144,0],[35.3174416,46.3170382,0],[35.2988051,46.314937,0],[35.2925857,46.3079961,0],[35.293277,46.302449,0],[35.2989871,46.2989783,0],[35.2525174,46.2505709,0]]]},"properties":{"name":"Окуповано /// Occupied","styleUrl":"#poly-A52714-1200-77-nodesc","styleHash":"5f0393c8","styleMapHash":{"normal":"#poly-A52714-1200-77-nodesc-normal","highlight":"#poly-A52714-1200-77-nodesc-highlight"},"stroke-opacity":1,"stroke":"#a52714","stroke-width":1.2,"fill-opacity":0.30196078431372547,"fill":"#a52714"}},{"type":"Feature","geometry":{"type":"Polygon","coordinates":[[[33.321765,47.3649185,0],[33.3152542,47.3674861,0],[33.3107116,47.3702232,0],[33.3056083,47.3689176,0],[33.2997952,47.3681488,0],[33.2992063,47.3663695,0],[33.2974149,47.3653411,0],[33.2953177,47.3654082,0],[33.2935825,47.3642208,0],[33.292105,47.3603882,0],[33.2902107,47.3573371,0],[33.2892875,47.3546881,0],[33.289727,47.3539159,0],[33.2914917,47.3529629,0],[33.2920119,47.3522424,0],[33.2921821,47.3510437,0],[33.2915371,47.3495107,0],[33.2906568,47.3488023,0],[33.2882855,47.3476921,0],[33.2852974,47.3460321,0],[33.2846189,47.3454928,0],[33.284627,47.3450116,0],[33.2851887,47.3440973,0],[33.2861562,47.3434366,0],[33.2865541,47.342321,0],[33.287783,47.3397567,0],[33.2890134,47.3386477,0],[33.2909159,47.3375697,0],[33.2951715,47.3354311,0],[33.2969558,47.3342454,0],[33.2981913,47.3336526,0],[33.2996673,47.3330072,0],[33.3010061,47.331521,0],[33.3009716,47.3305293,0],[33.3010632,47.3296915,0],[33.3002936,47.3285745,0],[33.299524,47.3285337,0],[33.2990634,47.3281961,0],[33.297618,47.3279582,0],[33.296602,47.3272986,0],[33.2976994,47.3265006,0],[33.2990424,47.325272,0],[33.299055,47.3239851,0],[33.2981954,47.3235012,0],[33.2975081,47.3227356,0],[33.2962204,47.3219746,0],[33.293817,47.3215068,0],[33.2915854,47.3217965,0],[33.290255,47.3221741,0],[33.2893323,47.322101,0],[33.2869505,47.3210389,0],[33.2853725,47.3210714,0],[33.2793478,47.3223677,0],[33.2766785,47.3233648,0],[33.2668424,47.3272418,0],[33.2649416,47.3281319,0],[33.2623112,47.3295455,0],[33.2607404,47.3308085,0],[33.2567659,47.3342239,0],[33.2561561,47.3345975,0],[33.25495,47.3348716,0],[33.2537438,47.3348257,0],[33.2520679,47.3341682,0],[33.2508438,47.3336067,0],[33.2488903,47.3321436,0],[33.2468292,47.3301352,0],[33.2454554,47.3281129,0],[33.2424941,47.3259673,0],[33.2406487,47.3246943,0],[33.2377085,47.3231949,0],[33.2343395,47.3221898,0],[33.2334787,47.3216467,0],[33.2331342,47.3204733,0],[33.2343345,47.3167981,0],[33.2353159,47.3152473,0],[33.235549,47.3143846,0],[33.236438,47.3128186,0],[33.2381269,47.3114973,0],[33.2418466,47.3094399,0],[33.2449654,47.3086628,0],[33.2465828,47.3076708,0],[33.2505173,47.3067951,0],[33.2557053,47.3062096,0],[33.2583611,47.3055656,0],[33.2623259,47.3058237,0],[33.2672266,47.3077569,0],[33.2698529,47.307653,0],[33.2707659,47.3074413,0],[33.2740977,47.30719,0],[33.2746907,47.3065405,0],[33.2757167,47.3058665,0],[33.275584,47.3041741,0],[33.2752216,47.3030255,0],[33.2749546,47.3011416,0],[33.2750786,47.300549,0],[33.2757415,47.2991176,0],[33.275515,47.2973833,0],[33.2746019,47.2959981,0],[33.2737435,47.2949905,0],[33.2718124,47.2930314,0],[33.2698599,47.2922556,0],[33.2689266,47.2916639,0],[33.2677305,47.2906694,0],[33.2639996,47.2879307,0],[33.2630583,47.2878992,0],[33.2617076,47.2881863,0],[33.2611181,47.287602,0],[33.2598792,47.287077,0],[33.2567091,47.2866102,0],[33.2497823,47.2863742,0],[33.2492219,47.286574,0],[33.2472251,47.286179,0],[33.2428793,47.2868548,0],[33.2399767,47.2886772,0],[33.2388686,47.2888606,0],[33.2327394,47.2888402,0],[33.2318987,47.2895484,0],[33.2316929,47.29031,0],[33.2309892,47.292088,0],[33.2298219,47.2923657,0],[33.228955,47.2920612,0],[33.2282363,47.291344,0],[33.2267182,47.2913929,0],[33.2247711,47.2909177,0],[33.2202302,47.289504,0],[33.2162865,47.2877782,0],[33.2144866,47.2866823,0],[33.2136297,47.2858142,0],[33.2119139,47.285089,0],[33.2099512,47.2840899,0],[33.2091467,47.2834243,0],[33.2095439,47.2830789,0],[33.2096138,47.2819455,0],[33.2088334,47.280651,0],[33.2076707,47.2792759,0],[33.2050921,47.2773475,0],[33.204157,47.2763649,0],[33.2022708,47.2733239,0],[33.2010704,47.2721237,0],[33.1984968,47.2682445,0],[33.1981564,47.2665139,0],[33.1981579,47.2646294,0],[33.1976866,47.264124,0],[33.195949,47.2633033,0],[33.1941256,47.262075,0],[33.1937706,47.261183,0],[33.1939365,47.2576788,0],[33.1939994,47.2574145,0],[33.1944486,47.2572667,0],[33.1955199,47.2565946,0],[33.1964418,47.2555596,0],[33.1969886,47.254576,0],[33.197734,47.253793,0],[33.1999091,47.2523238,0],[33.2001383,47.2515309,0],[33.1996092,47.2508141,0],[33.1979285,47.2499022,0],[33.1958436,47.2496502,0],[33.1932992,47.2500194,0],[33.192027,47.2500875,0],[33.1914768,47.2497719,0],[33.191545,47.2491481,0],[33.192137,47.24837,0],[33.1938921,47.247311,0],[33.1949842,47.246461,0],[33.1953467,47.2455527,0],[33.1952531,47.2448346,0],[33.1929319,47.2425526,0],[33.1916859,47.2420817,0],[33.1896039,47.2419918,0],[33.1873184,47.2427334,0],[33.1868195,47.2433371,0],[33.1867845,47.2439594,0],[33.1864235,47.2441831,0],[33.1860285,47.2437705,0],[33.1856594,47.2432437,0],[33.1850887,47.242689,0],[33.1846747,47.2416832,0],[33.1846394,47.238966,0],[33.184193,47.2380154,0],[33.1821674,47.2370155,0],[33.1799102,47.2366613,0],[33.1787817,47.2369211,0],[33.1777024,47.2375463,0],[33.1763474,47.2378006,0],[33.1751549,47.2368787,0],[33.1730138,47.2336204,0],[33.1679523,47.2333899,0],[33.166752,47.2341779,0],[33.1661947,47.2341056,0],[33.1638561,47.2316217,0],[33.1601872,47.2313524,0],[33.1584635,47.2326383,0],[33.1593182,47.2344469,0],[33.1626209,47.2355843,0],[33.162899,47.2359781,0],[33.1617506,47.236379,0],[33.1591001,47.2356144,0],[33.1564319,47.2356179,0],[33.1526946,47.2346578,0],[33.1514699,47.2342068,0],[33.1507717,47.233544,0],[33.1540276,47.2300946,0],[33.180748,47.2178191,0],[33.2228419,47.151892,0],[33.2010716,47.1432582,0],[33.1597854,47.1161441,0],[33.1196567,47.0887819,0],[33.0841661,47.1045385,0],[33.008947,47.1291949,0],[33.0028008,47.1316446,0],[33.0019681,47.129874,0],[33.0010797,47.1296895,0],[32.9999918,47.127933,0],[32.9989759,47.1267043,0],[32.996408,47.12536,0],[32.9943946,47.1240747,0],[32.9926468,47.1227361,0],[32.9876531,47.1206943,0],[32.9819731,47.1196744,0],[32.9764548,47.1183564,0],[32.9727088,47.1170839,0],[32.9701921,47.1160972,0],[32.9662593,47.1157529,0],[32.9628247,47.11586,0],[32.9521788,47.1173589,0],[32.950676,47.1170619,0],[32.9503748,47.1157426,0],[32.9509647,47.1141743,0],[32.9520967,47.1127771,0],[32.9538294,47.1117303,0],[32.9566509,47.1104545,0],[32.9594615,47.1095978,0],[32.9636348,47.1087021,0],[32.966365,47.1083417,0],[32.9700047,47.108366,0],[32.9716528,47.108086,0],[32.9723997,47.1077183,0],[32.9728821,47.1072413,0],[32.9738793,47.1050117,0],[32.9738896,47.1033516,0],[32.9736423,47.101341,0],[32.9730401,47.1004263,0],[32.9726961,47.0994724,0],[32.9700347,47.0975251,0],[32.9672015,47.0970484,0],[32.9643683,47.0970975,0],[32.961578,47.097614,0],[32.9593026,47.0985687,0],[32.9553943,47.1008234,0],[32.9510796,47.1054268,0],[32.950112,47.105999,0],[32.9487321,47.1062429,0],[32.9446057,47.1060193,0],[32.9422606,47.1053721,0],[32.9396582,47.1040238,0],[32.9390882,47.1031382,0],[32.9385527,47.1016892,0],[32.9376412,47.1002636,0],[32.9358123,47.0942045,0],[32.9344689,47.0878441,0],[32.933469,47.0864508,0],[32.9303407,47.0845755,0],[32.9262684,47.0835182,0],[32.9249216,47.0835416,0],[32.9237464,47.0839741,0],[32.9166323,47.0851019,0],[32.9153862,47.0857051,0],[32.9136903,47.087234,0],[32.9134001,47.0879692,0],[32.9096067,47.091896,0],[32.9089495,47.0936378,0],[32.9087213,47.0970158,0],[32.910595,47.1006227,0],[32.9133345,47.103507,0],[32.9136279,47.1043757,0],[32.9131902,47.1052925,0],[32.9107396,47.1077081,0],[32.9057997,47.1103572,0],[32.9020051,47.112247,0],[32.899979,47.1129582,0],[32.8950177,47.1136351,0],[32.8939187,47.1133188,0],[32.8932417,47.1127459,0],[32.892045,47.1111451,0],[32.8912106,47.1091472,0],[32.8907506,47.1065125,0],[32.8909772,47.1034104,0],[32.8948015,47.0966294,0],[32.89534,47.095021,0],[32.8973259,47.0919379,0],[32.8983674,47.089147,0],[32.897724,47.0881152,0],[32.8943983,47.0868104,0],[32.8845939,47.0823491,0],[32.8752944,47.0787176,0],[32.8715892,47.0769585,0],[32.8702517,47.0768382,0],[32.8646047,47.0788821,0],[32.8624668,47.0792606,0],[32.8527287,47.0787482,0],[32.8489747,47.0800107,0],[32.8479554,47.0827458,0],[32.8463295,47.0846394,0],[32.8439711,47.08582,0],[32.845624,47.0887186,0],[32.8136276,47.098335,0],[32.7796722,47.0987641,0],[32.7616162,47.0823217,0],[32.7181719,47.068209,0],[32.6735537,47.0678401,0],[32.6389928,47.0657219,0],[32.5649619,47.0524187,0],[32.5199405,47.044387,0],[32.5159312,47.0272845,0],[32.5150734,47.0206741,0],[32.5070862,47.0057721,0],[32.4872602,46.998126,0],[32.4765316,46.9847777,0],[32.4226403,46.9590115,0],[32.4523871,46.9224495,0],[32.4790588,46.8698018,0],[32.4237936,46.8670294,0],[32.3765699,46.8713688,0],[32.3567438,46.8668509,0],[32.3612837,46.8562256,0],[32.3619703,46.8500037,0],[32.3638323,46.8319394,0],[32.3042471,46.7773434,0],[32.2585526,46.7546086,0],[32.2175168,46.7496435,0],[32.170577,46.7457602,0],[32.1688604,46.7238768,0],[32.165821,46.7021817,0],[32.1462516,46.7063019,0],[32.1440085,46.6327955,0],[32.1182709,46.6310297,0],[32.0949749,46.6340632,0],[32.0881623,46.6168188,0],[32.1032104,46.6110575,0],[32.1129214,46.6041075,0],[32.1180811,46.5962135,0],[32.1379079,46.555622,0],[32.1852864,46.5746236,0],[32.2090614,46.5762756,0],[32.2234354,46.5812322,0],[32.2457109,46.5914952,0],[32.2591005,46.5898437,0],[32.2760187,46.5821029,0],[32.2816602,46.5763853,0],[32.2968393,46.5689243,0],[32.3012001,46.5560336,0],[32.3152555,46.5509408,0],[32.3439442,46.547518,0],[32.3588567,46.5496107,0],[32.3668796,46.5475374,0],[32.3876456,46.5473991,0],[32.3975775,46.5532163,0],[32.4121473,46.559209,0],[32.418972,46.5603338,0],[32.4291002,46.5589468,0],[32.4466042,46.5616287,0],[32.4775359,46.5740403,0],[32.4847765,46.5816493,0],[32.4968048,46.5865842,0],[32.5035874,46.5927555,0],[32.5112294,46.595122,0],[32.5205905,46.5960622,0],[32.5387493,46.5950538,0],[32.5467255,46.596168,0],[32.557449,46.5995523,0],[32.5725442,46.5968551,0],[32.5793889,46.5965599,0],[32.5806125,46.5982397,0],[32.579615,46.6015564,0],[32.5886601,46.6030447,0],[32.629977,46.6314823,0],[32.6457378,46.644146,0],[32.6550457,46.6530871,0],[32.6621531,46.6563864,0],[32.6847422,46.6629851,0],[32.6900929,46.6646356,0],[32.6950578,46.6664921,0],[32.7003139,46.6680203,0],[32.7055702,46.6692169,0],[32.7108206,46.670698,0],[32.7177901,46.6735527,0],[32.7191859,46.6738123,0],[32.7198636,46.6658863,0],[32.7211245,46.6655909,0],[32.7204453,46.6741235,0],[32.7265598,46.675019,0],[32.7397455,46.6743829,0],[32.7502782,46.6730268,0],[32.7581556,46.6726159,0],[32.7672322,46.6725501,0],[32.7775964,46.6731313,0],[32.7850445,46.6742572,0],[32.7933287,46.6766528,0],[32.7951478,46.6773583,0],[32.7971616,46.6741048,0],[32.7979193,46.6743734,0],[32.7958321,46.6776227,0],[32.8026964,46.6803456,0],[32.8200644,46.6843303,0],[32.8348487,46.6901699,0],[32.8385394,46.6940371,0],[32.869186,46.7066438,0],[32.8818926,46.7152193,0],[32.892714,46.7206158,0],[32.8998536,46.7248178,0],[32.9033192,46.7259252,0],[32.9133446,46.7319047,0],[32.9239584,46.7352726,0],[32.9338597,46.7367115,0],[32.9422617,46.7388171,0],[32.9623394,46.740272,0],[32.9767477,46.7423554,0],[32.996296,46.7420462,0],[33.0007182,46.7430734,0],[33.0136828,46.7420641,0],[33.0363423,46.7428876,0],[33.0949717,46.7690037,0],[33.1160149,46.775871,0],[33.1182563,46.7772751,0],[33.1431089,46.7863384,0],[33.1538027,46.7868769,0],[33.164967,46.7886064,0],[33.179592,46.7883558,0],[33.1846899,46.7889124,0],[33.1908514,46.7878064,0],[33.2054061,46.7880898,0],[33.2079998,46.7866298,0],[33.2103145,46.7839943,0],[33.2121327,46.7830137,0],[33.2150714,46.7828662,0],[33.2189549,46.7839599,0],[33.2212293,46.7849213,0],[33.2270657,46.7857649,0],[33.2335461,46.7861673,0],[33.2412334,46.7848594,0],[33.2428266,46.7841684,0],[33.2528572,46.7832114,0],[33.2575022,46.7836324,0],[33.2603447,46.7827603,0],[33.2725528,46.7826907,0],[33.2808953,46.7841748,0],[33.283225,46.7840864,0],[33.2870206,46.7810185,0],[33.2880813,46.7804984,0],[33.2925966,46.779273,0],[33.29671,46.77634,0],[33.3017603,46.7745443,0],[33.3090124,46.7742365,0],[33.3156105,46.7751917,0],[33.3237592,46.7772709,0],[33.3307069,46.7794965,0],[33.351202,46.7791429,0],[33.3535113,46.7796149,0],[33.3569043,46.7818208,0],[33.359107,46.7856999,0],[33.3823343,46.8056755,0],[33.4014134,46.8215723,0],[33.4132893,46.8287743,0],[33.4432133,46.8404672,0],[33.4717737,46.8472203,0],[33.5086542,46.8581315,0],[33.5905495,46.853824,0],[33.5991266,46.8942143,0],[33.5987808,46.9347217,0],[33.6551155,46.985062,0],[33.6620523,46.9999038,0],[33.6574147,47.0469396,0],[33.7665884,47.0970999,0],[33.7895228,47.132385,0],[33.7817432,47.1787464,0],[33.804309,47.1896433,0],[33.8253366,47.1951697,0],[33.8549139,47.2072308,0],[33.8656744,47.2096815,0],[33.8847869,47.220094,0],[33.902891,47.2324757,0],[33.9139764,47.2449577,0],[33.9193697,47.2719297,0],[33.9664246,47.3030694,0],[33.9759094,47.3560771,0],[33.9749812,47.3872984,0],[33.9572192,47.4182864,0],[33.90958,47.4217531,0],[33.8698299,47.4039107,0],[33.8272929,47.3923237,0],[33.726596,47.373265,0],[33.7377898,47.4006999,0],[33.7248794,47.4146346,0],[33.6729078,47.4073129,0],[33.6207167,47.3697838,0],[33.5919282,47.3814604,0],[33.5904527,47.4096195,0],[33.5674138,47.4210864,0],[33.5184649,47.4544486,0],[33.4910885,47.4535319,0],[33.4622298,47.4451763,0],[33.4356333,47.4290364,0],[33.4159896,47.4370473,0],[33.4035539,47.4348376,0],[33.4052179,47.4271896,0],[33.4076738,47.4254313,0],[33.407277,47.4234556,0],[33.4025031,47.4213057,0],[33.396842,47.417637,0],[33.3878594,47.4163996,0],[33.3788771,47.4163231,0],[33.3766184,47.4171562,0],[33.3736934,47.418526,0],[33.3697384,47.4194311,0],[33.3687874,47.4187681,0],[33.3671962,47.4173912,0],[33.3667438,47.4165867,0],[33.365831,47.4132223,0],[33.3662328,47.4120046,0],[33.3655754,47.4105245,0],[33.3654292,47.4056985,0],[33.3661772,47.4015249,0],[33.3671519,47.3993219,0],[33.3672957,47.3976974,0],[33.3684475,47.395955,0],[33.3697708,47.3940963,0],[33.3699783,47.3923537,0],[33.3703394,47.3909013,0],[33.3738486,47.3882826,0],[33.3762897,47.3869735,0],[33.3764802,47.385796,0],[33.3756313,47.3818366,0],[33.3718597,47.379392,0],[33.37006,47.3793902,0],[33.3691601,47.37875,0],[33.369826,47.3767444,0],[33.3689471,47.3757268,0],[33.3685391,47.372892,0],[33.3619131,47.3690442,0],[33.3584291,47.367876,0],[33.3548849,47.3650828,0],[33.3501089,47.3643256,0],[33.3481501,47.3644703,0],[33.3468363,47.3650042,0],[33.3459499,47.3655156,0],[33.3452138,47.3650677,0],[33.3460286,47.3618645,0],[33.3455389,47.3608656,0],[33.3425626,47.360318,0],[33.3395435,47.3606859,0],[33.3378333,47.3625652,0],[33.335476,47.3629961,0],[33.3322375,47.3643161,0],[33.3299316,47.3639295,0],[33.321765,47.3649185,0]]]},"properties":{"name":"Окуповано /// Occupied","styleUrl":"#poly-A52714-1200-77-nodesc","styleHash":"5f0393c8","styleMapHash":{"normal":"#poly-A52714-1200-77-nodesc-normal","highlight":"#poly-A52714-1200-77-nodesc-highlight"},"stroke-opacity":1,"stroke":"#a52714","stroke-width":1.2,"fill-opacity":0.30196078431372547,"fill":"#a52714"}}]}