{"type":"FeatureCollection","name":"deepstatemap_data_20220716","sourceHistoryId":1658009478,"sourceCreatedAt":"2022-07-16T22:11:18.000Z","crs":{"type":"name","properties":{"name":"urn:ogc:def:crs:OGC:1.3:CRS84"}},"features":[{"type":"Feature","properties":{"controlStatus":"russian_occupied"},"geometry":{"type":"MultiPolygon","coordinates":[[[[36.5173542,45.2936866],[36.5071402,45.2955583],[36.5190707,45.2890975],[36.5333187,45.2797976],[36.5377819,45.2739994],[36.54585,45.2680798],[36.5491116,45.2613139],[36.5715991,45.2500758],[36.5769206,45.2488672],[36.557012,45.2670518],[36.5470516,45.2796768],[36.5317737,45.2861989],[36.5173542,45.2936866]]],[[[35.3820643,45.3525144],[35.3112561,45.411424],[35.2014582,45.5233432],[35.1098671,45.5990246],[35.0500557,45.6672021],[34.9770477,45.7651671],[34.9731755,45.763623],[34.9681019,45.7621984],[34.9582138,45.7599193],[34.9493387,45.7628178],[35.0310286,45.652672],[35.0747174,45.5981409],[35.0944199,45.5841157],[35.1082812,45.5825818],[35.1121529,45.5771065],[35.1180769,45.5670035],[35.125202,45.5594218],[35.1893449,45.5141155],[35.2899647,45.4057169],[35.3073882,45.3859899],[35.322745,45.3826559],[35.3369,45.3640037],[35.3549632,45.3483999],[35.369352,45.3265774],[35.3761844,45.3414385],[35.3967558,45.3256452],[35.4018709,45.3103418],[35.4193214,45.2969629],[35.437068,45.2859971],[35.467835,45.3075439],[35.3820643,45.3525144]]],[[[35.467835,45.3075439],[35.4068082,45.2644178],[35.2416821,45.3243264],[35.204621,45.3411922],[35.1649696,45.3446545],[35.1010963,45.349621],[35.0729656,45.3689183],[35.0393119,45.4152187],[35.0255588,45.4426858],[35.0873588,45.4650823],[35.1134863,45.4855397],[35.097133,45.5292483],[35.042263,45.5960367],[35.0473832,45.6128772],[35.0339616,45.6287569],[34.9926734,45.657634],[34.9821638,45.681297],[34.9710323,45.6889463],[34.92888,45.6774755],[34.9010875,45.6882086],[34.8888909,45.7017093],[34.875829,45.7134099],[34.8644448,45.7321869],[34.8780522,45.7473367],[34.8045347,45.7343911],[34.7282947,45.7309818],[34.7484798,45.761843],[34.7851745,45.7907793],[34.7490748,45.8226286],[34.72943,45.8276696],[34.7251264,45.8140506],[34.6996291,45.8139344],[34.7472953,45.8435332],[34.7587955,45.8669545],[34.796134,45.8920532],[34.7873421,45.9046163],[34.7595911,45.9032563],[34.7333458,45.8844129],[34.6968744,45.8788077],[34.6456643,45.8607057],[34.6008073,45.8373012],[34.5728517,45.8083642],[34.5286285,45.7881373],[34.5168682,45.8017495],[34.5243335,45.8191889],[34.5520838,45.8422677],[34.6238418,45.884452],[34.6352267,45.9084632],[34.6505463,45.9347968],[34.7008789,45.9590612],[34.6514104,45.97379],[34.5560383,45.9885731],[34.4785479,45.9468288],[34.3824606,46.0345739],[34.2253474,46.0637955],[34.1607681,46.0803117],[34.1225789,46.1080045],[34.0383305,46.1168174],[33.8239473,46.1869511],[33.7545527,46.1404385],[33.7495382,46.1374606],[33.7475131,46.1378538],[33.7408709,46.1441232],[33.735601,46.1471215],[33.7350502,46.1498824],[33.72811,46.1551668],[33.7265868,46.1578857],[33.7262858,46.1616592],[33.7253384,46.1649261],[33.7261891,46.1667043],[33.7292637,46.1690726],[33.7299192,46.1709572],[33.7405294,46.1850101],[33.7386094,46.185157],[33.7358592,46.1859204],[33.7145513,46.1967761],[33.7079189,46.200155],[33.697092,46.2032997],[33.6896977,46.204216],[33.660569,46.1841719],[33.6076289,46.1473165],[33.6134717,46.138416],[33.6148453,46.1267095],[33.6189643,46.114289],[33.6338964,46.0979166],[33.6431537,46.0780301],[33.6362742,46.0751698],[33.6372819,46.0813513],[33.6214674,46.0632658],[33.6121959,46.0418325],[33.6171785,46.014904],[33.6228726,46.000837],[33.6285431,45.9876045],[33.6307578,45.9776967],[33.6296884,45.9674259],[33.6275439,45.9564319],[33.6163934,45.9506791],[33.6215537,45.9458541],[33.6346116,45.94193],[33.640135,45.9493564],[33.6594173,45.9565555],[33.682856,45.9528033],[33.6926578,45.9567519],[33.723222,45.951262],[33.7427932,45.9517319],[33.7513769,45.9493368],[33.7557842,45.9392824],[33.7579871,45.9344939],[33.75607,45.9297057],[33.7493777,45.9274994],[33.7282669,45.9267258],[33.7208017,45.9244272],[33.7105903,45.916874],[33.7056001,45.9124071],[33.6958046,45.9074627],[33.6899492,45.9090379],[33.691284,45.9112313],[33.6877728,45.9127518],[33.6800935,45.9085396],[33.67557,45.9009372],[33.6757155,45.8923565],[33.6792256,45.8849596],[33.6799532,45.8750482],[33.6803219,45.8665067],[33.6856604,45.8588878],[33.6859296,45.8488623],[33.6828542,45.8438353],[33.6797799,45.8426347],[33.678423,45.8458584],[33.6815298,45.8502773],[33.6736971,45.8567142],[33.6662681,45.8600217],[33.6603343,45.8620923],[33.6573919,45.8657542],[33.6549378,45.8699698],[33.6558644,45.8726633],[33.6397449,45.8736363],[33.6346115,45.8784318],[33.6147267,45.8899326],[33.5951837,45.8839771],[33.5852577,45.8684574],[33.5716337,45.870661],[33.5586395,45.8617199],[33.5535178,45.8515079],[33.5482128,45.8435307],[33.5421287,45.8376274],[33.5363434,45.8451985],[33.527171,45.849723],[33.5176551,45.846594],[33.5076216,45.8410719],[33.4971139,45.8483554],[33.5242678,45.8630878],[33.5441019,45.8803349],[33.5405932,45.8849133],[33.5184662,45.8658644],[33.4920962,45.8565944],[33.4856034,45.8525363],[33.4818587,45.8532599],[33.4729954,45.8484896],[33.4339234,45.8379784],[33.4170901,45.8302054],[33.3748671,45.7965887],[33.3151998,45.770008],[33.2794116,45.7585976],[33.2381446,45.7500492],[33.2105469,45.7559314],[33.1814278,45.7734227],[33.1724861,45.7866032],[33.1807104,45.7997837],[33.1858308,45.8079522],[33.1833681,45.811366],[33.1764389,45.8053229],[33.1657369,45.7882695],[33.1604287,45.7656387],[33.1605576,45.7495414],[33.1524036,45.730959],[33.1387446,45.7183157],[33.1250751,45.7196617],[33.11481,45.7112164],[33.0966485,45.7146636],[33.0687571,45.705934],[33.0463678,45.692403],[33.0171537,45.6870091],[33.009427,45.6790235],[32.9973336,45.6779092],[32.9050861,45.6360774],[32.8219076,45.5878182],[32.8201285,45.5843929],[32.8225004,45.5832806],[32.831583,45.5841652],[32.8410082,45.582406],[32.8426546,45.5772541],[32.8431411,45.5705971],[32.8406482,45.56511],[32.8349486,45.5597237],[32.8273042,45.5563081],[32.8245397,45.5548513],[32.8166262,45.5589238],[32.7906892,45.5590224],[32.7550732,45.548477],[32.727683,45.5330863],[32.7105858,45.5239372],[32.7144138,45.5169495],[32.6909269,45.5081698],[32.69637,45.5177228],[32.6915269,45.52298],[32.5556209,45.4659496],[32.5050229,45.4261691],[32.4819345,45.4056494],[32.4808276,45.3909109],[32.4886441,45.3849884],[32.5074454,45.3819566],[32.5134582,45.3720378],[32.5103771,45.3608842],[32.495293,45.3482293],[32.4964907,45.3449896],[32.5355384,45.3390219],[32.570503,45.3340943],[32.5793963,45.3289693],[32.5948271,45.3276111],[32.621079,45.3199274],[32.6528184,45.3151327],[32.6772328,45.32508],[32.6829272,45.333912],[32.7114726,45.3448058],[32.7297279,45.3566612],[32.7641899,45.3668516],[32.8542627,45.3670736],[32.9083924,45.3605221],[32.9371025,45.3496162],[32.9667646,45.3366935],[32.9918481,45.3224993],[33.0434832,45.2878656],[33.0740304,45.2681259],[33.0810275,45.2601885],[33.0941264,45.2451025],[33.1073491,45.2326281],[33.1246878,45.2259538],[33.1385684,45.2149264],[33.1434036,45.2070898],[33.1516576,45.2007522],[33.167457,45.1934696],[33.1798209,45.1876511],[33.1852357,45.1837167],[33.1954571,45.183169],[33.201555,45.1826203],[33.2094089,45.1804086],[33.2181404,45.1776076],[33.2276534,45.1733016],[33.2357548,45.1675171],[33.2459386,45.1569381],[33.2549343,45.1498013],[33.2609256,45.1472646],[33.2663625,45.1467791],[33.2707971,45.1471418],[33.2738722,45.1464757],[33.2797012,45.1475952],[33.2822718,45.1482765],[33.2837288,45.1509173],[33.2860912,45.1538121],[33.2905346,45.1568327],[33.293829,45.158614],[33.2956486,45.1618045],[33.2957182,45.1663542],[33.297504,45.168483],[33.300406,45.1716404],[33.3050247,45.1734663],[33.3097568,45.1746445],[33.3186088,45.1750957],[33.3255723,45.1744576],[33.331162,45.1728513],[33.3486851,45.1746675],[33.3569698,45.1782214],[33.3590753,45.1817757],[33.3667193,45.1840434],[33.3744548,45.1856753],[33.3782219,45.1858486],[33.3746126,45.1872667],[33.3747801,45.1896522],[33.3737318,45.1929034],[33.3781579,45.1960177],[33.3849501,45.1971655],[33.3913248,45.1977683],[33.4010281,45.1965493],[33.4094482,45.1938671],[33.4159888,45.1914041],[33.4332529,45.1846374],[33.4508543,45.1742382],[33.4807573,45.1558915],[33.5102954,45.1346317],[33.5374075,45.1102177],[33.5624345,45.0814365],[33.581633,45.0511232],[33.596689,45.0120756],[33.6025946,44.9979727],[33.6043773,44.9804712],[33.5976519,44.9765496],[33.6109623,44.9257206],[33.6105925,44.8993192],[33.6064479,44.8717023],[33.6052004,44.8663859],[33.6008626,44.857663],[33.5956232,44.8475171],[33.5906429,44.8457225],[33.5868637,44.8470001],[33.5789642,44.8404874],[33.5696937,44.838843],[33.5595722,44.8399449],[33.552198,44.8395857],[33.5485985,44.8328932],[33.5502309,44.8222419],[33.5477436,44.8120781],[33.54552,44.8041697],[33.5406327,44.802652],[33.535058,44.7923643],[33.5407223,44.7617581],[33.5398624,44.7387125],[33.5475831,44.7244447],[33.5467184,44.7060292],[33.5463628,44.6779794],[33.5418641,44.6589325],[33.5356674,44.6459898],[33.5311908,44.6411069],[33.5256907,44.6383616],[33.5153851,44.637082],[33.5124742,44.6331489],[33.5082713,44.6319164],[33.5099459,44.6295904],[33.5183353,44.6284265],[33.5221859,44.629309],[33.5254838,44.6270618],[33.5285055,44.6275258],[33.5312174,44.6256803],[33.5329163,44.6265898],[33.5356517,44.625761],[33.5349536,44.6237107],[33.5393948,44.6237637],[33.5420971,44.6233813],[33.5468152,44.6240826],[33.5483554,44.6259744],[33.5504051,44.6258484],[33.5527869,44.6236417],[33.5606419,44.625336],[33.5639904,44.6226167],[33.5631343,44.6203556],[33.5734385,44.6197403],[33.5761949,44.6209549],[33.5779291,44.618497],[33.5807108,44.6170017],[33.5828418,44.6174325],[33.5895044,44.6148711],[33.5890962,44.6124382],[33.5951457,44.6112363],[33.5962602,44.6129879],[33.5998614,44.6133127],[33.6001952,44.610786],[33.5988033,44.609644],[33.5390757,44.6194771],[33.4501548,44.6159461],[33.3671252,44.5811213],[33.487616,44.4970494],[33.5540478,44.4868769],[33.6019479,44.4917389],[33.6270126,44.4795789],[33.6383395,44.4586871],[33.6427831,44.423395],[33.6891596,44.4152093],[33.715168,44.3996416],[33.7451087,44.3818594],[33.8607911,44.397006],[33.9616898,44.3897091],[34.1244732,44.4308203],[34.1464573,44.4793412],[34.249032,44.5065762],[34.3055437,44.5501151],[34.3552146,44.5459109],[34.4321494,44.682765],[34.5446135,44.7410058],[34.7288112,44.8078253],[34.9120951,44.8157703],[34.9698329,44.8375086],[35.0790016,44.7919526],[35.1261054,44.8237102],[35.1318378,44.8444582],[35.1402067,44.8670023],[35.1498931,44.8865457],[35.1629818,44.9006932],[35.1870623,44.9080271],[35.2100892,44.9102209],[35.2369585,44.9194658],[35.2499966,44.937815],[35.2434737,44.9528227],[35.2561771,44.9629687],[35.2712818,44.9675955],[35.2836408,44.9661604],[35.2967035,44.9622621],[35.3025476,44.9680837],[35.3192041,44.9695341],[35.3456885,44.9650381],[35.3817713,44.9479004],[35.3839103,44.9525034],[35.3531847,44.9764804],[35.3556696,44.9860378],[35.3650226,44.9946229],[35.3887009,45.0007996],[35.4209684,45.0121841],[35.4105918,45.0231085],[35.3911117,45.0260233],[35.3833907,45.0350032],[35.3856226,45.0499293],[35.4130934,45.0762582],[35.4462564,45.0984567],[35.4989407,45.1166504],[35.5411745,45.1269509],[35.5854754,45.131902],[35.6297695,45.1223028],[35.6936803,45.106322],[35.750681,45.0825557],[35.775046,45.0689711],[35.7891038,45.0563548],[35.8048863,45.0455584],[35.8144831,45.0333055],[35.8106804,45.0223889],[35.8219474,45.0192032],[35.8297795,45.0140758],[35.8344566,45.0077046],[35.8293935,45.0046731],[35.8357447,44.9990939],[35.8683554,45.0054],[35.8755659,45.0103718],[35.8879269,45.0126725],[35.9136661,45.0182611],[35.9258506,45.019111],[35.9531386,45.0141312],[35.9684176,45.0183747],[35.9823264,45.024558],[36.0046649,45.0451745],[36.0266503,45.0498222],[36.07129,45.0482523],[36.2010446,45.0330226],[36.2137506,45.0291009],[36.2264566,45.0290601],[36.2422657,45.0415901],[36.2477796,45.0492633],[36.2821366,45.0549895],[36.3281966,45.0591511],[36.372884,45.0574746],[36.3909776,45.0653589],[36.4368342,45.0839938],[36.4544341,45.1008902],[36.4362654,45.1139404],[36.4203108,45.1364537],[36.4185095,45.1544896],[36.4070909,45.1715577],[36.4012509,45.2148873],[36.4187578,45.2340262],[36.4227627,45.2429657],[36.4315772,45.2562531],[36.4354746,45.2721923],[36.4295309,45.2779761],[36.4217564,45.2721472],[36.4171994,45.286584],[36.4293428,45.29622],[36.4785752,45.3058437],[36.4919049,45.3173694],[36.4812201,45.3201835],[36.4731298,45.3244878],[36.4701147,45.3329161],[36.4696374,45.3383374],[36.4728335,45.3470807],[36.4771785,45.3502458],[36.4762621,45.3552063],[36.4822127,45.360166],[36.4889741,45.3624786],[36.498482,45.3628606],[36.5186846,45.3565357],[36.518973,45.3516596],[36.5316201,45.3513652],[36.5463246,45.3462433],[36.5681277,45.3473558],[36.5883899,45.3481292],[36.5959534,45.3458156],[36.6042184,45.3484248],[36.6063332,45.3531615],[36.6098796,45.3573254],[36.6197211,45.359376],[36.6256769,45.363476],[36.629355,45.368781],[36.6271021,45.3740878],[36.6335856,45.3764967],[36.6431248,45.3788986],[36.6450421,45.382257],[36.6405126,45.3886165],[36.627261,45.3942082],[36.6160671,45.4007628],[36.6042456,45.412031],[36.6101247,45.4152829],[36.6129554,45.4213075],[36.6025698,45.4273349],[36.5935558,45.4376984],[36.5853195,45.4396442],[36.5757092,45.440626],[36.5661011,45.4353605],[36.5671421,45.4277205],[36.5548099,45.4230424],[36.5452557,45.4242854],[36.5309558,45.4262862],[36.5229549,45.4298013],[36.5117576,45.4358631],[36.5051516,45.4412363],[36.4960562,45.4442702],[36.4874737,45.4503334],[36.478543,45.4542658],[36.4716643,45.4563464],[36.457917,45.4552914],[36.4469166,45.4576063],[36.4406809,45.4548197],[36.4426329,45.4521357],[36.4321212,45.4491708],[36.4323879,45.4466108],[36.4233111,45.444858],[36.4140851,45.4447172],[36.4038684,45.4482811],[36.3923522,45.4534719],[36.3830431,45.4580643],[36.3754008,45.4629065],[36.368345,45.4677681],[36.3569717,45.4702571],[36.3513832,45.4733024],[36.3443128,45.4789052],[36.3417584,45.4831634],[36.3406179,45.4776989],[36.3381048,45.4736789],[36.3227817,45.4704542],[36.3054011,45.4739692],[36.2941983,45.4798892],[36.2660312,45.4779036],[36.1709049,45.4697122],[36.1255871,45.4616911],[36.0775394,45.4478719],[36.0713455,45.4016019],[36.058299,45.3852148],[35.99701,45.3714908],[35.9401912,45.3784766],[35.8847818,45.4066898],[35.8465069,45.446506],[35.8636895,45.4542195],[35.8760595,45.4638555],[35.8678308,45.4732506],[35.8417749,45.4744726],[35.8236493,45.4663203],[35.8177466,45.4588693],[35.8183678,45.4514182],[35.8264752,45.4401288],[35.8023584,45.4242928],[35.750903,45.3954268],[35.7482156,45.3906603],[35.7265675,45.3497848],[35.7217501,45.3355618],[35.6353067,45.3206009],[35.5258253,45.2911927],[35.4987587,45.3061765],[35.467835,45.3075439]]],[[[39.0828906,47.8516037],[39.1093893,47.8517524],[39.1095354,47.8427473],[39.1496824,47.8425817],[39.2362131,47.8539532],[39.2417337,47.8670136],[39.3904498,47.8661846],[39.4125292,47.830898],[39.4257838,47.8358944],[39.4373545,47.8398339],[39.4462501,47.850644],[39.4784743,47.8594741],[39.5203078,47.825141],[39.5344907,47.83253],[39.542168,47.8249813],[39.5655871,47.836556],[39.7379104,47.8277291],[39.7631843,47.8465373],[39.7625051,47.8701448],[39.7949406,47.8668329],[39.7939036,47.9158973],[39.8065943,47.9336659],[39.8058884,47.9505616],[39.8273909,47.9508344],[39.8198438,47.9677616],[39.8154078,47.9708664],[39.8151166,47.9736166],[39.8175382,47.9766456],[39.8198493,47.9774461],[39.8227982,47.979535],[39.8230314,47.9835403],[39.8167173,47.9845419],[39.8192697,47.989754],[39.8180234,47.9954669],[39.8141575,47.9968407],[39.8139717,47.9984877],[39.8165185,48.0001159],[39.8171489,48.001477],[39.8109753,48.0048562],[39.8045408,48.0064594],[39.8029984,48.0079476],[39.7976869,48.0093062],[39.7952175,48.0107026],[39.7853113,48.0230784],[39.7867767,48.0250342],[39.7796623,48.0393364],[39.8772075,48.0413783],[39.8858862,48.0478658],[39.8322015,48.0664997],[39.8685845,48.0794444],[39.8799506,48.1151645],[39.9102753,48.1384164],[39.9091838,48.1693296],[39.9138857,48.178015],[39.9409345,48.1808104],[39.9421938,48.2307436],[39.9533041,48.2294084],[39.9722759,48.2270247],[40.0008684,48.2252447],[40.0033787,48.2236859],[40.0075402,48.2233125],[40.0083965,48.2251387],[40.0082215,48.2281045],[40.007443,48.2300907],[40.0043418,48.2323477],[40.0039768,48.2360612],[40.0027322,48.2375353],[40.0030757,48.2394758],[40.0073233,48.2420581],[40.0195095,48.2525075],[40.0188624,48.2531159],[40.0189201,48.2541039],[40.018671,48.2550513],[40.0189886,48.2570604],[40.0155045,48.2626787],[40.0167773,48.2694579],[40.0138295,48.2715898],[40.0089633,48.2726545],[39.9997448,48.28929],[40.0005341,48.2917165],[39.997993,48.2945139],[39.9966002,48.2979383],[39.9950166,48.3008469],[39.994253,48.303181],[39.9926583,48.3056192],[39.9919216,48.3060016],[39.9920796,48.3097349],[39.9939839,48.3120065],[39.9941876,48.3126963],[39.9935222,48.3128773],[39.9932215,48.3135961],[39.9909894,48.3160613],[39.9910744,48.3165824],[39.9908152,48.3170825],[39.9869491,48.3175119],[39.9853108,48.317001],[39.9841797,48.3162073],[39.9825182,48.3157045],[39.9803108,48.3157835],[39.9788999,48.315713],[39.9776231,48.3151726],[39.9754983,48.31432],[39.9744246,48.3134708],[39.9724916,48.3129711],[39.9710288,48.3116291],[39.9718799,48.3097157],[39.9707928,48.3089713],[39.9712364,48.3077965],[39.9712653,48.3073022],[39.9708083,48.3070844],[39.9687353,48.3071341],[39.9676365,48.3068053],[39.9663829,48.3067758],[39.9656782,48.3064027],[39.9658139,48.3056564],[39.9654414,48.3046777],[39.9652545,48.3044902],[39.9648377,48.3044577],[39.9643903,48.3038216],[39.9638819,48.3034631],[39.9632084,48.3032599],[39.9630632,48.3025965],[39.9635452,48.3021261],[39.9644662,48.3020989],[39.9657931,48.3027154],[39.9669698,48.3028323],[39.9680178,48.3028349],[39.9694631,48.3031312],[39.9700361,48.302953],[39.9710106,48.3027963],[39.9711748,48.3021412],[39.9710313,48.3014874],[39.9706155,48.3011791],[39.9702131,48.3003911],[39.9706103,48.2989864],[39.9702238,48.2987467],[39.9695797,48.2986384],[39.9674541,48.2991473],[39.9667219,48.2996514],[39.9661587,48.2998029],[39.9649464,48.2996493],[39.9633373,48.2990852],[39.9606769,48.2994413],[39.9596904,48.2992401],[39.9593054,48.2988376],[39.9589645,48.2982325],[39.9582829,48.2980501],[39.9559754,48.2992555],[39.9557481,48.299894],[39.9559284,48.3003326],[39.9563748,48.3005247],[39.9568814,48.3011087],[39.9567444,48.3021637],[39.9568219,48.3026192],[39.9566599,48.3031852],[39.9556063,48.3037463],[39.954057,48.304012],[39.9529753,48.3039154],[39.9519708,48.303551],[39.9517212,48.3030504],[39.9519946,48.3023918],[39.9517688,48.3021309],[39.9522186,48.3010381],[39.9519575,48.3000927],[39.9498477,48.2994008],[39.949619,48.2988449],[39.9508356,48.2977331],[39.9507366,48.2972225],[39.9490366,48.2967152],[39.9484261,48.2961002],[39.9486214,48.2946704],[39.9484112,48.2942947],[39.947227,48.2941626],[39.9465323,48.293784],[39.9459582,48.2927414],[39.9448101,48.2920266],[39.9437155,48.2919104],[39.9416121,48.2928487],[39.9385209,48.2921268],[39.9377029,48.292225],[39.9368823,48.2915646],[39.9366146,48.2899582],[39.9370235,48.288116],[39.9366398,48.2868873],[39.9362154,48.2850583],[39.9350232,48.2837704],[39.9340979,48.2834791],[39.9332772,48.2837532],[39.9321079,48.2837303],[39.9305846,48.2832846],[39.9301559,48.2827643],[39.9302856,48.2823805],[39.932176,48.2812133],[39.9341115,48.2807351],[39.9349784,48.2797503],[39.9346951,48.2790658],[39.9328753,48.2792411],[39.9315961,48.2779922],[39.9296385,48.2777793],[39.927869,48.2765821],[39.9272912,48.2753873],[39.9258355,48.2739687],[39.9256277,48.2735879],[39.9258988,48.2729692],[39.9259687,48.2721603],[39.9249068,48.2714851],[39.9229547,48.2713059],[39.9210688,48.2716602],[39.9196571,48.2712977],[39.9189796,48.2706011],[39.9174956,48.2700935],[39.9148291,48.2696779],[39.9142596,48.2698466],[39.9145799,48.2707552],[39.915049,48.2713442],[39.9147533,48.2718867],[39.9140654,48.2719578],[39.9130755,48.2711929],[39.9111386,48.2710199],[39.9102688,48.2716453],[39.9105891,48.2721534],[39.9118308,48.2727698],[39.9122543,48.2737457],[39.9113847,48.275269],[39.9104178,48.2760308],[39.9096855,48.2760119],[39.9095085,48.276717],[39.9082201,48.277008],[39.9084339,48.2781327],[39.9100639,48.2790105],[39.9093774,48.2807664],[39.910753,48.282907],[39.911103,48.2850178],[39.9097451,48.2875265],[39.9126952,48.2882023],[39.9101881,48.2929821],[39.9031174,48.2988902],[39.8869156,48.3040891],[39.8879682,48.3073167],[39.8871988,48.3087771],[39.8410685,48.3100513],[39.8421021,48.3183104],[39.8403939,48.3291167],[39.8452167,48.3294989],[39.8455931,48.3327736],[39.8597034,48.3345658],[39.8779341,48.3340733],[39.9185813,48.3416921],[39.9186034,48.3472072],[39.9307271,48.348957],[39.9436441,48.3481202],[39.9475073,48.3552302],[39.9425304,48.3549629],[39.944422,48.3571657],[39.939451,48.3607734],[39.9406678,48.365023],[39.9367499,48.3671357],[39.9347511,48.3722742],[39.9432775,48.3837913],[39.9415351,48.3870715],[39.9383089,48.3875623],[39.9352706,48.384697],[39.9318897,48.3769292],[39.9268452,48.3750751],[39.9212199,48.3759275],[39.9175221,48.3792278],[39.9163055,48.3842314],[39.9145583,48.3868273],[39.9078019,48.3887123],[39.9059615,48.3903159],[39.9067434,48.3922694],[39.9174051,48.3948097],[39.9186437,48.3976109],[39.9160499,48.4006103],[39.9084587,48.4020517],[39.906312,48.403562],[39.9064839,48.4074937],[39.9127632,48.4155801],[39.9102969,48.4219558],[39.8959257,48.4292418],[39.8888169,48.4419929],[39.8898644,48.4435709],[39.8967662,48.4442197],[39.8985547,48.4459723],[39.8973265,48.4481115],[39.8577522,48.4633633],[39.8463375,48.4737119],[39.847753,48.4856779],[39.8478837,48.4951083],[39.8464694,48.4993057],[39.84871,48.5028401],[39.8531911,48.5034246],[39.8566588,48.5016359],[39.861877,48.5019244],[39.8661347,48.5047748],[39.8667561,48.5088826],[39.8574855,48.5374008],[39.8580446,48.5453656],[39.8545326,48.5529988],[39.8576295,48.5614133],[39.846829,48.5729337],[39.8216849,48.5783323],[39.8206043,48.5792853],[39.8254818,48.5816452],[39.8263109,48.5842074],[39.8250511,48.5861523],[39.8223596,48.5866356],[39.8128554,48.5838551],[39.8086096,48.5839718],[39.8044954,48.5854536],[39.8002156,48.5895529],[39.796119,48.5918468],[39.7899853,48.5933692],[39.7734252,48.5923258],[39.7720625,48.5916013],[39.7703675,48.5879945],[39.754759,48.5829996],[39.7512953,48.5820902],[39.7505496,48.5833377],[39.7510542,48.5888356],[39.7490377,48.5902429],[39.7467209,48.5906731],[39.7443186,48.5900574],[39.7387429,48.5868384],[39.7346291,48.5858506],[39.7301775,48.585919],[39.726252,48.5866238],[39.7233788,48.5862164],[39.7212371,48.5848336],[39.714893,48.5852475],[39.7025463,48.5877777],[39.697765,48.5871601],[39.6916351,48.586378],[39.6872709,48.5870843],[39.6772879,48.5875629],[39.6765155,48.5881875],[39.6722238,48.5884145],[39.6675887,48.5867682],[39.6587483,48.5856325],[39.6575468,48.5846673],[39.6353165,48.5800397],[39.6319692,48.5806927],[39.6236436,48.5860867],[39.6228281,48.5863707],[39.6219268,48.5858029],[39.6212402,48.5819417],[39.6175495,48.5771153],[39.6137299,48.5749004],[39.6124855,48.5729129],[39.6080223,48.5727141],[39.6036449,48.5741055],[39.5963128,48.5750293],[39.5949886,48.5766912],[39.5948044,48.5793299],[39.6006408,48.5857461],[39.604074,48.5862571],[39.6050182,48.5867681],[39.6045891,48.5888119],[39.6017566,48.591537],[39.5963493,48.5923886],[39.5925357,48.5912967],[39.5817707,48.5850383],[39.5777793,48.5828806],[39.576535,48.581234],[39.5733466,48.5805224],[39.5680714,48.5818502],[39.5629675,48.5836321],[39.5631454,48.5862306],[39.5660509,48.588301],[39.5672772,48.5902388],[39.5673018,48.5921198],[39.5656345,48.5939516],[39.5633045,48.5974408],[39.5617595,48.5980085],[39.5586696,48.5980085],[39.5512023,48.5955676],[39.5494857,48.5932401],[39.5505587,48.5885848],[39.549314,48.5859732],[39.5450225,48.5839292],[39.5373836,48.58339],[39.5312037,48.5842699],[39.5287147,48.5859448],[39.5269121,48.58955],[39.5281312,48.5918406],[39.5332079,48.5936307],[39.5335878,48.5954605],[39.5324228,48.5964387],[39.5280455,48.5971767],[39.5253848,48.5981984],[39.5226333,48.6029769],[39.5234788,48.6051034],[39.5272799,48.6082749],[39.5278196,48.6094601],[39.5271823,48.6112629],[39.5257232,48.613022],[39.5167841,48.6180986],[39.5116469,48.6218737],[39.5119776,48.6235455],[39.5154235,48.6261855],[39.5162691,48.6279705],[39.5167109,48.6299864],[39.5160243,48.6321987],[39.5140876,48.6338368],[39.5104342,48.6344539],[39.5004348,48.6325537],[39.4955426,48.6321283],[39.4930106,48.6304265],[39.4862727,48.6288949],[39.4841484,48.6282],[39.4761018,48.628753],[39.4685916,48.6274483],[39.4656304,48.6281857],[39.4640108,48.6310641],[39.4642683,48.6340137],[39.4673899,48.6372332],[39.4658132,48.6386649],[39.4575623,48.6386512],[39.4542149,48.6397855],[39.45164,48.6410333],[39.4495753,48.6445574],[39.4497978,48.6504011],[39.4513078,48.6517082],[39.4533852,48.6528124],[39.4523728,48.6547104],[39.4501761,48.6556715],[39.4465013,48.6563009],[39.4389481,48.6549401],[39.4323232,48.6567488],[39.4207457,48.6582229],[39.4142323,48.6566918],[39.4106939,48.6576559],[39.4080332,48.6598104],[39.4082049,48.6614545],[39.4135262,48.6668399],[39.4138697,48.6684271],[39.4117239,48.6705243],[39.4058209,48.6738115],[39.4026452,48.6744349],[39.3979909,48.6746052],[39.3905237,48.6787991],[39.3891696,48.6803857],[39.3909291,48.6837575],[39.3895988,48.6847492],[39.3817025,48.6855142],[39.3795566,48.6862791],[39.3779859,48.6862368],[39.3673165,48.6919737],[39.3658902,48.6922287],[39.3603112,48.695798],[39.3559531,48.697214],[39.3505029,48.7076367],[39.3486574,48.708713],[39.346855,48.7122245],[39.3486382,48.7134707],[39.3541314,48.7132442],[39.3601589,48.7156791],[39.3652658,48.7168401],[39.3704585,48.7159622],[39.3720796,48.7159341],[39.3737867,48.7174915],[39.3741826,48.7186523],[39.3726043,48.7198696],[39.3691283,48.7200679],[39.3615322,48.7223045],[39.3552238,48.7252488],[39.3537216,48.7268908],[39.3540724,48.729646],[39.3588751,48.7339014],[39.3588714,48.7361753],[39.3581923,48.7370054],[39.3492658,48.742496],[39.3472058,48.7457787],[39.3470266,48.7502121],[39.3461759,48.751042],[39.3431385,48.7573608],[39.3433628,48.7592092],[39.3455281,48.7616611],[39.3491724,48.7621516],[39.3513257,48.7630943],[39.3538932,48.7654897],[39.3545015,48.7668284],[39.3527812,48.7679412],[39.3510607,48.7685446],[39.3472429,48.7683845],[39.3403355,48.7663007],[39.3361337,48.7659798],[39.3316705,48.766602],[39.3266028,48.7683087],[39.326084,48.7700153],[39.3274828,48.7721084],[39.3279722,48.7736923],[39.3262557,48.7755589],[39.3245465,48.776049],[39.3145901,48.7748045],[39.3118435,48.7740692],[39.3088319,48.7719953],[39.3030887,48.765414],[39.2999129,48.7630378],[39.2926174,48.760605],[39.2914941,48.7594358],[39.2906433,48.756248],[39.2892807,48.7536832],[39.28952,48.7515136],[39.2864338,48.7489009],[39.2820603,48.7486084],[39.2788874,48.749339],[39.2766585,48.7523332],[39.2747755,48.753681],[39.2723828,48.7538866],[39.2708089,48.7527587],[39.2703015,48.7512117],[39.2716747,48.7477596],[39.270809,48.7439866],[39.2686631,48.741949],[39.264468,48.7412523],[39.258535,48.7427414],[39.256311,48.7422696],[39.2550234,48.7406847],[39.255282,48.7387742],[39.2592291,48.7338353],[39.2561392,48.7268717],[39.2539624,48.7244016],[39.2533069,48.7220589],[39.2539001,48.7201527],[39.2497802,48.7125643],[39.2435147,48.7096192],[39.2395879,48.7091247],[39.2359905,48.711088],[39.2323641,48.7114125],[39.2267852,48.7089771],[39.2248968,48.7067682],[39.2194036,48.7051822],[39.2071728,48.6982998],[39.2031818,48.6986114],[39.2003706,48.6999993],[39.1991476,48.702265],[39.1983536,48.705777],[39.1975167,48.706485],[39.1965081,48.7065134],[39.1951061,48.7038985],[39.1909003,48.6998199],[39.1854146,48.6933991],[39.1816381,48.6857501],[39.1742491,48.680329],[39.1633486,48.6757386],[39.1574337,48.6753794],[39.1519406,48.6762862],[39.1486715,48.6752851],[39.1445122,48.6709112],[39.1418984,48.6666505],[39.141641,48.6650633],[39.1426709,48.6635326],[39.1419842,48.6608682],[39.1394876,48.65964],[39.1273071,48.6604713],[39.1231872,48.6600178],[39.1168282,48.6567485],[39.1119359,48.6533466],[39.1036178,48.6498687],[39.0985539,48.6508893],[39.0849068,48.6506625],[39.0758944,48.6516264],[39.0743495,48.6504357],[39.0548659,48.6470333],[39.042678,48.6464662],[39.0380823,48.6471847],[39.0355464,48.6482432],[39.0334474,48.6519761],[39.0322065,48.6528738],[39.0285083,48.6530064],[39.0191528,48.6569753],[39.0123721,48.658336],[39.010316,48.660084],[39.009633,48.6626256],[39.0129804,48.6640429],[39.0185594,48.6640995],[39.0216493,48.6623989],[39.0254258,48.6619737],[39.0274858,48.6632492],[39.0262842,48.667274],[39.0238809,48.6698815],[39.0205336,48.6722621],[39.0202761,48.6756061],[39.0195819,48.6791389],[39.0163671,48.6809428],[39.0143537,48.6834267],[39.015727,48.6886399],[39.0155478,48.6948913],[39.0048265,48.6963452],[39.0018149,48.6980072],[38.9998483,48.7001975],[38.999505,48.7039927],[38.9982176,48.7076745],[38.9989862,48.7111956],[38.9969225,48.7116016],[38.9919227,48.7100017],[38.9869231,48.7101575],[38.9843054,48.7118281],[38.9847421,48.7136213],[38.9888619,48.715207],[38.9939184,48.7161888],[38.9980459,48.7174722],[38.9993333,48.7196241],[38.9983893,48.7242672],[38.9914368,48.7306084],[38.9895411,48.7349866],[38.9844561,48.7375798],[38.9822031,48.7402861],[38.9823319,48.7421893],[38.981216,48.7438449],[38.9788122,48.7448922],[38.9749968,48.7447632],[38.9725628,48.7435836],[38.9698324,48.7437464],[38.9669464,48.7452039],[38.9640925,48.7461943],[38.9611311,48.7461373],[38.9599296,48.7429109],[38.961217,48.739911],[38.9610453,48.736515],[38.9569464,48.7340668],[38.9460674,48.7344489],[38.9437074,48.7338543],[38.9340086,48.7357792],[38.9324635,48.736798],[38.9343519,48.7429112],[38.9379568,48.7440714],[38.9388581,48.7458118],[38.9382788,48.746682],[38.9369591,48.7471171],[38.9350546,48.7468536],[38.9336652,48.7460241],[38.9306501,48.7452743],[38.9227216,48.7450054],[38.9213055,48.7446091],[38.9199671,48.7434206],[38.9180279,48.7429113],[38.9143212,48.7443829],[38.9125725,48.7468732],[38.9111349,48.7480051],[38.9087746,48.7492502],[38.9047401,48.7506082],[38.9010923,48.7509054],[38.8988178,48.750184],[38.8920372,48.7504385],[38.8813299,48.7501841],[38.8802356,48.7506085],[38.8790769,48.752476],[38.8776176,48.7525889],[38.8716924,48.7513053],[38.863879,48.7513796],[38.8609553,48.7507359],[38.8606013,48.749788],[38.8593783,48.7495899],[38.8553874,48.7496462],[38.8471476,48.7429112],[38.8360755,48.7232671],[38.8300673,48.7170382],[38.8084379,48.7134138],[38.7670674,48.71432],[38.7535137,48.7184915],[38.6917155,48.7293629],[38.6745492,48.7293629],[38.6784116,48.723701],[38.6301672,48.721172],[38.5832177,48.7198696],[38.5784187,48.7094303],[38.577732,48.6967418],[38.5722313,48.6890556],[38.5594455,48.6866947],[38.5489783,48.6752945],[38.5394514,48.6735091],[38.5272842,48.6746424],[38.5161483,48.6705617],[38.5152472,48.6663671],[38.4967076,48.6631925],[38.4802281,48.6591107],[38.4644278,48.6564083],[38.4452016,48.6550476],[38.4314762,48.6504924],[38.4198032,48.6450485],[38.4143025,48.6382619],[38.4088093,48.62964],[38.4046894,48.6169314],[38.4048036,48.6090985],[38.4060702,48.6019302],[38.402637,48.5919397],[38.402637,48.5478669],[38.4143026,48.5206053],[38.4115634,48.5105796],[38.4053767,48.4733655],[38.3930237,48.436606],[38.3892474,48.4322779],[38.390964,48.4158739],[38.3672748,48.3996925],[38.3542284,48.390346],[38.3435779,48.3844372],[38.3217544,48.3710529],[38.2907061,48.361631],[38.2736891,48.3591918],[38.2591203,48.359806],[38.2276837,48.3671755],[38.2149807,48.3690002],[38.2074276,48.371509],[38.1847683,48.3749299],[38.1500926,48.3854193],[38.1544451,48.395536],[38.1630936,48.4021166],[38.1484618,48.4144818],[38.135158,48.4190391],[38.1174769,48.420805],[38.1137059,48.4080126],[38.0685038,48.4086727],[38.0421228,48.4090856],[38.0048018,48.3939537],[37.9569342,48.3914893],[37.9470402,48.3751555],[37.9210683,48.3760438],[37.9096311,48.3518021],[37.8901968,48.2991598],[37.8881602,48.2836394],[37.8953466,48.268546],[37.89157,48.2550609],[37.8929432,48.2335689],[37.8965706,48.2154292],[37.8833302,48.1997121],[37.8562077,48.1928465],[37.8285927,48.1751503],[37.824622,48.1578177],[37.8198549,48.1438969],[37.812465,48.1043092],[37.7678015,48.0902113],[37.7564355,48.0866703],[37.7463065,48.0734746],[37.7427884,48.0727514],[37.6997015,48.0722042],[37.6942941,48.0565448],[37.6830235,48.0555005],[37.6618866,48.0367502],[37.6478104,48.0289444],[37.6340774,48.0227449],[37.6141646,48.0151666],[37.5966552,48.0117216],[37.5791457,48.0052902],[37.5636961,47.9942632],[37.5585462,47.986451],[37.5489332,47.9648464],[37.5424101,47.9579494],[37.533827,47.9505916],[37.5428393,47.9324766],[37.534342,47.9134415],[37.5685999,47.9077685],[37.5759066,47.9077328],[37.5963118,47.9032005],[37.6299576,47.8930725],[37.6440338,47.8866264],[37.6440338,47.8809854],[37.6424889,47.8737318],[37.640944,47.8706227],[37.6389066,47.8677882],[37.6355771,47.860179],[37.6348904,47.8558021],[37.6348905,47.8525768],[37.6330023,47.8460097],[37.6342622,47.838423],[37.6345486,47.8025384],[37.623169,47.7731102],[37.6375888,47.7519939],[37.6467557,47.7456551],[37.6726795,47.7247168],[37.7184895,47.7072316],[37.7644947,47.6847015],[37.8039769,47.6601962],[37.801917,47.6423879],[37.7686147,47.6354478],[37.7771978,47.6157796],[37.7823477,47.5859162],[37.8084403,47.5618278],[37.8194267,47.5463034],[37.8925547,47.4697729],[37.8784784,47.4416839],[37.8637154,47.4265885],[37.855819,47.403124],[37.856849,47.3928985],[37.8503258,47.3842983],[37.8383096,47.3780216],[37.841643,47.3690218],[37.8515994,47.3655338],[37.8417428,47.3584893],[37.8376229,47.3524422],[37.8486092,47.3501161],[37.8591525,47.3543707],[37.8612124,47.3478578],[37.856849,47.3436027],[37.8444894,47.3419742],[37.8292834,47.3425074],[37.8273232,47.3284792],[37.8245766,47.3214977],[37.8317864,47.3149807],[37.8348763,47.3082302],[37.8276665,47.3026429],[37.8338464,47.2854117],[37.833503,47.249301],[37.8413995,47.2269234],[37.8472359,47.2138654],[37.8513558,47.198938],[37.8499825,47.1742053],[37.844146,47.1655695],[37.8365929,47.1569323],[37.8297265,47.1461922],[37.8256066,47.1333479],[37.8180535,47.1190987],[37.8163369,47.109753],[37.8176104,47.1011748],[37.8148639,47.0894884],[37.8259499,47.0938614],[37.8383095,47.0997045],[37.8621706,47.1062479],[37.8795803,47.1066666],[37.8953012,47.1123232],[37.9123677,47.1081854],[37.9275737,47.1034436],[37.9459416,47.0970167],[37.9715191,47.0875502],[37.9845653,47.0860308],[37.9881702,47.0894203],[37.9790722,47.0928096],[37.9758825,47.0956826],[37.9883419,47.0983022],[37.9993283,47.0994707],[38.0146781,47.0936958],[38.0278241,47.0898878],[38.0374371,47.0897709],[38.044132,47.0985359],[38.054332,47.1083022],[38.0614698,47.1120896],[38.0920257,47.1053132],[38.112625,47.089654],[38.1228691,47.0806216],[38.1287612,47.0723535],[38.1328256,47.0640197],[38.1317956,47.0537286],[38.1194359,47.0485824],[38.1225814,47.0438187],[38.1360872,47.049752],[38.1569138,47.064052],[38.1721916,47.0759777],[38.1865557,47.0937123],[38.1970826,47.1015741],[38.2084123,47.1069489],[38.2301175,47.119406],[38.2284514,47.1226729],[38.2292468,47.1270853],[38.2319091,47.129692],[38.2340685,47.1355459],[38.2363121,47.1395266],[38.2355903,47.1961289],[38.2359666,47.1965918],[38.2354243,47.1998353],[38.234781,47.2025886],[38.2370779,47.2075891],[38.2391299,47.2084879],[38.2402025,47.2091611],[38.2410554,47.2101138],[38.2411519,47.2105429],[38.2408246,47.2108546],[38.2412215,47.2117534],[38.2418471,47.2121661],[38.2415415,47.2125292],[38.2418929,47.2148436],[38.2422759,47.2153019],[38.2422804,47.2162117],[38.2427899,47.217117],[38.2425054,47.2178107],[38.2412876,47.2184817],[38.240507,47.2183364],[38.2400496,47.2184367],[38.2398263,47.218731],[38.2398971,47.2199239],[38.2400827,47.2201486],[38.2400467,47.2213613],[38.2397605,47.2216179],[38.2387591,47.2217389],[38.2383227,47.2219524],[38.2382548,47.2224089],[38.2387143,47.2232165],[38.2387188,47.2234891],[38.2385172,47.22364],[38.2364423,47.2242619],[38.2362738,47.2244999],[38.2364096,47.2254132],[38.2361448,47.2256075],[38.2346481,47.2254071],[38.2338694,47.2258012],[38.2340111,47.227113],[38.2336742,47.2280166],[38.2328621,47.2284101],[38.2329066,47.2291897],[38.2343344,47.2309856],[38.2351234,47.2310967],[38.2362475,47.2308171],[38.237346,47.2312165],[38.2378094,47.2320427],[38.2398865,47.2324121],[38.2405773,47.2321475],[38.2409443,47.23219],[38.2412565,47.2326921],[38.2420348,47.232812],[38.2427674,47.2326826],[38.2460906,47.2341102],[38.2477027,47.2334227],[38.2535413,47.2336156],[38.2605024,47.2383163],[38.288189,47.2385598],[38.288043,47.2564998],[38.3244906,47.2568209],[38.3307851,47.2634492],[38.3309967,47.2645747],[38.3287569,47.2658623],[38.3287371,47.2662912],[38.3337354,47.2689381],[38.3332725,47.270252],[38.3332862,47.2725191],[38.3316897,47.2752191],[38.3276326,47.27668],[38.3260824,47.2767594],[38.3255863,47.277134],[38.3256173,47.2776124],[38.3266414,47.2786087],[38.3271856,47.2795435],[38.3233941,47.2811323],[38.3257662,47.2846011],[38.3284365,47.2848084],[38.3290073,47.2868501],[38.3296901,47.2896121],[38.3333538,47.2921318],[38.3337391,47.2962532],[38.3332879,47.2969749],[38.3296611,47.297438],[38.3275474,47.2975272],[38.3270914,47.2990089],[38.3282045,47.3000189],[38.3345111,47.3014077],[38.336361,47.3055727],[38.3363045,47.3064075],[38.2209779,47.3053796],[38.2214722,47.3273446],[38.2272145,47.3297102],[38.2257943,47.3321154],[38.2220794,47.3328526],[38.230493,47.3389025],[38.2306932,47.3431686],[38.2402401,47.346223],[38.246788,47.3514449],[38.2504613,47.357713],[38.2473631,47.3617371],[38.2455592,47.3631933],[38.2587325,47.3733532],[38.2864922,47.3735598],[38.2864155,47.3914768],[38.3004094,47.391514],[38.3020854,47.3928698],[38.3020221,47.4751206],[38.2894022,47.4767537],[38.2940999,47.4907448],[38.2950717,47.5080641],[38.2849085,47.5083765],[38.2848038,47.5444646],[38.3051136,47.5448513],[38.3111495,47.5536189],[38.3109696,47.5760278],[38.3507371,47.5762058],[38.3501205,47.6166892],[38.4566884,47.6170037],[38.4562749,47.6442531],[38.620087,47.6448705],[38.6295892,47.6533363],[38.6292745,47.6692783],[38.6658873,47.6694185],[38.6656155,47.6971765],[38.6591995,47.7000572],[38.6707962,47.6989544],[38.7291235,47.6988072],[38.7303052,47.680361],[38.7540691,47.6848875],[38.7731639,47.6857642],[38.7708688,47.7206292],[38.7889429,47.7370148],[38.7981571,47.7784404],[38.7886773,47.8159738],[38.8351025,47.816059],[38.8421825,47.8631185],[39.0827779,47.8699273],[39.0828906,47.8516037]]],[[[35.3437946,46.3499966],[35.3436927,46.3480045],[35.3334508,46.3354526],[35.3174357,46.3169204],[35.3036032,46.3162461],[35.2987992,46.3148192],[35.2986282,46.3098972],[35.2953675,46.3075839],[35.2933094,46.3080562],[35.2940007,46.3023608],[35.2989812,46.2988605],[35.2893711,46.285516],[35.2552582,46.2509872],[35.2210622,46.226781],[35.2090177,46.1902543],[35.1356268,46.1662851],[35.0331183,46.1498649],[35.0184613,46.1301914],[34.9894016,46.1100372],[34.9806129,46.0890477],[34.9769809,46.0709154],[35.0708774,46.0956694],[35.1517979,46.1215406],[35.1954912,46.1472745],[35.2282388,46.2019951],[35.2754762,46.2554933],[35.3475835,46.3402912],[35.357285,46.3527257],[35.3695662,46.3643297],[35.3787593,46.3732672],[35.3825458,46.378947],[35.3712877,46.3709968],[35.3437946,46.3499966]]],[[[35.3333665,46.3582202],[35.341778,46.3610327],[35.3482747,46.3633974],[35.3533561,46.3643112],[35.3569267,46.3634058],[35.358609,46.3617895],[35.3712877,46.3709968],[35.3767538,46.3751693],[35.4348206,46.4153201],[35.6146465,46.4996998],[35.7703286,46.6017937],[35.9364159,46.6584769],[36.0834399,46.6583764],[36.189877,46.6669129],[36.2290356,46.6503884],[36.2598882,46.6185035],[36.2480964,46.5920929],[36.2191586,46.5647349],[36.190842,46.534558],[36.166506,46.52756],[36.1583413,46.5400039],[36.152999,46.543158],[36.1496575,46.514619],[36.1154322,46.4988344],[36.0923151,46.4890018],[36.1187857,46.4849539],[36.1672331,46.4950765],[36.2695222,46.6055646],[36.3871263,46.7169171],[36.4958057,46.7474907],[36.6155915,46.7732454],[36.6471828,46.7805555],[36.7055593,46.7775047],[36.7464163,46.7655031],[36.7810734,46.7487854],[36.8105257,46.7278719],[36.8221063,46.7017771],[36.8013332,46.7070255],[36.790687,46.674682],[36.7783344,46.6635319],[36.7610057,46.6656911],[36.7423499,46.637243],[36.7592718,46.618538],[36.8027463,46.6606838],[36.8380441,46.7056437],[36.8458325,46.7240424],[36.8556796,46.7419657],[36.8685104,46.7655733],[36.8859437,46.7892661],[36.9043474,46.8056174],[36.9295237,46.8284428],[36.9588917,46.8475083],[36.9930695,46.8623412],[37.0193409,46.866749],[37.2356347,46.9509504],[37.2972003,46.9272088],[37.3189084,46.8961806],[37.2925383,46.8745361],[37.2886283,46.8705214],[37.3077203,46.8658027],[37.4814542,47.0322115],[37.5122169,47.0645024],[37.5376339,47.0818253],[37.5836711,47.0874048],[37.5805383,47.0817496],[37.5861599,47.0785491],[37.5993048,47.0830288],[37.608257,47.0840406],[37.6195065,47.087157],[37.6243159,47.0909649],[37.6268941,47.0944221],[37.6295827,47.0948063],[37.6321854,47.0946061],[37.6336795,47.0931637],[37.6345118,47.0931437],[37.6352283,47.09401],[37.6664429,47.086291],[37.6709319,47.0852044],[37.6705154,47.0817678],[37.6757999,47.0777699],[37.6821324,47.0770565],[37.685084,47.0781024],[37.6872037,47.0810509],[37.6983358,47.0798491],[37.7138251,47.0802705],[37.7394664,47.0834014],[37.7676875,47.0886009],[37.7939862,47.0847127],[37.8148639,47.0894884],[37.8176104,47.1011748],[37.8163369,47.109753],[37.8180535,47.1190987],[37.8256066,47.1333479],[37.8297265,47.1461922],[37.8365929,47.1569323],[37.8445029,47.1658129],[37.8499825,47.1742053],[37.8513558,47.198938],[37.8472359,47.2138654],[37.8413995,47.2269234],[37.833503,47.249301],[37.8334033,47.2603213],[37.8341897,47.2760952],[37.8338464,47.2854117],[37.8300698,47.2958908],[37.8276665,47.3026429],[37.8348763,47.3082302],[37.8317864,47.3149807],[37.8245766,47.3214977],[37.8273232,47.3284792],[37.8279101,47.3355277],[37.8292834,47.3425074],[37.8444894,47.3419742],[37.856849,47.3436027],[37.8612124,47.3478578],[37.8591525,47.3543707],[37.8486092,47.3501161],[37.8376229,47.3524422],[37.8421,47.3587327],[37.8515994,47.3655338],[37.841643,47.3690218],[37.8383096,47.3780216],[37.8503258,47.3842983],[37.856849,47.3928985],[37.855819,47.403124],[37.8637154,47.4265885],[37.8784784,47.4416839],[37.8925547,47.4697729],[37.8194267,47.5463034],[37.8084403,47.5618278],[37.7823477,47.5859162],[37.7771978,47.6157796],[37.7686147,47.6354478],[37.801917,47.6423879],[37.8039769,47.6601962],[37.7644947,47.6847015],[37.7184895,47.7072316],[37.6726795,47.7247168],[37.6467557,47.7456551],[37.6375888,47.7519939],[37.623169,47.7731102],[37.6345486,47.8025384],[37.6342622,47.838423],[37.6330023,47.8460097],[37.6348905,47.8525768],[37.6348904,47.8558021],[37.6355771,47.860179],[37.6389066,47.8677882],[37.640944,47.8706227],[37.6424889,47.8737318],[37.6440338,47.8809854],[37.6440338,47.8866264],[37.6299576,47.8930725],[37.5963118,47.9032005],[37.5759066,47.9077328],[37.5774254,47.8640615],[37.527145,47.8441906],[37.5329822,47.8181445],[37.4841086,47.7933122],[37.4696352,47.7806675],[37.4632671,47.7404593],[37.3827579,47.7491166],[37.3578097,47.7496297],[37.3562811,47.7405918],[37.3064482,47.6862064],[37.2394207,47.6895929],[37.1739903,47.7012554],[37.1039525,47.7139619],[37.1020021,47.7446641],[37.0535318,47.743548],[36.9645121,47.7634237],[36.9319211,47.7747196],[36.9039452,47.7867078],[36.887977,47.7952316],[36.8735466,47.8053393],[36.8360755,47.8151616],[36.8202397,47.8215592],[36.800842,47.8215015],[36.7870233,47.8082737],[36.7906067,47.7987899],[36.7879244,47.7965416],[36.7811576,47.7930767],[36.7695837,47.7803557],[36.7324997,47.7803688],[36.7220233,47.7890225],[36.7079387,47.7920237],[36.6945375,47.79237],[36.6600267,47.7840617],[36.6581154,47.7762924],[36.6065248,47.7737352],[36.5375439,47.7166252],[36.5552456,47.6729186],[36.5140996,47.6635349],[36.4448315,47.6501219],[36.3683191,47.6314425],[36.287964,47.6052585],[36.1065648,47.5890677],[36.078782,47.5252906],[36.0333639,47.5162955],[36.0139109,47.5102118],[35.9733233,47.5156869],[35.9254508,47.5093625],[35.867972,47.5090433],[35.7979092,47.5154458],[35.6995213,47.5285243],[35.6454856,47.5214008],[35.5074008,47.5135746],[35.4443403,47.5276734],[35.3950215,47.5208021],[35.3950087,47.5208101],[35.3603365,47.4994552],[35.310061,47.4922519],[35.2789589,47.5011779],[35.274292,47.4940961],[35.2839651,47.4711179],[35.2732113,47.4557986],[35.2649108,47.454382],[35.2711132,47.4718601],[35.2663264,47.4731508],[35.2492229,47.467476],[35.2026366,47.4448564],[35.1486561,47.4455391],[35.0775036,47.4531547],[35.0589931,47.4472408],[35.0446075,47.4376096],[35.0165413,47.411376],[34.9686877,47.3890866],[34.9284011,47.392589],[34.8808768,47.4087593],[34.8619081,47.4207375],[34.8723335,47.436482],[34.8717751,47.4494395],[34.8599184,47.4511069],[34.8251973,47.4646556],[34.7922996,47.4676001],[34.7472176,47.492976],[34.7356684,47.4908156],[34.7089772,47.4904348],[34.6864051,47.4928325],[34.6801944,47.5105837],[34.6594778,47.526596],[34.6440841,47.5419253],[34.6283735,47.5456828],[34.61803,47.5443437],[34.605993,47.5374148],[34.5990354,47.5345232],[34.5862444,47.521662],[34.544526,47.5325602],[34.5331332,47.530312],[34.5013916,47.4985407],[34.4358354,47.4967662],[34.3869447,47.5137279],[34.3727547,47.5105284],[34.3637954,47.4937434],[34.3395698,47.4680202],[34.3349084,47.4468546],[34.2960988,47.4285407],[34.2696759,47.4394016],[34.1992864,47.4119572],[34.1457219,47.4243196],[34.1183426,47.4204195],[34.064871,47.4241706],[34.0466745,47.4175073],[34.0399147,47.40244],[34.0196475,47.3578914],[33.9826442,47.2281837],[33.9098104,47.170099],[33.853211,47.1397486],[33.8407853,47.0983773],[33.8023157,47.0588696],[33.7227477,47.0172364],[33.6976667,46.9949841],[33.6973247,46.9621854],[33.6897886,46.9214159],[33.6784445,46.9007786],[33.6576732,46.9034758],[33.6338211,46.8993673],[33.6341699,46.8822418],[33.634027,46.8661098],[33.6022727,46.8277126],[33.5234813,46.8230958],[33.4642572,46.8182295],[33.3770342,46.7748365],[33.3691507,46.7820826],[33.359021,46.7856416],[33.3566199,46.782589],[33.3566788,46.782027],[33.3689565,46.7707601],[33.3592082,46.7655691],[33.3248969,46.754505],[33.2866486,46.7488393],[33.2571281,46.7555432],[33.2238335,46.7673909],[33.1987715,46.7688835],[33.1439158,46.7602052],[33.0015038,46.7181504],[32.9214055,46.7119792],[32.862185,46.6984591],[32.8451237,46.6889292],[32.8259938,46.6800082],[32.8153644,46.6768559],[32.802775,46.6759667],[32.7864412,46.6701806],[32.7728628,46.667246],[32.7588563,46.6654877],[32.7318308,46.6647374],[32.7211242,46.6654729],[32.7198633,46.6657683],[32.7140485,46.6654015],[32.7017968,46.6629134],[32.6593406,46.6502431],[32.6158917,46.6172631],[32.5917838,46.594517],[32.5803915,46.5786097],[32.5525244,46.5561587],[32.5297942,46.5513314],[32.5136229,46.5528113],[32.5025993,46.5597198],[32.4938657,46.569411],[32.478455,46.5717935],[32.4590535,46.5602934],[32.4853407,46.5248236],[32.4182721,46.4855706],[32.4116422,46.4828862],[32.3994021,46.474569],[32.3586749,46.4650634],[32.3272467,46.4658192],[32.2593632,46.4776997],[32.1866986,46.4860454],[32.156592,46.4927241],[32.1216254,46.4983778],[32.0784139,46.4997641],[32.0439949,46.4913924],[32.0027152,46.491517],[31.9108596,46.5165686],[31.8777032,46.5191256],[31.861055,46.5158216],[31.8043279,46.5289631],[31.754436,46.5477486],[31.6976546,46.5448873],[31.6690402,46.5362578],[31.6315022,46.5403713],[31.6003753,46.5377239],[31.5810756,46.5362154],[31.5540871,46.5453183],[31.5305219,46.5574853],[31.5129914,46.5805343],[31.5113006,46.5765434],[31.5216247,46.56146],[31.5538208,46.5361051],[31.6085172,46.5057035],[31.6559433,46.4717345],[31.6918835,46.4686048],[31.7413559,46.4890915],[31.7987384,46.4796465],[31.896928,46.4576286],[31.9528268,46.4373359],[31.9748472,46.4390845],[32.0022459,46.453311],[32.0290416,46.4374217],[32.0355715,46.4164449],[32.0584621,46.3936051],[32.0496571,46.3834371],[32.0255326,46.3853602],[32.0219174,46.382339],[32.0090519,46.3639959],[31.9757801,46.3480047],[31.9439259,46.3427845],[31.9052405,46.3394654],[31.865532,46.3332886],[31.8386435,46.3356205],[31.7727132,46.3222846],[31.7473096,46.3005071],[31.7477416,46.2980208],[31.7564105,46.2955366],[31.7573225,46.2950781],[31.7680193,46.2963985],[31.77451,46.2938047],[31.7712158,46.28872],[31.7755479,46.2853427],[31.7751137,46.282147],[31.7821317,46.2767197],[31.7832911,46.2723916],[31.7771998,46.2680096],[31.779606,46.2643492],[31.7843677,46.2655589],[31.7845172,46.2687448],[31.7917055,46.2737697],[31.7963826,46.2734659],[31.8097279,46.2719756],[31.8143612,46.2693303],[31.8132445,46.2646255],[31.8183073,46.2641929],[31.8346973,46.26602],[31.8331459,46.2696742],[31.8351942,46.2727102],[31.8477009,46.2682192],[31.8507418,46.268136],[31.8520181,46.2704616],[31.8629835,46.2720247],[31.8708344,46.2656555],[31.8740047,46.2651386],[31.8832914,46.2732981],[31.89507,46.2806265],[31.9041055,46.2963125],[31.9364358,46.2907488],[31.9437456,46.2854411],[31.9565439,46.2654215],[31.9591374,46.2652489],[31.9695145,46.2570898],[32.0286309,46.245122],[32.0514192,46.2496669],[32.0777541,46.2388024],[32.0878289,46.2213429],[32.1264746,46.203027],[32.1659661,46.196775],[32.1870249,46.175548],[32.2061332,46.1720621],[32.2067617,46.1753105],[32.2081061,46.1866809],[32.221812,46.187592],[32.2398798,46.1783972],[32.2258878,46.1699955],[32.2288004,46.1665053],[32.2366728,46.1500149],[32.2304411,46.1393923],[32.226216,46.1324231],[32.2477914,46.1244914],[32.5346946,46.0652669],[32.710194,46.1026938],[32.9126426,46.102199],[33.1775483,46.1203559],[33.2991907,46.0700506],[33.4288609,46.0272295],[33.5148147,46.0271133],[33.4966984,46.0701674],[33.5637474,46.0746225],[33.5247978,46.1155786],[33.5573368,46.1221338],[33.5737439,46.1255906],[33.6079654,46.1475624],[33.6896977,46.204216],[33.697092,46.2032997],[33.7079189,46.200155],[33.7145513,46.1967761],[33.7247981,46.1915999],[33.7358592,46.1859204],[33.7386094,46.185157],[33.7405294,46.1850101],[33.7299192,46.1709572],[33.7292637,46.1690726],[33.7261891,46.1667043],[33.7253384,46.1649261],[33.7262858,46.1616592],[33.7265868,46.1578857],[33.72811,46.1551668],[33.7350502,46.1498824],[33.735601,46.1471215],[33.7408709,46.1441232],[33.7475131,46.1378538],[33.7495382,46.1374606],[33.7548898,46.1406843],[33.8239473,46.1869511],[34.0383305,46.1168174],[34.1225789,46.1080045],[34.1607681,46.0803117],[34.2253474,46.0637955],[34.3824606,46.0345739],[34.4785479,45.9468288],[34.5560383,45.9885731],[34.6514104,45.97379],[34.7008789,45.9590612],[34.8400152,45.8737411],[34.8158666,45.8357222],[34.8250838,45.8112122],[34.8674066,45.8291807],[34.8707212,45.8467632],[34.8751306,45.8555496],[34.8862268,45.8603957],[34.9004134,45.8580674],[34.9353039,45.8054347],[34.9403655,45.7872533],[34.9456423,45.7803165],[34.9554893,45.767389],[34.9493387,45.7628178],[34.9582138,45.7599193],[34.9681019,45.7621984],[34.9731755,45.763623],[34.9770477,45.7651671],[34.8921828,45.8986927],[34.852469,46.0090997],[34.8346359,46.1154117],[34.829315,46.204055],[34.8995659,46.2381715],[35.021547,46.2584415],[35.052167,46.2669443],[35.0767677,46.2785357],[35.1021348,46.3004517],[35.1124432,46.3102126],[35.1176084,46.3222025],[35.1274123,46.3419438],[35.1395419,46.3515709],[35.1620938,46.3587479],[35.175433,46.3632748],[35.1851942,46.3695606],[35.1900773,46.3712781],[35.1997289,46.3813728],[35.2574305,46.375757],[35.2630952,46.3656409],[35.2663547,46.353511],[35.2695223,46.3559538],[35.2747139,46.3559584],[35.2903127,46.357234],[35.3018887,46.3555606],[35.3053962,46.3542423],[35.3080086,46.3495037],[35.3087903,46.3483784],[35.3140349,46.3450016],[35.3179919,46.3402619],[35.318515,46.3350481],[35.317497,46.3314708],[35.3218364,46.3332078],[35.3333665,46.3582202]]],[[[37.8562077,48.1928465],[37.8833302,48.1997121],[37.8965706,48.2154292],[37.8929432,48.2335689],[37.89157,48.2550609],[37.8953466,48.268546],[37.8881602,48.2836394],[37.8901968,48.2991598],[37.8696933,48.2818506],[37.8423308,48.2832692],[37.8217294,48.2899051],[37.8082985,48.2875112],[37.799505,48.2780342],[37.8012386,48.2582824],[37.7834469,48.2548452],[37.7761512,48.2501586],[37.7849065,48.2446757],[37.8018157,48.243074],[37.8125434,48.2380409],[37.8228431,48.230723],[37.8290229,48.2041871],[37.8077741,48.1849014],[37.8103277,48.1553785],[37.8094909,48.1524009],[37.8198549,48.1438969],[37.824622,48.1578177],[37.8285927,48.1751503],[37.8562077,48.1928465]]],[[[38.402637,48.5919397],[38.4060702,48.6019302],[38.4048036,48.6090985],[38.4046894,48.6169314],[38.4088093,48.62964],[38.4143025,48.6382619],[38.4198032,48.6450485],[38.4314762,48.6504924],[38.4452016,48.6550476],[38.4644278,48.6564083],[38.4802281,48.6591107],[38.4967076,48.6631925],[38.5152472,48.6663671],[38.5161483,48.6705617],[38.5272842,48.6746424],[38.5394514,48.6735091],[38.5489783,48.6752945],[38.5594455,48.6866947],[38.5722313,48.6890556],[38.577732,48.6967418],[38.5784187,48.7094303],[38.5832177,48.7198696],[38.6301672,48.721172],[38.6784116,48.723701],[38.6745492,48.7293629],[38.6917155,48.7293629],[38.7055541,48.7754591],[38.5596882,48.8300656],[38.5304354,48.8497759],[38.4952068,48.8707374],[38.4748205,48.9035945],[38.413393,48.9399705],[38.4022715,48.9556589],[38.3698935,48.9817692],[38.2997041,49.0248792],[38.2844417,49.0264547],[38.2615817,49.0244189],[38.2399458,49.005535],[38.2577418,48.9692683],[38.2360201,48.956746],[38.2330256,48.9418302],[38.2106638,48.9313209],[38.1974127,48.9047222],[38.1788915,48.874347],[38.1828746,48.8491426],[38.2292058,48.7984233],[38.2621468,48.7813767],[38.2635828,48.7519729],[38.2322928,48.7450529],[38.2205484,48.7376868],[38.2205787,48.7194463],[38.1776078,48.6758895],[38.160514,48.6693383],[38.1406757,48.665452],[38.1582669,48.6450137],[38.1804834,48.6412435],[38.169686,48.5849223],[38.1277134,48.5581328],[38.1602481,48.5183901],[38.1598202,48.5084096],[38.2344013,48.4819325],[38.2220984,48.4752176],[38.2215094,48.4653082],[38.2181744,48.4617727],[38.1950951,48.4203152],[38.1718321,48.4086961],[38.1565068,48.4258095],[38.1397872,48.4345657],[38.1316835,48.4346148],[38.1239233,48.4337522],[38.1174769,48.420805],[38.135158,48.4190391],[38.1484618,48.4144818],[38.1630936,48.4021166],[38.1544451,48.395536],[38.1500926,48.3854193],[38.1847683,48.3749299],[38.2074276,48.371509],[38.2149807,48.3690002],[38.2276837,48.3671755],[38.2591203,48.359806],[38.2736891,48.3591918],[38.2907061,48.361631],[38.3217544,48.3710529],[38.3435779,48.3844372],[38.3542284,48.390346],[38.3672748,48.3996925],[38.3799702,48.4086007],[38.390964,48.4158739],[38.3892474,48.4322779],[38.3930237,48.436606],[38.4053767,48.4733655],[38.4115634,48.5105796],[38.4143026,48.5206053],[38.402637,48.5478669],[38.402637,48.5919397]]],[[[32.4242085,46.5677111],[32.4242018,46.5677046],[32.4242026,46.5676981],[32.4242085,46.5677111]]],[[[33.9028044,47.2324174],[33.9138897,47.2448994],[33.9186393,47.2721917],[33.9663379,47.3030111],[33.9758227,47.3560188],[33.9748945,47.3872401],[33.9571325,47.4182281],[33.9094933,47.4216948],[33.8766048,47.4342063],[33.8355409,47.4341268],[33.7755488,47.4239823],[33.7231796,47.4201485],[33.7212299,47.4308333],[33.6340199,47.4392032],[33.6146149,47.4497577],[33.6011116,47.4636318],[33.5649605,47.4622771],[33.5581594,47.4736268],[33.5553104,47.4856931],[33.5605299,47.4933511],[33.5598172,47.5042157],[33.5621451,47.5098925],[33.5492442,47.516189],[33.501265,47.5115649],[33.4284123,47.4900902],[33.405582,47.4772516],[33.4073836,47.460092],[33.3889629,47.4581332],[33.3896496,47.4565075],[33.3896281,47.4540112],[33.3890988,47.4507753],[33.389763,47.4491001],[33.3898216,47.4450918],[33.3886491,47.441288],[33.3863819,47.4398436],[33.3839608,47.4394116],[33.3830936,47.4386152],[33.3835183,47.4378686],[33.3848464,47.436102],[33.3867979,47.4328382],[33.3942967,47.4279545],[33.3999006,47.4274227],[33.4031968,47.4275025],[33.4061496,47.4268854],[33.4075877,47.425373],[33.4071909,47.4233973],[33.402417,47.4212474],[33.3967559,47.4175787],[33.3877733,47.4163413],[33.378791,47.4162648],[33.3765323,47.4170979],[33.3736073,47.4184677],[33.3696523,47.4193728],[33.3687013,47.4187098],[33.3671101,47.4173329],[33.3666578,47.4165284],[33.365745,47.413164],[33.3661468,47.4119463],[33.3654894,47.4104662],[33.365392,47.4077135],[33.3653432,47.4056402],[33.3660912,47.4014666],[33.3670658,47.3992636],[33.3672096,47.3976391],[33.3696847,47.394038],[33.3698922,47.3922954],[33.3702533,47.390843],[33.3737625,47.3882243],[33.3762036,47.3869152],[33.3763941,47.3857377],[33.3755452,47.3817783],[33.3717736,47.3793337],[33.3699739,47.3793319],[33.369074,47.3786917],[33.3697399,47.3766861],[33.368861,47.3756685],[33.368453,47.3728337],[33.3618271,47.3689859],[33.3583431,47.3678177],[33.3547989,47.3650245],[33.3500229,47.3642673],[33.3480641,47.364412],[33.3467503,47.3649459],[33.3458639,47.3654573],[33.3454926,47.3650966],[33.3457798,47.3639682],[33.3463718,47.3618207],[33.3455387,47.3605602],[33.3424551,47.3600562],[33.3390283,47.3602497],[33.3377473,47.3625069],[33.33539,47.3629378],[33.3321515,47.3642578],[33.3298456,47.3638712],[33.3259461,47.3643755],[33.321679,47.3648602],[33.3151682,47.3674278],[33.3106256,47.3701649],[33.3055223,47.3688593],[33.2997092,47.3680905],[33.2991203,47.3663112],[33.2973289,47.3652828],[33.2952317,47.3653499],[33.2934965,47.3641625],[33.292019,47.3603299],[33.2901247,47.3572788],[33.2892015,47.3546298],[33.289641,47.3538576],[33.2914057,47.3529046],[33.2919259,47.3521841],[33.2920961,47.3509854],[33.2914511,47.3494524],[33.2905708,47.348744],[33.2881995,47.3476338],[33.2852114,47.3459738],[33.2845329,47.3454345],[33.284541,47.3449533],[33.2851027,47.344039],[33.2860702,47.3433783],[33.2864681,47.3422627],[33.287697,47.3396984],[33.2889274,47.3385894],[33.2908299,47.3375114],[33.2950855,47.3353728],[33.2968698,47.3341871],[33.2981053,47.3335943],[33.2995813,47.3329489],[33.3009201,47.3314627],[33.3008856,47.330471],[33.3009772,47.3296332],[33.3002076,47.3285162],[33.299438,47.3284754],[33.2989774,47.3281378],[33.2978217,47.3278926],[33.2969022,47.3273857],[33.2976134,47.3264423],[33.2989564,47.3252137],[33.298969,47.3239268],[33.2981094,47.3234429],[33.2974221,47.3226773],[33.2961344,47.3219163],[33.293731,47.3214485],[33.2914994,47.3217382],[33.290169,47.3221158],[33.2892463,47.3220427],[33.2868645,47.3209806],[33.2852865,47.3210131],[33.2792618,47.3223094],[33.2765926,47.3233065],[33.2667565,47.3271835],[33.2648557,47.3280736],[33.2622253,47.3294872],[33.2606545,47.3307502],[33.25668,47.3341656],[33.2560702,47.3345392],[33.2548641,47.3348133],[33.2536579,47.3347674],[33.251982,47.3341099],[33.2507579,47.3335484],[33.2488044,47.3320853],[33.2467433,47.3300769],[33.2453695,47.3280546],[33.2424082,47.325909],[33.2405628,47.324636],[33.2376226,47.3231366],[33.2342536,47.3221315],[33.2333928,47.3215884],[33.2330483,47.320415],[33.2342486,47.3167398],[33.23523,47.315189],[33.2354631,47.3143263],[33.2363521,47.3127603],[33.238041,47.311439],[33.2417607,47.3093816],[33.2448795,47.3086045],[33.2464969,47.3076125],[33.2504314,47.3067368],[33.2556194,47.3061513],[33.2582752,47.3055073],[33.26224,47.3057654],[33.2671407,47.3076986],[33.269767,47.3075947],[33.27068,47.307383],[33.2740118,47.3071317],[33.2746048,47.3064822],[33.2756308,47.3058082],[33.2754981,47.3041158],[33.2751357,47.3029672],[33.2748687,47.3010833],[33.2749927,47.3004907],[33.2756556,47.2990593],[33.2754291,47.297325],[33.274516,47.2959398],[33.2737435,47.2949905],[33.2717265,47.2929731],[33.269774,47.2921973],[33.2688407,47.2916056],[33.2676446,47.2906111],[33.2639137,47.2878724],[33.2629724,47.2878409],[33.2616217,47.288128],[33.2610322,47.2875437],[33.2597933,47.2870187],[33.2566232,47.2865519],[33.2496964,47.2863159],[33.249136,47.2865157],[33.2471392,47.2861207],[33.2427934,47.2867965],[33.2398908,47.2886189],[33.2387827,47.2888023],[33.2326535,47.2887819],[33.2318128,47.2894901],[33.231607,47.2902517],[33.2309033,47.2920297],[33.229736,47.2923074],[33.2288691,47.2920029],[33.2281504,47.2912857],[33.2266323,47.2913346],[33.2246852,47.2908594],[33.2201443,47.2894457],[33.2162006,47.2877199],[33.2144007,47.286624],[33.2135438,47.2857559],[33.211828,47.2850307],[33.2109273,47.2845808],[33.2098653,47.2840316],[33.2090608,47.283366],[33.209458,47.2830206],[33.2095279,47.2818872],[33.2087475,47.2805927],[33.2075848,47.2792176],[33.2050062,47.2772892],[33.2040711,47.2763066],[33.2021849,47.2732656],[33.2009845,47.2720654],[33.1984109,47.2681862],[33.1980705,47.2664556],[33.198072,47.2645711],[33.1976007,47.2640657],[33.1958631,47.263245],[33.1940397,47.2620167],[33.1936847,47.2611247],[33.1938506,47.2576205],[33.1939135,47.2573562],[33.1943627,47.2572084],[33.195434,47.2565363],[33.1963559,47.2555013],[33.1969027,47.2545177],[33.1976481,47.2537347],[33.1998232,47.2522655],[33.2000524,47.2514726],[33.1995233,47.2507558],[33.1978426,47.2498439],[33.1957577,47.2495919],[33.1932133,47.2499611],[33.1919411,47.2500292],[33.1913909,47.2497136],[33.1914591,47.2490898],[33.1920511,47.2483117],[33.1938062,47.2472527],[33.1948983,47.2464027],[33.1952608,47.2454944],[33.1951672,47.2447763],[33.192846,47.2424943],[33.1916,47.2420234],[33.189518,47.2419335],[33.1872325,47.2426751],[33.1867336,47.2432788],[33.1866986,47.2439011],[33.1863377,47.2441248],[33.1859427,47.2437122],[33.1855736,47.2431854],[33.1850029,47.2426307],[33.1845889,47.2416249],[33.1845536,47.2389077],[33.1841072,47.2379571],[33.1820816,47.2369572],[33.1798244,47.236603],[33.1786959,47.2368628],[33.1776166,47.237488],[33.1762616,47.2377423],[33.1750691,47.2368204],[33.172928,47.2335621],[33.1678665,47.2333316],[33.1666662,47.2341196],[33.1661089,47.2340473],[33.1637703,47.2315634],[33.1601014,47.2312941],[33.1583777,47.23258],[33.1592324,47.2343886],[33.1625351,47.235526],[33.1628132,47.2359198],[33.1616648,47.2363207],[33.1590143,47.2355561],[33.1563461,47.2355596],[33.1526088,47.2345995],[33.1513841,47.2341485],[33.1506859,47.2334857],[33.1502511,47.2326007],[33.1487893,47.2309342],[33.1477152,47.2304506],[33.1422001,47.230063],[33.1409017,47.230481],[33.1387504,47.2313893],[33.1328681,47.2329508],[33.1272864,47.2308984],[33.1266375,47.2297938],[33.1266135,47.2287461],[33.1270306,47.225716],[33.1276254,47.2223648],[33.1284378,47.2206017],[33.129316,47.2192247],[33.1339708,47.2132128],[33.1353301,47.2126605],[33.1366534,47.2123844],[33.142379,47.2110802],[33.1427527,47.2107196],[33.1428689,47.2097468],[33.1417242,47.2084289],[33.1407657,47.2083821],[33.1396856,47.208038],[33.1391885,47.2071663],[33.1376096,47.2057392],[33.1365198,47.2055504],[33.135902,47.2058572],[33.1342215,47.2057635],[33.1336387,47.2049586],[33.1318025,47.2032732],[33.1306269,47.2028387],[33.1284942,47.2026214],[33.1275995,47.2031834],[33.1268517,47.2032603],[33.1238724,47.2024624],[33.1144355,47.1909091],[33.0673967,47.2007253],[33.05943,47.1944003],[33.0521513,47.1906409],[33.0390621,47.1890114],[33.0365653,47.1869003],[33.0361285,47.1828058],[33.0391244,47.1800824],[33.0390302,47.1785258],[33.0378355,47.1775978],[33.0326033,47.1776589],[33.0274123,47.1762308],[33.0251397,47.1763194],[33.0209802,47.1785817],[33.015467,47.1797711],[33.0121851,47.1820104],[33.0114348,47.1845993],[33.0129479,47.1870605],[33.0127445,47.1885883],[33.0113246,47.1909666],[33.0062993,47.1960278],[33.0034766,47.196287],[33.0011688,47.1957296],[33.0003202,47.1943557],[33.0001583,47.1925152],[33.0027098,47.1923046],[33.0040597,47.191394],[33.0038371,47.1901136],[33.0022412,47.1892999],[32.9953426,47.190594],[32.9913299,47.1893323],[32.991031,47.1884722],[32.9919974,47.1864088],[32.9917621,47.1850455],[32.9910785,47.1800004],[32.9922535,47.1746681],[32.9956732,47.169493],[32.9960028,47.1674688],[32.9958903,47.1661913],[32.9947478,47.1652639],[32.9932354,47.1653347],[32.9914655,47.1660763],[32.9900226,47.1673808],[32.9889655,47.168122],[32.9878227,47.1686297],[32.9876239,47.1680872],[32.9877685,47.1675446],[32.9892052,47.1669499],[32.9906014,47.1648447],[32.9912679,47.158742],[32.9918083,47.1578619],[32.9938507,47.1564857],[32.9939105,47.1539285],[32.9930695,47.153268],[32.9917564,47.1532495],[32.990267,47.1540288],[32.9888786,47.1552355],[32.9878839,47.1557221],[32.9861168,47.1558002],[32.9850096,47.1542766],[32.9846757,47.1528117],[32.9852859,47.152018],[32.987559,47.1517355],[32.9900896,47.1515696],[32.9913741,47.1511212],[32.9930715,47.150185],[32.9955079,47.1462145],[32.9959104,47.1449299],[32.9980427,47.141573],[33.0001815,47.1386686],[33.0016371,47.1358443],[33.001721,47.1344905],[33.0024925,47.132383],[33.0027152,47.1315863],[33.0018825,47.1298157],[33.0009941,47.1296312],[32.9999062,47.1278747],[32.9988903,47.126646],[32.9963224,47.1253017],[32.994309,47.1240164],[32.9925612,47.1226778],[32.9875675,47.120636],[32.9818875,47.1196161],[32.9763692,47.1182981],[32.9726232,47.1170256],[32.9701065,47.1160389],[32.9661737,47.1156946],[32.9627391,47.1158017],[32.9595619,47.1162592],[32.9520932,47.1173006],[32.9505904,47.1170036],[32.9502892,47.1156843],[32.9508791,47.114116],[32.9520111,47.1127188],[32.9537438,47.111672],[32.9565653,47.1103962],[32.9593759,47.1095395],[32.9635492,47.1086438],[32.9662794,47.1082834],[32.9699191,47.1083077],[32.9715672,47.1080277],[32.9723141,47.10766],[32.9727965,47.107183],[32.9737937,47.1049534],[32.973804,47.1032933],[32.9735567,47.1012827],[32.9729545,47.100368],[32.9726105,47.0994141],[32.9699491,47.0974668],[32.9671159,47.0969901],[32.9642827,47.0970392],[32.9614924,47.0975557],[32.959217,47.0985104],[32.9553087,47.1007651],[32.950994,47.1053685],[32.9500264,47.1059407],[32.9486465,47.1061846],[32.9445201,47.105961],[32.942175,47.1053138],[32.9395726,47.1039655],[32.9390026,47.1030799],[32.9384671,47.1016309],[32.9375556,47.1002053],[32.9357267,47.0941462],[32.9343833,47.0877858],[32.9333834,47.0863925],[32.9302551,47.0845172],[32.9261828,47.0834599],[32.924836,47.0834833],[32.9236608,47.0839158],[32.9165467,47.0850436],[32.9153006,47.0856468],[32.9136047,47.0871757],[32.9133145,47.0879109],[32.9107499,47.0905746],[32.9095212,47.0918377],[32.908864,47.0935795],[32.9086358,47.0969575],[32.9105095,47.1005644],[32.9132489,47.1034487],[32.9135423,47.1043174],[32.9131046,47.1052342],[32.9106541,47.1076498],[32.9057142,47.1102989],[32.9019196,47.1121887],[32.8998935,47.1128999],[32.8949322,47.1135768],[32.8938332,47.1132605],[32.8931562,47.1126876],[32.8919595,47.1110868],[32.8911251,47.1090889],[32.8906651,47.1064542],[32.8908917,47.1033521],[32.894716,47.0965711],[32.8952545,47.0949627],[32.8972404,47.0918796],[32.8982819,47.0890887],[32.8976385,47.0880569],[32.8943128,47.0867521],[32.8845084,47.0822908],[32.8752089,47.0786593],[32.8715037,47.0769002],[32.8701662,47.0767799],[32.8645192,47.0788238],[32.8623813,47.0792023],[32.8526432,47.0786899],[32.8488892,47.0799524],[32.8478699,47.0826875],[32.846244,47.0845811],[32.8438856,47.0857617],[32.8455385,47.0886603],[32.8135422,47.0982767],[32.7795868,47.0987058],[32.7615308,47.0822634],[32.7180866,47.0681507],[32.6950885,47.0677757],[32.6856564,47.0678403],[32.6695009,47.0668375],[32.6530131,47.0665],[32.6389075,47.0656636],[32.6233347,47.0631859],[32.6102365,47.0604502],[32.605647,47.059482],[32.5970774,47.0581553],[32.5390417,47.0475649],[32.5198554,47.0443287],[32.5194515,47.0148811],[32.4871751,46.9980677],[32.4764465,46.9847194],[32.4225553,46.9589532],[32.3751395,46.911193],[32.3612991,46.8964354],[32.3540139,46.8798796],[32.3567438,46.8668509],[32.3611987,46.8561673],[32.3637473,46.8318811],[32.3041622,46.7772851],[32.2449066,46.7704252],[32.217432,46.7495852],[32.1872734,46.7471601],[32.1704922,46.7457019],[32.1657363,46.7021234],[32.1703712,46.678809],[32.1782561,46.6353304],[32.1181862,46.6309714],[32.0948902,46.6340049],[32.0880776,46.6167605],[32.1042415,46.6124143],[32.1133517,46.6045799],[32.119713,46.596745],[32.1385957,46.5568622],[32.1846008,46.5752733],[32.2089766,46.5762173],[32.2463986,46.5922626],[32.2594448,46.5903752],[32.2785946,46.5809827],[32.320535,46.5533911],[32.4242085,46.5677111],[32.4302168,46.5602164],[32.4487507,46.5632228],[32.467975,46.571183],[32.4767249,46.5829711],[32.5114018,46.5963907],[32.5439427,46.5956148],[32.5606573,46.5980648],[32.5790891,46.5970914],[32.5896907,46.6024557],[32.637241,46.638298],[32.6544025,46.6529993],[32.6617889,46.6566227],[32.6714359,46.6598673],[32.6723546,46.6597957],[32.6759038,46.6610263],[32.6797814,46.6620687],[32.6841741,46.6629047],[32.6949403,46.6665148],[32.7001964,46.6680724],[32.7056244,46.6693058],[32.7073192,46.6702444],[32.708982,46.6705518],[32.709764,46.6704488],[32.7111215,46.6709121],[32.7143887,46.672303],[32.7176619,46.6736416],[32.7191113,46.6739601],[32.7198633,46.6657683],[32.7211242,46.6654729],[32.72036,46.6740652],[32.7212711,46.6746668],[32.7237869,46.6748947],[32.7263886,46.6752993],[32.7294409,46.6750557],[32.7298405,46.67553],[32.7313385,46.6754506],[32.7351988,46.6753077],[32.7364423,46.675457],[32.7374131,46.6750781],[32.7385127,46.6748759],[32.7388236,46.6745009],[32.7406364,46.6744792],[32.7412424,46.6748364],[32.7502143,46.6733071],[32.7580702,46.6725576],[32.7679407,46.6727274],[32.7776397,46.673338],[32.7831781,46.6739781],[32.7932433,46.6765945],[32.802611,46.6802873],[32.8120658,46.6844213],[32.8136076,46.6834066],[32.8181765,46.6842131],[32.8344628,46.6906415],[32.8379818,46.6941554],[32.8697013,46.7075272],[32.9421856,46.7396531],[33.0135971,46.7420058],[33.0458696,46.7467111],[33.0948859,46.7689454],[33.1559977,46.7884599],[33.2298124,46.7865792],[33.3091201,46.7741186],[33.3292905,46.7799378],[33.351116,46.7790846],[33.3534253,46.7795566],[33.3566788,46.782027],[33.3566199,46.782589],[33.359021,46.7856416],[33.3590776,46.7869083],[33.3620449,46.7892299],[33.3654075,46.7913863],[33.3805316,46.8051472],[33.4121732,46.8296556],[33.4418265,46.8417292],[33.4697722,46.8467501],[33.508568,46.8580732],[33.5904632,46.8537657],[33.5990403,46.894156],[33.5952613,46.9345462],[33.6550291,46.9850037],[33.6619659,46.9998455],[33.6573283,47.0484019],[33.7499326,47.0920155],[33.763927,47.0979765],[33.7872047,47.1308085],[33.7816567,47.1786881],[33.7896706,47.1836219],[33.8249067,47.1959862],[33.8548273,47.2071725],[33.8655878,47.2096232],[33.8847003,47.2200357],[33.9028044,47.2324174]]],[[[36.2825736,50.232937],[36.2922319,50.2449716],[36.3058471,50.247144],[36.319009,50.2822468],[36.328567,50.2898094],[36.2971111,50.2921045],[36.2989768,50.2990622],[36.2857354,50.2990016],[36.2855638,50.3034971],[36.2843622,50.3064576],[36.275779,50.3174201],[36.2785255,50.3233388],[36.2733757,50.3242156],[36.2840188,50.3349548],[36.276809,50.3404331],[36.2553622,50.3552215],[36.2409443,50.3585062],[36.232918,50.3647203],[36.2307269,50.3715912],[36.2134311,50.3837698],[36.2026512,50.3961656],[36.1832506,50.4056319],[36.1772379,50.4021858],[36.1697057,50.4109105],[36.1607951,50.4314486],[36.1355678,50.4377749],[36.1357484,50.4235429],[36.1267442,50.4166442],[36.1458906,50.4075577],[36.1354336,50.3845705],[36.1262034,50.3248327],[36.1305818,50.3149039],[36.1262053,50.292689],[36.1425132,50.2850116],[36.1843476,50.2795968],[36.2187009,50.2661829],[36.224587,50.252947],[36.2366193,50.2455451],[36.2661534,50.242309],[36.2825736,50.232937]]],[[[36.328567,50.2898094],[36.319009,50.2822468],[36.3058471,50.247144],[36.2922319,50.2449716],[36.2825736,50.232937],[36.2645779,50.208956],[36.2654791,50.1953313],[36.2726573,50.1932824],[36.275173,50.1902766],[36.2730974,50.1880126],[36.2717357,50.184474],[36.282532,50.1860613],[36.3011586,50.1838128],[36.3431686,50.1685107],[36.4337296,50.1704993],[36.5350295,50.1683658],[36.5590058,50.1678059],[36.6063219,50.1604745],[36.648519,50.1756785],[36.6787126,50.1795928],[36.7038189,50.1783521],[36.7511061,50.1542719],[36.7861681,50.1752453],[36.8424043,50.1782266],[36.8359548,50.2336462],[36.8026412,50.2324883],[36.6936089,50.2690885],[36.6886755,50.2666486],[36.6810432,50.2388939],[36.6638095,50.2216773],[36.6484169,50.2179886],[36.641264,50.222207],[36.6152823,50.227564],[36.6141327,50.2233415],[36.5953484,50.2307066],[36.5600279,50.2505013],[36.5686607,50.2577129],[36.5742656,50.2552273],[36.5780981,50.2585664],[36.5750792,50.2606201],[36.5806436,50.2628383],[36.57761,50.268268],[36.5755199,50.2744108],[36.5735197,50.2753467],[36.5937197,50.2758146],[36.5934351,50.2780517],[36.5911895,50.278567],[36.5895945,50.2792907],[36.5882389,50.2811334],[36.58799,50.2817804],[36.5886808,50.2839138],[36.5867085,50.2851999],[36.5837051,50.2862541],[36.5699292,50.2857503],[36.5623335,50.2848067],[36.5597593,50.2842356],[36.5563857,50.2816126],[36.5256983,50.2864243],[36.5272974,50.292686],[36.5241483,50.2936236],[36.5210803,50.2931423],[36.5186881,50.2938886],[36.5165532,50.293922],[36.5164254,50.2947138],[36.5165987,50.2953104],[36.5157436,50.296065],[36.5133469,50.2959291],[36.511729,50.2957669],[36.500616,50.2997418],[36.4974514,50.3027089],[36.491682,50.306137],[36.4900322,50.3082491],[36.4898224,50.3101711],[36.4876103,50.3125969],[36.4402316,50.3121584],[36.4343951,50.3294759],[36.4335368,50.3309005],[36.4282153,50.3296951],[36.4250713,50.3281882],[36.424674,50.3273388],[36.423161,50.3266264],[36.4216482,50.3241056],[36.4188585,50.3216942],[36.4158977,50.3185706],[36.4133875,50.316351],[36.4086555,50.3122541],[36.3998051,50.3071702],[36.3756865,50.3007561],[36.3742275,50.3005367],[36.3788623,50.2939025],[36.3665449,50.2882545],[36.3614385,50.2874317],[36.354402,50.289054],[36.328567,50.2898094]]],[[[37.4167813,48.9956061],[37.4250971,49.0028195],[37.4396827,49.0040061],[37.4649966,49.0068026],[37.496763,49.0243445],[37.5354882,49.0220194],[37.5556596,49.0258999],[37.5723164,49.0320782],[37.5743902,49.0349791],[37.5817178,49.0382048],[37.5852543,49.0398002],[37.602697,49.0454457],[37.6077137,49.0455963],[37.6111345,49.0449029],[37.6143835,49.044997],[37.6195084,49.0456352],[37.6228916,49.0447735],[37.6252441,49.0429457],[37.6258797,49.0400778],[37.6277167,49.0378288],[37.6374787,49.0371015],[37.6483676,49.0352181],[37.658054,49.0331087],[37.6627643,49.0309838],[37.662574,49.0282116],[37.6595606,49.0260376],[37.6555176,49.0243138],[37.6548433,49.0235045],[37.654684,49.0224701],[37.6558246,49.0214708],[37.6580379,49.0205561],[37.6615478,49.0211119],[37.6647143,49.0205418],[37.666584,49.0191766],[37.6667371,49.0173611],[37.6491158,49.0107602],[37.6459168,49.0041584],[37.6396303,49.0063392],[37.6230463,48.9950054],[37.6255962,48.9922851],[37.6315916,48.9930087],[37.6332955,48.9918174],[37.6312656,48.989021],[37.626146,48.9869004],[37.6267216,48.9855881],[37.6317692,48.9829295],[37.6282818,48.9695441],[37.6271894,48.9673376],[37.623694,48.9667652],[37.6202221,48.9672542],[37.6166259,48.9669362],[37.6146394,48.9635612],[37.6151849,48.9620177],[37.6276633,48.9551692],[37.6325276,48.9545625],[37.6341012,48.9520044],[37.6381493,48.9489217],[37.6480332,48.9469658],[37.6597956,48.9447131],[37.6636169,48.9450518],[37.6661284,48.9438118],[37.6736498,48.9435299],[37.6832316,48.9478704],[37.6896748,48.9492219],[37.6925731,48.9527443],[37.6953,48.9542376],[37.6946798,48.9575906],[37.6994338,48.9592671],[37.7099384,48.9562094],[37.717717,48.9575284],[37.7258972,48.952044],[37.7262953,48.949189],[37.7242626,48.9474234],[37.724362,48.9462026],[37.7261418,48.9436226],[37.731183,48.9447632],[37.7337488,48.9441596],[37.7402527,48.9374272],[37.7660937,48.9205692],[37.7697062,48.9096578],[37.767911,48.9034846],[37.7640159,48.8911491],[37.7588775,48.8895917],[37.7623308,48.8870705],[37.7665033,48.8820707],[37.769903,48.8819247],[37.776464,48.8843197],[37.7787769,48.8871095],[37.7888119,48.8926885],[37.8061284,48.893973],[37.8232738,48.8945778],[37.8403771,48.8915586],[37.8431615,48.8889129],[37.8513527,48.886154],[37.8569199,48.8858281],[37.8593642,48.886839],[37.8618205,48.8872816],[37.8645342,48.8860593],[37.8649403,48.883671],[37.8617617,48.8824502],[37.8612408,48.8819277],[37.8620443,48.8811367],[37.8660856,48.8803034],[37.8684959,48.8786797],[37.8710848,48.8777466],[37.8750609,48.8772349],[37.8762754,48.878554],[37.8785197,48.87849],[37.8804637,48.8781155],[37.8837393,48.8791118],[37.88444,48.8811806],[37.8827514,48.8823266],[37.882035,48.8854089],[37.8837155,48.8864845],[37.890074,48.8872496],[37.8930422,48.888579],[37.8954097,48.8890053],[37.8983457,48.8885529],[37.9008953,48.8875079],[37.9032087,48.885193],[37.9042775,48.8835271],[37.9010292,48.8812394],[37.9011417,48.8794086],[37.9038718,48.8781635],[37.9055587,48.8782676],[37.9063227,48.8787845],[37.9108204,48.8802892],[37.9143226,48.8798268],[37.9205551,48.8820345],[37.9218229,48.883158],[37.9238632,48.8840557],[37.9259252,48.8855742],[37.9269134,48.8869543],[37.9307772,48.8918617],[37.9306149,48.8934775],[37.9319216,48.8968222],[37.9320191,48.8979322],[37.9325457,48.8990422],[37.9355303,48.9027292],[37.9378071,48.9052877],[37.9408566,48.9075077],[37.9468685,48.9114954],[37.9509048,48.9124173],[37.9545977,48.912098],[37.9568758,48.9088361],[37.9561362,48.9075552],[37.9548223,48.905589],[37.9521352,48.903397],[37.9532528,48.9020623],[37.9590263,48.9011789],[37.9610447,48.9015508],[37.9637283,48.9013654],[37.9700168,48.9027313],[37.9736308,48.9039356],[37.9749338,48.9071047],[37.9789623,48.910993],[37.983424,48.9112319],[37.9864703,48.9115204],[37.9879615,48.911381],[37.9891093,48.9109595],[37.9914588,48.9089301],[37.9925047,48.9064204],[37.9936284,48.9061244],[37.9943278,48.9065723],[37.9946838,48.9074997],[37.9945786,48.9095835],[37.995556,48.9105549],[37.9970699,48.9113007],[37.9999864,48.9112565],[38.004277,48.9089497],[38.0053492,48.907486],[38.0055202,48.905176],[38.0061823,48.9049053],[38.0072858,48.9056443],[38.0078407,48.9079446],[38.0084815,48.9088063],[38.009423,48.9094002],[38.0113958,48.9096689],[38.0134552,48.9082237],[38.0148069,48.908088],[38.0158153,48.9089254],[38.0159977,48.9103101],[38.0164162,48.9116525],[38.0174356,48.9121207],[38.0192864,48.9127214],[38.0204948,48.9134003],[38.020702,48.9146141],[38.020008,48.9165613],[38.0208055,48.9173309],[38.0228903,48.9175082],[38.025601,48.9173834],[38.0272096,48.9163509],[38.0281856,48.9146783],[38.0290757,48.9142467],[38.0302426,48.9147447],[38.0313238,48.9171322],[38.0358475,48.9241774],[38.0376598,48.9252937],[38.0392575,48.9274954],[38.0418524,48.9296432],[38.0419155,48.9325592],[38.0439098,48.9352779],[38.0512224,48.939442],[38.0541495,48.9400369],[38.0574628,48.9400962],[38.0643639,48.9373904],[38.0787146,48.939758],[38.0838519,48.9403916],[38.0904913,48.9405456],[38.0928774,48.9397638],[38.0943622,48.9384887],[38.0953145,48.9356143],[38.0957284,48.9352294],[38.1127501,48.9330678],[38.1147737,48.9323952],[38.1162824,48.9316802],[38.1169757,48.9300489],[38.1173685,48.9281921],[38.1182184,48.9274389],[38.1198837,48.9268548],[38.1255316,48.927082],[38.1274458,48.9269989],[38.1297031,48.9264505],[38.1325484,48.9243716],[38.1331834,48.9241396],[38.1367114,48.9259328],[38.1395377,48.9311784],[38.1394889,48.9318002],[38.1409359,48.9324937],[38.1422972,48.9333],[38.1438682,48.9332691],[38.1472845,48.9328717],[38.1527607,48.9314451],[38.1572497,48.9312306],[38.1622795,48.9311821],[38.1673523,48.9318383],[38.1814009,48.929756],[38.1846345,48.9298441],[38.1941053,48.9284968],[38.1987131,48.9288467],[38.2106638,48.9313209],[38.2330256,48.9418302],[38.2360201,48.956746],[38.2577418,48.9692683],[38.2399458,49.005535],[38.2615817,49.0244189],[38.2675244,49.0401423],[38.2280542,49.063784],[38.1785853,49.1336855],[38.1839778,49.2021756],[38.225312,49.2160885],[38.2342386,49.3696932],[38.1441438,49.3889459],[38.1084378,49.4443371],[38.1688634,49.5549321],[38.1331574,49.5976759],[38.1880896,49.7398852],[38.1769678,49.8422717],[38.2553814,49.9099877],[38.2164377,49.9871793],[38.2156072,49.9778143],[38.1959947,49.9697825],[38.1961663,49.966249],[38.1980547,49.9626052],[38.1628639,49.9518925],[38.1716186,49.9423926],[38.1345351,49.9284719],[38.1269865,49.9225031],[38.129047,49.930459],[38.1249265,49.9423926],[38.0583215,49.9247134],[38.0460454,49.9155391],[38.0360912,49.9043743],[38.0264578,49.9064199],[38.0197412,49.9124449],[38.0125953,49.9188002],[38.0200516,49.9212595],[38.0170367,49.9248239],[38.0440735,49.9330013],[38.0330872,49.9441602],[38.0241642,49.9520022],[38.0092292,49.9629359],[38.0089702,49.964979],[38.0052779,49.9676846],[37.9992696,49.9642616],[37.9790155,49.9772907],[37.9649372,49.9794977],[37.9554957,49.9948394],[37.9251115,50.0353224],[37.8921581,50.0512016],[37.8616011,50.0557202],[37.8502666,50.0593534],[37.8186877,50.0722472],[37.7973947,50.0842535],[37.7548223,50.0783052],[37.7467614,50.0921813],[37.7359499,50.0985675],[37.7108768,50.1236707],[37.6898107,50.1430233],[37.6768623,50.14962],[37.6713932,50.1513791],[37.6549341,50.1663355],[37.6455021,50.1752416],[37.6411284,50.1759566],[37.6395009,50.1815087],[37.6426041,50.1909652],[37.6133725,50.2195455],[37.6272713,50.2423769],[37.6253801,50.2450055],[37.6270945,50.2643172],[37.6270978,50.2928447],[37.6286436,50.2961382],[37.6384305,50.3029405],[37.6367187,50.3104045],[37.6342303,50.3126525],[37.6296818,50.3146811],[37.6003263,50.3165433],[37.5857338,50.3147897],[37.5773235,50.3064577],[37.5549393,50.3305717],[37.520904,50.3367092],[37.5059418,50.3502926],[37.5064268,50.3527022],[37.4854326,50.3568208],[37.4831491,50.3594058],[37.4827014,50.3621663],[37.4715036,50.370534],[37.4711181,50.3755075],[37.4678352,50.3788701],[37.4652383,50.384422],[37.466097,50.3883334],[37.4664384,50.39791],[37.4666058,50.4073776],[37.4652279,50.4133435],[37.466043,50.4181555],[37.46497,50.4212178],[37.4637256,50.4248274],[37.4662578,50.4301868],[37.469562,50.4312533],[37.4814492,50.4316633],[37.4858274,50.4357634],[37.4849254,50.4452731],[37.4907203,50.4579543],[37.4775876,50.4599212],[37.473548,50.455825],[37.4677925,50.4532587],[37.4430689,50.4476858],[37.4325977,50.4439138],[37.4210994,50.4353306],[37.3963913,50.4312803],[37.3758226,50.4329954],[37.3524044,50.4376761],[37.3325907,50.4371074],[37.3202874,50.4330814],[37.3159392,50.4302759],[37.3089638,50.4257559],[37.3101217,50.4230588],[37.3048922,50.4152569],[37.3028341,50.4118936],[37.3000451,50.4065468],[37.2978783,50.4052956],[37.2927072,50.401692],[37.2573282,50.3914822],[37.2562849,50.3928697],[37.2218539,50.3793899],[37.2233578,50.3781199],[37.1826393,50.363709],[37.1598405,50.3588355],[37.1488546,50.3557691],[37.1423308,50.3616829],[37.1033635,50.3577404],[37.1038786,50.3529213],[37.0710026,50.3472837],[37.0587289,50.3468997],[37.0455133,50.3450344],[37.0369335,50.3486626],[36.9380527,50.3507306],[36.9174396,50.3475604],[36.8879067,50.337812],[36.8733999,50.3368543],[36.8547755,50.3306348],[36.8511742,50.3269614],[36.8329952,50.3139125],[36.8061267,50.3107914],[36.7991738,50.3063524],[36.7674203,50.3027299],[36.7642017,50.2908592],[36.7579131,50.2896258],[36.7536846,50.2896261],[36.7479318,50.287515],[36.7505889,50.2859527],[36.7508888,50.2833032],[36.7487855,50.2806537],[36.7389914,50.2829073],[36.7289478,50.2774529],[36.7198066,50.2775807],[36.6936089,50.2690885],[36.8026412,50.2324883],[36.8359548,50.2336462],[36.8424041,50.1782546],[36.8144841,50.0981749],[36.8299257,50.072338],[36.8110363,50.0588401],[36.8270285,50.0277251],[36.914364,49.995705],[36.897308,49.9782533],[36.9077209,49.9519698],[36.9414461,49.9490913],[36.9586807,49.9311836],[37.0096013,49.9147951],[36.9988234,49.8958001],[36.9770702,49.8821106],[37.0028923,49.8424104],[37.0060102,49.8300984],[36.9239556,49.7899968],[36.9261191,49.7668411],[36.8640666,49.7351359],[36.8196367,49.7278843],[36.800829,49.7302398],[36.8016932,49.7084238],[36.8115574,49.6154882],[36.7727243,49.6072751],[36.7802413,49.597747],[36.8221036,49.5985448],[36.873913,49.5979903],[36.9151866,49.6079714],[36.9461569,49.5974725],[36.9653118,49.5776824],[36.8842749,49.4910726],[36.8128929,49.5067679],[36.7800533,49.4873179],[36.7792776,49.4724285],[36.7912001,49.4463834],[36.8344108,49.4207434],[36.8286604,49.4120047],[36.8273515,49.4091567],[36.8376755,49.4051672],[36.8727088,49.3873213],[36.8887866,49.3809177],[36.8947716,49.3830019],[36.896147,49.3967764],[36.922416,49.4039147],[36.9293721,49.4044382],[36.9363281,49.4036767],[36.9374454,49.4030477],[36.9404073,49.4003873],[36.9434759,49.3999508],[36.9475745,49.4000726],[36.9558153,49.3958533],[36.9547871,49.3938945],[36.9552196,49.3928258],[36.9565132,49.391638],[36.9584996,49.3916646],[36.9598111,49.3909356],[36.9622616,49.3884719],[36.9691354,49.3875105],[36.9733542,49.3856431],[36.9747032,49.3832455],[36.9815452,49.3821047],[36.9893925,49.3810517],[36.9914397,49.3806777],[36.992187,49.3812148],[36.9938532,49.3813947],[36.995898,49.3808604],[36.9973266,49.380518],[36.9988965,49.3805035],[37.0011776,49.3801948],[37.0035941,49.3801918],[37.0046933,49.3797665],[37.005046,49.3786636],[37.0070297,49.3775605],[37.0115118,49.3778133],[37.0150687,49.3772013],[37.0196935,49.3781008],[37.022334,49.3790614],[37.0246109,49.3790825],[37.0263325,49.3797394],[37.029089,49.3797678],[37.0303963,49.3801039],[37.0395344,49.3808312],[37.0415027,49.3802739],[37.0436368,49.3801649],[37.0442143,49.3805616],[37.0455411,49.38074],[37.0495853,49.3811605],[37.0501104,49.3814133],[37.0504741,49.3825335],[37.0512873,49.3831535],[37.0530305,49.3835017],[37.0548595,49.383319],[37.0585176,49.3839874],[37.0611131,49.3835359],[37.0646731,49.3819065],[37.0670686,49.3810633],[37.0693779,49.3795217],[37.0705217,49.3780105],[37.074884,49.3743756],[37.0757121,49.373309],[37.0790241,49.3709982],[37.0814416,49.3680534],[37.081813,49.3665235],[37.0824696,49.3655878],[37.0838556,49.3651906],[37.0891835,49.3628958],[37.0910779,49.3624456],[37.0923903,49.3624893],[37.0943282,49.3617382],[37.0971737,49.3597328],[37.0998603,49.3582934],[37.102229,49.3577064],[37.1034505,49.3568346],[37.1039853,49.3553758],[37.1035958,49.3539118],[37.1025594,49.3534996],[37.1026322,49.3531784],[37.104666,49.3521446],[37.1065876,49.3497417],[37.1061393,49.3479552],[37.1052428,49.3475133],[37.1040507,49.3476921],[37.1024392,49.3486645],[37.1016194,49.3489879],[37.1009241,49.348796],[37.100735,49.3481884],[37.1015585,49.3469734],[37.10239,49.3465284],[37.1054042,49.3458302],[37.1062031,49.3447401],[37.1070021,49.3433145],[37.108481,49.3407436],[37.1105803,49.3394045],[37.1181291,49.3357444],[37.122759,49.3346566],[37.1263146,49.3361135],[37.1351736,49.3361986],[37.1363078,49.3355006],[37.1382028,49.3327836],[37.1427371,49.3332312],[37.1534767,49.3316019],[37.1569011,49.3297908],[37.1567678,49.3264519],[37.1586728,49.3244974],[37.1578701,49.3217004],[37.1591273,49.320358],[37.1624997,49.3174493],[37.162893,49.3164996],[37.162597,49.3154634],[37.1583531,49.3105662],[37.1550155,49.307934],[37.1537478,49.3050759],[37.1510412,49.303501],[37.1478603,49.3011348],[37.1473354,49.2998724],[37.1428533,49.2982429],[37.1423009,49.2965514],[37.1377645,49.2939521],[37.1322235,49.292688],[37.1283999,49.29064],[37.1262461,49.2885592],[37.1222825,49.2871966],[37.1217369,49.2862628],[37.1187579,49.285179],[37.1176069,49.2840189],[37.110328,49.2825941],[37.1050319,49.2811112],[37.1026547,49.2796281],[37.0922098,49.2779207],[37.0881166,49.2776687],[37.0856484,49.2771092],[37.082924,49.277309],[37.0815728,49.2785727],[37.0814452,49.2802042],[37.0825633,49.2812274],[37.0829111,49.2821541],[37.0820618,49.2832236],[37.0801913,49.2824511],[37.0783388,49.2803458],[37.0770371,49.2796068],[37.0746053,49.2800323],[37.0742045,49.2816672],[37.0761495,49.2830334],[37.0772182,49.285902],[37.0733946,49.2850194],[37.0707255,49.2854935],[37.064701,49.2843139],[37.0624367,49.2835221],[37.0601399,49.283394],[37.0582927,49.2841454],[37.0564858,49.2872156],[37.0554467,49.2879812],[37.05148,49.2887283],[37.0485241,49.2905579],[37.0470751,49.2910819],[37.0403218,49.2899839],[37.0370019,49.2902852],[37.0349969,49.2898799],[37.0332189,49.2882856],[37.0310364,49.287896],[37.0299327,49.2885723],[37.0296134,49.2904846],[37.0286313,49.29151],[37.0276969,49.292217],[37.0259997,49.2927354],[37.0252049,49.2923032],[37.0250969,49.2897999],[37.0241943,49.2881519],[37.0211876,49.2878789],[37.0179207,49.2902439],[37.0122452,49.2917264],[36.9945975,49.2924447],[36.9807527,49.2931458],[36.9662883,49.2909005],[36.9510551,49.2891019],[36.9489541,49.288591],[36.9477008,49.2873],[36.9455035,49.2862329],[36.9484902,49.2866741],[36.9505154,49.2862128],[36.9511325,49.2847304],[36.9501351,49.2835571],[36.9452224,49.283562],[36.9444951,49.283012],[36.9449287,49.2821359],[36.9435645,49.2800479],[36.9403695,49.2784149],[36.9356296,49.2781256],[36.9340463,49.2784428],[36.9344847,49.2773976],[36.9338166,49.2760909],[36.9311073,49.2752694],[36.9256889,49.2762019],[36.923092,49.2761629],[36.9218803,49.273192],[36.9219562,49.271901],[36.9246828,49.2694311],[36.9246427,49.2640434],[36.9240478,49.2617812],[36.924469,49.2608098],[36.9270358,49.2602866],[36.9302807,49.2563275],[36.9324787,49.2553553],[36.9353293,49.2545312],[36.9353529,49.2519008],[36.9381229,49.2479258],[36.9391996,49.2442339],[36.9379883,49.239195],[36.94021,49.2316339],[36.9415631,49.2301864],[36.9449555,49.229197],[36.9453887,49.2278909],[36.9441952,49.2262879],[36.9438681,49.2254363],[36.9445092,49.2237145],[36.9460085,49.2196943],[36.9429993,49.2168116],[36.9391463,49.2151103],[36.933148,49.2143063],[36.9316403,49.2130793],[36.9318752,49.2113499],[36.9302331,49.2099245],[36.9304793,49.2093963],[36.9311435,49.2090127],[36.9304358,49.2066104],[36.9306722,49.2047688],[36.9294285,49.2032165],[36.9259115,49.2023552],[36.9250229,49.2013499],[36.9255077,49.1993351],[36.9261338,49.1977731],[36.9260128,49.1961074],[36.9232785,49.1946283],[36.9228617,49.1913543],[36.9206932,49.1894851],[36.9198124,49.1874478],[36.9211405,49.1835978],[36.9252888,49.179508],[36.9277057,49.1771262],[36.9323472,49.1761596],[36.936812,49.1773769],[36.944366,49.1754605],[36.9477999,49.1754515],[36.9484455,49.1791371],[36.9492628,49.1800173],[36.9544369,49.1795893],[36.9565204,49.1810126],[36.958604,49.1817626],[36.9641906,49.1796018],[36.9651426,49.1759265],[36.9674318,49.174131],[36.968597,49.1714095],[36.9758131,49.172279],[36.9801974,49.1747196],[36.9825674,49.1760087],[36.9898146,49.1777861],[36.9942611,49.1795697],[37.0006821,49.1802871],[37.0059692,49.1786363],[37.0076511,49.1758632],[37.0157321,49.1725606],[37.0258718,49.1693695],[37.0374026,49.1553689],[37.0303924,49.1335092],[37.0104416,49.1402943],[36.9845681,49.1228908],[36.9713934,49.113693],[36.9819059,49.1012893],[37.0027653,49.106964],[37.0516101,49.1128026],[37.0792548,49.1091932],[37.0933861,49.0920208],[37.0934357,49.0714756],[37.119916,49.0703013],[37.1457097,49.0715953],[37.1735402,49.0630025],[37.1780154,49.0375338],[37.1687823,49.0274808],[37.1705385,49.0165274],[37.1902082,49.0082718],[37.2071267,48.9973069],[37.2507537,48.9813982],[37.3024868,48.9893414],[37.3537227,48.9806404],[37.3959074,48.9867306],[37.397151,48.9936067],[37.4167813,48.9956061]]],[[[38.5596882,48.8300656],[38.7055541,48.7754591],[38.6917155,48.7293629],[38.7535137,48.7184915],[38.7670674,48.71432],[38.8084379,48.7134138],[38.8300673,48.7170382],[38.8360755,48.7232671],[38.8471476,48.7429112],[38.8553874,48.7496462],[38.8593783,48.7495899],[38.8606013,48.749788],[38.8609553,48.7507359],[38.863879,48.7513796],[38.8716924,48.7513053],[38.8776176,48.7525889],[38.8790769,48.752476],[38.8802356,48.7506085],[38.8813299,48.7501841],[38.8920372,48.7504385],[38.8988178,48.750184],[38.9010923,48.7509054],[38.9047401,48.7506082],[38.9087746,48.7492502],[38.9111349,48.7480051],[38.9125725,48.7468732],[38.9143212,48.7443829],[38.9180279,48.7429113],[38.9199671,48.7434206],[38.9213055,48.7446091],[38.9227216,48.7450054],[38.9246312,48.7450338],[38.9306501,48.7452743],[38.9336652,48.7460241],[38.9350546,48.7468536],[38.9369591,48.7471171],[38.9382788,48.746682],[38.9388581,48.7458118],[38.9379568,48.7440714],[38.9343519,48.7429112],[38.9324635,48.736798],[38.9340086,48.7357792],[38.9437074,48.7338543],[38.9460674,48.7344489],[38.9569464,48.7340668],[38.9610453,48.736515],[38.961217,48.739911],[38.9599296,48.7429109],[38.9611311,48.7461373],[38.9640925,48.7461943],[38.9669464,48.7452039],[38.9698324,48.7437464],[38.9725628,48.7435836],[38.9749968,48.7447632],[38.9788122,48.7448922],[38.981216,48.7438449],[38.9823319,48.7421893],[38.9822031,48.7402861],[38.9844561,48.7375798],[38.9895411,48.7349866],[38.9914368,48.7306084],[38.9983893,48.7242672],[38.9993333,48.7196241],[38.9980459,48.7174722],[38.9939184,48.7161888],[38.9888619,48.715207],[38.9847421,48.7136213],[38.9843054,48.7118281],[38.9869231,48.7101575],[38.9919227,48.7100017],[38.9969225,48.7116016],[38.9989862,48.7111956],[38.9982176,48.7076745],[38.999505,48.7039927],[38.9998483,48.7001975],[39.0018149,48.6980072],[39.0048265,48.6963452],[39.0155478,48.6948913],[39.015727,48.6886399],[39.0143537,48.6834267],[39.0163671,48.6809428],[39.0195819,48.6791389],[39.0202761,48.6756061],[39.0205336,48.6722621],[39.0238809,48.6698815],[39.0262842,48.667274],[39.0274858,48.6632492],[39.0254258,48.6619737],[39.0216493,48.6623989],[39.0185594,48.6640995],[39.0129804,48.6640429],[39.009633,48.6626256],[39.010316,48.660084],[39.0123721,48.658336],[39.0191528,48.6569753],[39.0285083,48.6530064],[39.0322065,48.6528738],[39.0334474,48.6519761],[39.0355464,48.6482432],[39.0380823,48.6471847],[39.042678,48.6464662],[39.0548659,48.6470333],[39.0743495,48.6504357],[39.0758944,48.6516264],[39.0849068,48.6506625],[39.0985539,48.6508893],[39.1036178,48.6498687],[39.1119359,48.6533466],[39.1168282,48.6567485],[39.1231872,48.6600178],[39.1273071,48.6604713],[39.1394876,48.65964],[39.1419842,48.6608682],[39.1426709,48.6635326],[39.141641,48.6650633],[39.1418984,48.6666505],[39.1445122,48.6709112],[39.1486715,48.6752851],[39.1519406,48.6762862],[39.1574337,48.6753794],[39.1633486,48.6757386],[39.1742491,48.680329],[39.1816381,48.6857501],[39.1854146,48.6933991],[39.1909003,48.6998199],[39.1951061,48.7038985],[39.1965081,48.7065134],[39.1975167,48.706485],[39.1983536,48.705777],[39.1991476,48.702265],[39.2003706,48.6999993],[39.2031818,48.6986114],[39.2071728,48.6982998],[39.2125372,48.7012172],[39.2194036,48.7051822],[39.2248968,48.7067682],[39.2267852,48.7089771],[39.2323641,48.7114125],[39.2359905,48.711088],[39.2395879,48.7091247],[39.2435147,48.7096192],[39.2497802,48.7125643],[39.2539001,48.7201527],[39.2533069,48.7220589],[39.2539624,48.7244016],[39.2561392,48.7268717],[39.2592291,48.7338353],[39.255282,48.7387742],[39.2550234,48.7406847],[39.256311,48.7422696],[39.258535,48.7427414],[39.264468,48.7412523],[39.2686631,48.741949],[39.270809,48.7439866],[39.2716747,48.7477596],[39.2703015,48.7512117],[39.2708089,48.7527587],[39.2723828,48.7538866],[39.2747755,48.753681],[39.2766585,48.7523332],[39.2788874,48.749339],[39.2820603,48.7486084],[39.2864338,48.7489009],[39.28952,48.7515136],[39.2892807,48.7536832],[39.2906433,48.756248],[39.2914941,48.7594358],[39.2926174,48.760605],[39.2999129,48.7630378],[39.3030887,48.765414],[39.3088319,48.7719953],[39.3118435,48.7740692],[39.3145901,48.7748045],[39.3228224,48.7758983],[39.3245465,48.776049],[39.3262557,48.7755589],[39.3279722,48.7736923],[39.3274828,48.7721084],[39.326084,48.7700153],[39.3266028,48.7683087],[39.3316705,48.766602],[39.3361337,48.7659798],[39.3403355,48.7663007],[39.3472429,48.7683845],[39.3510607,48.7685446],[39.3527812,48.7679412],[39.3545015,48.7668284],[39.3538932,48.7654897],[39.3513257,48.7630943],[39.3491724,48.7621516],[39.3455281,48.7616611],[39.3433628,48.7592092],[39.3431385,48.7573608],[39.3461759,48.751042],[39.3470266,48.7502121],[39.3472058,48.7457787],[39.3492658,48.742496],[39.3581923,48.7370054],[39.3588714,48.7361753],[39.3588751,48.7339014],[39.3570764,48.7323068],[39.3540724,48.729646],[39.3537216,48.7268908],[39.3552238,48.7252488],[39.3615322,48.7223045],[39.3691283,48.7200679],[39.3726043,48.7198696],[39.3741826,48.7186523],[39.3737867,48.7174915],[39.3720796,48.7159341],[39.3704585,48.7159622],[39.3652658,48.7168401],[39.3601589,48.7156791],[39.3541314,48.7132442],[39.3486382,48.7134707],[39.346855,48.7122245],[39.3486574,48.708713],[39.3505029,48.7076367],[39.3559531,48.697214],[39.3603112,48.695798],[39.3658902,48.6922287],[39.3673165,48.6919737],[39.3779859,48.6862368],[39.3795566,48.6862791],[39.3817025,48.6855142],[39.3895988,48.6847492],[39.3909291,48.6837575],[39.3891696,48.6803857],[39.3905237,48.6787991],[39.3979909,48.6746052],[39.4026452,48.6744349],[39.4058209,48.6738115],[39.4117239,48.6705243],[39.4138697,48.6684271],[39.4135262,48.6668399],[39.4082049,48.6614545],[39.4080332,48.6598104],[39.4106939,48.6576559],[39.4142323,48.6566918],[39.4207457,48.6582229],[39.4323232,48.6567488],[39.4389481,48.6549401],[39.4465013,48.6563009],[39.4501761,48.6556715],[39.4523728,48.6547104],[39.4533852,48.6528124],[39.4513078,48.6517082],[39.4497978,48.6504011],[39.4495753,48.6445574],[39.45164,48.6410333],[39.4542149,48.6397855],[39.4575623,48.6386512],[39.4658132,48.6386649],[39.4673899,48.6372332],[39.4642683,48.6340137],[39.4640108,48.6310641],[39.4656304,48.6281857],[39.4685916,48.6274483],[39.4761018,48.628753],[39.4841484,48.6282],[39.4862727,48.6288949],[39.4930106,48.6304265],[39.4955426,48.6321283],[39.5004348,48.6325537],[39.5104342,48.6344539],[39.5140876,48.6338368],[39.5160243,48.6321987],[39.5167109,48.6299864],[39.5162691,48.6279705],[39.5154235,48.6261855],[39.5119776,48.6235455],[39.5116469,48.6218737],[39.5167841,48.6180986],[39.5257232,48.613022],[39.5271823,48.6112629],[39.5278196,48.6094601],[39.5272799,48.6082749],[39.5234788,48.6051034],[39.5226333,48.6029769],[39.5253848,48.5981984],[39.5280455,48.5971767],[39.5324228,48.5964387],[39.5335878,48.5954605],[39.5332079,48.5936307],[39.5281312,48.5918406],[39.5269121,48.58955],[39.5287147,48.5859448],[39.5312037,48.5842699],[39.5373836,48.58339],[39.5450225,48.5839292],[39.549314,48.5859732],[39.5505587,48.5885848],[39.5494857,48.5932401],[39.5512023,48.5955676],[39.5586696,48.5980085],[39.5617595,48.5980085],[39.5633045,48.5974408],[39.5656345,48.5939516],[39.5673018,48.5921198],[39.5672772,48.5902388],[39.5660509,48.588301],[39.5631454,48.5862306],[39.5629675,48.5836321],[39.5680714,48.5818502],[39.5733466,48.5805224],[39.576535,48.581234],[39.5777793,48.5828806],[39.5817707,48.5850383],[39.5925357,48.5912967],[39.5963493,48.5923886],[39.6017566,48.591537],[39.6045891,48.5888119],[39.6050182,48.5867681],[39.604074,48.5862571],[39.6006408,48.5857461],[39.5948044,48.5793299],[39.5949886,48.5766912],[39.5963128,48.5750293],[39.6036449,48.5741055],[39.6080223,48.5727141],[39.6124855,48.5729129],[39.6137299,48.5749004],[39.6175495,48.5771153],[39.6212402,48.5819417],[39.6219268,48.5858029],[39.6228281,48.5863707],[39.6236436,48.5860867],[39.6319692,48.5806927],[39.6353165,48.5800397],[39.6575468,48.5846673],[39.6587483,48.5856325],[39.6675887,48.5867682],[39.6722238,48.5884145],[39.6765155,48.5881875],[39.6772879,48.5875629],[39.6872709,48.5870843],[39.6867984,48.5877484],[39.6866907,48.5895424],[39.6861432,48.5898291],[39.6854832,48.5899583],[39.6839086,48.5907325],[39.6833787,48.5914318],[39.683221,48.5921079],[39.6830348,48.5924033],[39.680002,48.5923098],[39.6794939,48.5919507],[39.6795833,48.5906215],[39.6790701,48.5901982],[39.6786419,48.5901143],[39.6777198,48.5902284],[39.6767651,48.5907822],[39.6763736,48.5913004],[39.6757272,48.5930922],[39.6757257,48.5937894],[39.6762185,48.5944077],[39.6768298,48.5949987],[39.6776343,48.5954477],[39.6779105,48.595784],[39.6781759,48.5958578],[39.6785928,48.5957776],[39.6788764,48.5955955],[39.6792435,48.5955045],[39.6795451,48.5955158],[39.6799642,48.5957272],[39.6803132,48.5960245],[39.6804663,48.5962937],[39.680296,48.5967051],[39.6800822,48.5970137],[39.6799001,48.5971857],[39.6794979,48.5974385],[39.6789588,48.597728],[39.6785766,48.5978657],[39.6781602,48.5978991],[39.6778834,48.5979183],[39.6767071,48.597799],[39.6760225,48.5974414],[39.6753905,48.5967162],[39.6750423,48.5965239],[39.674482,48.5961368],[39.6736869,48.5957233],[39.6728387,48.5954668],[39.6718245,48.5952889],[39.6709098,48.5953135],[39.6701842,48.5954748],[39.6694049,48.5958135],[39.6688258,48.5962879],[39.6683001,48.5970077],[39.6679514,48.5978501],[39.6680131,48.5989383],[39.6681511,48.5997379],[39.66807,48.6007337],[39.6679424,48.6008763],[39.6680079,48.6011749],[39.6684537,48.6016293],[39.6688566,48.6021121],[39.6698389,48.6025027],[39.6707163,48.6030812],[39.6710692,48.6035975],[39.6708034,48.6039253],[39.6704345,48.6043162],[39.6696063,48.6046252],[39.668527,48.6048222],[39.6676762,48.6048852],[39.6664246,48.6048742],[39.6658445,48.6047906],[39.6653313,48.6046517],[39.6649442,48.6045945],[39.6643429,48.6045849],[39.6638865,48.6046215],[39.6636073,48.6046642],[39.6633067,48.6047707],[39.6627593,48.6050722],[39.6625285,48.6052088],[39.6622441,48.6053171],[39.6615273,48.6055384],[39.6612543,48.6056849],[39.6610564,48.6058846],[39.6609189,48.6066732],[39.6608619,48.6067878],[39.6607404,48.6069096],[39.660503,48.6072064],[39.6604357,48.6074381],[39.6604193,48.6077739],[39.6605715,48.6080828],[39.6606539,48.6083633],[39.6606269,48.6085002],[39.6605517,48.6086672],[39.660562,48.6089054],[39.6605673,48.6090177],[39.6606209,48.6090875],[39.6607977,48.6093476],[39.6609385,48.6095939],[39.661106,48.6099358],[39.6612092,48.6104889],[39.6613911,48.6107243],[39.6616696,48.6108816],[39.6622157,48.6113808],[39.662601,48.6117948],[39.6629521,48.6119985],[39.663314,48.6123157],[39.6635915,48.6126685],[39.6637295,48.6129645],[39.663991,48.6138174],[39.664186,48.6146269],[39.6647986,48.6151593],[39.6648313,48.615241],[39.6648181,48.6154539],[39.6648008,48.6156491],[39.6648673,48.6158973],[39.6650748,48.6161279],[39.6651545,48.6163105],[39.6653173,48.6165694],[39.6656414,48.617145],[39.6660621,48.6176532],[39.6661432,48.6178158],[39.666117,48.6181769],[39.6663913,48.6187437],[39.6665069,48.6192825],[39.6669135,48.6198355],[39.6671865,48.6203851],[39.6678672,48.6212822],[39.6681735,48.6214278],[39.6689734,48.6222967],[39.6715329,48.6243287],[39.6745861,48.6263606],[39.6776137,48.6280345],[39.6800075,48.6294245],[39.6843588,48.6315376],[39.6856559,48.6320765],[39.686953,48.6324594],[39.6876815,48.6327288],[39.6884529,48.6331968],[39.6901786,48.6350981],[39.6905727,48.6353325],[39.6910956,48.6354676],[39.6928041,48.6359714],[39.6934808,48.6364057],[39.6939859,48.6368542],[39.6941313,48.6372875],[39.6943125,48.6376262],[39.694365,48.6381068],[39.6943531,48.6386866],[39.694272,48.6390262],[39.6942851,48.6396001],[39.6940449,48.6404683],[39.6938926,48.6411435],[39.69387,48.6417576],[39.6937515,48.6427807],[39.6935527,48.6431434],[39.6930349,48.6434807],[39.6927009,48.643621],[39.6921369,48.6440597],[39.6915974,48.644825],[39.6913261,48.6453279],[39.6911822,48.6456807],[39.6911211,48.646231],[39.6913153,48.6464877],[39.6915953,48.6466805],[39.6918914,48.6468982],[39.6920234,48.6471505],[39.6920894,48.6473618],[39.6920963,48.6476368],[39.6922611,48.6477251],[39.6924642,48.6478756],[39.6927025,48.6481334],[39.6929317,48.6483987],[39.6932018,48.6487901],[39.6934013,48.6489557],[39.6935766,48.6492045],[39.6938843,48.6493985],[39.6942233,48.6494742],[39.6944464,48.6495404],[39.6946358,48.649655],[39.6948485,48.6498558],[39.6949843,48.6499155],[39.6952803,48.6501261],[39.6957769,48.6503501],[39.6965295,48.6506286],[39.6967552,48.6507204],[39.6970131,48.6507874],[39.6972714,48.6509001],[39.6982514,48.6516017],[39.6986292,48.6518515],[39.698979,48.6520898],[39.6994651,48.6523791],[39.7001051,48.6525521],[39.7006826,48.6526563],[39.7011645,48.652797],[39.701679,48.6530126],[39.7018612,48.6530965],[39.7020917,48.6531553],[39.7022197,48.6531967],[39.7022995,48.6532433],[39.7028981,48.6538559],[39.7034609,48.6544378],[39.7039514,48.6547359],[39.7042382,48.6549631],[39.7045811,48.6553608],[39.7046372,48.6555738],[39.7047323,48.6558079],[39.7050696,48.6561659],[39.7051577,48.6563059],[39.7052662,48.6564574],[39.7054707,48.6565545],[39.7057444,48.6565604],[39.7060155,48.6566237],[39.706194,48.6567793],[39.7063324,48.6568165],[39.7065246,48.6568252],[39.7067006,48.6567632],[39.7068745,48.6566577],[39.7070258,48.6565199],[39.7071605,48.6563164],[39.70727,48.656161],[39.7073606,48.6560479],[39.7076504,48.6557544],[39.7080521,48.6554428],[39.7081901,48.655345],[39.7084729,48.6550664],[39.7086056,48.6549235],[39.7088114,48.6547138],[39.7090752,48.6545593],[39.7093547,48.6544768],[39.7095132,48.6544603],[39.7096917,48.6544999],[39.7099767,48.6545215],[39.7101675,48.6545819],[39.7103246,48.6546555],[39.7105399,48.6548341],[39.7106909,48.6550161],[39.7107812,48.6551372],[39.7108827,48.6555273],[39.7109495,48.6560306],[39.7108339,48.6569202],[39.7105344,48.6574582],[39.7099184,48.6584498],[39.7096,48.6592181],[39.7095347,48.6599301],[39.7095258,48.6606526],[39.7096917,48.661929],[39.7096205,48.6623544],[39.7101286,48.6628507],[39.7105939,48.6638926],[39.7107193,48.6642648],[39.710739,48.6648477],[39.7109742,48.6655147],[39.7110592,48.6663801],[39.7110026,48.6665508],[39.71047,48.6670046],[39.7103686,48.6671038],[39.7101921,48.6671605],[39.7097424,48.6673448],[39.7091533,48.6673945],[39.7084724,48.6674193],[39.7075152,48.6672581],[39.7071384,48.6670465],[39.7066875,48.6668412],[39.7062688,48.6667812],[39.7058167,48.6667016],[39.7054183,48.6666326],[39.7049797,48.6666557],[39.7044296,48.6666742],[39.7040159,48.6667314],[39.703581,48.6668044],[39.7032911,48.6668348],[39.7021215,48.6679811],[39.7025396,48.6687306],[39.7030004,48.6704068],[39.7118101,48.6750602],[39.7150311,48.6810023],[39.7221581,48.6839973],[39.7162393,48.6902791],[39.7155113,48.6956862],[39.7199333,48.6979207],[39.7027732,48.7066325],[39.7110139,48.713367],[39.7048355,48.7214608],[39.7227146,48.7341074],[39.7389251,48.7484075],[39.7414097,48.7717615],[39.7652011,48.765006],[39.7843065,48.7973463],[39.7971242,48.8405734],[39.80467,48.843574],[39.8080419,48.8394778],[39.807501,48.8385787],[39.8278294,48.8314627],[39.8304368,48.833552],[39.8862528,48.8209434],[39.9383224,48.7998877],[39.9522719,48.7974751],[39.958216,48.797851],[39.9761754,48.7937025],[40.0788287,48.8698642],[40.0712841,48.8769726],[40.0554925,48.9100958],[40.0484933,48.9101839],[40.0311927,48.9157989],[40.0180607,48.9077888],[40.0039777,48.9007903],[39.9919682,48.868735],[39.9415085,48.8866888],[39.9246772,48.8942476],[39.8532661,48.8910875],[39.8467438,48.9028239],[39.8367868,48.9030496],[39.8244272,48.8906359],[39.818934,48.9077887],[39.7942148,48.9249356],[39.7694958,48.9303492],[39.7887218,48.9474884],[39.7477808,48.9879451],[39.7329741,48.9801996],[39.7294443,48.9778547],[39.7270453,48.9752932],[39.724818,48.9765626],[39.724476,48.9780659],[39.7261598,48.9785086],[39.7264797,48.9786763],[39.7263788,48.9794586],[39.7252246,48.9802334],[39.7233621,48.9805175],[39.7215189,48.9812862],[39.7205544,48.9814663],[39.7189743,48.9816269],[39.7176204,48.982352],[39.7176885,48.9827446],[39.7179212,48.9833749],[39.7176153,48.9843606],[39.7174111,48.9845859],[39.7168955,48.9846986],[39.7167214,48.98491],[39.7164977,48.9856079],[39.7169164,48.9862399],[39.7169168,48.9865476],[39.7167673,48.9870644],[39.7157096,48.9879895],[39.7155438,48.9882232],[39.7154054,48.9885779],[39.7154291,48.9894],[39.7153475,48.9897066],[39.7150558,48.9898974],[39.713503,48.9895829],[39.712101,48.9899574],[39.7118016,48.9901915],[39.7107522,48.9915328],[39.7097347,48.9919487],[39.7076603,48.9924296],[39.7074317,48.9933462],[39.7074231,48.994063],[39.7069211,48.9950622],[39.7048355,48.9973999],[39.7039514,48.9987228],[39.7020651,48.9994149],[39.6999944,49.0004556],[39.6989215,49.0006583],[39.696958,48.9998926],[39.6933423,48.9990394],[39.6911752,48.9967306],[39.6912183,48.9960549],[39.6769283,48.9895361],[39.6634093,49.0008695],[39.6702746,49.0031459],[39.6792023,49.0128842],[39.6736555,49.0149315],[39.6756613,49.0268858],[39.6817337,49.0287303],[39.6835795,49.0369223],[39.6731505,49.0391727],[39.6929349,49.0495248],[39.729675,49.0430052],[39.7681225,49.0402983],[39.7887186,49.0499747],[39.8031412,49.0591995],[39.8203073,49.0582996],[39.8752387,49.0654984],[39.9088872,49.0574038],[39.9377233,49.0560499],[39.9425299,49.0713444],[39.9387357,49.0832597],[39.9727224,49.1252911],[39.9974614,49.1473102],[40.0315729,49.1802382],[40.0761276,49.1868252],[40.0927571,49.2031613],[40.1082875,49.2108803],[40.1217662,49.2307081],[40.1365378,49.2391541],[40.1768242,49.2368702],[40.209671,49.2417753],[40.2143684,49.2448843],[40.2208041,49.2577711],[40.2192618,49.2651691],[40.1859361,49.2840058],[40.1851963,49.3042066],[40.188524,49.3074409],[40.1910582,49.3179433],[40.1968119,49.3452254],[40.1918349,49.3483315],[40.1755684,49.3566161],[40.1701797,49.3563977],[40.1599319,49.3654561],[40.1620428,49.3682539],[40.1445965,49.3776647],[40.1124341,49.3857491],[40.0769068,49.4099548],[40.0593769,49.434088],[40.0480275,49.4443722],[40.029445,49.4537775],[40.041758,49.4991003],[40.037597,49.5198928],[40.1684327,49.5689182],[40.139523,49.5962718],[40.1352564,49.6162513],[40.0635357,49.5992308],[40.0567267,49.606571],[39.9522207,49.5965467],[39.9345988,49.5727807],[39.8902222,49.5583566],[39.8660215,49.5597836],[39.8389118,49.5635154],[39.8080571,49.5580478],[39.7683386,49.5852892],[39.7502298,49.5967168],[39.7127452,49.6059205],[39.6967454,49.6042891],[39.6869239,49.6115557],[39.6599932,49.6148084],[39.6383769,49.6350974],[39.6131314,49.6903603],[39.591959,49.7196306],[39.6083906,49.7339069],[39.5338327,49.7408455],[39.4787588,49.7564723],[39.438199,49.7600039],[39.4120602,49.7531086],[39.3769608,49.7384218],[39.3079217,49.7530412],[39.2855581,49.755664],[39.2799634,49.7609078],[39.2754686,49.7680241],[39.2646369,49.7684778],[39.2503694,49.7777994],[39.2403698,49.7911204],[39.2391442,49.7982241],[39.2289901,49.8084299],[39.2281121,49.8165004],[39.2256545,49.8401819],[39.1883931,49.8862199],[39.1784,49.8879987],[39.1285048,49.8597951],[39.1111368,49.839044],[39.0697611,49.8187284],[39.066231,49.8153466],[39.0335202,49.82237],[39.0216582,49.8209079],[38.9849036,49.8077809],[38.9711357,49.8072184],[38.9648911,49.8038751],[38.9488141,49.796072],[38.946661,49.7978041],[38.9394903,49.8006646],[38.9364393,49.8002009],[38.9334722,49.7997759],[38.9329084,49.7975781],[38.9307509,49.7971714],[38.9278092,49.7985739],[38.9274188,49.8013787],[38.9286977,49.8038859],[38.9259171,49.8041649],[38.9203554,49.804944],[38.9191867,49.8089397],[38.9161611,49.8127213],[38.9190365,49.8138599],[38.9182637,49.8148081],[38.9122526,49.8180335],[38.9098426,49.8182812],[38.9087973,49.8227646],[38.9073906,49.8284099],[38.9135056,49.8286273],[38.9150923,49.8310564],[38.9113965,49.8345865],[38.9143051,49.8369976],[38.9125661,49.8435934],[38.9065326,49.8446545],[38.9042752,49.8488149],[38.9096681,49.850847],[38.9195172,49.8586388],[38.9093357,49.8601006],[38.898465,49.8704141],[38.8764137,49.8694205],[38.8751339,49.8685366],[38.87459,49.8678766],[38.8745611,49.8666358],[38.8693967,49.8644861],[38.8668357,49.864889],[38.8653186,49.8660268],[38.8627136,49.8658678],[38.8571602,49.8680113],[38.8566102,49.8686469],[38.855853,49.8688883],[38.854455,49.868193],[38.8541729,49.8678573],[38.8541605,49.8674272],[38.8538353,49.8671201],[38.8520263,49.8665061],[38.8514124,49.8661631],[38.8506137,49.8658643],[38.8491023,49.8651008],[38.8467233,49.8654823],[38.846128,49.8657198],[38.845667,49.8658073],[38.8439298,49.8651801],[38.8432878,49.8651428],[38.8393432,49.8657594],[38.8389639,49.8660243],[38.8360165,49.8671348],[38.8363444,49.8673642],[38.8348111,49.8690675],[38.8346623,49.8709528],[38.8366818,49.8721511],[38.8356992,49.8738284],[38.8349355,49.8743344],[38.8344381,49.8745717],[38.8329709,49.8747421],[38.827761,49.8771566],[38.8270396,49.8777541],[38.8260257,49.8783681],[38.8244268,49.8789324],[38.8224303,49.878982],[38.7949557,49.8833076],[38.7901479,49.8785076],[38.7834858,49.8811108],[38.777681,49.8853176],[38.7682298,49.8960418],[38.7438449,49.8973048],[38.742281,49.8989189],[38.7338438,49.9050226],[38.7232453,49.927003],[38.6928985,49.9347634],[38.685298,49.9603414],[38.7153131,49.9823814],[38.7151347,49.9877076],[38.6874838,50.0058341],[38.6842822,50.0074883],[38.6797076,50.0025228],[38.6760522,49.9928115],[38.6797293,49.9744915],[38.6669388,49.9721541],[38.6461941,49.9559349],[38.6160761,49.9743876],[38.5815678,49.9774138],[38.5267136,49.9582684],[38.5078966,49.9640277],[38.4877041,49.9635998],[38.4832986,49.9765256],[38.4775179,49.9832689],[38.465912,49.9839589],[38.4680378,49.9952445],[38.4340933,50.0010164],[38.4160059,49.9813358],[38.3975608,49.9905828],[38.3495729,50.0064418],[38.3541621,50.019046],[38.3511987,50.0347384],[38.333974,50.0590905],[38.3290971,50.0852049],[38.3126358,50.0885826],[38.300294,50.0866717],[38.2927791,50.079324],[38.2770672,50.0729966],[38.2463336,50.0731122],[38.1785128,50.0797945],[38.1787134,50.0777809],[38.1790856,50.0774198],[38.1818466,50.0678015],[38.1819184,50.0668677],[38.1850647,50.0556901],[38.1838253,50.0458296],[38.1875578,50.0410481],[38.1880071,50.0393948],[38.1882313,50.0307843],[38.1886702,50.0268599],[38.1883893,50.0244699],[38.1881577,50.0234077],[38.1862524,50.0227729],[38.1853816,50.0220685],[38.1869793,50.0214602],[38.1924386,50.0137928],[38.1971766,50.0082193],[38.2009438,50.0046565],[38.2008054,50.0036314],[38.202641,50.0016684],[38.2050047,50.0007676],[38.2046727,49.9982874],[38.2050272,49.9967451],[38.2077102,49.9915087],[38.2098144,49.9901953],[38.21085,49.9892452],[38.2155322,49.9881847],[38.2164377,49.9871793],[38.2553814,49.9099877],[38.1769678,49.8422717],[38.1879541,49.7394299],[38.1331574,49.5976759],[38.1688634,49.5549321],[38.1084378,49.4443371],[38.1441438,49.3889459],[38.2342386,49.3696932],[38.225312,49.2160885],[38.1839778,49.2021756],[38.1785853,49.1336855],[38.2280542,49.063784],[38.2675244,49.0401423],[38.2615817,49.0244189],[38.2844417,49.0264547],[38.2997041,49.0248792],[38.3698935,48.9817692],[38.4022715,48.9556589],[38.413393,48.9399705],[38.4748205,48.9035945],[38.4952068,48.8707374],[38.5304354,48.8497759],[38.5596882,48.8300656]]]]}}]}
