{"type":"FeatureCollection","features":[{"type":"Feature","geometry":{"type":"Polygon","coordinates":[[[36.5173542,45.2936866,0],[36.5071402,45.2955583,0],[36.5190707,45.2890975,0],[36.5333187,45.2797976,0],[36.5377819,45.2739994,0],[36.54585,45.2680798,0],[36.5491116,45.2613139,0],[36.5715991,45.2500758,0],[36.5769206,45.2488672,0],[36.557012,45.2670518,0],[36.5470516,45.2796768,0],[36.5317737,45.2861989,0],[36.5173542,45.2936866,0]]]},"properties":{"name":"Острів Тузла /// Occupied Tuzla Island","styleUrl":"#poly-880E4F-1200-77-nodesc","styleHash":"-6b23f4d9","styleMapHash":{"normal":"#poly-880E4F-1200-77-nodesc-normal","highlight":"#poly-880E4F-1200-77-nodesc-highlight"},"stroke-opacity":1,"stroke":"#880e4f","stroke-width":1.2,"fill-opacity":0.30196078431372547,"fill":"#880e4f"}},{"type":"Feature","geometry":{"type":"GeometryCollection","geometries":[{"type":"Polygon","coordinates":[[[35.3820643,45.3525144,0],[35.3112561,45.411424,0],[35.2014582,45.5233432,0],[35.1098671,45.5990246,0],[35.0500557,45.6672021,0],[34.9770477,45.7651671,0],[34.9731755,45.763623,0],[34.9681019,45.7621984,0],[34.9582138,45.7599193,0],[34.9493387,45.7628178,0],[35.0310286,45.652672,0],[35.0747174,45.5981409,0],[35.0944199,45.5841157,0],[35.1082812,45.5825818,0],[35.1121529,45.5771065,0],[35.1180769,45.5670035,0],[35.125202,45.5594218,0],[35.1893449,45.5141155,0],[35.2899647,45.4057169,0],[35.3073882,45.3859899,0],[35.322745,45.3826559,0],[35.3369,45.3640037,0],[35.3549632,45.3483999,0],[35.369352,45.3265774,0],[35.3761844,45.3414385,0],[35.3967558,45.3256452,0],[35.4018709,45.3103418,0],[35.4193214,45.2969629,0],[35.437068,45.2859971,0],[35.467835,45.3075439,0],[35.3820643,45.3525144,0]]]},{"type":"Polygon","coordinates":[[[35.467835,45.3075439,0],[35.4068082,45.2644178,0],[35.2416821,45.3243264,0],[35.204621,45.3411922,0],[35.1649696,45.3446545,0],[35.1010963,45.349621,0],[35.0729656,45.3689183,0],[35.0393119,45.4152187,0],[35.0255588,45.4426858,0],[35.0873588,45.4650823,0],[35.1134863,45.4855397,0],[35.097133,45.5292483,0],[35.042263,45.5960367,0],[35.0473832,45.6128772,0],[35.0339616,45.6287569,0],[34.9926734,45.657634,0],[34.9821638,45.681297,0],[34.9710323,45.6889463,0],[34.92888,45.6774755,0],[34.9010875,45.6882086,0],[34.8888909,45.7017093,0],[34.875829,45.7134099,0],[34.8644448,45.7321869,0],[34.8780522,45.7473367,0],[34.8045347,45.7343911,0],[34.7282947,45.7309818,0],[34.7484798,45.761843,0],[34.7851745,45.7907793,0],[34.7490748,45.8226286,0],[34.72943,45.8276696,0],[34.7251264,45.8140506,0],[34.6996291,45.8139344,0],[34.7472953,45.8435332,0],[34.7587955,45.8669545,0],[34.796134,45.8920532,0],[34.7873421,45.9046163,0],[34.7595911,45.9032563,0],[34.7333458,45.8844129,0],[34.6968744,45.8788077,0],[34.6456643,45.8607057,0],[34.6008073,45.8373012,0],[34.5728517,45.8083642,0],[34.5286285,45.7881373,0],[34.5168682,45.8017495,0],[34.5243335,45.8191889,0],[34.5520838,45.8422677,0],[34.6238418,45.884452,0],[34.6352267,45.9084632,0],[34.6505463,45.9347968,0],[34.7008789,45.9590612,0],[34.6514104,45.97379,0],[34.5560383,45.9885731,0],[34.4785479,45.9468288,0],[34.3824606,46.0345739,0],[34.2253474,46.0637955,0],[34.1607681,46.0803117,0],[34.1225789,46.1080045,0],[34.0383305,46.1168174,0],[33.8239473,46.1869511,0],[33.7545527,46.1404385,0],[33.7495382,46.1374606,0],[33.7475131,46.1378538,0],[33.7408709,46.1441232,0],[33.735601,46.1471215,0],[33.7350502,46.1498824,0],[33.72811,46.1551668,0],[33.7265868,46.1578857,0],[33.7262858,46.1616592,0],[33.7253384,46.1649261,0],[33.7261891,46.1667043,0],[33.7292637,46.1690726,0],[33.7299192,46.1709572,0],[33.7405294,46.1850101,0],[33.7386094,46.185157,0],[33.7358592,46.1859204,0],[33.7145513,46.1967761,0],[33.7079189,46.200155,0],[33.697092,46.2032997,0],[33.6896977,46.204216,0],[33.660569,46.1841719,0],[33.6076289,46.1473165,0],[33.6134717,46.138416,0],[33.6148453,46.1267095,0],[33.6189643,46.114289,0],[33.6338964,46.0979166,0],[33.6431537,46.0780301,0],[33.6362742,46.0751698,0],[33.6372819,46.0813513,0],[33.6214674,46.0632658,0],[33.6121959,46.0418325,0],[33.6171785,46.014904,0],[33.6228726,46.000837,0],[33.6285431,45.9876045,0],[33.6307578,45.9776967,0],[33.6296884,45.9674259,0],[33.6275439,45.9564319,0],[33.6163934,45.9506791,0],[33.6215537,45.9458541,0],[33.6346116,45.94193,0],[33.640135,45.9493564,0],[33.6594173,45.9565555,0],[33.682856,45.9528033,0],[33.6926578,45.9567519,0],[33.723222,45.951262,0],[33.7427932,45.9517319,0],[33.7513769,45.9493368,0],[33.7557842,45.9392824,0],[33.7579871,45.9344939,0],[33.75607,45.9297057,0],[33.7493777,45.9274994,0],[33.7282669,45.9267258,0],[33.7208017,45.9244272,0],[33.7105903,45.916874,0],[33.7056001,45.9124071,0],[33.6958046,45.9074627,0],[33.6899492,45.9090379,0],[33.691284,45.9112313,0],[33.6877728,45.9127518,0],[33.6800935,45.9085396,0],[33.67557,45.9009372,0],[33.6757155,45.8923565,0],[33.6792256,45.8849596,0],[33.6799532,45.8750482,0],[33.6803219,45.8665067,0],[33.6856604,45.8588878,0],[33.6859296,45.8488623,0],[33.6828542,45.8438353,0],[33.6797799,45.8426347,0],[33.678423,45.8458584,0],[33.6815298,45.8502773,0],[33.6736971,45.8567142,0],[33.6662681,45.8600217,0],[33.6603343,45.8620923,0],[33.6573919,45.8657542,0],[33.6549378,45.8699698,0],[33.6558644,45.8726633,0],[33.6397449,45.8736363,0],[33.6346115,45.8784318,0],[33.6147267,45.8899326,0],[33.5951837,45.8839771,0],[33.5852577,45.8684574,0],[33.5716337,45.870661,0],[33.5586395,45.8617199,0],[33.5535178,45.8515079,0],[33.5482128,45.8435307,0],[33.5421287,45.8376274,0],[33.5363434,45.8451985,0],[33.527171,45.849723,0],[33.5176551,45.846594,0],[33.5076216,45.8410719,0],[33.4971139,45.8483554,0],[33.5242678,45.8630878,0],[33.5441019,45.8803349,0],[33.5405932,45.8849133,0],[33.5184662,45.8658644,0],[33.4920962,45.8565944,0],[33.4856034,45.8525363,0],[33.4818587,45.8532599,0],[33.4729954,45.8484896,0],[33.4339234,45.8379784,0],[33.4170901,45.8302054,0],[33.3748671,45.7965887,0],[33.3151998,45.770008,0],[33.2794116,45.7585976,0],[33.2381446,45.7500492,0],[33.2105469,45.7559314,0],[33.1814278,45.7734227,0],[33.1724861,45.7866032,0],[33.1807104,45.7997837,0],[33.1858308,45.8079522,0],[33.1833681,45.811366,0],[33.1764389,45.8053229,0],[33.1657369,45.7882695,0],[33.1604287,45.7656387,0],[33.1605576,45.7495414,0],[33.1524036,45.730959,0],[33.1387446,45.7183157,0],[33.1250751,45.7196617,0],[33.11481,45.7112164,0],[33.0966485,45.7146636,0],[33.0687571,45.705934,0],[33.0463678,45.692403,0],[33.0171537,45.6870091,0],[33.009427,45.6790235,0],[32.9973336,45.6779092,0],[32.9050861,45.6360774,0],[32.8219076,45.5878182,0],[32.8201285,45.5843929,0],[32.8225004,45.5832806,0],[32.831583,45.5841652,0],[32.8410082,45.582406,0],[32.8426546,45.5772541,0],[32.8431411,45.5705971,0],[32.8406482,45.56511,0],[32.8349486,45.5597237,0],[32.8273042,45.5563081,0],[32.8245397,45.5548513,0],[32.8166262,45.5589238,0],[32.7906892,45.5590224,0],[32.7550732,45.548477,0],[32.727683,45.5330863,0],[32.7105858,45.5239372,0],[32.7144138,45.5169495,0],[32.6909269,45.5081698,0],[32.69637,45.5177228,0],[32.6915269,45.52298,0],[32.5556209,45.4659496,0],[32.5050229,45.4261691,0],[32.4819345,45.4056494,0],[32.4808276,45.3909109,0],[32.4886441,45.3849884,0],[32.5074454,45.3819566,0],[32.5134582,45.3720378,0],[32.5103771,45.3608842,0],[32.495293,45.3482293,0],[32.4964907,45.3449896,0],[32.5355384,45.3390219,0],[32.570503,45.3340943,0],[32.5793963,45.3289693,0],[32.5948271,45.3276111,0],[32.621079,45.3199274,0],[32.6528184,45.3151327,0],[32.6772328,45.32508,0],[32.6829272,45.333912,0],[32.7114726,45.3448058,0],[32.7297279,45.3566612,0],[32.7641899,45.3668516,0],[32.8542627,45.3670736,0],[32.9083924,45.3605221,0],[32.9371025,45.3496162,0],[32.9667646,45.3366935,0],[32.9918481,45.3224993,0],[33.0434832,45.2878656,0],[33.0740304,45.2681259,0],[33.0810275,45.2601885,0],[33.0941264,45.2451025,0],[33.1073491,45.2326281,0],[33.1246878,45.2259538,0],[33.1385684,45.2149264,0],[33.1434036,45.2070898,0],[33.1516576,45.2007522,0],[33.167457,45.1934696,0],[33.1798209,45.1876511,0],[33.1852357,45.1837167,0],[33.1954571,45.183169,0],[33.201555,45.1826203,0],[33.2094089,45.1804086,0],[33.2181404,45.1776076,0],[33.2276534,45.1733016,0],[33.2357548,45.1675171,0],[33.2459386,45.1569381,0],[33.2549343,45.1498013,0],[33.2609256,45.1472646,0],[33.2663625,45.1467791,0],[33.2707971,45.1471418,0],[33.2738722,45.1464757,0],[33.2797012,45.1475952,0],[33.2822718,45.1482765,0],[33.2837288,45.1509173,0],[33.2860912,45.1538121,0],[33.2905346,45.1568327,0],[33.293829,45.158614,0],[33.2956486,45.1618045,0],[33.2957182,45.1663542,0],[33.297504,45.168483,0],[33.300406,45.1716404,0],[33.3050247,45.1734663,0],[33.3097568,45.1746445,0],[33.3186088,45.1750957,0],[33.3255723,45.1744576,0],[33.331162,45.1728513,0],[33.3486851,45.1746675,0],[33.3569698,45.1782214,0],[33.3590753,45.1817757,0],[33.3667193,45.1840434,0],[33.3744548,45.1856753,0],[33.3782219,45.1858486,0],[33.3746126,45.1872667,0],[33.3747801,45.1896522,0],[33.3737318,45.1929034,0],[33.3781579,45.1960177,0],[33.3849501,45.1971655,0],[33.3913248,45.1977683,0],[33.4010281,45.1965493,0],[33.4094482,45.1938671,0],[33.4159888,45.1914041,0],[33.4332529,45.1846374,0],[33.4508543,45.1742382,0],[33.4807573,45.1558915,0],[33.5102954,45.1346317,0],[33.5374075,45.1102177,0],[33.5624345,45.0814365,0],[33.581633,45.0511232,0],[33.596689,45.0120756,0],[33.6025946,44.9979727,0],[33.6043773,44.9804712,0],[33.5976519,44.9765496,0],[33.6109623,44.9257206,0],[33.6105925,44.8993192,0],[33.6064479,44.8717023,0],[33.6052004,44.8663859,0],[33.6008626,44.857663,0],[33.5956232,44.8475171,0],[33.5906429,44.8457225,0],[33.5868637,44.8470001,0],[33.5789642,44.8404874,0],[33.5696937,44.838843,0],[33.5595722,44.8399449,0],[33.552198,44.8395857,0],[33.5485985,44.8328932,0],[33.5502309,44.8222419,0],[33.5477436,44.8120781,0],[33.54552,44.8041697,0],[33.5406327,44.802652,0],[33.535058,44.7923643,0],[33.5407223,44.7617581,0],[33.5398624,44.7387125,0],[33.5475831,44.7244447,0],[33.5467184,44.7060292,0],[33.5463628,44.6779794,0],[33.5418641,44.6589325,0],[33.5356674,44.6459898,0],[33.5311908,44.6411069,0],[33.5256907,44.6383616,0],[33.5153851,44.637082,0],[33.5124742,44.6331489,0],[33.5082713,44.6319164,0],[33.5099459,44.6295904,0],[33.5183353,44.6284265,0],[33.5221859,44.629309,0],[33.5254838,44.6270618,0],[33.5285055,44.6275258,0],[33.5312174,44.6256803,0],[33.5329163,44.6265898,0],[33.5356517,44.625761,0],[33.5349536,44.6237107,0],[33.5393948,44.6237637,0],[33.5420971,44.6233813,0],[33.5468152,44.6240826,0],[33.5483554,44.6259744,0],[33.5504051,44.6258484,0],[33.5527869,44.6236417,0],[33.5606419,44.625336,0],[33.5639904,44.6226167,0],[33.5631343,44.6203556,0],[33.5734385,44.6197403,0],[33.5761949,44.6209549,0],[33.5779291,44.618497,0],[33.5807108,44.6170017,0],[33.5828418,44.6174325,0],[33.5895044,44.6148711,0],[33.5890962,44.6124382,0],[33.5951457,44.6112363,0],[33.5962602,44.6129879,0],[33.5998614,44.6133127,0],[33.6001952,44.610786,0],[33.5988033,44.609644,0],[33.5390757,44.6194771,0],[33.4501548,44.6159461,0],[33.3671252,44.5811213,0],[33.487616,44.4970494,0],[33.5540478,44.4868769,0],[33.6019479,44.4917389,0],[33.6270126,44.4795789,0],[33.6383395,44.4586871,0],[33.6427831,44.423395,0],[33.6891596,44.4152093,0],[33.715168,44.3996416,0],[33.7451087,44.3818594,0],[33.8607911,44.397006,0],[33.9616898,44.3897091,0],[34.1244732,44.4308203,0],[34.1464573,44.4793412,0],[34.249032,44.5065762,0],[34.3055437,44.5501151,0],[34.3552146,44.5459109,0],[34.4321494,44.682765,0],[34.5446135,44.7410058,0],[34.7288112,44.8078253,0],[34.9120951,44.8157703,0],[34.9698329,44.8375086,0],[35.0790016,44.7919526,0],[35.1261054,44.8237102,0],[35.1318378,44.8444582,0],[35.1402067,44.8670023,0],[35.1498931,44.8865457,0],[35.1629818,44.9006932,0],[35.1870623,44.9080271,0],[35.2100892,44.9102209,0],[35.2369585,44.9194658,0],[35.2499966,44.937815,0],[35.2434737,44.9528227,0],[35.2561771,44.9629687,0],[35.2712818,44.9675955,0],[35.2836408,44.9661604,0],[35.2967035,44.9622621,0],[35.3025476,44.9680837,0],[35.3192041,44.9695341,0],[35.3456885,44.9650381,0],[35.3817713,44.9479004,0],[35.3839103,44.9525034,0],[35.3531847,44.9764804,0],[35.3556696,44.9860378,0],[35.3650226,44.9946229,0],[35.3887009,45.0007996,0],[35.4209684,45.0121841,0],[35.4105918,45.0231085,0],[35.3911117,45.0260233,0],[35.3833907,45.0350032,0],[35.3856226,45.0499293,0],[35.4130934,45.0762582,0],[35.4462564,45.0984567,0],[35.4989407,45.1166504,0],[35.5411745,45.1269509,0],[35.5854754,45.131902,0],[35.6297695,45.1223028,0],[35.6936803,45.106322,0],[35.750681,45.0825557,0],[35.775046,45.0689711,0],[35.7891038,45.0563548,0],[35.8048863,45.0455584,0],[35.8144831,45.0333055,0],[35.8106804,45.0223889,0],[35.8219474,45.0192032,0],[35.8297795,45.0140758,0],[35.8344566,45.0077046,0],[35.8293935,45.0046731,0],[35.8357447,44.9990939,0],[35.8683554,45.0054,0],[35.8755659,45.0103718,0],[35.8879269,45.0126725,0],[35.9136661,45.0182611,0],[35.9258506,45.019111,0],[35.9531386,45.0141312,0],[35.9684176,45.0183747,0],[35.9823264,45.024558,0],[36.0046649,45.0451745,0],[36.0266503,45.0498222,0],[36.07129,45.0482523,0],[36.2010446,45.0330226,0],[36.2137506,45.0291009,0],[36.2264566,45.0290601,0],[36.2422657,45.0415901,0],[36.2477796,45.0492633,0],[36.2821366,45.0549895,0],[36.3281966,45.0591511,0],[36.372884,45.0574746,0],[36.3909776,45.0653589,0],[36.4368342,45.0839938,0],[36.4544341,45.1008902,0],[36.4362654,45.1139404,0],[36.4203108,45.1364537,0],[36.4185095,45.1544896,0],[36.4070909,45.1715577,0],[36.4012509,45.2148873,0],[36.4187578,45.2340262,0],[36.4227627,45.2429657,0],[36.4315772,45.2562531,0],[36.4354746,45.2721923,0],[36.4295309,45.2779761,0],[36.4217564,45.2721472,0],[36.4171994,45.286584,0],[36.4293428,45.29622,0],[36.4785752,45.3058437,0],[36.4919049,45.3173694,0],[36.4812201,45.3201835,0],[36.4731298,45.3244878,0],[36.4701147,45.3329161,0],[36.4696374,45.3383374,0],[36.4728335,45.3470807,0],[36.4771785,45.3502458,0],[36.4762621,45.3552063,0],[36.4822127,45.360166,0],[36.4889741,45.3624786,0],[36.498482,45.3628606,0],[36.5186846,45.3565357,0],[36.518973,45.3516596,0],[36.5316201,45.3513652,0],[36.5463246,45.3462433,0],[36.5681277,45.3473558,0],[36.5883899,45.3481292,0],[36.5959534,45.3458156,0],[36.6042184,45.3484248,0],[36.6063332,45.3531615,0],[36.6098796,45.3573254,0],[36.6197211,45.359376,0],[36.6256769,45.363476,0],[36.629355,45.368781,0],[36.6271021,45.3740878,0],[36.6335856,45.3764967,0],[36.6431248,45.3788986,0],[36.6450421,45.382257,0],[36.6405126,45.3886165,0],[36.627261,45.3942082,0],[36.6160671,45.4007628,0],[36.6042456,45.412031,0],[36.6101247,45.4152829,0],[36.6129554,45.4213075,0],[36.6025698,45.4273349,0],[36.5935558,45.4376984,0],[36.5853195,45.4396442,0],[36.5757092,45.440626,0],[36.5661011,45.4353605,0],[36.5671421,45.4277205,0],[36.5548099,45.4230424,0],[36.5452557,45.4242854,0],[36.5309558,45.4262862,0],[36.5229549,45.4298013,0],[36.5117576,45.4358631,0],[36.5051516,45.4412363,0],[36.4960562,45.4442702,0],[36.4874737,45.4503334,0],[36.478543,45.4542658,0],[36.4716643,45.4563464,0],[36.457917,45.4552914,0],[36.4469166,45.4576063,0],[36.4406809,45.4548197,0],[36.4426329,45.4521357,0],[36.4321212,45.4491708,0],[36.4323879,45.4466108,0],[36.4233111,45.444858,0],[36.4140851,45.4447172,0],[36.4038684,45.4482811,0],[36.3923522,45.4534719,0],[36.3830431,45.4580643,0],[36.3754008,45.4629065,0],[36.368345,45.4677681,0],[36.3569717,45.4702571,0],[36.3513832,45.4733024,0],[36.3443128,45.4789052,0],[36.3417584,45.4831634,0],[36.3406179,45.4776989,0],[36.3381048,45.4736789,0],[36.3227817,45.4704542,0],[36.3054011,45.4739692,0],[36.2941983,45.4798892,0],[36.2660312,45.4779036,0],[36.1709049,45.4697122,0],[36.1255871,45.4616911,0],[36.0775394,45.4478719,0],[36.0713455,45.4016019,0],[36.058299,45.3852148,0],[35.99701,45.3714908,0],[35.9401912,45.3784766,0],[35.8847818,45.4066898,0],[35.8465069,45.446506,0],[35.8636895,45.4542195,0],[35.8760595,45.4638555,0],[35.8678308,45.4732506,0],[35.8417749,45.4744726,0],[35.8236493,45.4663203,0],[35.8177466,45.4588693,0],[35.8183678,45.4514182,0],[35.8264752,45.4401288,0],[35.8023584,45.4242928,0],[35.750903,45.3954268,0],[35.7482156,45.3906603,0],[35.7265675,45.3497848,0],[35.7217501,45.3355618,0],[35.6353067,45.3206009,0],[35.5258253,45.2911927,0],[35.4987587,45.3061765,0],[35.467835,45.3075439,0]]]}]},"properties":{"name":"Окупований Крим /// Occupied Crimea","styleUrl":"#poly-880E4F-1200-77-nodesc","styleHash":"-6b23f4d9","styleMapHash":{"normal":"#poly-880E4F-1200-77-nodesc-normal","highlight":"#poly-880E4F-1200-77-nodesc-highlight"},"stroke-opacity":1,"stroke":"#880e4f","stroke-width":1.2,"fill-opacity":0.30196078431372547,"fill":"#880e4f"}},{"type":"Feature","geometry":{"type":"Polygon","coordinates":[[[39.0828906,47.8516037,0],[39.1093893,47.8517524,0],[39.1095354,47.8427473,0],[39.1496824,47.8425817,0],[39.2362131,47.8539532,0],[39.2417337,47.8670136,0],[39.3904498,47.8661846,0],[39.4125292,47.830898,0],[39.4257838,47.8358944,0],[39.4373545,47.8398339,0],[39.4462501,47.850644,0],[39.4784743,47.8594741,0],[39.5203078,47.825141,0],[39.5344907,47.83253,0],[39.542168,47.8249813,0],[39.5655871,47.836556,0],[39.7379104,47.8277291,0],[39.7631843,47.8465373,0],[39.7625051,47.8701448,0],[39.7949406,47.8668329,0],[39.7939036,47.9158973,0],[39.8065943,47.9336659,0],[39.8058884,47.9505616,0],[39.8273909,47.9508344,0],[39.8198438,47.9677616,0],[39.8154078,47.9708664,0],[39.8151166,47.9736166,0],[39.8175382,47.9766456,0],[39.8198493,47.9774461,0],[39.8227982,47.979535,0],[39.8230314,47.9835403,0],[39.8167173,47.9845419,0],[39.8192697,47.989754,0],[39.8180234,47.9954669,0],[39.8141575,47.9968407,0],[39.8139717,47.9984877,0],[39.8165185,48.0001159,0],[39.8171489,48.001477,0],[39.8109753,48.0048562,0],[39.8045408,48.0064594,0],[39.8029984,48.0079476,0],[39.7976869,48.0093062,0],[39.7952175,48.0107026,0],[39.7853113,48.0230784,0],[39.7867767,48.0250342,0],[39.7796623,48.0393364,0],[39.8772075,48.0413783,0],[39.8858862,48.0478658,0],[39.8322015,48.0664997,0],[39.8685845,48.0794444,0],[39.8799506,48.1151645,0],[39.9102753,48.1384164,0],[39.9091838,48.1693296,0],[39.9138857,48.178015,0],[39.9409345,48.1808104,0],[39.9421938,48.2307436,0],[39.9533041,48.2294084,0],[39.9722759,48.2270247,0],[40.0008684,48.2252447,0],[40.0033787,48.2236859,0],[40.0075402,48.2233125,0],[40.0083965,48.2251387,0],[40.0082215,48.2281045,0],[40.007443,48.2300907,0],[40.0043418,48.2323477,0],[40.0039768,48.2360612,0],[40.0027322,48.2375353,0],[40.0030757,48.2394758,0],[40.0073233,48.2420581,0],[40.0195095,48.2525075,0],[40.0188624,48.2531159,0],[40.0189201,48.2541039,0],[40.018671,48.2550513,0],[40.0189886,48.2570604,0],[40.0155045,48.2626787,0],[40.0167773,48.2694579,0],[40.0138295,48.2715898,0],[40.0089633,48.2726545,0],[39.9997448,48.28929,0],[40.0005341,48.2917165,0],[39.997993,48.2945139,0],[39.9966002,48.2979383,0],[39.9950166,48.3008469,0],[39.994253,48.303181,0],[39.9926583,48.3056192,0],[39.9919216,48.3060016,0],[39.9920796,48.3097349,0],[39.9939839,48.3120065,0],[39.9941876,48.3126963,0],[39.9935222,48.3128773,0],[39.9932215,48.3135961,0],[39.9909894,48.3160613,0],[39.9910744,48.3165824,0],[39.9908152,48.3170825,0],[39.9869491,48.3175119,0],[39.9853108,48.317001,0],[39.9841797,48.3162073,0],[39.9825182,48.3157045,0],[39.9803108,48.3157835,0],[39.9788999,48.315713,0],[39.9776231,48.3151726,0],[39.9754983,48.31432,0],[39.9744246,48.3134708,0],[39.9724916,48.3129711,0],[39.9710288,48.3116291,0],[39.9718799,48.3097157,0],[39.9707928,48.3089713,0],[39.9712364,48.3077965,0],[39.9712653,48.3073022,0],[39.9708083,48.3070844,0],[39.9687353,48.3071341,0],[39.9676365,48.3068053,0],[39.9663829,48.3067758,0],[39.9656782,48.3064027,0],[39.9658139,48.3056564,0],[39.9654414,48.3046777,0],[39.9652545,48.3044902,0],[39.9648377,48.3044577,0],[39.9643903,48.3038216,0],[39.9638819,48.3034631,0],[39.9632084,48.3032599,0],[39.9630632,48.3025965,0],[39.9635452,48.3021261,0],[39.9644662,48.3020989,0],[39.9657931,48.3027154,0],[39.9669698,48.3028323,0],[39.9680178,48.3028349,0],[39.9694631,48.3031312,0],[39.9700361,48.302953,0],[39.9710106,48.3027963,0],[39.9711748,48.3021412,0],[39.9710313,48.3014874,0],[39.9706155,48.3011791,0],[39.9702131,48.3003911,0],[39.9706103,48.2989864,0],[39.9702238,48.2987467,0],[39.9695797,48.2986384,0],[39.9674541,48.2991473,0],[39.9667219,48.2996514,0],[39.9661587,48.2998029,0],[39.9649464,48.2996493,0],[39.9633373,48.2990852,0],[39.9606769,48.2994413,0],[39.9596904,48.2992401,0],[39.9593054,48.2988376,0],[39.9589645,48.2982325,0],[39.9582829,48.2980501,0],[39.9559754,48.2992555,0],[39.9557481,48.299894,0],[39.9559284,48.3003326,0],[39.9563748,48.3005247,0],[39.9568814,48.3011087,0],[39.9567444,48.3021637,0],[39.9568219,48.3026192,0],[39.9566599,48.3031852,0],[39.9556063,48.3037463,0],[39.954057,48.304012,0],[39.9529753,48.3039154,0],[39.9519708,48.303551,0],[39.9517212,48.3030504,0],[39.9519946,48.3023918,0],[39.9517688,48.3021309,0],[39.9522186,48.3010381,0],[39.9519575,48.3000927,0],[39.9498477,48.2994008,0],[39.949619,48.2988449,0],[39.9508356,48.2977331,0],[39.9507366,48.2972225,0],[39.9490366,48.2967152,0],[39.9484261,48.2961002,0],[39.9486214,48.2946704,0],[39.9484112,48.2942947,0],[39.947227,48.2941626,0],[39.9465323,48.293784,0],[39.9459582,48.2927414,0],[39.9448101,48.2920266,0],[39.9437155,48.2919104,0],[39.9416121,48.2928487,0],[39.9385209,48.2921268,0],[39.9377029,48.292225,0],[39.9368823,48.2915646,0],[39.9366146,48.2899582,0],[39.9370235,48.288116,0],[39.9366398,48.2868873,0],[39.9362154,48.2850583,0],[39.9350232,48.2837704,0],[39.9340979,48.2834791,0],[39.9332772,48.2837532,0],[39.9321079,48.2837303,0],[39.9305846,48.2832846,0],[39.9301559,48.2827643,0],[39.9302856,48.2823805,0],[39.932176,48.2812133,0],[39.9341115,48.2807351,0],[39.9349784,48.2797503,0],[39.9346951,48.2790658,0],[39.9328753,48.2792411,0],[39.9315961,48.2779922,0],[39.9296385,48.2777793,0],[39.927869,48.2765821,0],[39.9272912,48.2753873,0],[39.9258355,48.2739687,0],[39.9256277,48.2735879,0],[39.9258988,48.2729692,0],[39.9259687,48.2721603,0],[39.9249068,48.2714851,0],[39.9229547,48.2713059,0],[39.9210688,48.2716602,0],[39.9196571,48.2712977,0],[39.9189796,48.2706011,0],[39.9174956,48.2700935,0],[39.9148291,48.2696779,0],[39.9142596,48.2698466,0],[39.9145799,48.2707552,0],[39.915049,48.2713442,0],[39.9147533,48.2718867,0],[39.9140654,48.2719578,0],[39.9130755,48.2711929,0],[39.9111386,48.2710199,0],[39.9102688,48.2716453,0],[39.9105891,48.2721534,0],[39.9118308,48.2727698,0],[39.9122543,48.2737457,0],[39.9113847,48.275269,0],[39.9104178,48.2760308,0],[39.9096855,48.2760119,0],[39.9095085,48.276717,0],[39.9082201,48.277008,0],[39.9084339,48.2781327,0],[39.9100639,48.2790105,0],[39.9093774,48.2807664,0],[39.910753,48.282907,0],[39.911103,48.2850178,0],[39.9097451,48.2875265,0],[39.9126952,48.2882023,0],[39.9101881,48.2929821,0],[39.9031174,48.2988902,0],[39.8869156,48.3040891,0],[39.8879682,48.3073167,0],[39.8871988,48.3087771,0],[39.8410685,48.3100513,0],[39.8421021,48.3183104,0],[39.8403939,48.3291167,0],[39.8452167,48.3294989,0],[39.8455931,48.3327736,0],[39.8597034,48.3345658,0],[39.8779341,48.3340733,0],[39.9185813,48.3416921,0],[39.9186034,48.3472072,0],[39.9307271,48.348957,0],[39.9436441,48.3481202,0],[39.9475073,48.3552302,0],[39.9425304,48.3549629,0],[39.944422,48.3571657,0],[39.939451,48.3607734,0],[39.9406678,48.365023,0],[39.9367499,48.3671357,0],[39.9347511,48.3722742,0],[39.9432775,48.3837913,0],[39.9415351,48.3870715,0],[39.9383089,48.3875623,0],[39.9352706,48.384697,0],[39.9318897,48.3769292,0],[39.9268452,48.3750751,0],[39.9212199,48.3759275,0],[39.9175221,48.3792278,0],[39.9163055,48.3842314,0],[39.9145583,48.3868273,0],[39.9078019,48.3887123,0],[39.9059615,48.3903159,0],[39.9067434,48.3922694,0],[39.9174051,48.3948097,0],[39.9186437,48.3976109,0],[39.9160499,48.4006103,0],[39.9084587,48.4020517,0],[39.906312,48.403562,0],[39.9064839,48.4074937,0],[39.9127632,48.4155801,0],[39.9102969,48.4219558,0],[39.8959257,48.4292418,0],[39.8888169,48.4419929,0],[39.8898644,48.4435709,0],[39.8967662,48.4442197,0],[39.8985547,48.4459723,0],[39.8973265,48.4481115,0],[39.8577522,48.4633633,0],[39.8463375,48.4737119,0],[39.847753,48.4856779,0],[39.8478837,48.4951083,0],[39.8464694,48.4993057,0],[39.84871,48.5028401,0],[39.8531911,48.5034246,0],[39.8566588,48.5016359,0],[39.861877,48.5019244,0],[39.8661347,48.5047748,0],[39.8667561,48.5088826,0],[39.8574855,48.5374008,0],[39.8580446,48.5453656,0],[39.8545326,48.5529988,0],[39.8576295,48.5614133,0],[39.846829,48.5729337,0],[39.8216849,48.5783323,0],[39.8206043,48.5792853,0],[39.8254818,48.5816452,0],[39.8263109,48.5842074,0],[39.8250511,48.5861523,0],[39.8223596,48.5866356,0],[39.8128554,48.5838551,0],[39.8086096,48.5839718,0],[39.8044954,48.5854536,0],[39.8002156,48.5895529,0],[39.796119,48.5918468,0],[39.7899853,48.5933692,0],[39.7734252,48.5923258,0],[39.7720625,48.5916013,0],[39.7703675,48.5879945,0],[39.754759,48.5829996,0],[39.7512953,48.5820902,0],[39.7505496,48.5833377,0],[39.7510542,48.5888356,0],[39.7490377,48.5902429,0],[39.7467209,48.5906731,0],[39.7443186,48.5900574,0],[39.7387429,48.5868384,0],[39.7346291,48.5858506,0],[39.7301775,48.585919,0],[39.726252,48.5866238,0],[39.7233788,48.5862164,0],[39.7212371,48.5848336,0],[39.714893,48.5852475,0],[39.7025463,48.5877777,0],[39.697765,48.5871601,0],[39.6916351,48.586378,0],[39.6872709,48.5870843,0],[39.6772879,48.5875629,0],[39.6765155,48.5881875,0],[39.6722238,48.5884145,0],[39.6675887,48.5867682,0],[39.6587483,48.5856325,0],[39.6575468,48.5846673,0],[39.6353165,48.5800397,0],[39.6319692,48.5806927,0],[39.6236436,48.5860867,0],[39.6228281,48.5863707,0],[39.6219268,48.5858029,0],[39.6212402,48.5819417,0],[39.6175495,48.5771153,0],[39.6137299,48.5749004,0],[39.6124855,48.5729129,0],[39.6080223,48.5727141,0],[39.6036449,48.5741055,0],[39.5963128,48.5750293,0],[39.5949886,48.5766912,0],[39.5948044,48.5793299,0],[39.6006408,48.5857461,0],[39.604074,48.5862571,0],[39.6050182,48.5867681,0],[39.6045891,48.5888119,0],[39.6017566,48.591537,0],[39.5963493,48.5923886,0],[39.5925357,48.5912967,0],[39.5817707,48.5850383,0],[39.5777793,48.5828806,0],[39.576535,48.581234,0],[39.5733466,48.5805224,0],[39.5680714,48.5818502,0],[39.5629675,48.5836321,0],[39.5631454,48.5862306,0],[39.5660509,48.588301,0],[39.5672772,48.5902388,0],[39.5673018,48.5921198,0],[39.5656345,48.5939516,0],[39.5633045,48.5974408,0],[39.5617595,48.5980085,0],[39.5586696,48.5980085,0],[39.5512023,48.5955676,0],[39.5494857,48.5932401,0],[39.5505587,48.5885848,0],[39.549314,48.5859732,0],[39.5450225,48.5839292,0],[39.5373836,48.58339,0],[39.5312037,48.5842699,0],[39.5287147,48.5859448,0],[39.5269121,48.58955,0],[39.5281312,48.5918406,0],[39.5332079,48.5936307,0],[39.5335878,48.5954605,0],[39.5324228,48.5964387,0],[39.5280455,48.5971767,0],[39.5253848,48.5981984,0],[39.5226333,48.6029769,0],[39.5234788,48.6051034,0],[39.5272799,48.6082749,0],[39.5278196,48.6094601,0],[39.5271823,48.6112629,0],[39.5257232,48.613022,0],[39.5167841,48.6180986,0],[39.5116469,48.6218737,0],[39.5119776,48.6235455,0],[39.5154235,48.6261855,0],[39.5162691,48.6279705,0],[39.5167109,48.6299864,0],[39.5160243,48.6321987,0],[39.5140876,48.6338368,0],[39.5104342,48.6344539,0],[39.5004348,48.6325537,0],[39.4955426,48.6321283,0],[39.4930106,48.6304265,0],[39.4862727,48.6288949,0],[39.4841484,48.6282,0],[39.4761018,48.628753,0],[39.4685916,48.6274483,0],[39.4656304,48.6281857,0],[39.4640108,48.6310641,0],[39.4642683,48.6340137,0],[39.4673899,48.6372332,0],[39.4658132,48.6386649,0],[39.4575623,48.6386512,0],[39.4542149,48.6397855,0],[39.45164,48.6410333,0],[39.4495753,48.6445574,0],[39.4497978,48.6504011,0],[39.4513078,48.6517082,0],[39.4533852,48.6528124,0],[39.4523728,48.6547104,0],[39.4501761,48.6556715,0],[39.4465013,48.6563009,0],[39.4389481,48.6549401,0],[39.4323232,48.6567488,0],[39.4207457,48.6582229,0],[39.4142323,48.6566918,0],[39.4106939,48.6576559,0],[39.4080332,48.6598104,0],[39.4082049,48.6614545,0],[39.4135262,48.6668399,0],[39.4138697,48.6684271,0],[39.4117239,48.6705243,0],[39.4058209,48.6738115,0],[39.4026452,48.6744349,0],[39.3979909,48.6746052,0],[39.3905237,48.6787991,0],[39.3891696,48.6803857,0],[39.3909291,48.6837575,0],[39.3895988,48.6847492,0],[39.3817025,48.6855142,0],[39.3795566,48.6862791,0],[39.3779859,48.6862368,0],[39.3673165,48.6919737,0],[39.3658902,48.6922287,0],[39.3603112,48.695798,0],[39.3559531,48.697214,0],[39.3505029,48.7076367,0],[39.3486574,48.708713,0],[39.346855,48.7122245,0],[39.3486382,48.7134707,0],[39.3541314,48.7132442,0],[39.3601589,48.7156791,0],[39.3652658,48.7168401,0],[39.3704585,48.7159622,0],[39.3720796,48.7159341,0],[39.3737867,48.7174915,0],[39.3741826,48.7186523,0],[39.3726043,48.7198696,0],[39.3691283,48.7200679,0],[39.3615322,48.7223045,0],[39.3552238,48.7252488,0],[39.3537216,48.7268908,0],[39.3540724,48.729646,0],[39.3588751,48.7339014,0],[39.3588714,48.7361753,0],[39.3581923,48.7370054,0],[39.3492658,48.742496,0],[39.3472058,48.7457787,0],[39.3470266,48.7502121,0],[39.3461759,48.751042,0],[39.3431385,48.7573608,0],[39.3433628,48.7592092,0],[39.3455281,48.7616611,0],[39.3491724,48.7621516,0],[39.3513257,48.7630943,0],[39.3538932,48.7654897,0],[39.3545015,48.7668284,0],[39.3527812,48.7679412,0],[39.3510607,48.7685446,0],[39.3472429,48.7683845,0],[39.3403355,48.7663007,0],[39.3361337,48.7659798,0],[39.3316705,48.766602,0],[39.3266028,48.7683087,0],[39.326084,48.7700153,0],[39.3274828,48.7721084,0],[39.3279722,48.7736923,0],[39.3262557,48.7755589,0],[39.3245465,48.776049,0],[39.3145901,48.7748045,0],[39.3118435,48.7740692,0],[39.3088319,48.7719953,0],[39.3030887,48.765414,0],[39.2999129,48.7630378,0],[39.2926174,48.760605,0],[39.2914941,48.7594358,0],[39.2906433,48.756248,0],[39.2892807,48.7536832,0],[39.28952,48.7515136,0],[39.2864338,48.7489009,0],[39.2820603,48.7486084,0],[39.2788874,48.749339,0],[39.2766585,48.7523332,0],[39.2747755,48.753681,0],[39.2723828,48.7538866,0],[39.2708089,48.7527587,0],[39.2703015,48.7512117,0],[39.2716747,48.7477596,0],[39.270809,48.7439866,0],[39.2686631,48.741949,0],[39.264468,48.7412523,0],[39.258535,48.7427414,0],[39.256311,48.7422696,0],[39.2550234,48.7406847,0],[39.255282,48.7387742,0],[39.2592291,48.7338353,0],[39.2561392,48.7268717,0],[39.2539624,48.7244016,0],[39.2533069,48.7220589,0],[39.2539001,48.7201527,0],[39.2497802,48.7125643,0],[39.2435147,48.7096192,0],[39.2395879,48.7091247,0],[39.2359905,48.711088,0],[39.2323641,48.7114125,0],[39.2267852,48.7089771,0],[39.2248968,48.7067682,0],[39.2194036,48.7051822,0],[39.2071728,48.6982998,0],[39.2031818,48.6986114,0],[39.2003706,48.6999993,0],[39.1991476,48.702265,0],[39.1983536,48.705777,0],[39.1975167,48.706485,0],[39.1965081,48.7065134,0],[39.1951061,48.7038985,0],[39.1909003,48.6998199,0],[39.1854146,48.6933991,0],[39.1816381,48.6857501,0],[39.1742491,48.680329,0],[39.1633486,48.6757386,0],[39.1574337,48.6753794,0],[39.1519406,48.6762862,0],[39.1486715,48.6752851,0],[39.1445122,48.6709112,0],[39.1418984,48.6666505,0],[39.141641,48.6650633,0],[39.1426709,48.6635326,0],[39.1419842,48.6608682,0],[39.1394876,48.65964,0],[39.1273071,48.6604713,0],[39.1231872,48.6600178,0],[39.1168282,48.6567485,0],[39.1119359,48.6533466,0],[39.1036178,48.6498687,0],[39.0985539,48.6508893,0],[39.0849068,48.6506625,0],[39.0758944,48.6516264,0],[39.0743495,48.6504357,0],[39.0548659,48.6470333,0],[39.042678,48.6464662,0],[39.0380823,48.6471847,0],[39.0355464,48.6482432,0],[39.0334474,48.6519761,0],[39.0322065,48.6528738,0],[39.0285083,48.6530064,0],[39.0191528,48.6569753,0],[39.0123721,48.658336,0],[39.010316,48.660084,0],[39.009633,48.6626256,0],[39.0129804,48.6640429,0],[39.0185594,48.6640995,0],[39.0216493,48.6623989,0],[39.0254258,48.6619737,0],[39.0274858,48.6632492,0],[39.0262842,48.667274,0],[39.0238809,48.6698815,0],[39.0205336,48.6722621,0],[39.0202761,48.6756061,0],[39.0195819,48.6791389,0],[39.0163671,48.6809428,0],[39.0143537,48.6834267,0],[39.015727,48.6886399,0],[39.0155478,48.6948913,0],[39.0048265,48.6963452,0],[39.0018149,48.6980072,0],[38.9998483,48.7001975,0],[38.999505,48.7039927,0],[38.9982176,48.7076745,0],[38.9989862,48.7111956,0],[38.9969225,48.7116016,0],[38.9919227,48.7100017,0],[38.9869231,48.7101575,0],[38.9843054,48.7118281,0],[38.9847421,48.7136213,0],[38.9888619,48.715207,0],[38.9939184,48.7161888,0],[38.9980459,48.7174722,0],[38.9993333,48.7196241,0],[38.9983893,48.7242672,0],[38.9914368,48.7306084,0],[38.9895411,48.7349866,0],[38.9844561,48.7375798,0],[38.9822031,48.7402861,0],[38.9823319,48.7421893,0],[38.981216,48.7438449,0],[38.9788122,48.7448922,0],[38.9749968,48.7447632,0],[38.9725628,48.7435836,0],[38.9698324,48.7437464,0],[38.9669464,48.7452039,0],[38.9640925,48.7461943,0],[38.9611311,48.7461373,0],[38.9599296,48.7429109,0],[38.961217,48.739911,0],[38.9610453,48.736515,0],[38.9569464,48.7340668,0],[38.9460674,48.7344489,0],[38.9437074,48.7338543,0],[38.9340086,48.7357792,0],[38.9324635,48.736798,0],[38.9343519,48.7429112,0],[38.9379568,48.7440714,0],[38.9388581,48.7458118,0],[38.9382788,48.746682,0],[38.9369591,48.7471171,0],[38.9350546,48.7468536,0],[38.9336652,48.7460241,0],[38.9306501,48.7452743,0],[38.9227216,48.7450054,0],[38.9213055,48.7446091,0],[38.9199671,48.7434206,0],[38.9180279,48.7429113,0],[38.9143212,48.7443829,0],[38.9125725,48.7468732,0],[38.9111349,48.7480051,0],[38.9087746,48.7492502,0],[38.9047401,48.7506082,0],[38.9010923,48.7509054,0],[38.8988178,48.750184,0],[38.8920372,48.7504385,0],[38.8813299,48.7501841,0],[38.8802356,48.7506085,0],[38.8790769,48.752476,0],[38.8776176,48.7525889,0],[38.8716924,48.7513053,0],[38.863879,48.7513796,0],[38.8609553,48.7507359,0],[38.8606013,48.749788,0],[38.8593783,48.7495899,0],[38.8553874,48.7496462,0],[38.8471476,48.7429112,0],[38.8360755,48.7232671,0],[38.8300673,48.7170382,0],[38.8084379,48.7134138,0],[38.7670674,48.71432,0],[38.7535137,48.7184915,0],[38.6917155,48.7293629,0],[38.6745492,48.7293629,0],[38.6784116,48.723701,0],[38.6301672,48.721172,0],[38.5832177,48.7198696,0],[38.5784187,48.7094303,0],[38.577732,48.6967418,0],[38.5722313,48.6890556,0],[38.5594455,48.6866947,0],[38.5489783,48.6752945,0],[38.5394514,48.6735091,0],[38.5272842,48.6746424,0],[38.5161483,48.6705617,0],[38.5152472,48.6663671,0],[38.4967076,48.6631925,0],[38.4802281,48.6591107,0],[38.4644278,48.6564083,0],[38.4452016,48.6550476,0],[38.4314762,48.6504924,0],[38.4198032,48.6450485,0],[38.4143025,48.6382619,0],[38.4088093,48.62964,0],[38.4046894,48.6169314,0],[38.4048036,48.6090985,0],[38.4060702,48.6019302,0],[38.402637,48.5919397,0],[38.402637,48.5478669,0],[38.4143026,48.5206053,0],[38.4115634,48.5105796,0],[38.4053767,48.4733655,0],[38.3930237,48.436606,0],[38.3892474,48.4322779,0],[38.390964,48.4158739,0],[38.3672748,48.3996925,0],[38.3542284,48.390346,0],[38.3435779,48.3844372,0],[38.3217544,48.3710529,0],[38.2907061,48.361631,0],[38.2736891,48.3591918,0],[38.2591203,48.359806,0],[38.2276837,48.3671755,0],[38.2149807,48.3690002,0],[38.2074276,48.371509,0],[38.1847683,48.3749299,0],[38.1500926,48.3854193,0],[38.1544451,48.395536,0],[38.1630936,48.4021166,0],[38.1484618,48.4144818,0],[38.135158,48.4190391,0],[38.1174769,48.420805,0],[38.1137059,48.4080126,0],[38.0685038,48.4086727,0],[38.0421228,48.4090856,0],[38.0048018,48.3939537,0],[37.9569342,48.3914893,0],[37.9470402,48.3751555,0],[37.9210683,48.3760438,0],[37.9096311,48.3518021,0],[37.8901968,48.2991598,0],[37.8881602,48.2836394,0],[37.8953466,48.268546,0],[37.89157,48.2550609,0],[37.8929432,48.2335689,0],[37.8965706,48.2154292,0],[37.8833302,48.1997121,0],[37.8562077,48.1928465,0],[37.8285927,48.1751503,0],[37.824622,48.1578177,0],[37.8198549,48.1438969,0],[37.812465,48.1043092,0],[37.7678015,48.0902113,0],[37.7564355,48.0866703,0],[37.7463065,48.0734746,0],[37.7427884,48.0727514,0],[37.6997015,48.0722042,0],[37.6942941,48.0565448,0],[37.6830235,48.0555005,0],[37.6618866,48.0367502,0],[37.6478104,48.0289444,0],[37.6340774,48.0227449,0],[37.6141646,48.0151666,0],[37.5966552,48.0117216,0],[37.5791457,48.0052902,0],[37.5636961,47.9942632,0],[37.5585462,47.986451,0],[37.5489332,47.9648464,0],[37.5424101,47.9579494,0],[37.533827,47.9505916,0],[37.5428393,47.9324766,0],[37.534342,47.9134415,0],[37.5685999,47.9077685,0],[37.5759066,47.9077328,0],[37.5963118,47.9032005,0],[37.6299576,47.8930725,0],[37.6440338,47.8866264,0],[37.6440338,47.8809854,0],[37.6424889,47.8737318,0],[37.640944,47.8706227,0],[37.6389066,47.8677882,0],[37.6355771,47.860179,0],[37.6348904,47.8558021,0],[37.6348905,47.8525768,0],[37.6330023,47.8460097,0],[37.6342622,47.838423,0],[37.6345486,47.8025384,0],[37.623169,47.7731102,0],[37.6375888,47.7519939,0],[37.6467557,47.7456551,0],[37.6726795,47.7247168,0],[37.7184895,47.7072316,0],[37.7644947,47.6847015,0],[37.8039769,47.6601962,0],[37.801917,47.6423879,0],[37.7686147,47.6354478,0],[37.7771978,47.6157796,0],[37.7823477,47.5859162,0],[37.8084403,47.5618278,0],[37.8194267,47.5463034,0],[37.8925547,47.4697729,0],[37.8784784,47.4416839,0],[37.8637154,47.4265885,0],[37.855819,47.403124,0],[37.856849,47.3928985,0],[37.8503258,47.3842983,0],[37.8383096,47.3780216,0],[37.841643,47.3690218,0],[37.8515994,47.3655338,0],[37.8417428,47.3584893,0],[37.8376229,47.3524422,0],[37.8486092,47.3501161,0],[37.8591525,47.3543707,0],[37.8612124,47.3478578,0],[37.856849,47.3436027,0],[37.8444894,47.3419742,0],[37.8292834,47.3425074,0],[37.8273232,47.3284792,0],[37.8245766,47.3214977,0],[37.8317864,47.3149807,0],[37.8348763,47.3082302,0],[37.8276665,47.3026429,0],[37.8338464,47.2854117,0],[37.833503,47.249301,0],[37.8413995,47.2269234,0],[37.8472359,47.2138654,0],[37.8513558,47.198938,0],[37.8499825,47.1742053,0],[37.844146,47.1655695,0],[37.8365929,47.1569323,0],[37.8297265,47.1461922,0],[37.8256066,47.1333479,0],[37.8180535,47.1190987,0],[37.8163369,47.109753,0],[37.8176104,47.1011748,0],[37.8148639,47.0894884,0],[37.8259499,47.0938614,0],[37.8383095,47.0997045,0],[37.8621706,47.1062479,0],[37.8795803,47.1066666,0],[37.8953012,47.1123232,0],[37.9123677,47.1081854,0],[37.9275737,47.1034436,0],[37.9459416,47.0970167,0],[37.9715191,47.0875502,0],[37.9845653,47.0860308,0],[37.9881702,47.0894203,0],[37.9790722,47.0928096,0],[37.9758825,47.0956826,0],[37.9883419,47.0983022,0],[37.9993283,47.0994707,0],[38.0146781,47.0936958,0],[38.0278241,47.0898878,0],[38.0374371,47.0897709,0],[38.044132,47.0985359,0],[38.054332,47.1083022,0],[38.0614698,47.1120896,0],[38.0920257,47.1053132,0],[38.112625,47.089654,0],[38.1228691,47.0806216,0],[38.1287612,47.0723535,0],[38.1328256,47.0640197,0],[38.1317956,47.0537286,0],[38.1194359,47.0485824,0],[38.1225814,47.0438187,0],[38.1360872,47.049752,0],[38.1569138,47.064052,0],[38.1721916,47.0759777,0],[38.1865557,47.0937123,0],[38.1970826,47.1015741,0],[38.2084123,47.1069489,0],[38.2301175,47.119406,0],[38.2284514,47.1226729,0],[38.2292468,47.1270853,0],[38.2319091,47.129692,0],[38.2340685,47.1355459,0],[38.2363121,47.1395266,0],[38.2355903,47.1961289,0],[38.2359666,47.1965918,0],[38.2354243,47.1998353,0],[38.234781,47.2025886,0],[38.2370779,47.2075891,0],[38.2391299,47.2084879,0],[38.2402025,47.2091611,0],[38.2410554,47.2101138,0],[38.2411519,47.2105429,0],[38.2408246,47.2108546,0],[38.2412215,47.2117534,0],[38.2418471,47.2121661,0],[38.2415415,47.2125292,0],[38.2418929,47.2148436,0],[38.2422759,47.2153019,0],[38.2422804,47.2162117,0],[38.2427899,47.217117,0],[38.2425054,47.2178107,0],[38.2412876,47.2184817,0],[38.240507,47.2183364,0],[38.2400496,47.2184367,0],[38.2398263,47.218731,0],[38.2398971,47.2199239,0],[38.2400827,47.2201486,0],[38.2400467,47.2213613,0],[38.2397605,47.2216179,0],[38.2387591,47.2217389,0],[38.2383227,47.2219524,0],[38.2382548,47.2224089,0],[38.2387143,47.2232165,0],[38.2387188,47.2234891,0],[38.2385172,47.22364,0],[38.2364423,47.2242619,0],[38.2362738,47.2244999,0],[38.2364096,47.2254132,0],[38.2361448,47.2256075,0],[38.2346481,47.2254071,0],[38.2338694,47.2258012,0],[38.2340111,47.227113,0],[38.2336742,47.2280166,0],[38.2328621,47.2284101,0],[38.2329066,47.2291897,0],[38.2343344,47.2309856,0],[38.2351234,47.2310967,0],[38.2362475,47.2308171,0],[38.237346,47.2312165,0],[38.2378094,47.2320427,0],[38.2398865,47.2324121,0],[38.2405773,47.2321475,0],[38.2409443,47.23219,0],[38.2412565,47.2326921,0],[38.2420348,47.232812,0],[38.2427674,47.2326826,0],[38.2460906,47.2341102,0],[38.2477027,47.2334227,0],[38.2535413,47.2336156,0],[38.2605024,47.2383163,0],[38.288189,47.2385598,0],[38.288043,47.2564998,0],[38.3244906,47.2568209,0],[38.3307851,47.2634492,0],[38.3309967,47.2645747,0],[38.3287569,47.2658623,0],[38.3287371,47.2662912,0],[38.3337354,47.2689381,0],[38.3332725,47.270252,0],[38.3332862,47.2725191,0],[38.3316897,47.2752191,0],[38.3276326,47.27668,0],[38.3260824,47.2767594,0],[38.3255863,47.277134,0],[38.3256173,47.2776124,0],[38.3266414,47.2786087,0],[38.3271856,47.2795435,0],[38.3233941,47.2811323,0],[38.3257662,47.2846011,0],[38.3284365,47.2848084,0],[38.3290073,47.2868501,0],[38.3296901,47.2896121,0],[38.3333538,47.2921318,0],[38.3337391,47.2962532,0],[38.3332879,47.2969749,0],[38.3296611,47.297438,0],[38.3275474,47.2975272,0],[38.3270914,47.2990089,0],[38.3282045,47.3000189,0],[38.3345111,47.3014077,0],[38.336361,47.3055727,0],[38.3363045,47.3064075,0],[38.2209779,47.3053796,0],[38.2214722,47.3273446,0],[38.2272145,47.3297102,0],[38.2257943,47.3321154,0],[38.2220794,47.3328526,0],[38.230493,47.3389025,0],[38.2306932,47.3431686,0],[38.2402401,47.346223,0],[38.246788,47.3514449,0],[38.2504613,47.357713,0],[38.2473631,47.3617371,0],[38.2455592,47.3631933,0],[38.2587325,47.3733532,0],[38.2864922,47.3735598,0],[38.2864155,47.3914768,0],[38.3004094,47.391514,0],[38.3020854,47.3928698,0],[38.3020221,47.4751206,0],[38.2894022,47.4767537,0],[38.2940999,47.4907448,0],[38.2950717,47.5080641,0],[38.2849085,47.5083765,0],[38.2848038,47.5444646,0],[38.3051136,47.5448513,0],[38.3111495,47.5536189,0],[38.3109696,47.5760278,0],[38.3507371,47.5762058,0],[38.3501205,47.6166892,0],[38.4566884,47.6170037,0],[38.4562749,47.6442531,0],[38.620087,47.6448705,0],[38.6295892,47.6533363,0],[38.6292745,47.6692783,0],[38.6658873,47.6694185,0],[38.6656155,47.6971765,0],[38.6591995,47.7000572,0],[38.6707962,47.6989544,0],[38.7291235,47.6988072,0],[38.7303052,47.680361,0],[38.7540691,47.6848875,0],[38.7731639,47.6857642,0],[38.7708688,47.7206292,0],[38.7889429,47.7370148,0],[38.7981571,47.7784404,0],[38.7886773,47.8159738,0],[38.8351025,47.816059,0],[38.8421825,47.8631185,0],[39.0827779,47.8699273,0],[39.0828906,47.8516037,0]]]},"properties":{"name":"ОРДЛО /// CADR and CALR\n","styleUrl":"#poly-880E4F-1200-77-nodesc","styleHash":"-6b23f4d9","styleMapHash":{"normal":"#poly-880E4F-1200-77-nodesc-normal","highlight":"#poly-880E4F-1200-77-nodesc-highlight"},"stroke-opacity":1,"stroke":"#880e4f","stroke-width":1.2,"fill-opacity":0.30196078431372547,"fill":"#880e4f"}},{"type":"Feature","geometry":{"type":"GeometryCollection","geometries":[{"type":"Polygon","coordinates":[[[29.187071,47.2160354,0],[29.18701,47.2131299,0],[29.1897565,47.2077658,0],[29.1911298,47.2014681,0],[29.195593,47.1944698,0],[29.2007429,47.1895704,0],[29.2093259,47.1821039,0],[29.2223722,47.17697,0],[29.217909,47.1650669,0],[29.2337018,47.1526941,0],[29.2405683,47.159231,0],[29.2409116,47.1711355,0],[29.2411156,47.1714053,0],[29.2394525,47.1727546,0],[29.2264492,47.1769846,0],[29.2222435,47.1785306,0],[29.2167503,47.1800766,0],[29.2062789,47.1868143,0],[29.2044765,47.1880976,0],[29.2003137,47.1921806,0],[29.1979534,47.1943969,0],[29.1957218,47.196963,0],[29.1937047,47.1991792,0],[29.1907436,47.2065413,0],[29.1904217,47.2080281,0],[29.1899711,47.2100835,0],[29.1893918,47.2119346,0],[29.188748,47.2138003,0],[29.1879112,47.2157826,0],[29.1872206,47.2161193,0],[29.187071,47.2160354,0]]]},{"type":"Polygon","coordinates":[[[29.187071,47.2160354,0],[29.1870743,47.2161906,0],[29.1872206,47.2161193,0],[29.1895849,47.2174441,0],[29.1931039,47.2197759,0],[29.2024595,47.2244393,0],[29.197653,47.2307343,0],[29.2155057,47.2372616,0],[29.2141325,47.2425062,0],[29.2191106,47.2518286,0],[29.2312986,47.2529938,0],[29.2385084,47.2618483,0],[29.250868,47.2634793,0],[29.2608243,47.254858,0],[29.2776472,47.267207,0],[29.2941267,47.2604503,0],[29.3020231,47.2674399,0],[29.3092329,47.2662751,0],[29.3428785,47.2914305,0],[29.3610746,47.2849099,0],[29.3442518,47.2592853,0],[29.3305189,47.2571882,0],[29.3126661,47.2397091,0],[29.2954999,47.239476,0],[29.2810804,47.2117306,0],[29.2852003,47.2038006,0],[29.2601377,47.1954029,0],[29.249838,47.2012348,0],[29.2433149,47.2000685,0],[29.2532712,47.1874706,0],[29.2411156,47.1714053,0],[29.244774,47.1684368,0],[29.2476923,47.1639435,0],[29.2700511,47.151804,0],[29.275716,47.1483016,0],[29.2885906,47.1438651,0],[29.2952854,47.1400119,0],[29.2968303,47.1313706,0],[29.2940837,47.1224942,0],[29.2915088,47.1154855,0],[29.2935688,47.1092937,0],[29.3011219,47.1056718,0],[29.3083594,47.103346,0],[29.3143676,47.1028786,0],[29.3196891,47.1032292,0],[29.3286155,47.1054492,0],[29.3371986,47.1075523,0],[29.3457816,47.1057997,0],[29.3500732,47.1005416,0],[29.354193,47.0953999,0],[29.3586562,47.0840629,0],[29.3602012,47.077166,0],[29.3650077,47.0714375,0],[29.366896,47.0699175,0],[29.3741057,47.062785,0],[29.3777106,47.0614987,0],[29.3832038,47.0604462,0],[29.3895553,47.060797,0],[29.3924735,47.0590429,0],[29.3880103,47.0569379,0],[29.3830321,47.0560023,0],[29.3802856,47.0524937,0],[29.3790839,47.048283,0],[29.3795989,47.0434872,0],[29.3804572,47.0391588,0],[29.3837188,47.0360001,0],[29.3880103,47.0329582,0],[29.3873237,47.02898,0],[29.3837188,47.0258206,0],[29.3778823,47.0257036,0],[29.3725608,47.0264057,0],[29.3656943,47.0282779,0],[29.3627761,47.0317881,0],[29.3615745,47.0381059,0],[29.3589995,47.0406796,0],[29.3545364,47.0392758,0],[29.3545364,47.0356491,0],[29.3565963,47.0312031,0],[29.3591712,47.0267568,0],[29.3617461,47.0233632,0],[29.3655227,47.0172778,0],[29.3689559,47.0135325,0],[29.3722175,47.0082653,0],[29.3763373,47.0029976,0],[29.3761657,46.9963244,0],[29.3739341,46.9937486,0],[29.3614028,46.9926948,0],[29.3462966,46.9922264,0],[29.3310187,46.992929,0],[29.3178008,46.9959732,0],[29.3088744,46.9959732,0],[29.3083594,46.9904701,0],[29.3081878,46.9849664,0],[29.3040679,46.98239,0],[29.2990897,46.9853177,0],[29.3006347,46.9896504,0],[29.3033813,46.9933973,0],[29.3061278,46.9980806,0],[29.3021796,47.0007733,0],[29.2953132,46.9984318,0],[29.2920516,46.9950365,0],[29.291365,46.988011,0],[29.2930816,46.9800477,0],[29.2987464,46.97548,0],[29.3054412,46.9714975,0],[29.3100761,46.9662262,0],[29.312136,46.9642346,0],[29.3155692,46.9598999,0],[29.3224357,46.9524011,0],[29.3299888,46.9495887,0],[29.3402885,46.9430261,0],[29.3489595,46.9385073,0],[29.3605445,46.9345872,0],[29.3722175,46.933415,0],[29.3811439,46.9345872,0],[29.3928168,46.9378691,0],[29.4003699,46.9444324,0],[29.4065497,46.9495887,0],[29.4141028,46.9556819,0],[29.4199393,46.9615401,0],[29.4271491,46.9655233,0],[29.4384788,46.965289,0],[29.4494651,46.9617744,0],[29.4518684,46.9584939,0],[29.4580482,46.9526354,0],[29.463198,46.9502918,0],[29.4714377,46.9505262,0],[29.4752143,46.9441981,0],[29.4764159,46.9363454,0],[29.4755576,46.9298984,0],[29.4736693,46.9253263,0],[29.4729827,46.9193469,0],[29.4680045,46.9106698,0],[29.464743,46.9062134,0],[29.4480918,46.9018739,0],[29.4546149,46.8908478,0],[29.4635413,46.8881495,0],[29.4673179,46.8809927,0],[29.4848273,46.8843952,0],[29.4846557,46.8762991,0],[29.4841407,46.8706664,0],[29.4837974,46.8649156,0],[29.4884322,46.8555253,0],[29.4891832,46.8537645,0],[29.4792269,46.8531188,0],[29.4744633,46.8469846,0],[29.4706867,46.8508002,0],[29.4692276,46.8536177,0],[29.4681118,46.8562003,0],[29.4657086,46.8572568,0],[29.4593571,46.8576089,0],[29.4550655,46.855496,0],[29.4529198,46.8547329,0],[29.4484566,46.8544395,0],[29.4379852,46.8598392,0],[29.4333504,46.8614825,0],[29.4321488,46.8596044,0],[29.4357536,46.8529133,0],[29.4357536,46.8493914,0],[29.4103478,46.8466911,0],[29.4048546,46.8462214,0],[29.4041679,46.8328351,0],[29.4050263,46.8158038,0],[29.3978165,46.8185057,0],[29.3964432,46.8068749,0],[29.3969582,46.8046425,0],[29.4069145,46.8033499,0],[29.4084595,46.7766701,0],[29.4024513,46.774554,0],[29.4014214,46.7584451,0],[29.4120644,46.7590331,0],[29.414296,46.7551521,0],[29.4582413,46.7592683,0],[29.4621895,46.773731,0],[29.4697426,46.7716148,0],[29.4754074,46.7803144,0],[29.4839905,46.7824303,0],[29.4875954,46.781725,0],[29.4891403,46.7781984,0],[29.5059631,46.7799618,0],[29.5081947,46.7846637,0],[29.5104263,46.7883075,0],[29.5123146,46.7888951,0],[29.5148895,46.784076,0],[29.5251892,46.7805495,0],[29.5349739,46.777258,0],[29.5418404,46.7781984,0],[29.5340298,46.7746716,0],[29.5366905,46.7709093,0],[29.5410679,46.767676,0],[29.5499943,46.7669705,0],[29.5586632,46.7557402,0],[29.5598648,46.7420961,0],[29.5567749,46.7353903,0],[29.5586632,46.7242123,0],[29.5562599,46.7173867,0],[29.5629547,46.7142089,0],[29.5825241,46.7138559,0],[29.5742844,46.72433,0],[29.5718811,46.7325666,0],[29.5727394,46.7403315,0],[29.5811508,46.7432724,0],[29.5935104,46.7431548,0],[29.6070717,46.7409197,0],[29.6273277,46.7412726,0],[29.6426056,46.7431548,0],[29.6573685,46.7443311,0],[29.6573685,46.7358609,0],[29.6693848,46.7330373,0],[29.6697281,46.7212703,0],[29.6635483,46.7123258,0],[29.6669815,46.7036151,0],[29.6583126,46.7014373,0],[29.6486137,46.7010841,0],[29.6483563,46.6953741,0],[29.6549652,46.6953152,0],[29.6511887,46.6910764,0],[29.6599434,46.6897812,0],[29.6547936,46.6856597,0],[29.6527336,46.6822446,0],[29.6551369,46.6767093,0],[29.6635483,46.6752959,0],[29.6676682,46.6754137,0],[29.6741913,46.6763559,0],[29.6779678,46.6755315,0],[29.6814011,46.673058,0],[29.6858643,46.6717623,0],[29.6912716,46.6727635,0],[29.6943615,46.6741769,0],[29.6952198,46.6790059,0],[29.6993397,46.678417,0],[29.7013996,46.6760615,0],[29.7008846,46.6708789,0],[29.6984814,46.666756,0],[29.7000263,46.6649889,0],[29.7063778,46.6642821,0],[29.7091244,46.6620437,0],[29.7147892,46.6589806,0],[29.7182224,46.6576846,0],[29.722514,46.6589806,0],[29.7268055,46.6613369,0],[29.7254322,46.6652246,0],[29.721999,46.6681696,0],[29.7244022,46.6718212,0],[29.7292088,46.6718212,0],[29.7357319,46.6700543,0],[29.7369335,46.667345,0],[29.7400234,46.6646355,0],[29.7434567,46.6659314,0],[29.7451733,46.6682874,0],[29.754958,46.6688764,0],[29.7619961,46.668523,0],[29.7649143,46.6651068,0],[29.7592495,46.656742,0],[29.7547863,46.6514397,0],[29.7561596,46.6473153,0],[29.7654293,46.6516754,0],[29.7734974,46.6556816,0],[29.774699,46.6502613,0],[29.7643993,46.6479045,0],[29.7595928,46.645312,0],[29.7673176,46.6376513,0],[29.7729824,46.6411871,0],[29.7786472,46.6364727,0],[29.7781323,46.633408,0],[29.7649143,46.6337617,0],[29.7585629,46.6338795,0],[29.7515247,46.6306969,0],[29.7597645,46.6259815,0],[29.7630261,46.6227984,0],[29.7626827,46.619733,0],[29.7585629,46.6212657,0],[29.7546146,46.6237415,0],[29.7482632,46.6262173,0],[29.7424267,46.625392,0],[29.7425984,46.6232699,0],[29.7455166,46.6204404,0],[29.7522114,46.6172569,0],[29.7558163,46.615842,0],[29.7504948,46.614427,0],[29.7479199,46.614427,0],[29.7496365,46.6117149,0],[29.7472332,46.6079413,0],[29.7420834,46.6061724,0],[29.7374485,46.6098282,0],[29.7338436,46.6057006,0],[29.731097,46.6007472,0],[29.7232006,46.6021625,0],[29.722514,46.5990959,0],[29.731097,46.5948496,0],[29.7389935,46.5931982,0],[29.7513531,46.5898952,0],[29.7602795,46.5901311,0],[29.7671459,46.5894233,0],[29.7664593,46.5856481,0],[29.7760723,46.5814008,0],[29.7843121,46.578569,0],[29.7925518,46.5823447,0],[29.795985,46.5804569,0],[29.7983883,46.5851762,0],[29.7946117,46.5896592,0],[29.795985,46.5948496,0],[29.8042248,46.5922545,0],[29.806628,46.5870639,0],[29.8107479,46.5894233,0],[29.807658,46.5943778,0],[29.8055981,46.6016907,0],[29.7977017,46.6021625,0],[29.8018215,46.6059365,0],[29.8090313,46.6040495,0],[29.8176144,46.6014548,0],[29.8134945,46.5962651,0],[29.8138378,46.5856481,0],[29.8207043,46.590603,0],[29.8237942,46.5969728,0],[29.8217342,46.6026343,0],[29.828944,46.6016907,0],[29.8306606,46.5974446,0],[29.8323773,46.5953215,0],[29.8399304,46.5969728,0],[29.8368404,46.5891874,0],[29.828944,46.586356,0],[29.8258541,46.5817547,0],[29.8311756,46.579631,0],[29.8394154,46.5817547,0],[29.8457668,46.5860021,0],[29.8495434,46.5891874,0],[29.8531483,46.586474,0],[29.8533199,46.5822267,0],[29.8560665,46.579513,0],[29.8625897,46.578333,0],[29.8713444,46.578687,0],[29.8718594,46.5822267,0],[29.8713444,46.5875358,0],[29.8770092,46.5861201,0],[29.8780392,46.5825806,0],[29.8752926,46.578333,0],[29.8685978,46.5760911,0],[29.8625897,46.5737311,0],[29.861388,46.571253,0],[29.8670528,46.5706629,0],[29.8734043,46.5704269,0],[29.8716877,46.5686567,0],[29.8596714,46.5696008,0],[29.8598431,46.5666504,0],[29.8631046,46.564408,0],[29.8696278,46.5626376,0],[29.8794125,46.5624016,0],[29.8808287,46.5608524,0],[29.8961494,46.5560719,0],[29.8944113,46.5530101,0],[29.8941539,46.5487086,0],[29.9260165,46.5530801,0],[29.9452634,46.5551922,0],[29.9455168,46.5561097,0],[29.9454611,46.5564578,0],[29.9455218,46.5568384,0],[29.9454073,46.5572371,0],[29.9454385,46.5575268,0],[29.9456146,46.5579531,0],[29.9462166,46.5585454,0],[29.9470385,46.5594403,0],[29.9471803,46.5595479,0],[29.9474157,46.5596268,0],[29.9482619,46.5601681,0],[29.9485074,46.5607979,0],[29.9485249,46.5612525,0],[29.9483721,46.5614572,0],[29.9481951,46.5614574,0],[29.9463235,46.5607745,0],[29.9458038,46.5605269,0],[29.9450856,46.5600009,0],[29.9447376,46.5597736,0],[29.9438926,46.5596206,0],[29.943143,46.5593822,0],[29.942388,46.55907,0],[29.9419079,46.558999,0],[29.9408913,46.5589962,0],[29.9402449,46.5591317,0],[29.9400339,46.5592697,0],[29.940032,46.5594335,0],[29.9402429,46.5597224,0],[29.9405788,46.560053,0],[29.9409449,46.5602641,0],[29.9419226,46.5605472,0],[29.9422324,46.5607436,0],[29.9423691,46.5610368,0],[29.942466,46.561842,0],[29.9426702,46.5628243,0],[29.9426279,46.5630036,0],[29.9425535,46.5638505,0],[29.9425756,46.56469,0],[29.942907,46.5653438,0],[29.9435897,46.5660068,0],[29.9439206,46.5661753,0],[29.944391,46.5663807,0],[29.9447766,46.5664614,0],[29.9452258,46.56649,0],[29.9454713,46.5664089,0],[29.9459581,46.566195,0],[29.9462263,46.5662042,0],[29.946642,46.5663388,0],[29.9475204,46.5670294,0],[29.9482084,46.5679025,0],[29.9483614,46.568476,0],[29.94818,46.5688494,0],[29.9477733,46.5691638,0],[29.9473193,46.5692579,0],[29.9464335,46.5690219,0],[29.9457945,46.5687011,0],[29.9446552,46.5678289,0],[29.9442616,46.5676427,0],[29.9430667,46.5678161,0],[29.9411892,46.5683029,0],[29.9389415,46.5683766,0],[29.9385701,46.5694054,0],[29.9383864,46.5709137,0],[29.9378365,46.571725,0],[29.9377641,46.5725215,0],[29.9372947,46.5741588,0],[29.9368601,46.5744096,0],[29.9365328,46.5755011,0],[29.9363681,46.5762533,0],[29.9364573,46.5769318,0],[29.9363104,46.5773596,0],[29.9356372,46.5781859,0],[29.9355782,46.5788576,0],[29.9350311,46.579884,0],[29.9352671,46.580462,0],[29.9351382,46.5807774,0],[29.9352668,46.5817474,0],[29.9369833,46.5820718,0],[29.9378846,46.5839669,0],[29.935889,46.5889514,0],[29.9375097,46.5898516,0],[29.9406562,46.5889042,0],[29.9395539,46.5869689,0],[29.9450926,46.5853284,0],[29.9462526,46.5872436,0],[29.9534421,46.5851179,0],[29.9549438,46.5848965,0],[29.963312,46.5847633,0],[29.9645991,46.5914873,0],[29.9669164,46.5947145,0],[29.9679035,46.5974994,0],[29.9673887,46.5989702,0],[29.9661873,46.600585,0],[29.9624432,46.6045138,0],[29.9618746,46.6054499,0],[29.9612521,46.6069095,0],[29.9551366,46.6173748,0],[29.9540503,46.6200497,0],[29.9541441,46.621516,0],[29.9550614,46.6264823,0],[29.955437,46.6284277,0],[29.9552653,46.6329879,0],[29.9549434,46.634454,0],[29.954171,46.6356181,0],[29.9483134,46.6419237,0],[29.946575,46.644104,0],[29.9457167,46.6462839,0],[29.9456951,46.6483756,0],[29.9458452,46.6497012,0],[29.9465316,46.6509681,0],[29.9479263,46.6526473,0],[29.9528295,46.656035,0],[29.9539616,46.6572132,0],[29.9547289,46.6583105,0],[29.9553457,46.6594066,0],[29.9560377,46.6611287,0],[29.9569388,46.6641456,0],[29.9577435,46.6669012,0],[29.9577973,46.6703267,0],[29.9574001,46.6747693,0],[29.9590148,46.6775133,0],[29.9605732,46.6791061,0],[29.9627219,46.6806695,0],[29.964272,46.6816116,0],[29.9670212,46.6829144,0],[29.9698336,46.6847434,0],[29.9702903,46.6852457,0],[29.9705539,46.6857333,0],[29.9706425,46.686642,0],[29.9705595,46.6895967,0],[29.9689124,46.7011576,0],[29.9663727,46.7080934,0],[29.9661541,46.7097736,0],[29.9662359,46.7113655,0],[29.9676306,46.7164484,0],[29.967695,46.7183979,0],[29.9680383,46.7206336,0],[29.9681671,46.7300477,0],[29.9691755,46.7331435,0],[29.9707205,46.7377541,0],[29.9735101,46.7461799,0],[29.973931,46.7491477,0],[29.9745665,46.7520861,0],[29.9735796,46.7521817,0],[29.9742663,46.7539349,0],[29.9707365,46.7544881,0],[29.9663589,46.7555998,0],[29.9657421,46.7580548,0],[29.9663268,46.7707102,0],[29.9594003,46.7800135,0],[29.9462797,46.7928043,0],[29.9419759,46.7960156,0],[29.9436286,46.7967499,0],[29.9348948,46.8059304,0],[29.96294,46.8185746,0],[29.9783895,46.8164307,0],[29.9794195,46.819485,0],[29.971523,46.8240953,0],[29.9705791,46.8286465,0],[29.968004,46.8320525,0],[29.9606443,46.8346949,0],[29.9584554,46.8373371,0],[29.9565834,46.8378876,0],[29.9537671,46.8392013,0],[29.9518841,46.8386655,0],[29.9494861,46.8418286,0],[29.9393251,46.8384092,0],[29.9256037,46.834827,0],[29.9302814,46.8284411,0],[29.9050901,46.8201604,0],[29.8843222,46.849253,0],[29.8835466,46.8516322,0],[29.8917005,46.853804,0],[29.8838899,46.8861359,0],[29.8468111,46.8821469,0],[29.8486994,46.8753412,0],[29.7486208,46.8614926,0],[29.7311193,46.9193799,0],[29.7213696,46.9183311,0],[29.7183506,46.9321667,0],[29.7179134,46.9320764,0],[29.7089599,46.9281331,0],[29.7100653,46.924153,0],[29.7011959,46.9234039,0],[29.7004966,46.9249408,0],[29.6742446,46.9222912,0],[29.6587162,46.9206637,0],[29.648038,46.9197968,0],[29.6400879,46.9553406,0],[29.5714931,46.9401355,0],[29.5561132,46.957889,0],[29.595885,46.9636297,0],[29.6024082,47.0417134,0],[29.6195525,47.0438636,0],[29.628887,47.0446086,0],[29.6120411,47.1003117,0],[29.5812854,47.0971351,0],[29.5475233,47.0938296,0],[29.549889,47.075935,0],[29.5303016,47.0754487,0],[29.5296066,47.0815008,0],[29.5293134,47.0816843,0],[29.5154709,47.1125726,0],[29.499442,47.1092867,0],[29.4972323,47.1206317,0],[29.4955367,47.1319183,0],[29.5054159,47.1285538,0],[29.5801872,47.1356261,0],[29.5519918,47.2514575,0],[29.5875888,47.2556834,0],[29.5988554,47.257487,0],[29.5926088,47.284703,0],[29.5872146,47.3118022,0],[29.5816233,47.3412563,0],[29.5740505,47.3705356,0],[29.5193923,47.3653914,0],[29.4877475,47.3555827,0],[29.486717,47.3481368,0],[29.4920383,47.3335967,0],[29.4836277,47.3323192,0],[29.4856876,47.3069505,0],[29.4468878,47.3000857,0],[29.4453442,47.2943215,0],[29.4273228,47.2913508,0],[29.4228596,47.3048553,0],[29.3990846,47.2999195,0],[29.3839784,47.344371,0],[29.3977971,47.3534893,0],[29.3905873,47.3804631,0],[29.3618317,47.3755248,0],[29.3619171,47.3733746,0],[29.3370289,47.3709309,0],[29.3171162,47.4492303,0],[29.2535914,47.4234566,0],[29.2522202,47.4184032,0],[29.2453564,47.4156728,0],[29.2426151,47.4185749,0],[29.2426151,47.464087,0],[29.1918034,47.4243823,0],[29.1835643,47.4354133,0],[29.1849369,47.4464442,0],[29.1804729,47.4492592,0],[29.1923169,47.4580957,0],[29.1918026,47.4604319,0],[29.1883682,47.4679179,0],[29.1609043,47.4522484,0],[29.1571277,47.4592126,0],[29.1869968,47.4754589,0],[29.1837346,47.4797797,0],[29.1942067,47.487117,0],[29.182877,47.4971514,0],[29.1860521,47.5051232,0],[29.1850651,47.511776,0],[29.1895716,47.5137907,0],[29.1849369,47.5188351,0],[29.151463,47.5068928,0],[29.1171307,47.5547614,0],[29.1657108,47.5707465,0],[29.1715473,47.5671561,0],[29.1844202,47.571614,0],[29.1864819,47.5864951,0],[29.2034715,47.5969504,0],[29.2007249,47.6023907,0],[29.2173761,47.6122283,0],[29.2091363,47.62889,0],[29.2136855,47.6256507,0],[29.2196077,47.6272703,0],[29.2232116,47.634905,0],[29.2336839,47.642308,0],[29.2089647,47.6424236,0],[29.209308,47.658382,0],[29.219951,47.6584976,0],[29.2196077,47.6802301,0],[29.2312807,47.6843906,0],[29.2200008,47.6961023,0],[29.221766,47.697877,0],[29.2040024,47.7189867,0],[29.215847,47.7383851,0],[29.248806,47.7513134,0],[29.2764435,47.8019566,0],[29.2742555,47.8028505,0],[29.2751574,47.8042057,0],[29.2467461,47.8112953,0],[29.2316399,47.7979208,0],[29.2192803,47.7984973,0],[29.1973076,47.818673,0],[29.2097626,47.8385713,0],[29.2150352,47.8402611,0],[29.2254601,47.8546238,0],[29.236274,47.8584248,0],[29.239193,47.8661413,0],[29.2663551,47.8755096,0],[29.2741028,47.8798469,0],[29.2784185,47.886026,0],[29.2820018,47.8882525,0],[29.2742553,47.890479,0],[29.217907,47.8859453,0],[29.2234977,47.8901741,0],[29.2185195,47.8955839,0],[29.2143997,47.8925913,0],[29.212683,47.8875265,0],[29.2099365,47.8854544,0],[29.2013534,47.8844184,0],[29.1977485,47.8963896,0],[29.1853701,47.9642487,0],[29.180392,47.9640189,0],[29.1748987,47.9937808,0],[29.1249453,47.9941254,0],[29.1235724,47.9887256,0],[29.1306106,47.98683,0],[29.1304385,47.9817172,0],[29.1086375,47.9844757,0],[29.1029726,47.9817173,0],[29.0931875,47.9829815,0],[29.084347,47.9776381,0],[29.0849483,47.9750523,0],[29.0885531,47.9770059,0],[29.0917292,47.9732134,0],[29.0969651,47.973558,0],[29.0963858,47.968989,0],[29.0985529,47.9602823,0],[29.0960209,47.9598804,0],[29.0913006,47.9680416,0],[29.0863222,47.9686739,0],[29.081,47.972524,0],[29.0763659,47.9703388,0],[29.0840057,47.9597063,0],[29.0871798,47.9467744,0],[29.0658938,47.9430948,0],[29.0513029,47.9422903,0],[29.0446078,47.9458545,0],[29.0361962,47.9456248,0],[29.0336215,47.9421752,0],[29.026755,47.9458545,0],[29.0109627,47.9568632,0],[29.0013497,47.9589036,0],[28.9968859,47.963674,0],[28.9927661,47.9614901,0],[28.9716522,47.9764314,0],[28.9622103,47.9784998,0],[28.9258181,47.9598807,0],[28.8784396,48.0003284,0],[28.8880526,48.0058415,0],[28.8835894,48.0088276,0],[28.8890826,48.0115838,0],[28.8938891,48.0088276,0],[28.9021289,48.0102057,0],[28.9010989,48.0129618,0],[28.8870226,48.0141101,0],[28.8815295,48.0111244,0],[28.8677966,48.0173253,0],[28.8695132,48.0196218,0],[28.8595568,48.0219182,0],[28.8547503,48.0189329,0],[28.8559519,48.0267402,0],[28.839336,48.0342821,0],[28.8495483,48.0529875,0],[28.8518673,48.060447,0],[28.8434559,48.0653801,0],[28.8498073,48.0705422,0],[28.8415678,48.0749012,0],[28.8365894,48.0712307,0],[28.8333279,48.0726069,0],[28.84062,48.0787416,0],[28.8480441,48.0790567,0],[28.8578755,48.1023061,0],[28.8556456,48.108151,0],[28.846977,48.1152572,0],[28.8417393,48.1255719,0],[28.8372763,48.1237389,0],[28.8343581,48.1285512,0],[28.8283497,48.1278636,0],[28.8144451,48.1244261,0],[28.8070636,48.1342796,0],[28.7997248,48.1294964,0],[28.7944462,48.1297541,0],[28.7948757,48.1263741,0],[28.7723881,48.1246553,0],[28.7553936,48.1363417,0],[28.7355209,48.133079,0],[28.72166,48.1261477,0],[28.7103746,48.1299851,0],[28.7021786,48.1290094,0],[28.7033802,48.1274053,0],[28.6889607,48.1241969,0],[28.6808935,48.1341644,0],[28.678661,48.141153,0],[28.6826091,48.1471092,0],[28.647762,48.1432148,0],[28.6493069,48.1520341,0],[28.6348017,48.1548404,0],[28.6304245,48.1536378,0],[28.6264759,48.1571874,0],[28.6145454,48.1597641,0],[28.6115413,48.1570729,0],[28.5918003,48.1732169,0],[28.5801273,48.1663477,0],[28.5703035,48.1738358,0],[28.5730371,48.1755362,0],[28.5768006,48.1740312,0],[28.5778052,48.1820104,0],[28.5647074,48.1755334,0],[28.5618579,48.1731097,0],[28.5448304,48.1696346,0],[28.5433918,48.1663477,0],[28.5354945,48.1611378,0],[28.5293156,48.1538664,0],[28.5133511,48.1514614,0],[28.5066363,48.1529741,0],[28.5028406,48.151279,0],[28.5200459,48.1379456,0],[28.4987598,48.1272907,0],[28.4997898,48.1209884,0],[28.4956338,48.1191235,0],[28.4946789,48.1195604,0],[28.4945287,48.119367,0],[28.4918894,48.1188442,0],[28.4987773,48.1152413,0],[28.4995311,48.1154671,0],[28.5091442,48.1216554,0],[28.5218471,48.1209679,0],[28.5410732,48.1182175,0],[28.5640758,48.1101949,0],[28.5784954,48.1044636,0],[28.5939449,48.0980439,0],[28.6332553,48.0892155,0],[28.6399505,48.0860047,0],[28.6423534,48.079468,0],[28.6406368,48.0712099,0],[28.6292209,48.0636962,0],[28.6238139,48.0643845,0],[28.6192653,48.0676825,0],[28.6181495,48.0709804,0],[28.6114543,48.0720128,0],[28.6090511,48.0718981,0],[28.601498,48.0693746,0],[28.5945457,48.0554929,0],[28.5884517,48.0482637,0],[28.5814136,48.0422387,0],[28.559956,48.0386806,0],[28.5536903,48.0362702,0],[28.5471236,48.0295547,0],[28.5439913,48.023987,0],[28.5392708,48.0199111,0],[28.5365241,48.0159496,0],[28.5363525,48.0102654,0],[28.5382412,48.0055564,0],[28.5444205,47.9984354,0],[28.5465663,47.9972867,0],[28.5488841,47.9958509,0],[28.5558363,47.9936684,0],[28.5639899,47.9936681,0],[28.579182,47.9980334,0],[28.5895675,48.0168108,0],[28.5996097,48.0346633,0],[28.6052795,48.0348366,0],[28.6136002,48.0305308,0],[28.6320977,48.0270016,0],[28.6432118,48.0234705,0],[28.6645836,48.0236425,0],[28.6910624,48.0239599,0],[28.7008899,48.0225519,0],[28.7083574,48.0202553,0],[28.7166828,47.9999287,0],[28.7590831,47.9802832,0],[28.7695541,47.9816622,0],[28.7800258,47.986258,0],[28.7867206,47.9875218,0],[28.7944454,47.9812024,0],[28.7927288,47.9713195,0],[28.8013118,47.963274,0],[28.8157314,47.9506284,0],[28.8298076,47.9441895,0],[28.8353008,47.9347596,0],[28.8284343,47.925558,0],[28.8201946,47.9117527,0],[28.8250011,47.9016264,0],[28.8356441,47.8974832,0],[28.8528102,47.897253,0],[28.8730663,47.8947209,0],[28.8867992,47.890347,0],[28.9080852,47.8857425,0],[28.925938,47.8843611,0],[28.9424175,47.8848216,0],[28.9503139,47.8811376,0],[28.9571804,47.8811376,0],[28.9702266,47.8783744,0],[28.9815563,47.876302,0],[28.9901393,47.8737689,0],[28.9987224,47.8701992,0],[29.0061038,47.8658233,0],[29.0191501,47.8559184,0],[29.0251583,47.8486612,0],[29.02327,47.841864,0],[29.0177768,47.8323002,0],[29.0107387,47.8253855,0],[29.0078205,47.8160493,0],[29.0016406,47.8087866,0],[28.9937442,47.8002545,0],[28.9884227,47.7905677,0],[28.9870494,47.782494,0],[28.9834445,47.7688813,0],[28.9803546,47.757573,0],[28.9810413,47.7455698,0],[28.9734882,47.7303309,0],[28.967995,47.7199382,0],[28.9721149,47.7044608,0],[28.979668,47.6924453,0],[28.9861911,47.6718738,0],[28.991341,47.6584634,0],[28.9958042,47.6503692,0],[28.9927143,47.6390352,0],[28.9855045,47.6263105,0],[28.9831012,47.6133512,0],[28.9937442,47.6013147,0],[29.0088504,47.5902017,0],[29.0270465,47.5723695,0],[29.0273899,47.5512874,0],[29.0208667,47.536687,0],[29.0253299,47.518373,0],[29.0414661,47.5102571,0],[29.0606922,47.4995886,0],[29.0768283,47.4928617,0],[29.0967411,47.4831177,0],[29.1080707,47.4712834,0],[29.1180271,47.4585179,0],[29.1060108,47.4450527,0],[29.0909046,47.4369255,0],[29.0788883,47.4241516,0],[29.0778583,47.4141626,0],[29.0915912,47.4048688,0],[29.1077274,47.3927844,0],[29.1321033,47.3816271,0],[29.1492694,47.3695374,0],[29.1588825,47.3590729,0],[29.1640323,47.3474433,0],[29.1605991,47.337905,0],[29.1468662,47.3306921,0],[29.13176,47.3288305,0],[29.1276401,47.3255726,0],[29.1228336,47.3167287,0],[29.1245502,47.3102111,0],[29.1338199,47.3090472,0],[29.1475528,47.3104439,0],[29.163689,47.3167287,0],[29.1726154,47.3207435,0],[29.1822284,47.325398,0],[29.1957038,47.3292377,0],[29.2094367,47.3331353,0],[29.2205947,47.3256889,0],[29.2394775,47.3395336,0],[29.2484039,47.346978,0],[29.2616218,47.3526769,0],[29.2707199,47.3629101,0],[29.2829078,47.3724438,0],[29.288401,47.37814,0],[29.2983573,47.3841842,0],[29.3129486,47.3799998,0],[29.3227333,47.3695374,0],[29.3235916,47.360352,0],[29.2957824,47.3481411,0],[29.2727798,47.3383703,0],[29.2532104,47.334764,0],[29.224028,47.3137028,0],[29.2075485,47.296708,0],[29.1946739,47.3039256,0],[29.1744178,47.2963588,0],[29.1596549,47.2939139,0],[29.1455787,47.2930989,0],[29.1277259,47.2880922,0],[29.1143363,47.2819205,0],[29.1272109,47.2733022,0],[29.1342541,47.2674838,0],[29.1418072,47.2609602,0],[29.1467854,47.2540863,0],[29.1478153,47.2481437,0],[29.1497036,47.2446478,0],[29.1567417,47.2394034,0],[29.1612049,47.2329929,0],[29.1632648,47.227048,0],[29.1670414,47.2198199,0],[29.1706463,47.2152726,0],[29.179401,47.214573,0],[29.1861516,47.2155202,0],[29.187071,47.2160354,0]]]}]},"properties":{"name":"Придністров'я /// Transnistria","styleUrl":"#poly-FF5252-1200-77-nodesc","styleHash":"-53e2fab2","styleMapHash":{"normal":"#poly-FF5252-1200-77-nodesc-normal","highlight":"#poly-FF5252-1200-77-nodesc-highlight"},"stroke-opacity":1,"stroke":"#ff5252","stroke-width":1.2,"fill-opacity":0.30196078431372547,"fill":"#ff5252"}},{"type":"Feature","geometry":{"type":"GeometryCollection","geometries":[{"type":"Polygon","coordinates":[[[35.3437946,46.3499966,0],[35.3436927,46.3480045,0],[35.3334508,46.3354526,0],[35.3174357,46.3169204,0],[35.3036032,46.3162461,0],[35.2987992,46.3148192,0],[35.2986282,46.3098972,0],[35.2953675,46.3075839,0],[35.2933094,46.3080562,0],[35.2940007,46.3023608,0],[35.2989812,46.2988605,0],[35.2893711,46.285516,0],[35.2552582,46.2509872,0],[35.2210622,46.226781,0],[35.2090177,46.1902543,0],[35.1356268,46.1662851,0],[35.0331183,46.1498649,0],[35.0184613,46.1301914,0],[34.9894016,46.1100372,0],[34.9806129,46.0890477,0],[34.9769809,46.0709154,0],[35.0708774,46.0956694,0],[35.1517979,46.1215406,0],[35.1954912,46.1472745,0],[35.2282388,46.2019951,0],[35.2754762,46.2554933,0],[35.3475835,46.3402912,0],[35.357285,46.3527257,0],[35.3695662,46.3643297,0],[35.3787593,46.3732672,0],[35.3825458,46.378947,0],[35.3712877,46.3709968,0],[35.3437946,46.3499966,0]]]},{"type":"Polygon","coordinates":[[[35.3333665,46.3582202,0],[35.341778,46.3610327,0],[35.3482747,46.3633974,0],[35.3533561,46.3643112,0],[35.3569267,46.3634058,0],[35.358609,46.3617895,0],[35.3712877,46.3709968,0],[35.3767538,46.3751693,0],[35.4348206,46.4153201,0],[35.6146465,46.4996998,0],[35.7703286,46.6017937,0],[35.9364159,46.6584769,0],[36.0834399,46.6583764,0],[36.189877,46.6669129,0],[36.2290356,46.6503884,0],[36.2598882,46.6185035,0],[36.2480964,46.5920929,0],[36.2191586,46.5647349,0],[36.190842,46.534558,0],[36.166506,46.52756,0],[36.1583413,46.5400039,0],[36.152999,46.543158,0],[36.1496575,46.514619,0],[36.1154322,46.4988344,0],[36.0923151,46.4890018,0],[36.1187857,46.4849539,0],[36.1672331,46.4950765,0],[36.2695222,46.6055646,0],[36.3871263,46.7169171,0],[36.4958057,46.7474907,0],[36.6155915,46.7732454,0],[36.6471828,46.7805555,0],[36.7055593,46.7775047,0],[36.7464163,46.7655031,0],[36.7810734,46.7487854,0],[36.8105257,46.7278719,0],[36.8221063,46.7017771,0],[36.8013332,46.7070255,0],[36.790687,46.674682,0],[36.7783344,46.6635319,0],[36.7610057,46.6656911,0],[36.7423499,46.637243,0],[36.7592718,46.618538,0],[36.8027463,46.6606838,0],[36.8380441,46.7056437,0],[36.8458325,46.7240424,0],[36.8556796,46.7419657,0],[36.8685104,46.7655733,0],[36.8859437,46.7892661,0],[36.9043474,46.8056174,0],[36.9295237,46.8284428,0],[36.9588917,46.8475083,0],[36.9930695,46.8623412,0],[37.0193409,46.866749,0],[37.2356347,46.9509504,0],[37.2972003,46.9272088,0],[37.3189084,46.8961806,0],[37.2925383,46.8745361,0],[37.2886283,46.8705214,0],[37.3077203,46.8658027,0],[37.4814542,47.0322115,0],[37.5122169,47.0645024,0],[37.5376339,47.0818253,0],[37.5836711,47.0874048,0],[37.5805383,47.0817496,0],[37.5861599,47.0785491,0],[37.5993048,47.0830288,0],[37.608257,47.0840406,0],[37.6195065,47.087157,0],[37.6243159,47.0909649,0],[37.6268941,47.0944221,0],[37.6295827,47.0948063,0],[37.6321854,47.0946061,0],[37.6336795,47.0931637,0],[37.6345118,47.0931437,0],[37.6352283,47.09401,0],[37.6664429,47.086291,0],[37.6709319,47.0852044,0],[37.6705154,47.0817678,0],[37.6757999,47.0777699,0],[37.6821324,47.0770565,0],[37.685084,47.0781024,0],[37.6872037,47.0810509,0],[37.6983358,47.0798491,0],[37.7138251,47.0802705,0],[37.7394664,47.0834014,0],[37.7676875,47.0886009,0],[37.7939862,47.0847127,0],[37.8148639,47.0894884,0],[37.8176104,47.1011748,0],[37.8163369,47.109753,0],[37.8180535,47.1190987,0],[37.8256066,47.1333479,0],[37.8297265,47.1461922,0],[37.8365929,47.1569323,0],[37.8445029,47.1658129,0],[37.8499825,47.1742053,0],[37.8513558,47.198938,0],[37.8472359,47.2138654,0],[37.8413995,47.2269234,0],[37.833503,47.249301,0],[37.8334033,47.2603213,0],[37.8341897,47.2760952,0],[37.8338464,47.2854117,0],[37.8300698,47.2958908,0],[37.8276665,47.3026429,0],[37.8348763,47.3082302,0],[37.8317864,47.3149807,0],[37.8245766,47.3214977,0],[37.8273232,47.3284792,0],[37.8279101,47.3355277,0],[37.8292834,47.3425074,0],[37.8444894,47.3419742,0],[37.856849,47.3436027,0],[37.8612124,47.3478578,0],[37.8591525,47.3543707,0],[37.8486092,47.3501161,0],[37.8376229,47.3524422,0],[37.8421,47.3587327,0],[37.8515994,47.3655338,0],[37.841643,47.3690218,0],[37.8383096,47.3780216,0],[37.8503258,47.3842983,0],[37.856849,47.3928985,0],[37.855819,47.403124,0],[37.8637154,47.4265885,0],[37.8784784,47.4416839,0],[37.8925547,47.4697729,0],[37.8194267,47.5463034,0],[37.8084403,47.5618278,0],[37.7823477,47.5859162,0],[37.7771978,47.6157796,0],[37.7686147,47.6354478,0],[37.801917,47.6423879,0],[37.8039769,47.6601962,0],[37.7644947,47.6847015,0],[37.7184895,47.7072316,0],[37.6726795,47.7247168,0],[37.6467557,47.7456551,0],[37.6375888,47.7519939,0],[37.623169,47.7731102,0],[37.6345486,47.8025384,0],[37.6342622,47.838423,0],[37.6330023,47.8460097,0],[37.6348905,47.8525768,0],[37.6348904,47.8558021,0],[37.6355771,47.860179,0],[37.6389066,47.8677882,0],[37.640944,47.8706227,0],[37.6424889,47.8737318,0],[37.6440338,47.8809854,0],[37.6440338,47.8866264,0],[37.6299576,47.8930725,0],[37.5963118,47.9032005,0],[37.5759066,47.9077328,0],[37.5774254,47.8640615,0],[37.527145,47.8441906,0],[37.5329822,47.8181445,0],[37.4841086,47.7933122,0],[37.4696352,47.7806675,0],[37.4632671,47.7404593,0],[37.3827579,47.7491166,0],[37.3578097,47.7496297,0],[37.3562811,47.7405918,0],[37.3064482,47.6862064,0],[37.2394207,47.6895929,0],[37.1739903,47.7012554,0],[37.1039525,47.7139619,0],[37.1020021,47.7446641,0],[37.0535318,47.743548,0],[36.9645121,47.7634237,0],[36.9319211,47.7747196,0],[36.9039452,47.7867078,0],[36.887977,47.7952316,0],[36.8735466,47.8053393,0],[36.8360755,47.8151616,0],[36.8202397,47.8215592,0],[36.800842,47.8215015,0],[36.7870233,47.8082737,0],[36.7906067,47.7987899,0],[36.7879244,47.7965416,0],[36.7811576,47.7930767,0],[36.7695837,47.7803557,0],[36.7324997,47.7803688,0],[36.7220233,47.7890225,0],[36.7079387,47.7920237,0],[36.6945375,47.79237,0],[36.6600267,47.7840617,0],[36.6581154,47.7762924,0],[36.6065248,47.7737352,0],[36.5375439,47.7166252,0],[36.5552456,47.6729186,0],[36.5140996,47.6635349,0],[36.4448315,47.6501219,0],[36.3683191,47.6314425,0],[36.287964,47.6052585,0],[36.1065648,47.5890677,0],[36.078782,47.5252906,0],[36.0333639,47.5162955,0],[36.0139109,47.5102118,0],[35.9733233,47.5156869,0],[35.9254508,47.5093625,0],[35.867972,47.5090433,0],[35.7979092,47.5154458,0],[35.6995213,47.5285243,0],[35.6454856,47.5214008,0],[35.5074008,47.5135746,0],[35.4443403,47.5276734,0],[35.3950215,47.5208021,0],[35.3950087,47.5208101,0],[35.3603365,47.4994552,0],[35.310061,47.4922519,0],[35.2789589,47.5011779,0],[35.274292,47.4940961,0],[35.2839651,47.4711179,0],[35.2732113,47.4557986,0],[35.2649108,47.454382,0],[35.2711132,47.4718601,0],[35.2663264,47.4731508,0],[35.2492229,47.467476,0],[35.2026366,47.4448564,0],[35.1486561,47.4455391,0],[35.0775036,47.4531547,0],[35.0589931,47.4472408,0],[35.0446075,47.4376096,0],[35.0165413,47.411376,0],[34.9686877,47.3890866,0],[34.9284011,47.392589,0],[34.8808768,47.4087593,0],[34.8619081,47.4207375,0],[34.8723335,47.436482,0],[34.8717751,47.4494395,0],[34.8599184,47.4511069,0],[34.8251973,47.4646556,0],[34.7922996,47.4676001,0],[34.7472176,47.492976,0],[34.7356684,47.4908156,0],[34.7089772,47.4904348,0],[34.6864051,47.4928325,0],[34.6801944,47.5105837,0],[34.6594778,47.526596,0],[34.6440841,47.5419253,0],[34.6283735,47.5456828,0],[34.61803,47.5443437,0],[34.605993,47.5374148,0],[34.5990354,47.5345232,0],[34.5862444,47.521662,0],[34.544526,47.5325602,0],[34.5331332,47.530312,0],[34.5013916,47.4985407,0],[34.4358354,47.4967662,0],[34.3869447,47.5137279,0],[34.3727547,47.5105284,0],[34.3637954,47.4937434,0],[34.3395698,47.4680202,0],[34.3349084,47.4468546,0],[34.2960988,47.4285407,0],[34.2696759,47.4394016,0],[34.1992864,47.4119572,0],[34.1457219,47.4243196,0],[34.1183426,47.4204195,0],[34.064871,47.4241706,0],[34.0466745,47.4175073,0],[34.0399147,47.40244,0],[34.0196475,47.3578914,0],[33.9826442,47.2281837,0],[33.9098104,47.170099,0],[33.853211,47.1397486,0],[33.8407853,47.0983773,0],[33.8023157,47.0588696,0],[33.7227477,47.0172364,0],[33.6976667,46.9949841,0],[33.6973247,46.9621854,0],[33.6897886,46.9214159,0],[33.6784445,46.9007786,0],[33.6576732,46.9034758,0],[33.6338211,46.8993673,0],[33.6341699,46.8822418,0],[33.634027,46.8661098,0],[33.6022727,46.8277126,0],[33.5234813,46.8230958,0],[33.4642572,46.8182295,0],[33.3770342,46.7748365,0],[33.3691507,46.7820826,0],[33.359021,46.7856416,0],[33.3566199,46.782589,0],[33.3566788,46.782027,0],[33.3689565,46.7707601,0],[33.3592082,46.7655691,0],[33.3248969,46.754505,0],[33.2866486,46.7488393,0],[33.2571281,46.7555432,0],[33.2238335,46.7673909,0],[33.1987715,46.7688835,0],[33.1439158,46.7602052,0],[33.0015038,46.7181504,0],[32.9214055,46.7119792,0],[32.862185,46.6984591,0],[32.8451237,46.6889292,0],[32.8259938,46.6800082,0],[32.8153644,46.6768559,0],[32.802775,46.6759667,0],[32.7864412,46.6701806,0],[32.7728628,46.667246,0],[32.7588563,46.6654877,0],[32.7318308,46.6647374,0],[32.7211242,46.6654729,0],[32.7198633,46.6657683,0],[32.7140485,46.6654015,0],[32.7017968,46.6629134,0],[32.6593406,46.6502431,0],[32.6158917,46.6172631,0],[32.5917838,46.594517,0],[32.5803915,46.5786097,0],[32.5525244,46.5561587,0],[32.5297942,46.5513314,0],[32.5136229,46.5528113,0],[32.5025993,46.5597198,0],[32.4938657,46.569411,0],[32.478455,46.5717935,0],[32.4590535,46.5602934,0],[32.4853407,46.5248236,0],[32.4182721,46.4855706,0],[32.4116422,46.4828862,0],[32.3994021,46.474569,0],[32.3586749,46.4650634,0],[32.3272467,46.4658192,0],[32.2593632,46.4776997,0],[32.1866986,46.4860454,0],[32.156592,46.4927241,0],[32.1216254,46.4983778,0],[32.0784139,46.4997641,0],[32.0439949,46.4913924,0],[32.0027152,46.491517,0],[31.9108596,46.5165686,0],[31.8777032,46.5191256,0],[31.861055,46.5158216,0],[31.8043279,46.5289631,0],[31.754436,46.5477486,0],[31.6976546,46.5448873,0],[31.6690402,46.5362578,0],[31.6315022,46.5403713,0],[31.6003753,46.5377239,0],[31.5810756,46.5362154,0],[31.5540871,46.5453183,0],[31.5305219,46.5574853,0],[31.5129914,46.5805343,0],[31.5113006,46.5765434,0],[31.5216247,46.56146,0],[31.5538208,46.5361051,0],[31.6085172,46.5057035,0],[31.6559433,46.4717345,0],[31.6918835,46.4686048,0],[31.7413559,46.4890915,0],[31.7987384,46.4796465,0],[31.896928,46.4576286,0],[31.9528268,46.4373359,0],[31.9748472,46.4390845,0],[32.0022459,46.453311,0],[32.0290416,46.4374217,0],[32.0355715,46.4164449,0],[32.0584621,46.3936051,0],[32.0496571,46.3834371,0],[32.0255326,46.3853602,0],[32.0219174,46.382339,0],[32.0090519,46.3639959,0],[31.9757801,46.3480047,0],[31.9439259,46.3427845,0],[31.9052405,46.3394654,0],[31.865532,46.3332886,0],[31.8386435,46.3356205,0],[31.7727132,46.3222846,0],[31.7473096,46.3005071,0],[31.7477416,46.2980208,0],[31.7564105,46.2955366,0],[31.7573225,46.2950781,0],[31.7680193,46.2963985,0],[31.77451,46.2938047,0],[31.7712158,46.28872,0],[31.7755479,46.2853427,0],[31.7751137,46.282147,0],[31.7821317,46.2767197,0],[31.7832911,46.2723916,0],[31.7771998,46.2680096,0],[31.779606,46.2643492,0],[31.7843677,46.2655589,0],[31.7845172,46.2687448,0],[31.7917055,46.2737697,0],[31.7963826,46.2734659,0],[31.8097279,46.2719756,0],[31.8143612,46.2693303,0],[31.8132445,46.2646255,0],[31.8183073,46.2641929,0],[31.8346973,46.26602,0],[31.8331459,46.2696742,0],[31.8351942,46.2727102,0],[31.8477009,46.2682192,0],[31.8507418,46.268136,0],[31.8520181,46.2704616,0],[31.8629835,46.2720247,0],[31.8708344,46.2656555,0],[31.8740047,46.2651386,0],[31.8832914,46.2732981,0],[31.89507,46.2806265,0],[31.9041055,46.2963125,0],[31.9364358,46.2907488,0],[31.9437456,46.2854411,0],[31.9565439,46.2654215,0],[31.9591374,46.2652489,0],[31.9695145,46.2570898,0],[32.0286309,46.245122,0],[32.0514192,46.2496669,0],[32.0777541,46.2388024,0],[32.0878289,46.2213429,0],[32.1264746,46.203027,0],[32.1659661,46.196775,0],[32.1870249,46.175548,0],[32.2061332,46.1720621,0],[32.2067617,46.1753105,0],[32.2081061,46.1866809,0],[32.221812,46.187592,0],[32.2398798,46.1783972,0],[32.2258878,46.1699955,0],[32.2288004,46.1665053,0],[32.2366728,46.1500149,0],[32.2304411,46.1393923,0],[32.226216,46.1324231,0],[32.2477914,46.1244914,0],[32.5346946,46.0652669,0],[32.710194,46.1026938,0],[32.9126426,46.102199,0],[33.1775483,46.1203559,0],[33.2991907,46.0700506,0],[33.4288609,46.0272295,0],[33.5148147,46.0271133,0],[33.4966984,46.0701674,0],[33.5637474,46.0746225,0],[33.5247978,46.1155786,0],[33.5573368,46.1221338,0],[33.5737439,46.1255906,0],[33.6079654,46.1475624,0],[33.6896977,46.204216,0],[33.697092,46.2032997,0],[33.7079189,46.200155,0],[33.7145513,46.1967761,0],[33.7247981,46.1915999,0],[33.7358592,46.1859204,0],[33.7386094,46.185157,0],[33.7405294,46.1850101,0],[33.7299192,46.1709572,0],[33.7292637,46.1690726,0],[33.7261891,46.1667043,0],[33.7253384,46.1649261,0],[33.7262858,46.1616592,0],[33.7265868,46.1578857,0],[33.72811,46.1551668,0],[33.7350502,46.1498824,0],[33.735601,46.1471215,0],[33.7408709,46.1441232,0],[33.7475131,46.1378538,0],[33.7495382,46.1374606,0],[33.7548898,46.1406843,0],[33.8239473,46.1869511,0],[34.0383305,46.1168174,0],[34.1225789,46.1080045,0],[34.1607681,46.0803117,0],[34.2253474,46.0637955,0],[34.3824606,46.0345739,0],[34.4785479,45.9468288,0],[34.5560383,45.9885731,0],[34.6514104,45.97379,0],[34.7008789,45.9590612,0],[34.8400152,45.8737411,0],[34.8158666,45.8357222,0],[34.8250838,45.8112122,0],[34.8674066,45.8291807,0],[34.8707212,45.8467632,0],[34.8751306,45.8555496,0],[34.8862268,45.8603957,0],[34.9004134,45.8580674,0],[34.9353039,45.8054347,0],[34.9403655,45.7872533,0],[34.9456423,45.7803165,0],[34.9554893,45.767389,0],[34.9493387,45.7628178,0],[34.9582138,45.7599193,0],[34.9681019,45.7621984,0],[34.9731755,45.763623,0],[34.9770477,45.7651671,0],[34.8921828,45.8986927,0],[34.852469,46.0090997,0],[34.8346359,46.1154117,0],[34.829315,46.204055,0],[34.8995659,46.2381715,0],[35.021547,46.2584415,0],[35.052167,46.2669443,0],[35.0767677,46.2785357,0],[35.1021348,46.3004517,0],[35.1124432,46.3102126,0],[35.1176084,46.3222025,0],[35.1274123,46.3419438,0],[35.1395419,46.3515709,0],[35.1620938,46.3587479,0],[35.175433,46.3632748,0],[35.1851942,46.3695606,0],[35.1900773,46.3712781,0],[35.1997289,46.3813728,0],[35.2574305,46.375757,0],[35.2630952,46.3656409,0],[35.2663547,46.353511,0],[35.2695223,46.3559538,0],[35.2747139,46.3559584,0],[35.2903127,46.357234,0],[35.3018887,46.3555606,0],[35.3053962,46.3542423,0],[35.3080086,46.3495037,0],[35.3087903,46.3483784,0],[35.3140349,46.3450016,0],[35.3179919,46.3402619,0],[35.318515,46.3350481,0],[35.317497,46.3314708,0],[35.3218364,46.3332078,0],[35.3333665,46.3582202,0]]]}]},"properties":{"name":"Окуповано /// Occupied","styleUrl":"#poly-A52714-1200-77-nodesc","styleHash":"5f0393c8","styleMapHash":{"normal":"#poly-A52714-1200-77-nodesc-normal","highlight":"#poly-A52714-1200-77-nodesc-highlight"},"stroke-opacity":1,"stroke":"#a52714","stroke-width":1.2,"fill-opacity":0.30196078431372547,"fill":"#a52714"}},{"type":"Feature","geometry":{"type":"Polygon","coordinates":[[[37.8562077,48.1928465,0],[37.8833302,48.1997121,0],[37.8965706,48.2154292,0],[37.8929432,48.2335689,0],[37.89157,48.2550609,0],[37.8953466,48.268546,0],[37.8881602,48.2836394,0],[37.8901968,48.2991598,0],[37.8696933,48.2818506,0],[37.8423308,48.2832692,0],[37.8217294,48.2899051,0],[37.8082985,48.2875112,0],[37.799505,48.2780342,0],[37.8012386,48.2582824,0],[37.7834469,48.2548452,0],[37.7761512,48.2501586,0],[37.7849065,48.2446757,0],[37.8018157,48.243074,0],[37.8125434,48.2380409,0],[37.8228431,48.230723,0],[37.8290229,48.2041871,0],[37.8077741,48.1849014,0],[37.8103277,48.1553785,0],[37.8094909,48.1524009,0],[37.8198549,48.1438969,0],[37.824622,48.1578177,0],[37.8285927,48.1751503,0],[37.8562077,48.1928465,0]]]},"properties":{"name":"Окуповано /// Occupied","styleUrl":"#poly-A52714-1200-77-nodesc","styleHash":"5f0393c8","styleMapHash":{"normal":"#poly-A52714-1200-77-nodesc-normal","highlight":"#poly-A52714-1200-77-nodesc-highlight"},"stroke-opacity":1,"stroke":"#a52714","stroke-width":1.2,"fill-opacity":0.30196078431372547,"fill":"#a52714"}},{"type":"Feature","geometry":{"type":"Polygon","coordinates":[[[38.402637,48.5919397,0],[38.4060702,48.6019302,0],[38.4048036,48.6090985,0],[38.4046894,48.6169314,0],[38.4088093,48.62964,0],[38.4143025,48.6382619,0],[38.4198032,48.6450485,0],[38.4314762,48.6504924,0],[38.4452016,48.6550476,0],[38.4644278,48.6564083,0],[38.4802281,48.6591107,0],[38.4967076,48.6631925,0],[38.5152472,48.6663671,0],[38.5161483,48.6705617,0],[38.5272842,48.6746424,0],[38.5394514,48.6735091,0],[38.5489783,48.6752945,0],[38.5594455,48.6866947,0],[38.5722313,48.6890556,0],[38.577732,48.6967418,0],[38.5784187,48.7094303,0],[38.5832177,48.7198696,0],[38.6301672,48.721172,0],[38.6784116,48.723701,0],[38.6745492,48.7293629,0],[38.6917155,48.7293629,0],[38.7055541,48.7754591,0],[38.5596882,48.8300656,0],[38.5304354,48.8497759,0],[38.4952068,48.8707374,0],[38.4748205,48.9035945,0],[38.413393,48.9399705,0],[38.4022715,48.9556589,0],[38.3698935,48.9817692,0],[38.2997041,49.0248792,0],[38.2844417,49.0264547,0],[38.2615817,49.0244189,0],[38.2399458,49.005535,0],[38.2577418,48.9692683,0],[38.2360201,48.956746,0],[38.2330256,48.9418302,0],[38.2106638,48.9313209,0],[38.1974127,48.9047222,0],[38.1788915,48.874347,0],[38.1828746,48.8491426,0],[38.2376172,48.8093904,0],[38.2621468,48.7813767,0],[38.2635828,48.7519729,0],[38.2322928,48.7450529,0],[38.2205484,48.7376868,0],[38.2205787,48.7194463,0],[38.1776078,48.6758895,0],[38.160514,48.6693383,0],[38.1659099,48.6579687,0],[38.1804834,48.6412435,0],[38.169686,48.5849223,0],[38.1277134,48.5581328,0],[38.1602481,48.5183901,0],[38.1598202,48.5084096,0],[38.2344013,48.4819325,0],[38.2220984,48.4752176,0],[38.2215094,48.4653082,0],[38.2181744,48.4617727,0],[38.1950951,48.4203152,0],[38.1718321,48.4086961,0],[38.1565068,48.4258095,0],[38.1397872,48.4345657,0],[38.1316835,48.4346148,0],[38.1239233,48.4337522,0],[38.1174769,48.420805,0],[38.135158,48.4190391,0],[38.1484618,48.4144818,0],[38.1630936,48.4021166,0],[38.1544451,48.395536,0],[38.1500926,48.3854193,0],[38.1847683,48.3749299,0],[38.2074276,48.371509,0],[38.2149807,48.3690002,0],[38.2276837,48.3671755,0],[38.2591203,48.359806,0],[38.2736891,48.3591918,0],[38.2907061,48.361631,0],[38.3217544,48.3710529,0],[38.3435779,48.3844372,0],[38.3542284,48.390346,0],[38.3672748,48.3996925,0],[38.3799702,48.4086007,0],[38.390964,48.4158739,0],[38.3892474,48.4322779,0],[38.3930237,48.436606,0],[38.4053767,48.4733655,0],[38.4115634,48.5105796,0],[38.4143026,48.5206053,0],[38.402637,48.5478669,0],[38.402637,48.5919397,0]]]},"properties":{"name":"Окуповано /// Occupied","styleUrl":"#poly-A52714-1200-77-nodesc","styleHash":"5f0393c8","styleMapHash":{"normal":"#poly-A52714-1200-77-nodesc-normal","highlight":"#poly-A52714-1200-77-nodesc-highlight"},"stroke-opacity":1,"stroke":"#a52714","stroke-width":1.2,"fill-opacity":0.30196078431372547,"fill":"#a52714"}},{"type":"Feature","geometry":{"type":"GeometryCollection","geometries":[{"type":"Polygon","coordinates":[[[32.4242085,46.5677111,0],[32.4242018,46.5677046,0],[32.4242026,46.5676981,0],[32.4242085,46.5677111,0]]]},{"type":"Polygon","coordinates":[[[33.9028044,47.2324174,0],[33.9138897,47.2448994,0],[33.9186393,47.2721917,0],[33.9663379,47.3030111,0],[33.9758227,47.3560188,0],[33.9748945,47.3872401,0],[33.9571325,47.4182281,0],[33.9094933,47.4216948,0],[33.8766048,47.4342063,0],[33.8355409,47.4341268,0],[33.7755488,47.4239823,0],[33.7231796,47.4201485,0],[33.7212299,47.4308333,0],[33.6340199,47.4392032,0],[33.6146149,47.4497577,0],[33.6011116,47.4636318,0],[33.5649605,47.4622771,0],[33.5581594,47.4736268,0],[33.5553104,47.4856931,0],[33.5605299,47.4933511,0],[33.5598172,47.5042157,0],[33.5621451,47.5098925,0],[33.5492442,47.516189,0],[33.501265,47.5115649,0],[33.4284123,47.4900902,0],[33.405582,47.4772516,0],[33.4073836,47.460092,0],[33.3889629,47.4581332,0],[33.3896496,47.4565075,0],[33.3896281,47.4540112,0],[33.3890988,47.4507753,0],[33.389763,47.4491001,0],[33.3898216,47.4450918,0],[33.3886491,47.441288,0],[33.3863819,47.4398436,0],[33.3839608,47.4394116,0],[33.3830936,47.4386152,0],[33.3835183,47.4378686,0],[33.3848464,47.436102,0],[33.3867979,47.4328382,0],[33.3942967,47.4279545,0],[33.3999006,47.4274227,0],[33.4031968,47.4275025,0],[33.4061496,47.4268854,0],[33.4075877,47.425373,0],[33.4071909,47.4233973,0],[33.402417,47.4212474,0],[33.3967559,47.4175787,0],[33.3877733,47.4163413,0],[33.378791,47.4162648,0],[33.3765323,47.4170979,0],[33.3736073,47.4184677,0],[33.3696523,47.4193728,0],[33.3687013,47.4187098,0],[33.3671101,47.4173329,0],[33.3666578,47.4165284,0],[33.365745,47.413164,0],[33.3661468,47.4119463,0],[33.3654894,47.4104662,0],[33.365392,47.4077135,0],[33.3653432,47.4056402,0],[33.3660912,47.4014666,0],[33.3670658,47.3992636,0],[33.3672096,47.3976391,0],[33.3696847,47.394038,0],[33.3698922,47.3922954,0],[33.3702533,47.390843,0],[33.3737625,47.3882243,0],[33.3762036,47.3869152,0],[33.3763941,47.3857377,0],[33.3755452,47.3817783,0],[33.3717736,47.3793337,0],[33.3699739,47.3793319,0],[33.369074,47.3786917,0],[33.3697399,47.3766861,0],[33.368861,47.3756685,0],[33.368453,47.3728337,0],[33.3618271,47.3689859,0],[33.3583431,47.3678177,0],[33.3547989,47.3650245,0],[33.3500229,47.3642673,0],[33.3480641,47.364412,0],[33.3467503,47.3649459,0],[33.3458639,47.3654573,0],[33.3454926,47.3650966,0],[33.3457798,47.3639682,0],[33.3463718,47.3618207,0],[33.3455387,47.3605602,0],[33.3424551,47.3600562,0],[33.3390283,47.3602497,0],[33.3377473,47.3625069,0],[33.33539,47.3629378,0],[33.3321515,47.3642578,0],[33.3298456,47.3638712,0],[33.3259461,47.3643755,0],[33.321679,47.3648602,0],[33.3151682,47.3674278,0],[33.3106256,47.3701649,0],[33.3055223,47.3688593,0],[33.2997092,47.3680905,0],[33.2991203,47.3663112,0],[33.2973289,47.3652828,0],[33.2952317,47.3653499,0],[33.2934965,47.3641625,0],[33.292019,47.3603299,0],[33.2901247,47.3572788,0],[33.2892015,47.3546298,0],[33.289641,47.3538576,0],[33.2914057,47.3529046,0],[33.2919259,47.3521841,0],[33.2920961,47.3509854,0],[33.2914511,47.3494524,0],[33.2905708,47.348744,0],[33.2881995,47.3476338,0],[33.2852114,47.3459738,0],[33.2845329,47.3454345,0],[33.284541,47.3449533,0],[33.2851027,47.344039,0],[33.2860702,47.3433783,0],[33.2864681,47.3422627,0],[33.287697,47.3396984,0],[33.2889274,47.3385894,0],[33.2908299,47.3375114,0],[33.2950855,47.3353728,0],[33.2968698,47.3341871,0],[33.2981053,47.3335943,0],[33.2995813,47.3329489,0],[33.3009201,47.3314627,0],[33.3008856,47.330471,0],[33.3009772,47.3296332,0],[33.3002076,47.3285162,0],[33.299438,47.3284754,0],[33.2989774,47.3281378,0],[33.2978217,47.3278926,0],[33.2969022,47.3273857,0],[33.2976134,47.3264423,0],[33.2989564,47.3252137,0],[33.298969,47.3239268,0],[33.2981094,47.3234429,0],[33.2974221,47.3226773,0],[33.2961344,47.3219163,0],[33.293731,47.3214485,0],[33.2914994,47.3217382,0],[33.290169,47.3221158,0],[33.2892463,47.3220427,0],[33.2868645,47.3209806,0],[33.2852865,47.3210131,0],[33.2792618,47.3223094,0],[33.2765926,47.3233065,0],[33.2667565,47.3271835,0],[33.2648557,47.3280736,0],[33.2622253,47.3294872,0],[33.2606545,47.3307502,0],[33.25668,47.3341656,0],[33.2560702,47.3345392,0],[33.2548641,47.3348133,0],[33.2536579,47.3347674,0],[33.251982,47.3341099,0],[33.2507579,47.3335484,0],[33.2488044,47.3320853,0],[33.2467433,47.3300769,0],[33.2453695,47.3280546,0],[33.2424082,47.325909,0],[33.2405628,47.324636,0],[33.2376226,47.3231366,0],[33.2342536,47.3221315,0],[33.2333928,47.3215884,0],[33.2330483,47.320415,0],[33.2342486,47.3167398,0],[33.23523,47.315189,0],[33.2354631,47.3143263,0],[33.2363521,47.3127603,0],[33.238041,47.311439,0],[33.2417607,47.3093816,0],[33.2448795,47.3086045,0],[33.2464969,47.3076125,0],[33.2504314,47.3067368,0],[33.2556194,47.3061513,0],[33.2582752,47.3055073,0],[33.26224,47.3057654,0],[33.2671407,47.3076986,0],[33.269767,47.3075947,0],[33.27068,47.307383,0],[33.2740118,47.3071317,0],[33.2746048,47.3064822,0],[33.2756308,47.3058082,0],[33.2754981,47.3041158,0],[33.2751357,47.3029672,0],[33.2748687,47.3010833,0],[33.2749927,47.3004907,0],[33.2756556,47.2990593,0],[33.2754291,47.297325,0],[33.274516,47.2959398,0],[33.2737435,47.2949905,0],[33.2717265,47.2929731,0],[33.269774,47.2921973,0],[33.2688407,47.2916056,0],[33.2676446,47.2906111,0],[33.2639137,47.2878724,0],[33.2629724,47.2878409,0],[33.2616217,47.288128,0],[33.2610322,47.2875437,0],[33.2597933,47.2870187,0],[33.2566232,47.2865519,0],[33.2496964,47.2863159,0],[33.249136,47.2865157,0],[33.2471392,47.2861207,0],[33.2427934,47.2867965,0],[33.2398908,47.2886189,0],[33.2387827,47.2888023,0],[33.2326535,47.2887819,0],[33.2318128,47.2894901,0],[33.231607,47.2902517,0],[33.2309033,47.2920297,0],[33.229736,47.2923074,0],[33.2288691,47.2920029,0],[33.2281504,47.2912857,0],[33.2266323,47.2913346,0],[33.2246852,47.2908594,0],[33.2201443,47.2894457,0],[33.2162006,47.2877199,0],[33.2144007,47.286624,0],[33.2135438,47.2857559,0],[33.211828,47.2850307,0],[33.2109273,47.2845808,0],[33.2098653,47.2840316,0],[33.2090608,47.283366,0],[33.209458,47.2830206,0],[33.2095279,47.2818872,0],[33.2087475,47.2805927,0],[33.2075848,47.2792176,0],[33.2050062,47.2772892,0],[33.2040711,47.2763066,0],[33.2021849,47.2732656,0],[33.2009845,47.2720654,0],[33.1984109,47.2681862,0],[33.1980705,47.2664556,0],[33.198072,47.2645711,0],[33.1976007,47.2640657,0],[33.1958631,47.263245,0],[33.1940397,47.2620167,0],[33.1936847,47.2611247,0],[33.1938506,47.2576205,0],[33.1939135,47.2573562,0],[33.1943627,47.2572084,0],[33.195434,47.2565363,0],[33.1963559,47.2555013,0],[33.1969027,47.2545177,0],[33.1976481,47.2537347,0],[33.1998232,47.2522655,0],[33.2000524,47.2514726,0],[33.1995233,47.2507558,0],[33.1978426,47.2498439,0],[33.1957577,47.2495919,0],[33.1932133,47.2499611,0],[33.1919411,47.2500292,0],[33.1913909,47.2497136,0],[33.1914591,47.2490898,0],[33.1920511,47.2483117,0],[33.1938062,47.2472527,0],[33.1948983,47.2464027,0],[33.1952608,47.2454944,0],[33.1951672,47.2447763,0],[33.192846,47.2424943,0],[33.1916,47.2420234,0],[33.189518,47.2419335,0],[33.1872325,47.2426751,0],[33.1867336,47.2432788,0],[33.1866986,47.2439011,0],[33.1863377,47.2441248,0],[33.1859427,47.2437122,0],[33.1855736,47.2431854,0],[33.1850029,47.2426307,0],[33.1845889,47.2416249,0],[33.1845536,47.2389077,0],[33.1841072,47.2379571,0],[33.1820816,47.2369572,0],[33.1798244,47.236603,0],[33.1786959,47.2368628,0],[33.1776166,47.237488,0],[33.1762616,47.2377423,0],[33.1750691,47.2368204,0],[33.172928,47.2335621,0],[33.1678665,47.2333316,0],[33.1666662,47.2341196,0],[33.1661089,47.2340473,0],[33.1637703,47.2315634,0],[33.1601014,47.2312941,0],[33.1583777,47.23258,0],[33.1592324,47.2343886,0],[33.1625351,47.235526,0],[33.1628132,47.2359198,0],[33.1616648,47.2363207,0],[33.1590143,47.2355561,0],[33.1563461,47.2355596,0],[33.1526088,47.2345995,0],[33.1513841,47.2341485,0],[33.1506859,47.2334857,0],[33.1502511,47.2326007,0],[33.1487893,47.2309342,0],[33.1477152,47.2304506,0],[33.1422001,47.230063,0],[33.1409017,47.230481,0],[33.1387504,47.2313893,0],[33.1328681,47.2329508,0],[33.1272864,47.2308984,0],[33.1266375,47.2297938,0],[33.1266135,47.2287461,0],[33.1270306,47.225716,0],[33.1276254,47.2223648,0],[33.1284378,47.2206017,0],[33.129316,47.2192247,0],[33.1339708,47.2132128,0],[33.1353301,47.2126605,0],[33.1366534,47.2123844,0],[33.142379,47.2110802,0],[33.1427527,47.2107196,0],[33.1428689,47.2097468,0],[33.1417242,47.2084289,0],[33.1407657,47.2083821,0],[33.1396856,47.208038,0],[33.1391885,47.2071663,0],[33.1376096,47.2057392,0],[33.1365198,47.2055504,0],[33.135902,47.2058572,0],[33.1342215,47.2057635,0],[33.1336387,47.2049586,0],[33.1318025,47.2032732,0],[33.1306269,47.2028387,0],[33.1284942,47.2026214,0],[33.1275995,47.2031834,0],[33.1268517,47.2032603,0],[33.1238724,47.2024624,0],[33.1144355,47.1909091,0],[33.0673967,47.2007253,0],[33.05943,47.1944003,0],[33.0521513,47.1906409,0],[33.0390621,47.1890114,0],[33.0365653,47.1869003,0],[33.0361285,47.1828058,0],[33.0391244,47.1800824,0],[33.0390302,47.1785258,0],[33.0378355,47.1775978,0],[33.0326033,47.1776589,0],[33.0274123,47.1762308,0],[33.0251397,47.1763194,0],[33.0209802,47.1785817,0],[33.015467,47.1797711,0],[33.0121851,47.1820104,0],[33.0114348,47.1845993,0],[33.0129479,47.1870605,0],[33.0127445,47.1885883,0],[33.0113246,47.1909666,0],[33.0062993,47.1960278,0],[33.0034766,47.196287,0],[33.0011688,47.1957296,0],[33.0003202,47.1943557,0],[33.0001583,47.1925152,0],[33.0027098,47.1923046,0],[33.0040597,47.191394,0],[33.0038371,47.1901136,0],[33.0022412,47.1892999,0],[32.9953426,47.190594,0],[32.9913299,47.1893323,0],[32.991031,47.1884722,0],[32.9919974,47.1864088,0],[32.9917621,47.1850455,0],[32.9910785,47.1800004,0],[32.9922535,47.1746681,0],[32.9956732,47.169493,0],[32.9960028,47.1674688,0],[32.9958903,47.1661913,0],[32.9947478,47.1652639,0],[32.9932354,47.1653347,0],[32.9914655,47.1660763,0],[32.9900226,47.1673808,0],[32.9889655,47.168122,0],[32.9878227,47.1686297,0],[32.9876239,47.1680872,0],[32.9877685,47.1675446,0],[32.9892052,47.1669499,0],[32.9906014,47.1648447,0],[32.9912679,47.158742,0],[32.9918083,47.1578619,0],[32.9938507,47.1564857,0],[32.9939105,47.1539285,0],[32.9930695,47.153268,0],[32.9917564,47.1532495,0],[32.990267,47.1540288,0],[32.9888786,47.1552355,0],[32.9878839,47.1557221,0],[32.9861168,47.1558002,0],[32.9850096,47.1542766,0],[32.9846757,47.1528117,0],[32.9852859,47.152018,0],[32.987559,47.1517355,0],[32.9900896,47.1515696,0],[32.9913741,47.1511212,0],[32.9930715,47.150185,0],[32.9955079,47.1462145,0],[32.9959104,47.1449299,0],[32.9980427,47.141573,0],[33.0001815,47.1386686,0],[33.0016371,47.1358443,0],[33.001721,47.1344905,0],[33.0024925,47.132383,0],[33.0027152,47.1315863,0],[33.0018825,47.1298157,0],[33.0009941,47.1296312,0],[32.9999062,47.1278747,0],[32.9988903,47.126646,0],[32.9963224,47.1253017,0],[32.994309,47.1240164,0],[32.9925612,47.1226778,0],[32.9875675,47.120636,0],[32.9818875,47.1196161,0],[32.9763692,47.1182981,0],[32.9726232,47.1170256,0],[32.9701065,47.1160389,0],[32.9661737,47.1156946,0],[32.9627391,47.1158017,0],[32.9595619,47.1162592,0],[32.9520932,47.1173006,0],[32.9505904,47.1170036,0],[32.9502892,47.1156843,0],[32.9508791,47.114116,0],[32.9520111,47.1127188,0],[32.9537438,47.111672,0],[32.9565653,47.1103962,0],[32.9593759,47.1095395,0],[32.9635492,47.1086438,0],[32.9662794,47.1082834,0],[32.9699191,47.1083077,0],[32.9715672,47.1080277,0],[32.9723141,47.10766,0],[32.9727965,47.107183,0],[32.9737937,47.1049534,0],[32.973804,47.1032933,0],[32.9735567,47.1012827,0],[32.9729545,47.100368,0],[32.9726105,47.0994141,0],[32.9699491,47.0974668,0],[32.9671159,47.0969901,0],[32.9642827,47.0970392,0],[32.9614924,47.0975557,0],[32.959217,47.0985104,0],[32.9553087,47.1007651,0],[32.950994,47.1053685,0],[32.9500264,47.1059407,0],[32.9486465,47.1061846,0],[32.9445201,47.105961,0],[32.942175,47.1053138,0],[32.9395726,47.1039655,0],[32.9390026,47.1030799,0],[32.9384671,47.1016309,0],[32.9375556,47.1002053,0],[32.9357267,47.0941462,0],[32.9343833,47.0877858,0],[32.9333834,47.0863925,0],[32.9302551,47.0845172,0],[32.9261828,47.0834599,0],[32.924836,47.0834833,0],[32.9236608,47.0839158,0],[32.9165467,47.0850436,0],[32.9153006,47.0856468,0],[32.9136047,47.0871757,0],[32.9133145,47.0879109,0],[32.9107499,47.0905746,0],[32.9095212,47.0918377,0],[32.908864,47.0935795,0],[32.9086358,47.0969575,0],[32.9105095,47.1005644,0],[32.9132489,47.1034487,0],[32.9135423,47.1043174,0],[32.9131046,47.1052342,0],[32.9106541,47.1076498,0],[32.9057142,47.1102989,0],[32.9019196,47.1121887,0],[32.8998935,47.1128999,0],[32.8949322,47.1135768,0],[32.8938332,47.1132605,0],[32.8931562,47.1126876,0],[32.8919595,47.1110868,0],[32.8911251,47.1090889,0],[32.8906651,47.1064542,0],[32.8908917,47.1033521,0],[32.894716,47.0965711,0],[32.8952545,47.0949627,0],[32.8972404,47.0918796,0],[32.8982819,47.0890887,0],[32.8976385,47.0880569,0],[32.8943128,47.0867521,0],[32.8845084,47.0822908,0],[32.8752089,47.0786593,0],[32.8715037,47.0769002,0],[32.8701662,47.0767799,0],[32.8645192,47.0788238,0],[32.8623813,47.0792023,0],[32.8526432,47.0786899,0],[32.8488892,47.0799524,0],[32.8478699,47.0826875,0],[32.846244,47.0845811,0],[32.8438856,47.0857617,0],[32.8455385,47.0886603,0],[32.8135422,47.0982767,0],[32.7795868,47.0987058,0],[32.7615308,47.0822634,0],[32.7180866,47.0681507,0],[32.6950885,47.0677757,0],[32.6856564,47.0678403,0],[32.6695009,47.0668375,0],[32.6530131,47.0665,0],[32.6389075,47.0656636,0],[32.6233347,47.0631859,0],[32.6102365,47.0604502,0],[32.605647,47.059482,0],[32.5970774,47.0581553,0],[32.5390417,47.0475649,0],[32.5198554,47.0443287,0],[32.5194515,47.0148811,0],[32.4871751,46.9980677,0],[32.4764465,46.9847194,0],[32.4225553,46.9589532,0],[32.3751395,46.911193,0],[32.3612991,46.8964354,0],[32.3540139,46.8798796,0],[32.3567438,46.8668509,0],[32.3611987,46.8561673,0],[32.3637473,46.8318811,0],[32.3041622,46.7772851,0],[32.2449066,46.7704252,0],[32.217432,46.7495852,0],[32.1872734,46.7471601,0],[32.1704922,46.7457019,0],[32.1657363,46.7021234,0],[32.1703712,46.678809,0],[32.1782561,46.6353304,0],[32.1181862,46.6309714,0],[32.0948902,46.6340049,0],[32.0880776,46.6167605,0],[32.1042415,46.6124143,0],[32.1133517,46.6045799,0],[32.119713,46.596745,0],[32.1385957,46.5568622,0],[32.1846008,46.5752733,0],[32.2089766,46.5762173,0],[32.2463986,46.5922626,0],[32.2594448,46.5903752,0],[32.2785946,46.5809827,0],[32.320535,46.5533911,0],[32.4242085,46.5677111,0],[32.4302168,46.5602164,0],[32.4487507,46.5632228,0],[32.467975,46.571183,0],[32.4767249,46.5829711,0],[32.5114018,46.5963907,0],[32.5439427,46.5956148,0],[32.5606573,46.5980648,0],[32.5790891,46.5970914,0],[32.5896907,46.6024557,0],[32.637241,46.638298,0],[32.6544025,46.6529993,0],[32.6617889,46.6566227,0],[32.6714359,46.6598673,0],[32.6723546,46.6597957,0],[32.6759038,46.6610263,0],[32.6797814,46.6620687,0],[32.6841741,46.6629047,0],[32.6949403,46.6665148,0],[32.7001964,46.6680724,0],[32.7056244,46.6693058,0],[32.7073192,46.6702444,0],[32.708982,46.6705518,0],[32.709764,46.6704488,0],[32.7111215,46.6709121,0],[32.7143887,46.672303,0],[32.7176619,46.6736416,0],[32.7191113,46.6739601,0],[32.7198633,46.6657683,0],[32.7211242,46.6654729,0],[32.72036,46.6740652,0],[32.7212711,46.6746668,0],[32.7237869,46.6748947,0],[32.7263886,46.6752993,0],[32.7294409,46.6750557,0],[32.7298405,46.67553,0],[32.7313385,46.6754506,0],[32.7351988,46.6753077,0],[32.7364423,46.675457,0],[32.7374131,46.6750781,0],[32.7385127,46.6748759,0],[32.7388236,46.6745009,0],[32.7406364,46.6744792,0],[32.7412424,46.6748364,0],[32.7502143,46.6733071,0],[32.7580702,46.6725576,0],[32.7679407,46.6727274,0],[32.7776397,46.673338,0],[32.7831781,46.6739781,0],[32.7932433,46.6765945,0],[32.802611,46.6802873,0],[32.8120658,46.6844213,0],[32.8136076,46.6834066,0],[32.8181765,46.6842131,0],[32.8344628,46.6906415,0],[32.8379818,46.6941554,0],[32.8697013,46.7075272,0],[32.9421856,46.7396531,0],[33.0135971,46.7420058,0],[33.0458696,46.7467111,0],[33.0948859,46.7689454,0],[33.1559977,46.7884599,0],[33.2298124,46.7865792,0],[33.3091201,46.7741186,0],[33.3292905,46.7799378,0],[33.351116,46.7790846,0],[33.3534253,46.7795566,0],[33.3566788,46.782027,0],[33.3566199,46.782589,0],[33.359021,46.7856416,0],[33.3590776,46.7869083,0],[33.3620449,46.7892299,0],[33.3654075,46.7913863,0],[33.3805316,46.8051472,0],[33.4121732,46.8296556,0],[33.4418265,46.8417292,0],[33.4697722,46.8467501,0],[33.508568,46.8580732,0],[33.5904632,46.8537657,0],[33.5990403,46.894156,0],[33.5952613,46.9345462,0],[33.6550291,46.9850037,0],[33.6619659,46.9998455,0],[33.6573283,47.0484019,0],[33.7499326,47.0920155,0],[33.763927,47.0979765,0],[33.7872047,47.1308085,0],[33.7816567,47.1786881,0],[33.7896706,47.1836219,0],[33.8249067,47.1959862,0],[33.8548273,47.2071725,0],[33.8655878,47.2096232,0],[33.8847003,47.2200357,0],[33.9028044,47.2324174,0]]]}]},"properties":{"name":"Окуповано /// Occupied","styleUrl":"#poly-A52714-1200-77-nodesc","styleHash":"5f0393c8","styleMapHash":{"normal":"#poly-A52714-1200-77-nodesc-normal","highlight":"#poly-A52714-1200-77-nodesc-highlight"},"stroke-opacity":1,"stroke":"#a52714","stroke-width":1.2,"fill-opacity":0.30196078431372547,"fill":"#a52714"}},{"type":"Feature","geometry":{"type":"GeometryCollection","geometries":[{"type":"Polygon","coordinates":[[[36.2825736,50.232937,0],[36.2922319,50.2449716,0],[36.3058471,50.247144,0],[36.319009,50.2822468,0],[36.328567,50.2898094,0],[36.2971111,50.2921045,0],[36.2989768,50.2990622,0],[36.2857354,50.2990016,0],[36.2855638,50.3034971,0],[36.2843622,50.3064576,0],[36.275779,50.3174201,0],[36.2785255,50.3233388,0],[36.2733757,50.3242156,0],[36.2840188,50.3349548,0],[36.276809,50.3404331,0],[36.2553622,50.3552215,0],[36.2409443,50.3585062,0],[36.232918,50.3647203,0],[36.2307269,50.3715912,0],[36.2134311,50.3837698,0],[36.2026512,50.3961656,0],[36.1832506,50.4056319,0],[36.1772379,50.4021858,0],[36.1697057,50.4109105,0],[36.1607951,50.4314486,0],[36.1355678,50.4377749,0],[36.1357484,50.4235429,0],[36.1267442,50.4166442,0],[36.1458906,50.4075577,0],[36.1354336,50.3845705,0],[36.1262034,50.3248327,0],[36.1305818,50.3149039,0],[36.1262053,50.292689,0],[36.1425132,50.2850116,0],[36.1843476,50.2795968,0],[36.2187009,50.2661829,0],[36.224587,50.252947,0],[36.2366193,50.2455451,0],[36.2661534,50.242309,0],[36.2825736,50.232937,0]]]},{"type":"Polygon","coordinates":[[[36.328567,50.2898094,0],[36.319009,50.2822468,0],[36.3058471,50.247144,0],[36.2922319,50.2449716,0],[36.2825736,50.232937,0],[36.2645779,50.208956,0],[36.2654791,50.1953313,0],[36.2726573,50.1932824,0],[36.275173,50.1902766,0],[36.2730974,50.1880126,0],[36.2717357,50.184474,0],[36.282532,50.1860613,0],[36.3011586,50.1838128,0],[36.3832615,50.1503353,0],[36.4179368,50.143664,0],[36.4924575,50.1496698,0],[36.5487061,50.1420692,0],[36.5548755,50.148349,0],[36.6063219,50.1604745,0],[36.648519,50.1756785,0],[36.6787126,50.1795928,0],[36.7038189,50.1783521,0],[36.7511061,50.1542719,0],[36.7861681,50.1752453,0],[36.8424043,50.1782266,0],[36.8359548,50.2336462,0],[36.8026412,50.2324883,0],[36.6936089,50.2690885,0],[36.6886755,50.2666486,0],[36.6810432,50.2388939,0],[36.6638095,50.2216773,0],[36.6484169,50.2179886,0],[36.641264,50.222207,0],[36.6152823,50.227564,0],[36.6141327,50.2233415,0],[36.5953484,50.2307066,0],[36.5600279,50.2505013,0],[36.5686607,50.2577129,0],[36.5742656,50.2552273,0],[36.5780981,50.2585664,0],[36.5750792,50.2606201,0],[36.5806436,50.2628383,0],[36.57761,50.268268,0],[36.5755199,50.2744108,0],[36.5735197,50.2753467,0],[36.5937197,50.2758146,0],[36.5934351,50.2780517,0],[36.5911895,50.278567,0],[36.5895945,50.2792907,0],[36.5882389,50.2811334,0],[36.58799,50.2817804,0],[36.5886808,50.2839138,0],[36.5867085,50.2851999,0],[36.5837051,50.2862541,0],[36.5699292,50.2857503,0],[36.5623335,50.2848067,0],[36.5597593,50.2842356,0],[36.5563857,50.2816126,0],[36.5256983,50.2864243,0],[36.5272974,50.292686,0],[36.5241483,50.2936236,0],[36.5210803,50.2931423,0],[36.5186881,50.2938886,0],[36.5165532,50.293922,0],[36.5164254,50.2947138,0],[36.5165987,50.2953104,0],[36.5157436,50.296065,0],[36.5133469,50.2959291,0],[36.511729,50.2957669,0],[36.500616,50.2997418,0],[36.4974514,50.3027089,0],[36.491682,50.306137,0],[36.4900322,50.3082491,0],[36.4898224,50.3101711,0],[36.4876103,50.3125969,0],[36.4402316,50.3121584,0],[36.4343951,50.3294759,0],[36.4335368,50.3309005,0],[36.4282153,50.3296951,0],[36.4250713,50.3281882,0],[36.424674,50.3273388,0],[36.423161,50.3266264,0],[36.4216482,50.3241056,0],[36.4188585,50.3216942,0],[36.4158977,50.3185706,0],[36.4133875,50.316351,0],[36.4086555,50.3122541,0],[36.3998051,50.3071702,0],[36.3756865,50.3007561,0],[36.3742275,50.3005367,0],[36.3788623,50.2939025,0],[36.3665449,50.2882545,0],[36.3614385,50.2874317,0],[36.354402,50.289054,0],[36.328567,50.2898094,0]]]},{"type":"Polygon","coordinates":[[[37.4167813,48.9956061,0],[37.4250971,49.0028195,0],[37.4396827,49.0040061,0],[37.4649966,49.0068026,0],[37.496763,49.0243445,0],[37.5354882,49.0220194,0],[37.5556596,49.0258999,0],[37.5723164,49.0320782,0],[37.5743902,49.0349791,0],[37.5817178,49.0382048,0],[37.5852543,49.0398002,0],[37.602697,49.0454457,0],[37.6077137,49.0455963,0],[37.6111345,49.0449029,0],[37.6143835,49.044997,0],[37.6195084,49.0456352,0],[37.6228916,49.0447735,0],[37.6252441,49.0429457,0],[37.6258797,49.0400778,0],[37.6277167,49.0378288,0],[37.6374787,49.0371015,0],[37.6483676,49.0352181,0],[37.658054,49.0331087,0],[37.6627643,49.0309838,0],[37.662574,49.0282116,0],[37.6595606,49.0260376,0],[37.6555176,49.0243138,0],[37.6548433,49.0235045,0],[37.654684,49.0224701,0],[37.6558246,49.0214708,0],[37.6580379,49.0205561,0],[37.6615478,49.0211119,0],[37.6647143,49.0205418,0],[37.666584,49.0191766,0],[37.6667371,49.0173611,0],[37.6491158,49.0107602,0],[37.6459168,49.0041584,0],[37.6396303,49.0063392,0],[37.6230463,48.9950054,0],[37.6255962,48.9922851,0],[37.6315916,48.9930087,0],[37.6332955,48.9918174,0],[37.6312656,48.989021,0],[37.626146,48.9869004,0],[37.6267216,48.9855881,0],[37.6317692,48.9829295,0],[37.6282818,48.9695441,0],[37.6271894,48.9673376,0],[37.623694,48.9667652,0],[37.6202221,48.9672542,0],[37.6166259,48.9669362,0],[37.6146394,48.9635612,0],[37.6151849,48.9620177,0],[37.6276633,48.9551692,0],[37.6325276,48.9545625,0],[37.6341012,48.9520044,0],[37.6381493,48.9489217,0],[37.6480332,48.9469658,0],[37.6597956,48.9447131,0],[37.6636169,48.9450518,0],[37.6661284,48.9438118,0],[37.6736498,48.9435299,0],[37.6832316,48.9478704,0],[37.6896748,48.9492219,0],[37.6925731,48.9527443,0],[37.6953,48.9542376,0],[37.6946798,48.9575906,0],[37.6994338,48.9592671,0],[37.7099384,48.9562094,0],[37.717717,48.9575284,0],[37.7258972,48.952044,0],[37.7262953,48.949189,0],[37.7242626,48.9474234,0],[37.724362,48.9462026,0],[37.7261418,48.9436226,0],[37.731183,48.9447632,0],[37.7337488,48.9441596,0],[37.7402527,48.9374272,0],[37.7660937,48.9205692,0],[37.7697062,48.9096578,0],[37.767911,48.9034846,0],[37.7640159,48.8911491,0],[37.7588775,48.8895917,0],[37.7623308,48.8870705,0],[37.7665033,48.8820707,0],[37.769903,48.8819247,0],[37.776464,48.8843197,0],[37.7787769,48.8871095,0],[37.7888119,48.8926885,0],[37.8061284,48.893973,0],[37.8232738,48.8945778,0],[37.8403771,48.8915586,0],[37.8431615,48.8889129,0],[37.8513527,48.886154,0],[37.8569199,48.8858281,0],[37.8593642,48.886839,0],[37.8618205,48.8872816,0],[37.8645342,48.8860593,0],[37.8649403,48.883671,0],[37.8617617,48.8824502,0],[37.8612408,48.8819277,0],[37.8620443,48.8811367,0],[37.8660856,48.8803034,0],[37.8684959,48.8786797,0],[37.8710848,48.8777466,0],[37.8750609,48.8772349,0],[37.8762754,48.878554,0],[37.8785197,48.87849,0],[37.8804637,48.8781155,0],[37.8837393,48.8791118,0],[37.88444,48.8811806,0],[37.8827514,48.8823266,0],[37.882035,48.8854089,0],[37.8837155,48.8864845,0],[37.890074,48.8872496,0],[37.8930422,48.888579,0],[37.8954097,48.8890053,0],[37.8983457,48.8885529,0],[37.9008953,48.8875079,0],[37.9032087,48.885193,0],[37.9042775,48.8835271,0],[37.9010292,48.8812394,0],[37.9011417,48.8794086,0],[37.9038718,48.8781635,0],[37.9055587,48.8782676,0],[37.9063227,48.8787845,0],[37.9108204,48.8802892,0],[37.9143226,48.8798268,0],[37.9205551,48.8820345,0],[37.9218229,48.883158,0],[37.9238632,48.8840557,0],[37.9259252,48.8855742,0],[37.9269134,48.8869543,0],[37.9307772,48.8918617,0],[37.9306149,48.8934775,0],[37.9319216,48.8968222,0],[37.9320191,48.8979322,0],[37.9325457,48.8990422,0],[37.9355303,48.9027292,0],[37.9378071,48.9052877,0],[37.9408566,48.9075077,0],[37.9468685,48.9114954,0],[37.9509048,48.9124173,0],[37.9545977,48.912098,0],[37.9568758,48.9088361,0],[37.9561362,48.9075552,0],[37.9548223,48.905589,0],[37.9521352,48.903397,0],[37.9532528,48.9020623,0],[37.9590263,48.9011789,0],[37.9610447,48.9015508,0],[37.9637283,48.9013654,0],[37.9700168,48.9027313,0],[37.9736308,48.9039356,0],[37.9749338,48.9071047,0],[37.9789623,48.910993,0],[37.983424,48.9112319,0],[37.9864703,48.9115204,0],[37.9879615,48.911381,0],[37.9891093,48.9109595,0],[37.9914588,48.9089301,0],[37.9925047,48.9064204,0],[37.9936284,48.9061244,0],[37.9943278,48.9065723,0],[37.9946838,48.9074997,0],[37.9945786,48.9095835,0],[37.995556,48.9105549,0],[37.9970699,48.9113007,0],[37.9999864,48.9112565,0],[38.004277,48.9089497,0],[38.0053492,48.907486,0],[38.0055202,48.905176,0],[38.0061823,48.9049053,0],[38.0072858,48.9056443,0],[38.0078407,48.9079446,0],[38.0084815,48.9088063,0],[38.009423,48.9094002,0],[38.0113958,48.9096689,0],[38.0134552,48.9082237,0],[38.0148069,48.908088,0],[38.0158153,48.9089254,0],[38.0159977,48.9103101,0],[38.0164162,48.9116525,0],[38.0174356,48.9121207,0],[38.0192864,48.9127214,0],[38.0204948,48.9134003,0],[38.020702,48.9146141,0],[38.020008,48.9165613,0],[38.0208055,48.9173309,0],[38.0228903,48.9175082,0],[38.025601,48.9173834,0],[38.0272096,48.9163509,0],[38.0281856,48.9146783,0],[38.0290757,48.9142467,0],[38.0302426,48.9147447,0],[38.0313238,48.9171322,0],[38.0358475,48.9241774,0],[38.0376598,48.9252937,0],[38.0392575,48.9274954,0],[38.0418524,48.9296432,0],[38.0419155,48.9325592,0],[38.0439098,48.9352779,0],[38.0512224,48.939442,0],[38.0541495,48.9400369,0],[38.0574628,48.9400962,0],[38.0643639,48.9373904,0],[38.0787146,48.939758,0],[38.0838519,48.9403916,0],[38.0904913,48.9405456,0],[38.0928774,48.9397638,0],[38.0943622,48.9384887,0],[38.0953145,48.9356143,0],[38.0957284,48.9352294,0],[38.1127501,48.9330678,0],[38.1147737,48.9323952,0],[38.1162824,48.9316802,0],[38.1169757,48.9300489,0],[38.1173685,48.9281921,0],[38.1182184,48.9274389,0],[38.1198837,48.9268548,0],[38.1255316,48.927082,0],[38.1274458,48.9269989,0],[38.1297031,48.9264505,0],[38.1325484,48.9243716,0],[38.1331834,48.9241396,0],[38.1367114,48.9259328,0],[38.1395377,48.9311784,0],[38.1394889,48.9318002,0],[38.1409359,48.9324937,0],[38.1422972,48.9333,0],[38.1438682,48.9332691,0],[38.1472845,48.9328717,0],[38.1527607,48.9314451,0],[38.1572497,48.9312306,0],[38.1622795,48.9311821,0],[38.1673523,48.9318383,0],[38.1814009,48.929756,0],[38.1846345,48.9298441,0],[38.1941053,48.9284968,0],[38.1987131,48.9288467,0],[38.2106638,48.9313209,0],[38.2330256,48.9418302,0],[38.2360201,48.956746,0],[38.2577418,48.9692683,0],[38.2399458,49.005535,0],[38.2615817,49.0244189,0],[38.2675244,49.0401423,0],[38.2280542,49.063784,0],[38.1785853,49.1336855,0],[38.1839778,49.2021756,0],[38.225312,49.2160885,0],[38.2342386,49.3696932,0],[38.1441438,49.3889459,0],[38.1084378,49.4443371,0],[38.1688634,49.5549321,0],[38.1331574,49.5976759,0],[38.1880896,49.7398852,0],[38.1769678,49.8422717,0],[38.2553814,49.9099877,0],[38.2164377,49.9871793,0],[38.2156072,49.9778143,0],[38.1959947,49.9697825,0],[38.1961663,49.966249,0],[38.1980547,49.9626052,0],[38.1628639,49.9518925,0],[38.1716186,49.9423926,0],[38.1345351,49.9284719,0],[38.1269865,49.9225031,0],[38.129047,49.930459,0],[38.1249265,49.9423926,0],[38.0583215,49.9247134,0],[38.0460454,49.9155391,0],[38.0360912,49.9043743,0],[38.0264578,49.9064199,0],[38.0197412,49.9124449,0],[38.0125953,49.9188002,0],[38.0200516,49.9212595,0],[38.0170367,49.9248239,0],[38.0440735,49.9330013,0],[38.0330872,49.9441602,0],[38.0241642,49.9520022,0],[38.0092292,49.9629359,0],[38.0089702,49.964979,0],[38.0052779,49.9676846,0],[37.9992696,49.9642616,0],[37.9790155,49.9772907,0],[37.9649372,49.9794977,0],[37.9554957,49.9948394,0],[37.9251115,50.0353224,0],[37.8921581,50.0512016,0],[37.8616011,50.0557202,0],[37.8502666,50.0593534,0],[37.8186877,50.0722472,0],[37.7973947,50.0842535,0],[37.7548223,50.0783052,0],[37.7467614,50.0921813,0],[37.7359499,50.0985675,0],[37.7108768,50.1236707,0],[37.6898107,50.1430233,0],[37.6768623,50.14962,0],[37.6713932,50.1513791,0],[37.6549341,50.1663355,0],[37.6455021,50.1752416,0],[37.6411284,50.1759566,0],[37.6395009,50.1815087,0],[37.6426041,50.1909652,0],[37.6133725,50.2195455,0],[37.6272713,50.2423769,0],[37.6253801,50.2450055,0],[37.6270945,50.2643172,0],[37.6270978,50.2928447,0],[37.6286436,50.2961382,0],[37.6384305,50.3029405,0],[37.6367187,50.3104045,0],[37.6342303,50.3126525,0],[37.6296818,50.3146811,0],[37.6003263,50.3165433,0],[37.5857338,50.3147897,0],[37.5773235,50.3064577,0],[37.5549393,50.3305717,0],[37.520904,50.3367092,0],[37.5059418,50.3502926,0],[37.5064268,50.3527022,0],[37.4854326,50.3568208,0],[37.4831491,50.3594058,0],[37.4827014,50.3621663,0],[37.4715036,50.370534,0],[37.4711181,50.3755075,0],[37.4678352,50.3788701,0],[37.4652383,50.384422,0],[37.466097,50.3883334,0],[37.4664384,50.39791,0],[37.4666058,50.4073776,0],[37.4652279,50.4133435,0],[37.466043,50.4181555,0],[37.46497,50.4212178,0],[37.4637256,50.4248274,0],[37.4662578,50.4301868,0],[37.469562,50.4312533,0],[37.4814492,50.4316633,0],[37.4858274,50.4357634,0],[37.4849254,50.4452731,0],[37.4907203,50.4579543,0],[37.4775876,50.4599212,0],[37.473548,50.455825,0],[37.4677925,50.4532587,0],[37.4430689,50.4476858,0],[37.4325977,50.4439138,0],[37.4210994,50.4353306,0],[37.3963913,50.4312803,0],[37.3758226,50.4329954,0],[37.3524044,50.4376761,0],[37.3325907,50.4371074,0],[37.3202874,50.4330814,0],[37.3159392,50.4302759,0],[37.3089638,50.4257559,0],[37.3101217,50.4230588,0],[37.3048922,50.4152569,0],[37.3028341,50.4118936,0],[37.3000451,50.4065468,0],[37.2978783,50.4052956,0],[37.2927072,50.401692,0],[37.2573282,50.3914822,0],[37.2562849,50.3928697,0],[37.2218539,50.3793899,0],[37.2233578,50.3781199,0],[37.1826393,50.363709,0],[37.1598405,50.3588355,0],[37.1488546,50.3557691,0],[37.1423308,50.3616829,0],[37.1033635,50.3577404,0],[37.1038786,50.3529213,0],[37.0710026,50.3472837,0],[37.0587289,50.3468997,0],[37.0455133,50.3450344,0],[37.0369335,50.3486626,0],[36.9380527,50.3507306,0],[36.9174396,50.3475604,0],[36.8879067,50.337812,0],[36.8733999,50.3368543,0],[36.8547755,50.3306348,0],[36.8511742,50.3269614,0],[36.8329952,50.3139125,0],[36.8061267,50.3107914,0],[36.7991738,50.3063524,0],[36.7674203,50.3027299,0],[36.7642017,50.2908592,0],[36.7579131,50.2896258,0],[36.7536846,50.2896261,0],[36.7479318,50.287515,0],[36.7505889,50.2859527,0],[36.7508888,50.2833032,0],[36.7487855,50.2806537,0],[36.7389914,50.2829073,0],[36.7289478,50.2774529,0],[36.7198066,50.2775807,0],[36.6936089,50.2690885,0],[36.8026412,50.2324883,0],[36.8359548,50.2336462,0],[36.8424041,50.1782546,0],[36.8144841,50.0981749,0],[36.8299257,50.072338,0],[36.8110363,50.0588401,0],[36.8270285,50.0277251,0],[36.914364,49.995705,0],[36.897308,49.9782533,0],[36.9077209,49.9519698,0],[36.9414461,49.9490913,0],[36.9586807,49.9311836,0],[37.0096013,49.9147951,0],[36.9988234,49.8958001,0],[36.9770702,49.8821106,0],[37.0028923,49.8424104,0],[37.0060102,49.8300984,0],[36.9239556,49.7899968,0],[36.9261191,49.7668411,0],[36.8640666,49.7351359,0],[36.8196367,49.7278843,0],[36.800829,49.7302398,0],[36.8016932,49.7084238,0],[36.8115574,49.6154882,0],[36.7727243,49.6072751,0],[36.7802413,49.597747,0],[36.8221036,49.5985448,0],[36.873913,49.5979903,0],[36.9151866,49.6079714,0],[36.9461569,49.5974725,0],[36.9653118,49.5776824,0],[36.8842749,49.4910726,0],[36.8128929,49.5067679,0],[36.7800533,49.4873179,0],[36.7792776,49.4724285,0],[36.7912001,49.4463834,0],[36.8344108,49.4207434,0],[36.8286604,49.4120047,0],[36.8273515,49.4091567,0],[36.8376755,49.4051672,0],[36.8727088,49.3873213,0],[36.8887866,49.3809177,0],[36.8947716,49.3830019,0],[36.896147,49.3967764,0],[36.922416,49.4039147,0],[36.9293721,49.4044382,0],[36.9363281,49.4036767,0],[36.9374454,49.4030477,0],[36.9404073,49.4003873,0],[36.9434759,49.3999508,0],[36.9475745,49.4000726,0],[36.9558153,49.3958533,0],[36.9547871,49.3938945,0],[36.9552196,49.3928258,0],[36.9565132,49.391638,0],[36.9584996,49.3916646,0],[36.9598111,49.3909356,0],[36.9622616,49.3884719,0],[36.9691354,49.3875105,0],[36.9733542,49.3856431,0],[36.9747032,49.3832455,0],[36.9815452,49.3821047,0],[36.9893925,49.3810517,0],[36.9914397,49.3806777,0],[36.992187,49.3812148,0],[36.9938532,49.3813947,0],[36.995898,49.3808604,0],[36.9973266,49.380518,0],[36.9988965,49.3805035,0],[37.0011776,49.3801948,0],[37.0035941,49.3801918,0],[37.0046933,49.3797665,0],[37.005046,49.3786636,0],[37.0070297,49.3775605,0],[37.0115118,49.3778133,0],[37.0150687,49.3772013,0],[37.0196935,49.3781008,0],[37.022334,49.3790614,0],[37.0246109,49.3790825,0],[37.0263325,49.3797394,0],[37.029089,49.3797678,0],[37.0303963,49.3801039,0],[37.0395344,49.3808312,0],[37.0415027,49.3802739,0],[37.0436368,49.3801649,0],[37.0442143,49.3805616,0],[37.0455411,49.38074,0],[37.0495853,49.3811605,0],[37.0501104,49.3814133,0],[37.0504741,49.3825335,0],[37.0512873,49.3831535,0],[37.0530305,49.3835017,0],[37.0548595,49.383319,0],[37.0585176,49.3839874,0],[37.0611131,49.3835359,0],[37.0646731,49.3819065,0],[37.0670686,49.3810633,0],[37.0693779,49.3795217,0],[37.0705217,49.3780105,0],[37.074884,49.3743756,0],[37.0757121,49.373309,0],[37.0790241,49.3709982,0],[37.0814416,49.3680534,0],[37.081813,49.3665235,0],[37.0824696,49.3655878,0],[37.0838556,49.3651906,0],[37.0891835,49.3628958,0],[37.0910779,49.3624456,0],[37.0923903,49.3624893,0],[37.0943282,49.3617382,0],[37.0971737,49.3597328,0],[37.0998603,49.3582934,0],[37.102229,49.3577064,0],[37.1034505,49.3568346,0],[37.1039853,49.3553758,0],[37.1035958,49.3539118,0],[37.1025594,49.3534996,0],[37.1026322,49.3531784,0],[37.104666,49.3521446,0],[37.1065876,49.3497417,0],[37.1061393,49.3479552,0],[37.1052428,49.3475133,0],[37.1040507,49.3476921,0],[37.1024392,49.3486645,0],[37.1016194,49.3489879,0],[37.1009241,49.348796,0],[37.100735,49.3481884,0],[37.1015585,49.3469734,0],[37.10239,49.3465284,0],[37.1054042,49.3458302,0],[37.1062031,49.3447401,0],[37.1070021,49.3433145,0],[37.108481,49.3407436,0],[37.1105803,49.3394045,0],[37.1181291,49.3357444,0],[37.122759,49.3346566,0],[37.1263146,49.3361135,0],[37.1351736,49.3361986,0],[37.1363078,49.3355006,0],[37.1382028,49.3327836,0],[37.1427371,49.3332312,0],[37.1534767,49.3316019,0],[37.1569011,49.3297908,0],[37.1567678,49.3264519,0],[37.1586728,49.3244974,0],[37.1578701,49.3217004,0],[37.1591273,49.320358,0],[37.1624997,49.3174493,0],[37.162893,49.3164996,0],[37.162597,49.3154634,0],[37.1583531,49.3105662,0],[37.1550155,49.307934,0],[37.1537478,49.3050759,0],[37.1510412,49.303501,0],[37.1478603,49.3011348,0],[37.1473354,49.2998724,0],[37.1428533,49.2982429,0],[37.1423009,49.2965514,0],[37.1377645,49.2939521,0],[37.1322235,49.292688,0],[37.1283999,49.29064,0],[37.1262461,49.2885592,0],[37.1222825,49.2871966,0],[37.1217369,49.2862628,0],[37.1187579,49.285179,0],[37.1176069,49.2840189,0],[37.110328,49.2825941,0],[37.1050319,49.2811112,0],[37.1026547,49.2796281,0],[37.0922098,49.2779207,0],[37.0881166,49.2776687,0],[37.0856484,49.2771092,0],[37.082924,49.277309,0],[37.0815728,49.2785727,0],[37.0814452,49.2802042,0],[37.0825633,49.2812274,0],[37.0829111,49.2821541,0],[37.0820618,49.2832236,0],[37.0801913,49.2824511,0],[37.0783388,49.2803458,0],[37.0770371,49.2796068,0],[37.0746053,49.2800323,0],[37.0742045,49.2816672,0],[37.0761495,49.2830334,0],[37.0772182,49.285902,0],[37.0733946,49.2850194,0],[37.0707255,49.2854935,0],[37.064701,49.2843139,0],[37.0624367,49.2835221,0],[37.0601399,49.283394,0],[37.0582927,49.2841454,0],[37.0564858,49.2872156,0],[37.0554467,49.2879812,0],[37.05148,49.2887283,0],[37.0485241,49.2905579,0],[37.0470751,49.2910819,0],[37.0403218,49.2899839,0],[37.0370019,49.2902852,0],[37.0349969,49.2898799,0],[37.0332189,49.2882856,0],[37.0310364,49.287896,0],[37.0299327,49.2885723,0],[37.0296134,49.2904846,0],[37.0286313,49.29151,0],[37.0276969,49.292217,0],[37.0259997,49.2927354,0],[37.0252049,49.2923032,0],[37.0250969,49.2897999,0],[37.0241943,49.2881519,0],[37.0211876,49.2878789,0],[37.0179207,49.2902439,0],[37.0122452,49.2917264,0],[36.9945975,49.2924447,0],[36.9807527,49.2931458,0],[36.9662883,49.2909005,0],[36.9510551,49.2891019,0],[36.9489541,49.288591,0],[36.9477008,49.2873,0],[36.9455035,49.2862329,0],[36.9484902,49.2866741,0],[36.9505154,49.2862128,0],[36.9511325,49.2847304,0],[36.9501351,49.2835571,0],[36.9452224,49.283562,0],[36.9444951,49.283012,0],[36.9449287,49.2821359,0],[36.9435645,49.2800479,0],[36.9403695,49.2784149,0],[36.9356296,49.2781256,0],[36.9340463,49.2784428,0],[36.9344847,49.2773976,0],[36.9338166,49.2760909,0],[36.9311073,49.2752694,0],[36.9256889,49.2762019,0],[36.923092,49.2761629,0],[36.9218803,49.273192,0],[36.9219562,49.271901,0],[36.9246828,49.2694311,0],[36.9246427,49.2640434,0],[36.9240478,49.2617812,0],[36.924469,49.2608098,0],[36.9270358,49.2602866,0],[36.9302807,49.2563275,0],[36.9324787,49.2553553,0],[36.9353293,49.2545312,0],[36.9353529,49.2519008,0],[36.9381229,49.2479258,0],[36.9391996,49.2442339,0],[36.9379883,49.239195,0],[36.94021,49.2316339,0],[36.9415631,49.2301864,0],[36.9449555,49.229197,0],[36.9453887,49.2278909,0],[36.9441952,49.2262879,0],[36.9438681,49.2254363,0],[36.9445092,49.2237145,0],[36.9460085,49.2196943,0],[36.9429993,49.2168116,0],[36.9391463,49.2151103,0],[36.933148,49.2143063,0],[36.9316403,49.2130793,0],[36.9318752,49.2113499,0],[36.9302331,49.2099245,0],[36.9304793,49.2093963,0],[36.9311435,49.2090127,0],[36.9304358,49.2066104,0],[36.9306722,49.2047688,0],[36.9294285,49.2032165,0],[36.9259115,49.2023552,0],[36.9250229,49.2013499,0],[36.9255077,49.1993351,0],[36.9261338,49.1977731,0],[36.9260128,49.1961074,0],[36.9232785,49.1946283,0],[36.9228617,49.1913543,0],[36.9206932,49.1894851,0],[36.9198124,49.1874478,0],[36.9211405,49.1835978,0],[36.9252888,49.179508,0],[36.9277057,49.1771262,0],[36.9323472,49.1761596,0],[36.936812,49.1773769,0],[36.944366,49.1754605,0],[36.9477999,49.1754515,0],[36.9484455,49.1791371,0],[36.9492628,49.1800173,0],[36.9544369,49.1795893,0],[36.9565204,49.1810126,0],[36.958604,49.1817626,0],[36.9641906,49.1796018,0],[36.9651426,49.1759265,0],[36.9674318,49.174131,0],[36.968597,49.1714095,0],[36.9758131,49.172279,0],[36.9801974,49.1747196,0],[36.9825674,49.1760087,0],[36.9898146,49.1777861,0],[36.9942611,49.1795697,0],[37.0006821,49.1802871,0],[37.0059692,49.1786363,0],[37.0076511,49.1758632,0],[37.0157321,49.1725606,0],[37.0258718,49.1693695,0],[37.0374026,49.1553689,0],[37.0303924,49.1335092,0],[37.0104416,49.1402943,0],[36.9845681,49.1228908,0],[36.9713934,49.113693,0],[36.9819059,49.1012893,0],[37.0027653,49.106964,0],[37.0516101,49.1128026,0],[37.0792548,49.1091932,0],[37.0933861,49.0920208,0],[37.0934357,49.0714756,0],[37.119916,49.0703013,0],[37.1457097,49.0715953,0],[37.1735402,49.0630025,0],[37.1780154,49.0375338,0],[37.1687823,49.0274808,0],[37.1705385,49.0165274,0],[37.1902082,49.0082718,0],[37.2071267,48.9973069,0],[37.2507537,48.9813982,0],[37.3024868,48.9893414,0],[37.3537227,48.9806404,0],[37.3959074,48.9867306,0],[37.397151,48.9936067,0],[37.4167813,48.9956061,0]]]}]},"properties":{"name":"Окуповано /// Occupied","styleUrl":"#poly-A52714-1200-77-nodesc","styleHash":"5f0393c8","styleMapHash":{"normal":"#poly-A52714-1200-77-nodesc-normal","highlight":"#poly-A52714-1200-77-nodesc-highlight"},"stroke-opacity":1,"stroke":"#a52714","stroke-width":1.2,"fill-opacity":0.30196078431372547,"fill":"#a52714"}},{"type":"Feature","geometry":{"type":"Polygon","coordinates":[[[38.5596882,48.8300656,0],[38.7055541,48.7754591,0],[38.6917155,48.7293629,0],[38.7535137,48.7184915,0],[38.7670674,48.71432,0],[38.8084379,48.7134138,0],[38.8300673,48.7170382,0],[38.8360755,48.7232671,0],[38.8471476,48.7429112,0],[38.8553874,48.7496462,0],[38.8593783,48.7495899,0],[38.8606013,48.749788,0],[38.8609553,48.7507359,0],[38.863879,48.7513796,0],[38.8716924,48.7513053,0],[38.8776176,48.7525889,0],[38.8790769,48.752476,0],[38.8802356,48.7506085,0],[38.8813299,48.7501841,0],[38.8920372,48.7504385,0],[38.8988178,48.750184,0],[38.9010923,48.7509054,0],[38.9047401,48.7506082,0],[38.9087746,48.7492502,0],[38.9111349,48.7480051,0],[38.9125725,48.7468732,0],[38.9143212,48.7443829,0],[38.9180279,48.7429113,0],[38.9199671,48.7434206,0],[38.9213055,48.7446091,0],[38.9227216,48.7450054,0],[38.9246312,48.7450338,0],[38.9306501,48.7452743,0],[38.9336652,48.7460241,0],[38.9350546,48.7468536,0],[38.9369591,48.7471171,0],[38.9382788,48.746682,0],[38.9388581,48.7458118,0],[38.9379568,48.7440714,0],[38.9343519,48.7429112,0],[38.9324635,48.736798,0],[38.9340086,48.7357792,0],[38.9437074,48.7338543,0],[38.9460674,48.7344489,0],[38.9569464,48.7340668,0],[38.9610453,48.736515,0],[38.961217,48.739911,0],[38.9599296,48.7429109,0],[38.9611311,48.7461373,0],[38.9640925,48.7461943,0],[38.9669464,48.7452039,0],[38.9698324,48.7437464,0],[38.9725628,48.7435836,0],[38.9749968,48.7447632,0],[38.9788122,48.7448922,0],[38.981216,48.7438449,0],[38.9823319,48.7421893,0],[38.9822031,48.7402861,0],[38.9844561,48.7375798,0],[38.9895411,48.7349866,0],[38.9914368,48.7306084,0],[38.9983893,48.7242672,0],[38.9993333,48.7196241,0],[38.9980459,48.7174722,0],[38.9939184,48.7161888,0],[38.9888619,48.715207,0],[38.9847421,48.7136213,0],[38.9843054,48.7118281,0],[38.9869231,48.7101575,0],[38.9919227,48.7100017,0],[38.9969225,48.7116016,0],[38.9989862,48.7111956,0],[38.9982176,48.7076745,0],[38.999505,48.7039927,0],[38.9998483,48.7001975,0],[39.0018149,48.6980072,0],[39.0048265,48.6963452,0],[39.0155478,48.6948913,0],[39.015727,48.6886399,0],[39.0143537,48.6834267,0],[39.0163671,48.6809428,0],[39.0195819,48.6791389,0],[39.0202761,48.6756061,0],[39.0205336,48.6722621,0],[39.0238809,48.6698815,0],[39.0262842,48.667274,0],[39.0274858,48.6632492,0],[39.0254258,48.6619737,0],[39.0216493,48.6623989,0],[39.0185594,48.6640995,0],[39.0129804,48.6640429,0],[39.009633,48.6626256,0],[39.010316,48.660084,0],[39.0123721,48.658336,0],[39.0191528,48.6569753,0],[39.0285083,48.6530064,0],[39.0322065,48.6528738,0],[39.0334474,48.6519761,0],[39.0355464,48.6482432,0],[39.0380823,48.6471847,0],[39.042678,48.6464662,0],[39.0548659,48.6470333,0],[39.0743495,48.6504357,0],[39.0758944,48.6516264,0],[39.0849068,48.6506625,0],[39.0985539,48.6508893,0],[39.1036178,48.6498687,0],[39.1119359,48.6533466,0],[39.1168282,48.6567485,0],[39.1231872,48.6600178,0],[39.1273071,48.6604713,0],[39.1394876,48.65964,0],[39.1419842,48.6608682,0],[39.1426709,48.6635326,0],[39.141641,48.6650633,0],[39.1418984,48.6666505,0],[39.1445122,48.6709112,0],[39.1486715,48.6752851,0],[39.1519406,48.6762862,0],[39.1574337,48.6753794,0],[39.1633486,48.6757386,0],[39.1742491,48.680329,0],[39.1816381,48.6857501,0],[39.1854146,48.6933991,0],[39.1909003,48.6998199,0],[39.1951061,48.7038985,0],[39.1965081,48.7065134,0],[39.1975167,48.706485,0],[39.1983536,48.705777,0],[39.1991476,48.702265,0],[39.2003706,48.6999993,0],[39.2031818,48.6986114,0],[39.2071728,48.6982998,0],[39.2125372,48.7012172,0],[39.2194036,48.7051822,0],[39.2248968,48.7067682,0],[39.2267852,48.7089771,0],[39.2323641,48.7114125,0],[39.2359905,48.711088,0],[39.2395879,48.7091247,0],[39.2435147,48.7096192,0],[39.2497802,48.7125643,0],[39.2539001,48.7201527,0],[39.2533069,48.7220589,0],[39.2539624,48.7244016,0],[39.2561392,48.7268717,0],[39.2592291,48.7338353,0],[39.255282,48.7387742,0],[39.2550234,48.7406847,0],[39.256311,48.7422696,0],[39.258535,48.7427414,0],[39.264468,48.7412523,0],[39.2686631,48.741949,0],[39.270809,48.7439866,0],[39.2716747,48.7477596,0],[39.2703015,48.7512117,0],[39.2708089,48.7527587,0],[39.2723828,48.7538866,0],[39.2747755,48.753681,0],[39.2766585,48.7523332,0],[39.2788874,48.749339,0],[39.2820603,48.7486084,0],[39.2864338,48.7489009,0],[39.28952,48.7515136,0],[39.2892807,48.7536832,0],[39.2906433,48.756248,0],[39.2914941,48.7594358,0],[39.2926174,48.760605,0],[39.2999129,48.7630378,0],[39.3030887,48.765414,0],[39.3088319,48.7719953,0],[39.3118435,48.7740692,0],[39.3145901,48.7748045,0],[39.3228224,48.7758983,0],[39.3245465,48.776049,0],[39.3262557,48.7755589,0],[39.3279722,48.7736923,0],[39.3274828,48.7721084,0],[39.326084,48.7700153,0],[39.3266028,48.7683087,0],[39.3316705,48.766602,0],[39.3361337,48.7659798,0],[39.3403355,48.7663007,0],[39.3472429,48.7683845,0],[39.3510607,48.7685446,0],[39.3527812,48.7679412,0],[39.3545015,48.7668284,0],[39.3538932,48.7654897,0],[39.3513257,48.7630943,0],[39.3491724,48.7621516,0],[39.3455281,48.7616611,0],[39.3433628,48.7592092,0],[39.3431385,48.7573608,0],[39.3461759,48.751042,0],[39.3470266,48.7502121,0],[39.3472058,48.7457787,0],[39.3492658,48.742496,0],[39.3581923,48.7370054,0],[39.3588714,48.7361753,0],[39.3588751,48.7339014,0],[39.3570764,48.7323068,0],[39.3540724,48.729646,0],[39.3537216,48.7268908,0],[39.3552238,48.7252488,0],[39.3615322,48.7223045,0],[39.3691283,48.7200679,0],[39.3726043,48.7198696,0],[39.3741826,48.7186523,0],[39.3737867,48.7174915,0],[39.3720796,48.7159341,0],[39.3704585,48.7159622,0],[39.3652658,48.7168401,0],[39.3601589,48.7156791,0],[39.3541314,48.7132442,0],[39.3486382,48.7134707,0],[39.346855,48.7122245,0],[39.3486574,48.708713,0],[39.3505029,48.7076367,0],[39.3559531,48.697214,0],[39.3603112,48.695798,0],[39.3658902,48.6922287,0],[39.3673165,48.6919737,0],[39.3779859,48.6862368,0],[39.3795566,48.6862791,0],[39.3817025,48.6855142,0],[39.3895988,48.6847492,0],[39.3909291,48.6837575,0],[39.3891696,48.6803857,0],[39.3905237,48.6787991,0],[39.3979909,48.6746052,0],[39.4026452,48.6744349,0],[39.4058209,48.6738115,0],[39.4117239,48.6705243,0],[39.4138697,48.6684271,0],[39.4135262,48.6668399,0],[39.4082049,48.6614545,0],[39.4080332,48.6598104,0],[39.4106939,48.6576559,0],[39.4142323,48.6566918,0],[39.4207457,48.6582229,0],[39.4323232,48.6567488,0],[39.4389481,48.6549401,0],[39.4465013,48.6563009,0],[39.4501761,48.6556715,0],[39.4523728,48.6547104,0],[39.4533852,48.6528124,0],[39.4513078,48.6517082,0],[39.4497978,48.6504011,0],[39.4495753,48.6445574,0],[39.45164,48.6410333,0],[39.4542149,48.6397855,0],[39.4575623,48.6386512,0],[39.4658132,48.6386649,0],[39.4673899,48.6372332,0],[39.4642683,48.6340137,0],[39.4640108,48.6310641,0],[39.4656304,48.6281857,0],[39.4685916,48.6274483,0],[39.4761018,48.628753,0],[39.4841484,48.6282,0],[39.4862727,48.6288949,0],[39.4930106,48.6304265,0],[39.4955426,48.6321283,0],[39.5004348,48.6325537,0],[39.5104342,48.6344539,0],[39.5140876,48.6338368,0],[39.5160243,48.6321987,0],[39.5167109,48.6299864,0],[39.5162691,48.6279705,0],[39.5154235,48.6261855,0],[39.5119776,48.6235455,0],[39.5116469,48.6218737,0],[39.5167841,48.6180986,0],[39.5257232,48.613022,0],[39.5271823,48.6112629,0],[39.5278196,48.6094601,0],[39.5272799,48.6082749,0],[39.5234788,48.6051034,0],[39.5226333,48.6029769,0],[39.5253848,48.5981984,0],[39.5280455,48.5971767,0],[39.5324228,48.5964387,0],[39.5335878,48.5954605,0],[39.5332079,48.5936307,0],[39.5281312,48.5918406,0],[39.5269121,48.58955,0],[39.5287147,48.5859448,0],[39.5312037,48.5842699,0],[39.5373836,48.58339,0],[39.5450225,48.5839292,0],[39.549314,48.5859732,0],[39.5505587,48.5885848,0],[39.5494857,48.5932401,0],[39.5512023,48.5955676,0],[39.5586696,48.5980085,0],[39.5617595,48.5980085,0],[39.5633045,48.5974408,0],[39.5656345,48.5939516,0],[39.5673018,48.5921198,0],[39.5672772,48.5902388,0],[39.5660509,48.588301,0],[39.5631454,48.5862306,0],[39.5629675,48.5836321,0],[39.5680714,48.5818502,0],[39.5733466,48.5805224,0],[39.576535,48.581234,0],[39.5777793,48.5828806,0],[39.5817707,48.5850383,0],[39.5925357,48.5912967,0],[39.5963493,48.5923886,0],[39.6017566,48.591537,0],[39.6045891,48.5888119,0],[39.6050182,48.5867681,0],[39.604074,48.5862571,0],[39.6006408,48.5857461,0],[39.5948044,48.5793299,0],[39.5949886,48.5766912,0],[39.5963128,48.5750293,0],[39.6036449,48.5741055,0],[39.6080223,48.5727141,0],[39.6124855,48.5729129,0],[39.6137299,48.5749004,0],[39.6175495,48.5771153,0],[39.6212402,48.5819417,0],[39.6219268,48.5858029,0],[39.6228281,48.5863707,0],[39.6236436,48.5860867,0],[39.6319692,48.5806927,0],[39.6353165,48.5800397,0],[39.6575468,48.5846673,0],[39.6587483,48.5856325,0],[39.6675887,48.5867682,0],[39.6722238,48.5884145,0],[39.6765155,48.5881875,0],[39.6772879,48.5875629,0],[39.6872709,48.5870843,0],[39.6867984,48.5877484,0],[39.6866907,48.5895424,0],[39.6861432,48.5898291,0],[39.6854832,48.5899583,0],[39.6839086,48.5907325,0],[39.6833787,48.5914318,0],[39.683221,48.5921079,0],[39.6830348,48.5924033,0],[39.680002,48.5923098,0],[39.6794939,48.5919507,0],[39.6795833,48.5906215,0],[39.6790701,48.5901982,0],[39.6786419,48.5901143,0],[39.6777198,48.5902284,0],[39.6767651,48.5907822,0],[39.6763736,48.5913004,0],[39.6757272,48.5930922,0],[39.6757257,48.5937894,0],[39.6762185,48.5944077,0],[39.6768298,48.5949987,0],[39.6776343,48.5954477,0],[39.6779105,48.595784,0],[39.6781759,48.5958578,0],[39.6785928,48.5957776,0],[39.6788764,48.5955955,0],[39.6792435,48.5955045,0],[39.6795451,48.5955158,0],[39.6799642,48.5957272,0],[39.6803132,48.5960245,0],[39.6804663,48.5962937,0],[39.680296,48.5967051,0],[39.6800822,48.5970137,0],[39.6799001,48.5971857,0],[39.6794979,48.5974385,0],[39.6789588,48.597728,0],[39.6785766,48.5978657,0],[39.6781602,48.5978991,0],[39.6778834,48.5979183,0],[39.6767071,48.597799,0],[39.6760225,48.5974414,0],[39.6753905,48.5967162,0],[39.6750423,48.5965239,0],[39.674482,48.5961368,0],[39.6736869,48.5957233,0],[39.6728387,48.5954668,0],[39.6718245,48.5952889,0],[39.6709098,48.5953135,0],[39.6701842,48.5954748,0],[39.6694049,48.5958135,0],[39.6688258,48.5962879,0],[39.6683001,48.5970077,0],[39.6679514,48.5978501,0],[39.6680131,48.5989383,0],[39.6681511,48.5997379,0],[39.66807,48.6007337,0],[39.6679424,48.6008763,0],[39.6680079,48.6011749,0],[39.6684537,48.6016293,0],[39.6688566,48.6021121,0],[39.6698389,48.6025027,0],[39.6707163,48.6030812,0],[39.6710692,48.6035975,0],[39.6708034,48.6039253,0],[39.6704345,48.6043162,0],[39.6696063,48.6046252,0],[39.668527,48.6048222,0],[39.6676762,48.6048852,0],[39.6664246,48.6048742,0],[39.6658445,48.6047906,0],[39.6653313,48.6046517,0],[39.6649442,48.6045945,0],[39.6643429,48.6045849,0],[39.6638865,48.6046215,0],[39.6636073,48.6046642,0],[39.6633067,48.6047707,0],[39.6627593,48.6050722,0],[39.6625285,48.6052088,0],[39.6622441,48.6053171,0],[39.6615273,48.6055384,0],[39.6612543,48.6056849,0],[39.6610564,48.6058846,0],[39.6609189,48.6066732,0],[39.6608619,48.6067878,0],[39.6607404,48.6069096,0],[39.660503,48.6072064,0],[39.6604357,48.6074381,0],[39.6604193,48.6077739,0],[39.6605715,48.6080828,0],[39.6606539,48.6083633,0],[39.6606269,48.6085002,0],[39.6605517,48.6086672,0],[39.660562,48.6089054,0],[39.6605673,48.6090177,0],[39.6606209,48.6090875,0],[39.6607977,48.6093476,0],[39.6609385,48.6095939,0],[39.661106,48.6099358,0],[39.6612092,48.6104889,0],[39.6613911,48.6107243,0],[39.6616696,48.6108816,0],[39.6622157,48.6113808,0],[39.662601,48.6117948,0],[39.6629521,48.6119985,0],[39.663314,48.6123157,0],[39.6635915,48.6126685,0],[39.6637295,48.6129645,0],[39.663991,48.6138174,0],[39.664186,48.6146269,0],[39.6647986,48.6151593,0],[39.6648313,48.615241,0],[39.6648181,48.6154539,0],[39.6648008,48.6156491,0],[39.6648673,48.6158973,0],[39.6650748,48.6161279,0],[39.6651545,48.6163105,0],[39.6653173,48.6165694,0],[39.6656414,48.617145,0],[39.6660621,48.6176532,0],[39.6661432,48.6178158,0],[39.666117,48.6181769,0],[39.6663913,48.6187437,0],[39.6665069,48.6192825,0],[39.6669135,48.6198355,0],[39.6671865,48.6203851,0],[39.6678672,48.6212822,0],[39.6681735,48.6214278,0],[39.6689734,48.6222967,0],[39.6715329,48.6243287,0],[39.6745861,48.6263606,0],[39.6776137,48.6280345,0],[39.6800075,48.6294245,0],[39.6843588,48.6315376,0],[39.6856559,48.6320765,0],[39.686953,48.6324594,0],[39.6876815,48.6327288,0],[39.6884529,48.6331968,0],[39.6901786,48.6350981,0],[39.6905727,48.6353325,0],[39.6910956,48.6354676,0],[39.6928041,48.6359714,0],[39.6934808,48.6364057,0],[39.6939859,48.6368542,0],[39.6941313,48.6372875,0],[39.6943125,48.6376262,0],[39.694365,48.6381068,0],[39.6943531,48.6386866,0],[39.694272,48.6390262,0],[39.6942851,48.6396001,0],[39.6940449,48.6404683,0],[39.6938926,48.6411435,0],[39.69387,48.6417576,0],[39.6937515,48.6427807,0],[39.6935527,48.6431434,0],[39.6930349,48.6434807,0],[39.6927009,48.643621,0],[39.6921369,48.6440597,0],[39.6915974,48.644825,0],[39.6913261,48.6453279,0],[39.6911822,48.6456807,0],[39.6911211,48.646231,0],[39.6913153,48.6464877,0],[39.6915953,48.6466805,0],[39.6918914,48.6468982,0],[39.6920234,48.6471505,0],[39.6920894,48.6473618,0],[39.6920963,48.6476368,0],[39.6922611,48.6477251,0],[39.6924642,48.6478756,0],[39.6927025,48.6481334,0],[39.6929317,48.6483987,0],[39.6932018,48.6487901,0],[39.6934013,48.6489557,0],[39.6935766,48.6492045,0],[39.6938843,48.6493985,0],[39.6942233,48.6494742,0],[39.6944464,48.6495404,0],[39.6946358,48.649655,0],[39.6948485,48.6498558,0],[39.6949843,48.6499155,0],[39.6952803,48.6501261,0],[39.6957769,48.6503501,0],[39.6965295,48.6506286,0],[39.6967552,48.6507204,0],[39.6970131,48.6507874,0],[39.6972714,48.6509001,0],[39.6982514,48.6516017,0],[39.6986292,48.6518515,0],[39.698979,48.6520898,0],[39.6994651,48.6523791,0],[39.7001051,48.6525521,0],[39.7006826,48.6526563,0],[39.7011645,48.652797,0],[39.701679,48.6530126,0],[39.7018612,48.6530965,0],[39.7020917,48.6531553,0],[39.7022197,48.6531967,0],[39.7022995,48.6532433,0],[39.7028981,48.6538559,0],[39.7034609,48.6544378,0],[39.7039514,48.6547359,0],[39.7042382,48.6549631,0],[39.7045811,48.6553608,0],[39.7046372,48.6555738,0],[39.7047323,48.6558079,0],[39.7050696,48.6561659,0],[39.7051577,48.6563059,0],[39.7052662,48.6564574,0],[39.7054707,48.6565545,0],[39.7057444,48.6565604,0],[39.7060155,48.6566237,0],[39.706194,48.6567793,0],[39.7063324,48.6568165,0],[39.7065246,48.6568252,0],[39.7067006,48.6567632,0],[39.7068745,48.6566577,0],[39.7070258,48.6565199,0],[39.7071605,48.6563164,0],[39.70727,48.656161,0],[39.7073606,48.6560479,0],[39.7076504,48.6557544,0],[39.7080521,48.6554428,0],[39.7081901,48.655345,0],[39.7084729,48.6550664,0],[39.7086056,48.6549235,0],[39.7088114,48.6547138,0],[39.7090752,48.6545593,0],[39.7093547,48.6544768,0],[39.7095132,48.6544603,0],[39.7096917,48.6544999,0],[39.7099767,48.6545215,0],[39.7101675,48.6545819,0],[39.7103246,48.6546555,0],[39.7105399,48.6548341,0],[39.7106909,48.6550161,0],[39.7107812,48.6551372,0],[39.7108827,48.6555273,0],[39.7109495,48.6560306,0],[39.7108339,48.6569202,0],[39.7105344,48.6574582,0],[39.7099184,48.6584498,0],[39.7096,48.6592181,0],[39.7095347,48.6599301,0],[39.7095258,48.6606526,0],[39.7096917,48.661929,0],[39.7096205,48.6623544,0],[39.7101286,48.6628507,0],[39.7105939,48.6638926,0],[39.7107193,48.6642648,0],[39.710739,48.6648477,0],[39.7109742,48.6655147,0],[39.7110592,48.6663801,0],[39.7110026,48.6665508,0],[39.71047,48.6670046,0],[39.7103686,48.6671038,0],[39.7101921,48.6671605,0],[39.7097424,48.6673448,0],[39.7091533,48.6673945,0],[39.7084724,48.6674193,0],[39.7075152,48.6672581,0],[39.7071384,48.6670465,0],[39.7066875,48.6668412,0],[39.7062688,48.6667812,0],[39.7058167,48.6667016,0],[39.7054183,48.6666326,0],[39.7049797,48.6666557,0],[39.7044296,48.6666742,0],[39.7040159,48.6667314,0],[39.703581,48.6668044,0],[39.7032911,48.6668348,0],[39.7021215,48.6679811,0],[39.7025396,48.6687306,0],[39.7030004,48.6704068,0],[39.7118101,48.6750602,0],[39.7150311,48.6810023,0],[39.7221581,48.6839973,0],[39.7162393,48.6902791,0],[39.7155113,48.6956862,0],[39.7199333,48.6979207,0],[39.7027732,48.7066325,0],[39.7110139,48.713367,0],[39.7048355,48.7214608,0],[39.7227146,48.7341074,0],[39.7389251,48.7484075,0],[39.7414097,48.7717615,0],[39.7652011,48.765006,0],[39.7843065,48.7973463,0],[39.7971242,48.8405734,0],[39.80467,48.843574,0],[39.8080419,48.8394778,0],[39.807501,48.8385787,0],[39.8278294,48.8314627,0],[39.8304368,48.833552,0],[39.8862528,48.8209434,0],[39.9383224,48.7998877,0],[39.9522719,48.7974751,0],[39.958216,48.797851,0],[39.9761754,48.7937025,0],[40.0788287,48.8698642,0],[40.0712841,48.8769726,0],[40.0554925,48.9100958,0],[40.0484933,48.9101839,0],[40.0311927,48.9157989,0],[40.0180607,48.9077888,0],[40.0039777,48.9007903,0],[39.9919682,48.868735,0],[39.9415085,48.8866888,0],[39.9246772,48.8942476,0],[39.8532661,48.8910875,0],[39.8467438,48.9028239,0],[39.8367868,48.9030496,0],[39.8244272,48.8906359,0],[39.818934,48.9077887,0],[39.7942148,48.9249356,0],[39.7694958,48.9303492,0],[39.7887218,48.9474884,0],[39.7477808,48.9879451,0],[39.7329741,48.9801996,0],[39.7294443,48.9778547,0],[39.7270453,48.9752932,0],[39.724818,48.9765626,0],[39.724476,48.9780659,0],[39.7261598,48.9785086,0],[39.7264797,48.9786763,0],[39.7263788,48.9794586,0],[39.7252246,48.9802334,0],[39.7233621,48.9805175,0],[39.7215189,48.9812862,0],[39.7205544,48.9814663,0],[39.7189743,48.9816269,0],[39.7176204,48.982352,0],[39.7176885,48.9827446,0],[39.7179212,48.9833749,0],[39.7176153,48.9843606,0],[39.7174111,48.9845859,0],[39.7168955,48.9846986,0],[39.7167214,48.98491,0],[39.7164977,48.9856079,0],[39.7169164,48.9862399,0],[39.7169168,48.9865476,0],[39.7167673,48.9870644,0],[39.7157096,48.9879895,0],[39.7155438,48.9882232,0],[39.7154054,48.9885779,0],[39.7154291,48.9894,0],[39.7153475,48.9897066,0],[39.7150558,48.9898974,0],[39.713503,48.9895829,0],[39.712101,48.9899574,0],[39.7118016,48.9901915,0],[39.7107522,48.9915328,0],[39.7097347,48.9919487,0],[39.7076603,48.9924296,0],[39.7074317,48.9933462,0],[39.7074231,48.994063,0],[39.7069211,48.9950622,0],[39.7048355,48.9973999,0],[39.7039514,48.9987228,0],[39.7020651,48.9994149,0],[39.6999944,49.0004556,0],[39.6989215,49.0006583,0],[39.696958,48.9998926,0],[39.6933423,48.9990394,0],[39.6911752,48.9967306,0],[39.6912183,48.9960549,0],[39.6769283,48.9895361,0],[39.6634093,49.0008695,0],[39.6702746,49.0031459,0],[39.6792023,49.0128842,0],[39.6736555,49.0149315,0],[39.6756613,49.0268858,0],[39.6817337,49.0287303,0],[39.6835795,49.0369223,0],[39.6731505,49.0391727,0],[39.6929349,49.0495248,0],[39.729675,49.0430052,0],[39.7681225,49.0402983,0],[39.7887186,49.0499747,0],[39.8031412,49.0591995,0],[39.8203073,49.0582996,0],[39.8752387,49.0654984,0],[39.9088872,49.0574038,0],[39.9377233,49.0560499,0],[39.9425299,49.0713444,0],[39.9387357,49.0832597,0],[39.9727224,49.1252911,0],[39.9974614,49.1473102,0],[40.0315729,49.1802382,0],[40.0761276,49.1868252,0],[40.0927571,49.2031613,0],[40.1082875,49.2108803,0],[40.1217662,49.2307081,0],[40.1365378,49.2391541,0],[40.1768242,49.2368702,0],[40.209671,49.2417753,0],[40.2143684,49.2448843,0],[40.2208041,49.2577711,0],[40.2192618,49.2651691,0],[40.1859361,49.2840058,0],[40.1851963,49.3042066,0],[40.188524,49.3074409,0],[40.1910582,49.3179433,0],[40.1968119,49.3452254,0],[40.1918349,49.3483315,0],[40.1755684,49.3566161,0],[40.1701797,49.3563977,0],[40.1599319,49.3654561,0],[40.1620428,49.3682539,0],[40.1445965,49.3776647,0],[40.1124341,49.3857491,0],[40.0769068,49.4099548,0],[40.0593769,49.434088,0],[40.0480275,49.4443722,0],[40.029445,49.4537775,0],[40.041758,49.4991003,0],[40.037597,49.5198928,0],[40.1684327,49.5689182,0],[40.139523,49.5962718,0],[40.1352564,49.6162513,0],[40.0635357,49.5992308,0],[40.0567267,49.606571,0],[39.9522207,49.5965467,0],[39.9345988,49.5727807,0],[39.8902222,49.5583566,0],[39.8660215,49.5597836,0],[39.8389118,49.5635154,0],[39.8080571,49.5580478,0],[39.7683386,49.5852892,0],[39.7502298,49.5967168,0],[39.7127452,49.6059205,0],[39.6967454,49.6042891,0],[39.6869239,49.6115557,0],[39.6599932,49.6148084,0],[39.6383769,49.6350974,0],[39.6131314,49.6903603,0],[39.591959,49.7196306,0],[39.6083906,49.7339069,0],[39.5338327,49.7408455,0],[39.4787588,49.7564723,0],[39.438199,49.7600039,0],[39.4120602,49.7531086,0],[39.3769608,49.7384218,0],[39.3079217,49.7530412,0],[39.2855581,49.755664,0],[39.2799634,49.7609078,0],[39.2754686,49.7680241,0],[39.2646369,49.7684778,0],[39.2503694,49.7777994,0],[39.2403698,49.7911204,0],[39.2391442,49.7982241,0],[39.2289901,49.8084299,0],[39.2281121,49.8165004,0],[39.2256545,49.8401819,0],[39.1883931,49.8862199,0],[39.1784,49.8879987,0],[39.1285048,49.8597951,0],[39.1111368,49.839044,0],[39.0697611,49.8187284,0],[39.066231,49.8153466,0],[39.0335202,49.82237,0],[39.0216582,49.8209079,0],[38.9849036,49.8077809,0],[38.9711357,49.8072184,0],[38.9648911,49.8038751,0],[38.9488141,49.796072,0],[38.946661,49.7978041,0],[38.9394903,49.8006646,0],[38.9364393,49.8002009,0],[38.9334722,49.7997759,0],[38.9329084,49.7975781,0],[38.9307509,49.7971714,0],[38.9278092,49.7985739,0],[38.9274188,49.8013787,0],[38.9286977,49.8038859,0],[38.9259171,49.8041649,0],[38.9203554,49.804944,0],[38.9191867,49.8089397,0],[38.9161611,49.8127213,0],[38.9190365,49.8138599,0],[38.9182637,49.8148081,0],[38.9122526,49.8180335,0],[38.9098426,49.8182812,0],[38.9087973,49.8227646,0],[38.9073906,49.8284099,0],[38.9135056,49.8286273,0],[38.9150923,49.8310564,0],[38.9113965,49.8345865,0],[38.9143051,49.8369976,0],[38.9125661,49.8435934,0],[38.9065326,49.8446545,0],[38.9042752,49.8488149,0],[38.9096681,49.850847,0],[38.9195172,49.8586388,0],[38.9093357,49.8601006,0],[38.898465,49.8704141,0],[38.8764137,49.8694205,0],[38.8751339,49.8685366,0],[38.87459,49.8678766,0],[38.8745611,49.8666358,0],[38.8693967,49.8644861,0],[38.8668357,49.864889,0],[38.8653186,49.8660268,0],[38.8627136,49.8658678,0],[38.8571602,49.8680113,0],[38.8566102,49.8686469,0],[38.855853,49.8688883,0],[38.854455,49.868193,0],[38.8541729,49.8678573,0],[38.8541605,49.8674272,0],[38.8538353,49.8671201,0],[38.8520263,49.8665061,0],[38.8514124,49.8661631,0],[38.8506137,49.8658643,0],[38.8491023,49.8651008,0],[38.8467233,49.8654823,0],[38.846128,49.8657198,0],[38.845667,49.8658073,0],[38.8439298,49.8651801,0],[38.8432878,49.8651428,0],[38.8393432,49.8657594,0],[38.8389639,49.8660243,0],[38.8360165,49.8671348,0],[38.8363444,49.8673642,0],[38.8348111,49.8690675,0],[38.8346623,49.8709528,0],[38.8366818,49.8721511,0],[38.8356992,49.8738284,0],[38.8349355,49.8743344,0],[38.8344381,49.8745717,0],[38.8329709,49.8747421,0],[38.827761,49.8771566,0],[38.8270396,49.8777541,0],[38.8260257,49.8783681,0],[38.8244268,49.8789324,0],[38.8224303,49.878982,0],[38.7949557,49.8833076,0],[38.7901479,49.8785076,0],[38.7834858,49.8811108,0],[38.777681,49.8853176,0],[38.7682298,49.8960418,0],[38.7438449,49.8973048,0],[38.742281,49.8989189,0],[38.7338438,49.9050226,0],[38.7232453,49.927003,0],[38.6928985,49.9347634,0],[38.685298,49.9603414,0],[38.7153131,49.9823814,0],[38.7151347,49.9877076,0],[38.6874838,50.0058341,0],[38.6842822,50.0074883,0],[38.6797076,50.0025228,0],[38.6760522,49.9928115,0],[38.6797293,49.9744915,0],[38.6669388,49.9721541,0],[38.6461941,49.9559349,0],[38.6160761,49.9743876,0],[38.5815678,49.9774138,0],[38.5267136,49.9582684,0],[38.5078966,49.9640277,0],[38.4877041,49.9635998,0],[38.4832986,49.9765256,0],[38.4775179,49.9832689,0],[38.465912,49.9839589,0],[38.4680378,49.9952445,0],[38.4340933,50.0010164,0],[38.4160059,49.9813358,0],[38.3975608,49.9905828,0],[38.3495729,50.0064418,0],[38.3541621,50.019046,0],[38.3511987,50.0347384,0],[38.333974,50.0590905,0],[38.3290971,50.0852049,0],[38.3126358,50.0885826,0],[38.300294,50.0866717,0],[38.2927791,50.079324,0],[38.2770672,50.0729966,0],[38.2463336,50.0731122,0],[38.1785128,50.0797945,0],[38.1787134,50.0777809,0],[38.1790856,50.0774198,0],[38.1818466,50.0678015,0],[38.1819184,50.0668677,0],[38.1850647,50.0556901,0],[38.1838253,50.0458296,0],[38.1875578,50.0410481,0],[38.1880071,50.0393948,0],[38.1882313,50.0307843,0],[38.1886702,50.0268599,0],[38.1883893,50.0244699,0],[38.1881577,50.0234077,0],[38.1862524,50.0227729,0],[38.1853816,50.0220685,0],[38.1869793,50.0214602,0],[38.1924386,50.0137928,0],[38.1971766,50.0082193,0],[38.2009438,50.0046565,0],[38.2008054,50.0036314,0],[38.202641,50.0016684,0],[38.2050047,50.0007676,0],[38.2046727,49.9982874,0],[38.2050272,49.9967451,0],[38.2077102,49.9915087,0],[38.2098144,49.9901953,0],[38.21085,49.9892452,0],[38.2155322,49.9881847,0],[38.2164377,49.9871793,0],[38.2553814,49.9099877,0],[38.1769678,49.8422717,0],[38.1879541,49.7394299,0],[38.1331574,49.5976759,0],[38.1688634,49.5549321,0],[38.1084378,49.4443371,0],[38.1441438,49.3889459,0],[38.2342386,49.3696932,0],[38.225312,49.2160885,0],[38.1839778,49.2021756,0],[38.1785853,49.1336855,0],[38.2280542,49.063784,0],[38.2675244,49.0401423,0],[38.2615817,49.0244189,0],[38.2844417,49.0264547,0],[38.2997041,49.0248792,0],[38.3698935,48.9817692,0],[38.4022715,48.9556589,0],[38.413393,48.9399705,0],[38.4748205,48.9035945,0],[38.4952068,48.8707374,0],[38.5304354,48.8497759,0],[38.5596882,48.8300656,0]]]},"properties":{"name":"Окуповано /// Occupied","styleUrl":"#poly-A52714-1200-77-nodesc","styleHash":"5f0393c8","styleMapHash":{"normal":"#poly-A52714-1200-77-nodesc-normal","highlight":"#poly-A52714-1200-77-nodesc-highlight"},"stroke-opacity":1,"stroke":"#a52714","stroke-width":1.2,"fill-opacity":0.30196078431372547,"fill":"#a52714"}}]}